step,training_loss,epoch,elapsed_time,lr_param_group_0
0,5.909660816192627,3.0000583158385816,7.579322099685669,4.005203767033154e-06
1,5.917609214782715,7.000058315838582,14.702088594436646,4.020813939832951e-06
2,5.777539253234863,11.000058315838581,21.64716100692749,4.046827133745131e-06
3,5.828814506530762,15.000058315838581,29.254655122756958,4.083237708494647e-06
4,5.9110212326049805,19.000058315838583,36.318158864974976,4.130037769408643e-06
5,5.967522621154785,23.000058315838583,42.3678994178772,4.187217169128213e-06
6,5.951657295227051,27.000058315838583,48.78354525566101,4.254763509808549e-06
7,5.8648881912231445,31.000058315838583,54.883646965026855,4.332662145807096e-06
8,5.769975662231445,35.00005831583858,62.85191297531128,4.420896186859127e-06
9,5.761922836303711,39.00005831583858,69.48304414749146,4.519446501739894e-06
10,5.912001609802246,43.00005831583858,74.39088463783264,4.6282917224127164e-06
11,5.88822078704834,47.00005831583858,80.92908525466919,4.747408248662158e-06
12,5.784396171569824,51.00005831583858,88.03878211975098,4.876770253211038e-06
13,5.801167011260986,55.00005831583858,95.36428380012512,5.0163496873203945e-06
14,6.156034469604492,59.00005831583858,101.04677057266235,5.1661162868711755e-06
15,5.836981773376465,63.00005831583858,106.44915628433228,5.326037578926146e-06
16,5.622885704040527,67.00005831583859,113.68776941299438,5.496078888770844e-06
17,5.849283695220947,71.00005831583859,120.15194582939148,5.676203347431793e-06
18,5.736380577087402,75.00005831583859,126.22008776664734,5.866371899670701e-06
19,5.960474491119385,79.00005831583859,133.84043860435486,6.0665433124524476e-06
20,5.625341892242432,83.00005831583859,141.99351859092712,6.276674183885387e-06
21,5.730624675750732,87.00005831583859,148.68173003196716,6.496718952632007e-06
22,5.830624580383301,91.00005831583859,156.04611921310425,6.7266299077875275e-06
23,5.900070667266846,95.00005831583859,162.68366694450378,6.966357199224952e-06
24,5.75394868850708,99.00005831583859,170.46990275382996,7.2158488484036e-06
25,5.804322242736816,103.00005831583859,177.52816033363342,7.475050759639309e-06
26,5.859752655029297,107.00005831583859,182.4904158115387,7.743906731833765e-06
27,5.900920391082764,111.00005831583859,188.5650589466095,8.022358470660083e-06
28,5.6544084548950195,115.00005831583859,196.23311829566956,8.310345601202475e-06
29,5.733950614929199,119.00005831583859,204.32558822631836,8.60780568104695e-06
30,5.756947040557861,123.00005831583859,212.48964047431946,8.914674213820301e-06
31,5.838844299316406,127.00005831583859,220.19598698616028,9.230884663174413e-06
32,5.908862113952637,131.00005831583857,227.24436283111572,9.556368467212973e-06
33,5.778625011444092,135.00005831583857,233.19934391975403,9.89105505335725e-06
34,5.6683807373046875,139.00005831583857,240.6859097480774,1.023487185364795e-05
35,5.637629508972168,143.00005831583857,247.61213541030884,1.0587744320479599e-05
36,5.745171070098877,147.00005831583857,253.07769894599915,1.0949595942764327e-05
37,5.800104141235352,151.00005831583857,261.16463446617126,1.1320348262521137e-05
38,6.020974159240723,155.00005831583857,265.7487561702728,1.1699920891887564e-05
39,5.821319580078125,159.00005831583857,271.9339463710785,1.2088231530549693e-05
40,5.99770975112915,163.00005831583857,279.3148350715637,1.2485195983586632e-05
41,5.76407527923584,167.00005831583857,286.2103157043457,1.289072817972616e-05
42,5.7682366371154785,171.00005831583857,293.2263722419739,1.3304740190006869e-05
43,6.035659313201904,175.00005831583857,298.23011207580566,1.3727142246843345e-05
44,5.689934730529785,179.00005831583857,305.70988965034485,1.415784276348982e-05
45,5.957769393920898,183.00005831583857,312.66711616516113,1.4596748353898416e-05
46,5.84157657623291,187.00005831583857,318.85333800315857,1.5043763852967354e-05
47,5.565608024597168,191.00005831583857,326.11838269233704,1.5498792337175084e-05
48,5.685626983642578,195.00005831583857,333.9032678604126,1.5961735145595567e-05
49,5.984568119049072,199.00005831583857,340.9404149055481,1.6432491901290257e-05
50,5.860672950744629,203.00005831583857,346.80617475509644,1.6910960533072242e-05
51,5.631856918334961,207.00005831583857,353.8547258377075,1.7397037297637685e-05
52,5.574145793914795,211.00005831583857,361.4348933696747,1.789061680205978e-05
53,5.992969512939453,215.00005831583857,367.84590911865234,1.8391592026640474e-05
54,5.658278465270996,219.00005831583857,375.73898553848267,1.8899854348114847e-05
55,5.958344459533691,223.00005831583857,383.3945198059082,1.941529356320321e-05
56,5.83779764175415,227.00005831583857,390.09613728523254,1.9937797912505757e-05
57,5.68841552734375,231.00005831583857,397.4299192428589,2.0467254104734683e-05
58,5.85124397277832,235.00005831583857,403.1252751350403,2.1003547341278355e-05
59,5.841002464294434,239.00005831583857,407.52969121932983,2.1546561341092465e-05
60,5.691926002502441,243.00005831583857,414.90939712524414,2.2096178365912372e-05
61,5.959284782409668,247.00005831583857,421.10887598991394,2.265227924578162e-05
62,5.914068222045898,251.00005831583857,427.9554922580719,2.3214743404890826e-05
63,5.715479850769043,255.00005831583857,435.46089720726013,2.378344888772129e-05
64,5.789482116699219,259.0000583158386,441.684513092041,2.435827238548789e-05
65,5.614771366119385,263.0000583158386,448.71667981147766,2.4939089262875303e-05
66,5.683302879333496,267.0000583158386,456.2655494213104,2.5525773585061918e-05
67,6.001425743103027,271.0000583158386,464.2605810165405,2.611819814502545e-05
68,5.826681613922119,275.0000583158386,469.5217957496643,2.6716234491124455e-05
69,5.670802593231201,279.0000583158386,475.29696011543274,2.7319752954949652e-05
70,5.7602338790893555,283.0000583158386,480.1546540260315,2.792862267943916e-05
71,5.833202362060547,287.0000583158386,486.6253559589386,2.8542711647251272e-05
72,6.265693664550781,291.0000583158386,491.67520809173584,2.9161886709389115e-05
73,5.7965288162231445,295.0000583158386,498.4974751472473,2.9786013614070336e-05
74,5.6120524406433105,299.0000583158386,505.1518862247467,3.0414957035836116e-05
75,5.630765914916992,303.0000583158386,512.2610077857971,3.1048580604893e-05
76,5.834928035736084,307.0000583158386,517.922036409378,3.1686746936680944e-05
77,5.869202613830566,311.0000583158386,524.0344738960266,3.232931766166167e-05
78,5.569869041442871,315.0000583158386,530.3453047275543,3.297615345532041e-05
79,5.5439066886901855,319.0000583158386,537.1524140834808,3.3627114068374655e-05
80,5.545857906341553,323.0000583158386,543.842725276947,3.4282058357183704e-05
81,5.815670967102051,327.0000583158386,550.0570087432861,3.494084431435175e-05
82,5.603509902954102,331.0000583158386,557.2500283718109,3.5603329099518556e-05
83,5.6889424324035645,335.0000583158386,563.4722020626068,3.6269369070330586e-05
84,5.551475524902344,339.0000583158386,569.7435250282288,3.6938819813586027e-05
85,5.5233869552612305,343.0000583158386,577.2615714073181,3.761153617654708e-05
86,5.892277717590332,347.0000583158386,582.93501329422,3.828737229841239e-05
87,5.712708950042725,351.0000583158386,589.9158058166504,3.896618164194317e-05
88,5.738803863525391,355.0000583158386,597.0407712459564,3.9647817025235934e-05
89,5.843288421630859,359.0000583158386,602.4980878829956,4.033213065363502e-05
90,5.621545791625977,363.0000583158386,610.6331944465637,4.101897415177792e-05
91,5.859651565551758,367.0000583158386,618.5037372112274,4.170819859576661e-05
92,5.5899434089660645,371.0000583158386,624.4445185661316,4.2399654545457763e-05
93,5.895413398742676,375.0000583158386,631.1594784259796,4.309319207686488e-05
94,5.737839698791504,379.0000583158386,637.5443363189697,4.378866081466537e-05
95,5.71193265914917,383.0000583158386,644.8458430767059,4.4485909964805484e-05
96,5.839694976806641,387.0000583158386,652.3728387355804,4.518478834719596e-05
97,5.702979564666748,391.0000583158386,659.3526561260223,4.5885144428491565e-05
98,5.822892189025879,395.0000583158386,665.1529614925385,4.658682635494699e-05
99,5.261974334716797,399.0000583158386,673.7580924034119,4.7289681985342345e-05
100,5.693943977355957,403.0000583158386,678.7435920238495,4.799355892397106e-05
101,5.556149482727051,407.0000583158386,686.2164037227631,4.869830455368275e-05
102,5.829844951629639,411.0000583158386,692.3317816257477,4.940376606897433e-05
103,5.515922546386719,415.0000583158386,699.1961526870728,5.0109790509121776e-05
104,5.6384806632995605,419.0000583158386,707.2171921730042,5.081622479134563e-05
105,5.6150312423706055,423.0000583158386,714.2290227413177,5.152291574400305e-05
106,5.4602766036987305,427.0000583158386,722.7115588188171,5.222971013979895e-05
107,5.870846748352051,431.0000583158386,729.2616710662842,5.293645472900932e-05
108,5.767487525939941,435.0000583158386,735.3883428573608,5.364299627270941e-05
109,5.752793312072754,439.0000583158386,741.9662189483643,5.434918157599952e-05
110,5.815384864807129,443.0000583158386,747.9238674640656,5.5054857521221286e-05
111,5.295838356018066,447.0000583158386,754.7724466323853,5.575987110115723e-05
112,5.6071624755859375,451.0000583158386,760.3740084171295,5.64640694522063e-05
113,5.92907190322876,455.0000583158386,765.593154668808,5.716729988752832e-05
114,5.824155807495117,459.0000583158386,770.9174311161041,5.7869409930150125e-05
115,5.522844314575195,463.0000583158386,777.6081836223602,5.8570247346026165e-05
116,5.61952543258667,467.0000583158386,784.1355328559875,5.926966017704641e-05
117,5.659974098205566,471.0000583158386,788.8187282085419,5.996749677398452e-05
118,5.440437316894531,475.0000583158386,796.598207950592,6.0663605829378904e-05
119,5.648131370544434,479.0000583158386,804.1945283412933,6.135783641033984e-05
120,5.386692523956299,483.0000583158386,811.1354467868805,6.205003799127518e-05
121,5.54156494140625,487.0000583158386,819.1943409442902,6.2740060486528e-05
122,5.554389953613281,491.0000583158386,826.7440478801727,6.342775428291858e-05
123,5.787968635559082,495.0000583158386,831.6720776557922,6.411297027218416e-05
124,5.6203532218933105,499.0000583158386,840.0055572986603,6.479555988330905e-05
125,5.4893293380737305,503.0000583158386,846.8543617725372,6.547537511473848e-05
126,5.55168342590332,507.0000583158386,853.7308967113495,6.615226856646868e-05
127,5.665280818939209,511.0000583158386,858.799726486206,6.682609347200679e-05
128,5.6919097900390625,515.0000583158386,865.858466386795,6.749670373019324e-05
129,5.641798973083496,519.0000583158386,871.520815372467,6.816395393687992e-05
130,5.5891289710998535,523.0000583158386,876.7897002696991,6.882769941645739e-05
131,5.711005210876465,527.0000583158386,882.5240664482117,6.948779625322371e-05
132,5.222022533416748,531.0000583158386,890.3589825630188,7.0144101322589e-05
133,5.38942813873291,535.0000583158386,896.4023118019104,7.07964723221081e-05
134,5.4562883377075195,539.0000583158386,902.7942202091217,7.144476780233515e-05
135,5.312972545623779,543.0000583158386,909.7439870834351,7.208884719749314e-05
136,5.043637752532959,547.0000583158386,917.2638442516327,7.272857085595199e-05
137,5.377812385559082,551.0000583158386,923.8356604576111,7.33638000705081e-05
138,5.331578731536865,555.0000583158386,931.824301481247,7.399439710845969e-05
139,5.363405227661133,559.0000583158386,939.7167119979858,7.462022524147016e-05
140,5.605247497558594,563.0000583158386,945.7499244213104,7.52411487752142e-05
141,5.45441198348999,567.0000583158386,951.7808265686035,7.585703307879954e-05
142,5.296175003051758,571.0000583158386,959.198150396347,7.646774461395803e-05
143,5.542306423187256,575.0000583158386,967.0060482025146,7.707315096399997e-05
144,5.407839775085449,579.0000583158386,974.0318078994751,7.76731208625251e-05
145,5.492603778839111,583.0000583158386,980.8159453868866,7.826752422188429e-05
146,5.430234432220459,587.0000583158386,988.1749353408813,7.885623216138563e-05
147,5.286672592163086,591.0000583158386,995.3486864566803,7.943911703523881e-05
148,5.463659286499023,595.0000583158386,1001.0008318424225,8.001605246023172e-05
149,5.477518081665039,599.0000583158386,1008.4408020973206,8.05869133431333e-05
150,5.468690395355225,603.0000583158386,1014.0006716251373,8.11515759078168e-05
151,5.458790302276611,607.0000583158386,1020.3402242660522,8.170991772209725e-05
152,5.184278964996338,611.0000583158386,1027.164186000824,8.22618177242777e-05
153,5.44934606552124,615.0000583158386,1034.8445887565613,8.280715624939828e-05
154,5.409694671630859,619.0000583158386,1042.3289580345154,8.334581505518239e-05
155,5.355775833129883,623.0000583158386,1046.9296958446503,8.387767734767437e-05
156,5.412845611572266,627.0000583158386,1053.4648208618164,8.440262780656322e-05
157,5.100905895233154,631.0000583158386,1060.4056284427643,8.492055261018676e-05
158,5.260185718536377,635.0000583158386,1066.7946405410767,8.543133946021089e-05
159,5.190665245056152,639.0000583158386,1073.8147494792938,8.593487760597848e-05
160,5.317425727844238,643.0000583158386,1079.9495031833649,8.643105786852276e-05
161,4.961119651794434,647.0000583158386,1087.2179470062256,8.691977266423983e-05
162,5.257927894592285,651.0000583158386,1092.3163304328918,8.740091602821545e-05
163,5.258799076080322,655.0000583158386,1099.805813074112,8.787438363720061e-05
164,5.384859561920166,659.0000583158386,1106.2546615600586,8.834007283223136e-05
165,5.257996559143066,663.0000583158386,1113.1764633655548,8.879788264088769e-05
166,5.344993591308594,667.0000583158386,1119.7143995761871,8.924771379918668e-05
167,5.419936180114746,671.0000583158386,1125.2117292881012,8.968946877310532e-05
168,5.090847015380859,675.0000583158386,1131.7106020450592,9.012305177972819e-05
169,5.391061782836914,679.0000583158386,1137.4188787937164,9.054836880801547e-05
170,5.171309947967529,683.0000583158386,1143.8713018894196,9.096532763918672e-05
171,5.033754348754883,687.0000583158386,1150.86314535141,9.13738378667161e-05
172,5.033860206604004,691.0000583158386,1157.514485359192,9.17738109159347e-05
173,5.214644432067871,695.0000583158386,1163.2526469230652,9.216516006323552e-05
174,4.8554463386535645,699.0000583158386,1171.0190210342407,9.254780045487722e-05
175,5.071927547454834,703.0000583158386,1178.6034994125366,9.292164912538254e-05
176,5.102242946624756,707.0000583158386,1187.0071177482605,9.328662501552698e-05
177,5.2293701171875,711.0000583158386,1192.627709388733,9.364264898991454e-05
178,5.194159507751465,715.0000583158386,1199.3264179229736,9.398964385413598e-05
179,5.121974945068359,719.0000583158386,1207.2419521808624,9.432753437150651e-05
180,4.958075523376465,723.0000583158386,1214.0746157169342,9.465624727937885e-05
181,5.205885887145996,727.0000583158386,1220.789133310318,9.497571130502827e-05
182,5.045105934143066,731.0000583158386,1226.805031299591,9.528585718110621e-05
183,5.027385711669922,735.0000583158386,1234.1272678375244,9.558661766065915e-05
184,5.225800514221191,739.0000583158386,1242.1219909191132,9.587792753170921e-05
185,5.395676612854004,743.0000583158386,1248.0191233158112,9.615972363139376e-05
186,5.103670120239258,747.0000583158386,1255.8127455711365,9.643194485966056e-05
187,5.260247707366943,751.0000583158386,1263.7305245399475,9.669453219251573e-05
188,5.127052307128906,755.0000583158386,1271.4531140327454,9.694742869482151e-05
189,4.864673614501953,759.0000583158386,1278.7406270503998,9.719057953264118e-05
190,5.304905414581299,763.0000583158386,1285.5410766601562,9.74239319851283e-05
191,5.209485054016113,767.0000583158386,1292.2854104042053,9.764743545595794e-05
192,5.03577995300293,771.0000583158386,1297.6230647563934,9.7861041484297e-05
193,5.057511329650879,775.0000583158386,1302.380572795868,9.806470375531184e-05
194,4.834380149841309,779.0000583158386,1308.0865893363953,9.825837811021028e-05
195,4.998155117034912,783.0000583158386,1315.4163537025452,9.844202255581635e-05
196,4.915139675140381,787.0000583158386,1321.9957926273346,9.86155972736754e-05
197,5.089591979980469,791.0000583158386,1328.9041402339935,9.877906462868765e-05
198,4.997823715209961,795.0000583158386,1336.211407661438,9.893238917726838e-05
199,5.110401153564453,799.0000583158386,1344.321144104004,9.907553767503299e-05
200,5.196558475494385,803.0000583158386,1351.1741924285889,9.920847908400504e-05
201,5.20671272277832,807.0000583158386,1356.9742119312286,9.933118457934617e-05
202,5.0740180015563965,811.0000583158386,1363.805858373642,9.94436275556059e-05
203,5.079780578613281,815.0000583158386,1371.5330443382263,9.954578363249033e-05
204,5.075247764587402,819.0000583158386,1378.4454433918,9.963763066014845e-05
205,4.874469757080078,823.0000583158386,1385.8490924835205,9.971914872397464e-05
206,5.375351905822754,827.0000583158386,1392.1751432418823,9.979032014892666e-05
207,5.130229473114014,831.0000583158386,1398.6481413841248,9.985112950335809e-05
208,4.835995674133301,835.0000583158386,1404.7026627063751,9.990156360236415e-05
209,5.037445068359375,839.0000583158386,1411.2400856018066,9.994161151064064e-05
210,4.982048034667969,843.0000583158386,1418.6405839920044,9.997126454485484e-05
211,5.0304670333862305,847.0000583158386,1425.481151342392,9.999051627552833e-05
212,5.111141204833984,851.0000583158386,1431.1458849906921,9.999936252843106e-05
213,5.0862016677856445,855.0000583158386,1436.9223392009735,9.999999371492387e-05
214,5.345608711242676,859.0000583158386,1443.603760957718,9.99999595003128e-05
215,4.703737258911133,863.0000583158386,1450.5402908325195,9.999989553388694e-05
216,4.984897613525391,867.0000583158386,1457.2609629631042,9.999980181568438e-05
217,5.060976982116699,871.0000583158386,1463.1664209365845,9.999967834576087e-05
218,4.677416801452637,875.0000583158386,1470.2912168502808,9.999952512418988e-05
219,4.704017639160156,879.0000583158386,1476.7888162136078,9.999934215106257e-05
220,5.081225395202637,883.0000583158386,1483.976073026657,9.999912942648784e-05
221,5.027294635772705,887.0000583158386,1490.6684954166412,9.999888695059226e-05
222,4.950145721435547,891.0000583158386,1496.7392601966858,9.999861472352011e-05
223,5.194509506225586,895.0000583158386,1502.6353178024292,9.999831274543337e-05
224,4.9378814697265625,899.0000583158386,1509.7344462871552,9.999798101651174e-05
225,4.937763214111328,903.0000583158386,1517.020750284195,9.999761953695261e-05
226,4.697571754455566,907.0000583158386,1523.667290687561,9.999722830697106e-05
227,4.748616695404053,911.0000583158386,1530.8583822250366,9.99968073267999e-05
228,4.752878189086914,915.0000583158386,1537.5829865932465,9.999635659668965e-05
229,4.672928810119629,919.0000583158386,1545.92453789711,9.999587611690848e-05
230,4.86016321182251,923.0000583158386,1552.643895149231,9.99953658877423e-05
231,4.899606704711914,927.0000583158386,1560.1608548164368,9.999482590949472e-05
232,5.033993721008301,931.0000583158386,1567.6688084602356,9.999425618248705e-05
233,4.77139139175415,935.0000583158386,1575.6039850711823,9.999365670705831e-05
234,5.005335330963135,939.0000583158386,1581.5579144954681,9.999302748356518e-05
235,4.867851734161377,943.0000583158386,1589.3459341526031,9.999236851238211e-05
236,4.7367706298828125,947.0000583158386,1596.6395678520203,9.999167979390118e-05
237,4.701496601104736,951.0000583158386,1604.6538162231445,9.999096132853225e-05
238,4.845166206359863,955.0000583158386,1611.3184711933136,9.999021311670279e-05
239,4.728516578674316,959.0000583158386,1619.726883649826,9.998943515885801e-05
240,4.624520301818848,963.0000583158386,1627.6072301864624,9.998862745546089e-05
241,4.969719409942627,967.0000583158386,1634.385000705719,9.998779000699197e-05
242,4.881724834442139,971.0000583158386,1641.6952612400055,9.99869228139496e-05
243,4.737628936767578,975.0000583158386,1648.2120759487152,9.99860258768498e-05
244,4.734286308288574,979.0000583158386,1655.3437848091125,9.998509919622626e-05
245,4.718375205993652,983.0000583158386,1662.8245742321014,9.998414277263043e-05
246,4.769631385803223,987.0000583158386,1669.6437892913818,9.998315660663138e-05
247,4.764464855194092,991.0000583158386,1676.556432723999,9.998214069881593e-05
248,4.872977256774902,995.0000583158386,1683.706652879715,9.998109504978859e-05
249,4.7600579261779785,999.0000583158386,1689.698870420456,9.998001966017155e-05
250,4.75496768951416,1003.0000583158386,1696.4373502731323,9.997891453060473e-05
251,4.759373664855957,1007.0000583158386,1704.179743051529,9.997777966174571e-05
252,4.807330131530762,1011.0000583158386,1711.2535481452942,9.997661505426978e-05
253,4.784927845001221,1015.0000583158386,1719.258977651596,9.997542070886993e-05
254,4.80009651184082,1019.0000583158386,1725.1725397109985,9.997419662625685e-05
255,4.565655708312988,1023.0000583158386,1732.761135816574,9.997294280715889e-05
256,4.900302886962891,1027.0000583158385,1739.0462911128998,9.997165925232218e-05
257,4.937122821807861,1031.0000583158385,1746.459829568863,9.997034596251042e-05
258,4.7164692878723145,1035.0000583158385,1752.2152981758118,9.99690029385051e-05
259,4.622042655944824,1039.0000583158385,1758.2939546108246,9.996763018110538e-05
260,4.645726203918457,1043.0000583158385,1764.4080302715302,9.996622769112808e-05
261,4.632793426513672,1047.0000583158385,1771.298043012619,9.996479546940776e-05
262,4.5319132804870605,1051.0000583158385,1778.0908000469208,9.996333351679662e-05
263,4.709972858428955,1055.0000583158385,1785.6154551506042,9.996184183416461e-05
264,4.497076034545898,1059.0000583158385,1793.295644044876,9.996032042239932e-05
265,5.080683708190918,1063.0000583158385,1799.1894881725311,9.995876928240605e-05
266,4.703738689422607,1067.0000583158385,1806.0265498161316,9.995718841510781e-05
267,4.6263322830200195,1071.0000583158385,1814.1541872024536,9.995557782144525e-05
268,4.651316165924072,1075.0000583158385,1820.8388242721558,9.995393750237677e-05
269,4.636577129364014,1079.0000583158385,1827.153727054596,9.995226745887838e-05
270,4.644730567932129,1083.0000583158385,1833.6204600334167,9.995056769194385e-05
271,4.827101707458496,1087.0000583158385,1839.5234043598175,9.99488382025846e-05
272,4.4684600830078125,1091.0000583158385,1846.5159628391266,9.994707899182974e-05
273,4.64691162109375,1095.0000583158385,1854.1496105194092,9.994529006072608e-05
274,4.53639554977417,1099.0000583158385,1860.697142124176,9.994347141033811e-05
275,4.788576126098633,1103.0000583158385,1867.896208524704,9.994162304174797e-05
276,4.35014009475708,1107.0000583158385,1875.696585893631,9.993974495605554e-05
277,4.542942523956299,1111.0000583158385,1881.0400285720825,9.993783715437833e-05
278,4.747780799865723,1115.0000583158385,1887.8278272151947,9.993589963785158e-05
279,4.548555374145508,1119.0000583158385,1893.6527943611145,9.993393240762819e-05
280,4.794915199279785,1123.0000583158385,1899.9567539691925,9.993193546487873e-05
281,4.449637413024902,1127.0000583158385,1906.845198392868,9.992990881079143e-05
282,4.713340759277344,1131.0000583158385,1913.8792004585266,9.992785244657227e-05
283,4.4461750984191895,1135.0000583158385,1920.4098534584045,9.992576637344486e-05
284,4.768989562988281,1139.0000583158385,1927.1717002391815,9.992365059265047e-05
285,4.736782073974609,1143.0000583158385,1932.7953517436981,9.99215051054481e-05
286,4.64251708984375,1147.0000583158385,1941.3385508060455,9.99193299131144e-05
287,4.282736778259277,1151.0000583158385,1948.3418884277344,9.991712501694367e-05
288,4.46967887878418,1155.0000583158385,1955.735145330429,9.991489041824792e-05
289,4.7483744621276855,1159.0000583158385,1963.8110773563385,9.991262611835683e-05
290,4.550518989562988,1163.0000583158385,1970.7707126140594,9.991033211861773e-05
291,4.688981056213379,1167.0000583158385,1976.545615196228,9.990800842039567e-05
292,4.655001640319824,1171.0000583158385,1984.5123302936554,9.990565502507334e-05
293,4.627034664154053,1175.0000583158385,1989.375414609909,9.990327193405106e-05
294,4.808332443237305,1179.0000583158385,1994.9427852630615,9.99008591487469e-05
295,4.217010974884033,1183.0000583158385,2003.0229542255402,9.989841667059656e-05
296,4.501285076141357,1187.0000583158385,2010.220550775528,9.989594450105338e-05
297,4.544044494628906,1191.0000583158385,2017.4485535621643,9.989344264158844e-05
298,4.817873954772949,1195.0000583158385,2023.1687021255493,9.989091109369042e-05
299,4.659662246704102,1199.0000583158385,2029.580712556839,9.988834985886569e-05
300,4.468003749847412,1203.0000583158385,2035.9504554271698,9.988575893863828e-05
301,4.650673866271973,1207.0000583158385,2041.1499309539795,9.988313833454992e-05
302,4.683835983276367,1211.0000583158385,2047.1919775009155,9.988048804815994e-05
303,4.5922651290893555,1215.0000583158385,2052.2001161575317,9.987780808104536e-05
304,4.533339023590088,1219.0000583158385,2059.2752916812897,9.98750984348009e-05
305,4.6597723960876465,1223.0000583158385,2065.6755027770996,9.987235911103887e-05
306,4.3622941970825195,1227.0000583158385,2073.879069328308,9.98695901113893e-05
307,4.7845458984375,1231.0000583158385,2079.963151693344,9.986679143749983e-05
308,4.464725494384766,1235.0000583158385,2088.8084061145782,9.98639630910358e-05
309,4.576238632202148,1239.0000583158385,2096.137761592865,9.986110507368018e-05
310,4.588142395019531,1243.0000583158385,2103.456184387207,9.985821738713361e-05
311,4.5171613693237305,1247.0000583158385,2109.478831768036,9.985530003311436e-05
312,4.444864273071289,1251.0000583158385,2116.747533559799,9.98523530133584e-05
313,4.841547012329102,1255.0000583158385,2123.5864074230194,9.984937632961928e-05
314,4.438155174255371,1259.0000583158385,2131.640737771988,9.984636998366827e-05
315,4.448332786560059,1263.0000583158385,2138.0764243602753,9.984333397729427e-05
316,4.9976911544799805,1267.0000583158385,2144.6822810173035,9.984026831230379e-05
317,4.576283931732178,1271.0000583158385,2152.0996992588043,9.983717299052106e-05
318,4.795461654663086,1275.0000583158385,2156.684251308441,9.983404801378788e-05
319,4.513472557067871,1279.0000583158385,2163.5777933597565,9.983089338396378e-05
320,4.384419918060303,1283.0000583158385,2170.7102971076965,9.982770910292584e-05
321,4.431582927703857,1287.0000583158385,2176.7838275432587,9.982449517256885e-05
322,4.381730079650879,1291.0000583158385,2184.285689353943,9.982125159480524e-05
323,4.488107681274414,1295.0000583158385,2189.778016090393,9.981797837156505e-05
324,4.448276042938232,1299.0000583158385,2197.2593960762024,9.981467550479598e-05
325,4.602365493774414,1303.0000583158385,2204.1298360824585,9.981134299646337e-05
326,4.611948490142822,1307.0000583158385,2211.1982955932617,9.980798084855018e-05
327,4.8005499839782715,1311.0000583158385,2217.404332637787,9.980458906305702e-05
328,4.6007208824157715,1315.0000583158385,2223.344250679016,9.980116764200216e-05
329,4.248913764953613,1319.0000583158385,2230.5804421901703,9.979771658742145e-05
330,4.628364562988281,1323.0000583158385,2236.9008333683014,9.979423590136843e-05
331,4.168978214263916,1327.0000583158385,2243.950171470642,9.97907255859142e-05
332,4.4506049156188965,1331.0000583158385,2250.8885219097137,9.97871856431476e-05
333,4.569472312927246,1335.0000583158385,2257.9912493228912,9.978361607517497e-05
334,4.551682949066162,1339.0000583158385,2265.688590526581,9.978001688412037e-05
335,4.626421928405762,1343.0000583158385,2273.5149047374725,9.977638807212548e-05
336,4.649360656738281,1347.0000583158385,2281.811776161194,9.977272964134956e-05
337,4.267238140106201,1351.0000583158385,2288.6670253276825,9.976904159396952e-05
338,4.455462455749512,1355.0000583158385,2295.3245112895966,9.97653239321799e-05
339,4.431522846221924,1359.0000583158385,2302.3737802505493,9.976157665819285e-05
340,4.271814346313477,1363.0000583158385,2309.76446390152,9.975779977423814e-05
341,4.2779340744018555,1367.0000583158385,2317.539542198181,9.97539932825632e-05
342,4.366199493408203,1371.0000583158385,2325.0206854343414,9.9750157185433e-05
343,4.194056987762451,1375.0000583158385,2330.9394958019257,9.974629148513017e-05
344,4.340523719787598,1379.0000583158385,2337.085790157318,9.974239618395497e-05
345,4.499014377593994,1383.0000583158385,2343.92732834816,9.973847128422524e-05
346,4.354926109313965,1387.0000583158385,2351.096875190735,9.973451678827648e-05
347,4.3795061111450195,1391.0000583158385,2358.840573310852,9.973053269846174e-05
348,4.349890232086182,1395.0000583158385,2364.8368861675262,9.972651901715171e-05
349,4.182544231414795,1399.0000583158385,2373.459490776062,9.972247574673471e-05
350,4.209519386291504,1403.0000583158385,2379.6673629283905,9.971840288961663e-05
351,4.621743202209473,1407.0000583158385,2386.242677927017,9.971430044822098e-05
352,4.492068290710449,1411.0000583158385,2394.104034423828,9.971016842498886e-05
353,4.500951290130615,1415.0000583158385,2401.688193798065,9.970600682237902e-05
354,4.334299087524414,1419.0000583158385,2409.699958086014,9.970181564286774e-05
355,4.598453998565674,1423.0000583158385,2414.7089109420776,9.969759488894895e-05
356,4.335384845733643,1427.0000583158385,2420.675230741501,9.969334456313418e-05
357,4.612622261047363,1431.0000583158385,2426.4742500782013,9.968906466795251e-05
358,4.177146911621094,1435.0000583158385,2434.1102805137634,9.968475520595068e-05
359,4.553325653076172,1439.0000583158385,2440.285977602005,9.968041617969296e-05
360,4.495494365692139,1443.0000583158385,2446.882881641388,9.967604759176125e-05
361,4.460744380950928,1447.0000583158385,2454.330656528473,9.967164944475503e-05
362,4.384219646453857,1451.0000583158385,2461.4630081653595,9.966722174129136e-05
363,4.57439661026001,1455.0000583158385,2467.4761698246,9.966276448400492e-05
364,4.236407279968262,1459.0000583158385,2474.1903359889984,9.965827767554793e-05
365,4.284448623657227,1463.0000583158385,2480.8183386325836,9.965376131859024e-05
366,4.526912212371826,1467.0000583158385,2486.29150390625,9.964921541581925e-05
367,4.346454620361328,1471.0000583158385,2492.0961446762085,9.964463996993994e-05
368,4.494379043579102,1475.0000583158385,2498.0626063346863,9.964003498367488e-05
369,4.563467025756836,1479.0000583158385,2504.066840648651,9.963540045976423e-05
370,4.288264274597168,1483.0000583158385,2511.2051689624786,9.96307364009657e-05
371,4.363893508911133,1487.0000583158385,2519.3464584350586,9.962604281005458e-05
372,4.259577751159668,1491.0000583158385,2527.1622352600098,9.962131968982378e-05
373,4.3359551429748535,1495.0000583158385,2533.026582956314,9.961656704308371e-05
374,4.164270401000977,1499.0000583158385,2540.432164669037,9.961178487266238e-05
375,4.473773956298828,1503.0000583158385,2547.32958650589,9.960697318140538e-05
376,4.316829681396484,1507.0000583158385,2554.1858761310577,9.960213197217585e-05
377,4.438146591186523,1511.0000583158385,2561.90176820755,9.95972612478545e-05
378,4.454586029052734,1515.0000583158385,2568.0814185142517,9.95923610113396e-05
379,4.32997989654541,1519.0000583158385,2575.7259423732758,9.958743126554698e-05
380,4.406661033630371,1523.0000583158385,2583.4913296699524,9.958247201341004e-05
381,4.52909517288208,1527.0000583158385,2590.0857083797455,9.957748325787973e-05
382,4.260193824768066,1531.0000583158385,2596.3362007141113,9.957246500192453e-05
383,4.540835380554199,1535.0000583158385,2601.2283267974854,9.956741724853053e-05
384,4.498064994812012,1539.0000583158385,2607.319277048111,9.956234000070132e-05
385,4.468547344207764,1543.0000583158385,2613.784271478653,9.955723326145809e-05
386,4.598316192626953,1547.0000583158385,2621.149689435959,9.955209703383953e-05
387,4.465294361114502,1551.0000583158385,2629.446005821228,9.954693132090187e-05
388,4.253548622131348,1555.0000583158385,2635.713817358017,9.954173612571895e-05
389,4.185850143432617,1559.0000583158385,2640.7391228675842,9.953651145138212e-05
390,4.228551864624023,1563.0000583158385,2647.812286376953,9.953125730100023e-05
391,4.333408832550049,1567.0000583158385,2655.9335629940033,9.952597367769973e-05
392,4.3825273513793945,1571.0000583158385,2663.229669570923,9.952066058462457e-05
393,4.225183486938477,1575.0000583158385,2670.0921478271484,9.951531802493625e-05
394,4.109394550323486,1579.0000583158385,2677.5352318286896,9.950994600181382e-05
395,4.238394737243652,1583.0000583158385,2685.824986219406,9.950454451845383e-05
396,4.173244953155518,1587.0000583158385,2693.070985555649,9.949911357807039e-05
397,4.2483720779418945,1591.0000583158385,2699.6226012706757,9.949365318389508e-05
398,4.484641075134277,1595.0000583158385,2705.8456044197083,9.948816333917708e-05
399,4.317416191101074,1599.0000583158385,2713.2078590393066,9.948264404718306e-05
400,4.404933929443359,1603.0000583158385,2719.5224068164825,9.947709531119723e-05
401,4.306217670440674,1607.0000583158385,2727.725427865982,9.947151713452126e-05
402,4.356937408447266,1611.0000583158385,2733.5203289985657,9.946590952047443e-05
403,4.178806781768799,1615.0000583158385,2739.6525218486786,9.946027247239348e-05
404,4.317706108093262,1619.0000583158385,2746.622498035431,9.945460599363265e-05
405,4.1421051025390625,1623.0000583158385,2754.0526967048645,9.944891008756374e-05
406,4.387191295623779,1627.0000583158385,2761.489046573639,9.944318475757604e-05
407,4.305957794189453,1631.0000583158385,2768.0978577136993,9.943743000707632e-05
408,4.003966331481934,1635.0000583158385,2774.9286086559296,9.943164583948891e-05
409,4.299939155578613,1639.0000583158385,2781.6861963272095,9.942583225825559e-05
410,4.316681861877441,1643.0000583158385,2786.915223121643,9.941998926683569e-05
411,4.219546794891357,1647.0000583158385,2793.296748161316,9.941411686870602e-05
412,4.29510498046875,1651.0000583158385,2800.3035230636597,9.940821506736086e-05
413,4.452911376953125,1655.0000583158385,2807.142098903656,9.940228386631206e-05
414,4.145648002624512,1659.0000583158385,2814.544191837311,9.939632326908885e-05
415,4.423200607299805,1663.0000583158385,2821.57746052742,9.939033327923808e-05
416,4.296294212341309,1667.0000583158385,2828.2407035827637,9.9384313900324e-05
417,4.21546745300293,1671.0000583158385,2834.6198403835297,9.937826513592837e-05
418,4.23215913772583,1675.0000583158385,2842.1682076454163,9.937218698965047e-05
419,3.9494147300720215,1679.0000583158385,2848.2280354499817,9.936607946510702e-05
420,4.24163293838501,1683.0000583158385,2855.764414548874,9.935994256593221e-05
421,4.2620062828063965,1687.0000583158385,2863.399580717087,9.935377629577778e-05
422,4.449646949768066,1691.0000583158385,2870.683755636215,9.934758065831288e-05
423,4.275054931640625,1695.0000583158385,2876.915408849716,9.934135565722414e-05
424,4.254756927490234,1699.0000583158385,2885.1280789375305,9.933510129621572e-05
425,4.212223529815674,1703.0000583158385,2892.810031414032,9.932881757900917e-05
426,4.083538055419922,1707.0000583158385,2900.4425868988037,9.932250450934357e-05
427,3.9270172119140625,1711.0000583158385,2907.3055760860443,9.931616209097544e-05
429,4.081111907958984,1719.0000583158385,2921.2475938796997,9.930338922324502e-05
430,4.01121187210083,1723.0000583158385,2928.6136844158173,9.929695878148307e-05
431,4.160038471221924,1727.0000583158385,2934.360827922821,9.929049900621929e-05
432,4.173056125640869,1731.0000583158385,2940.396145105362,9.928400990129751e-05
433,4.354973316192627,1735.0000583158385,2946.3507504463196,9.9277491470579e-05
434,4.255362510681152,1739.0000583158385,2953.932904481888,9.927094371794249e-05
435,4.208898544311523,1743.0000583158385,2961.058472633362,9.926436664728412e-05
436,4.009511947631836,1747.0000583158385,2968.3026390075684,9.925776026251753e-05
437,4.113978385925293,1751.0000583158385,2976.7718646526337,9.925112456757377e-05
438,3.9428045749664307,1755.0000583158385,2983.1585898399353,9.924445956640135e-05
439,4.140720367431641,1759.0000583158385,2988.458749771118,9.923776526296618e-05
440,4.026993751525879,1763.0000583158385,2995.605080842972,9.923104166125166e-05
441,4.018740653991699,1767.0000583158385,3002.3470861911774,9.922428876525858e-05
442,4.364626884460449,1771.0000583158385,3009.2268023490906,9.92175065790052e-05
443,4.101125240325928,1775.0000583158385,3015.1978344917297,9.921069510652714e-05
444,4.256382942199707,1779.0000583158385,3021.498897790909,9.920385435187754e-05
445,4.213552474975586,1783.0000583158385,3028.519889831543,9.919698431912689e-05
446,3.908355951309204,1787.0000583158385,3034.157134771347,9.919008501236316e-05
447,3.9533538818359375,1791.0000583158385,3040.174463033676,9.918315643569166e-05
448,4.2593889236450195,1795.0000583158385,3047.232715845108,9.917619859323519e-05
449,3.837277412414551,1799.0000583158385,3053.37265086174,9.916921148913396e-05
450,4.115248680114746,1803.0000583158385,3061.0417037010193,9.916219512754552e-05
451,3.8917226791381836,1807.0000583158385,3067.9937665462494,9.915514951264492e-05
452,4.3206682205200195,1811.0000583158385,3074.4316580295563,9.914807464862457e-05
453,3.889906883239746,1815.0000583158385,3082.877237558365,9.914097053969428e-05
454,4.140904426574707,1819.0000583158385,3088.273519039154,9.913383719008129e-05
455,4.066897392272949,1823.0000583158385,3096.180109977722,9.912667460403022e-05
456,3.9278881549835205,1827.0000583158385,3102.2597784996033,9.911948278580305e-05
457,4.04873514175415,1831.0000583158385,3109.0960261821747,9.911226173967924e-05
458,4.157344818115234,1835.0000583158385,3116.7593121528625,9.910501146995557e-05
459,4.067136287689209,1839.0000583158385,3124.5947618484497,9.909773198094626e-05
460,4.377289295196533,1843.0000583158385,3131.6026699543,9.909042327698287e-05
461,4.274905204772949,1847.0000583158385,3138.850496530533,9.908308536241436e-05
462,3.986172676086426,1851.0000583158385,3147.5440430641174,9.907571824160711e-05
463,4.169917583465576,1855.0000583158385,3154.4540910720825,9.90683219189448e-05
464,4.255014419555664,1859.0000583158385,3161.939828634262,9.906089639882855e-05
465,4.1733222007751465,1863.0000583158385,3168.5164046287537,9.905344168567686e-05
466,4.247122764587402,1867.0000583158385,3176.3449931144714,9.904595778392555e-05
467,4.10727596282959,1871.0000583158385,3184.1358785629272,9.903844469802783e-05
468,4.100316047668457,1875.0000583158385,3190.799531698227,9.90309024324543e-05
469,4.39497709274292,1879.0000583158385,3196.2396490573883,9.902333099169288e-05
470,4.188067436218262,1883.0000583158385,3201.468888759613,9.901573038024889e-05
471,4.147459506988525,1887.0000583158385,3208.3052933216095,9.9008100602645e-05
472,3.8283183574676514,1891.0000583158385,3214.386126756668,9.90004416634212e-05
473,4.093700885772705,1895.0000583158385,3222.428100824356,9.89927535671349e-05
474,3.8800806999206543,1899.0000583158385,3228.916892528534,9.898503631836076e-05
475,4.0520782470703125,1903.0000583158385,3236.4862928390503,9.897728992169089e-05
476,4.116052627563477,1907.0000583158385,3243.394850254059,9.896951438173468e-05
477,4.0063090324401855,1911.0000583158385,3250.3404705524445,9.89617097031189e-05
478,4.2531328201293945,1915.0000583158385,3257.201947450638,9.895387589048762e-05
479,4.097460746765137,1919.0000583158385,3263.1244003772736,9.894601294850228e-05
480,3.9430651664733887,1923.0000583158385,3269.97478222847,9.893812088184161e-05
481,4.196518898010254,1927.0000583158385,3276.979802131653,9.893019969520174e-05
482,4.134222030639648,1931.0000583158385,3284.095861673355,9.892224939329605e-05
483,4.136739730834961,1935.0000583158385,3289.926769733429,9.891426998085531e-05
484,4.362946510314941,1939.0000583158385,3297.3405826091766,9.890626146262755e-05
485,4.235461235046387,1943.0000583158385,3304.5286087989807,9.889822384337819e-05
486,4.10612154006958,1947.0000583158385,3311.63046169281,9.88901571278899e-05
487,4.020785808563232,1951.0000583158385,3316.9387719631195,9.88820613209627e-05
488,3.911336660385132,1955.0000583158385,3323.4396295547485,9.887393642741391e-05
489,4.026512145996094,1959.0000583158385,3329.2802171707153,9.886578245207818e-05
490,4.1616411209106445,1963.0000583158385,3335.754088640213,9.885759939980741e-05
491,4.1949872970581055,1967.0000583158385,3343.356127023697,9.884938727547086e-05
492,3.975318193435669,1971.0000583158385,3350.2467708587646,9.884114608395506e-05
493,4.022409915924072,1975.0000583158385,3357.5241572856903,9.883287583016384e-05
494,4.056637287139893,1979.0000583158385,3364.708377599716,9.882457651901833e-05
495,3.6542694568634033,1983.0000583158385,3371.7744867801666,9.881624815545693e-05
496,3.878573417663574,1987.0000583158385,3378.7765204906464,9.880789074443536e-05
497,4.18459939956665,1991.0000583158385,3385.250223875046,9.879950429092659e-05
498,4.080536842346191,1995.0000583158385,3393.1903109550476,9.879108879992092e-05
499,3.9908978939056396,1999.0000583158385,3400.295949935913,9.878264427642586e-05
500,3.841318130493164,2003.0000583158385,3406.5152549743652,9.877417072546626e-05
501,4.070451736450195,2007.0000583158385,3413.7785410881042,9.876566815208419e-05
502,3.9205713272094727,2011.0000583158385,3420.960237979889,9.875713656133904e-05
503,4.003567695617676,2015.0000583158385,3428.0303797721863,9.87485759583074e-05
504,4.018585681915283,2019.0000583158385,3434.556672334671,9.87399863480832e-05
505,4.037931442260742,2023.0000583158385,3440.224749803543,9.87313677357776e-05
506,4.118318557739258,2027.0000583158385,3448.090807914734,9.8722720126519e-05
507,4.012142658233643,2031.0000583158385,3453.73166680336,9.871404352545303e-05
508,3.9963579177856445,2035.0000583158385,3460.546728372574,9.870533793774266e-05
509,3.979922294616699,2039.0000583158385,3467.5756254196167,9.869660336856804e-05
510,4.253753185272217,2043.0000583158385,3473.455498933792,9.868783982312658e-05
511,4.015408515930176,2047.0000583158385,3480.546157360077,9.867904730663293e-05
512,3.869271755218506,2051.0000583158385,3488.504248380661,9.867022582431896e-05
513,3.8245632648468018,2055.0000583158385,3496.391879081726,9.866137538143383e-05
514,4.108246803283691,2059.0000583158385,3502.871334552765,9.86524959832439e-05
515,4.143355369567871,2063.0000583158385,3510.143466234207,9.864358763503275e-05
516,3.9626693725585938,2067.0000583158385,3517.091378211975,9.863465034210118e-05
517,4.061376571655273,2071.0000583158385,3523.1446449756622,9.862568410976723e-05
518,4.1361188888549805,2075.0000583158385,3529.8816516399384,9.86166889433662e-05
519,4.212839126586914,2079.0000583158385,3536.9369769096375,9.860766484825052e-05
520,4.120180130004883,2083.0000583158385,3544.5597953796387,9.859861182978992e-05
521,3.9934208393096924,2087.0000583158385,3552.2095761299133,9.858952989337126e-05
522,3.89571475982666,2091.0000583158385,3559.367739200592,9.858041904439868e-05
523,4.015849590301514,2095.0000583158385,3566.1515839099884,9.857127928829346e-05
524,3.927349090576172,2099.0000583158385,3572.5365512371063,9.856211063049414e-05
525,3.75473690032959,2103.0000583158385,3579.088207960129,9.855291307645644e-05
526,3.7221031188964844,2107.0000583158385,3583.969438314438,9.854368663165324e-05
527,3.6904616355895996,2111.0000583158385,3592.6510496139526,9.853443130157462e-05
528,4.100556373596191,2115.0000583158385,3599.340580701828,9.852514709172791e-05
529,4.293114185333252,2119.0000583158385,3605.1628239154816,9.851583400763756e-05
530,3.825552463531494,2123.0000583158385,3611.7285916805267,9.850649205484519e-05
531,4.022756576538086,2127.0000583158385,3619.045899629593,9.849712123890966e-05
532,3.947760820388794,2131.0000583158385,3624.2636115550995,9.848772156540697e-05
533,3.986067533493042,2135.0000583158385,3630.848179101944,9.84782930399303e-05
534,3.8927412033081055,2139.0000583158385,3638.244384288788,9.846883566808998e-05
535,3.89475679397583,2143.0000583158385,3645.1879737377167,9.845934945551349e-05
536,4.104965686798096,2147.0000583158385,3652.2467024326324,9.844983440784554e-05
537,3.9602575302124023,2151.0000583158385,3658.8672387599945,9.844029053074795e-05
538,4.002202033996582,2155.0000583158385,3666.110451698303,9.843071782989969e-05
539,4.034685134887695,2159.0000583158385,3674.5944967269897,9.842111631099688e-05
540,3.9691104888916016,2163.0000583158385,3682.83571434021,9.841148597975284e-05
541,4.004767894744873,2167.0000583158385,3689.1330151557922,9.840182684189794e-05
542,4.051242828369141,2171.0000583158385,3697.1136860847473,9.839213890317977e-05
543,3.564255714416504,2175.0000583158385,3703.5897727012634,9.838242216936306e-05
544,4.05694580078125,2179.0000583158385,3710.392198562622,9.837267664622962e-05
545,3.711289167404175,2183.0000583158385,3717.092828273773,9.83629023395784e-05
546,3.7546191215515137,2187.0000583158385,3723.6585845947266,9.835309925522554e-05
547,3.9185571670532227,2191.0000583158385,3731.1074488162994,9.834326739900421e-05
548,3.9130096435546875,2195.0000583158385,3737.1357793807983,9.833340677676479e-05
549,3.8576037883758545,2199.0000583158385,3743.9194774627686,9.832351739437473e-05
550,4.000292778015137,2203.0000583158385,3750.523667573929,9.831359925771857e-05
551,3.804009199142456,2207.0000583158385,3755.509473800659,9.830365237269801e-05
552,3.904294490814209,2211.0000583158385,3762.4312574863434,9.829367674523185e-05
553,4.070436000823975,2215.0000583158385,3768.5403156280518,9.828367238125596e-05
554,3.7960877418518066,2219.0000583158385,3775.017416000366,9.827363928672333e-05
555,3.8606514930725098,2223.0000583158385,3783.306496858597,9.826357746760407e-05
556,3.8747894763946533,2227.0000583158385,3789.910815477371,9.82534869298853e-05
557,3.961543560028076,2231.0000583158385,3796.829951286316,9.824336767957132e-05
558,3.581961154937744,2235.0000583158385,3803.5872147083282,9.823321972268351e-05
559,4.086441993713379,2239.0000583158385,3809.16059589386,9.822304306526025e-05
560,3.776737928390503,2243.0000583158385,3816.7531208992004,9.821283771335708e-05
561,3.964028835296631,2247.0000583158385,3824.3338260650635,9.820260367304657e-05
562,3.509000301361084,2251.0000583158385,3829.4375026226044,9.819234095041837e-05
563,3.8114476203918457,2255.0000583158385,3835.346960067749,9.818204955157922e-05
564,4.0078630447387695,2259.0000583158385,3842.5961356163025,9.81717294826529e-05
565,3.8939342498779297,2263.0000583158385,3849.031478881836,9.816138074978024e-05
566,3.816087245941162,2267.0000583158385,3856.3810839653015,9.815100335911916e-05
567,3.6901488304138184,2271.0000583158385,3862.6588950157166,9.814059731684462e-05
568,4.034541130065918,2275.0000583158385,3869.818600177765,9.81301626291486e-05
569,3.773059844970703,2279.0000583158385,3877.575894355774,9.811969930224015e-05
570,3.7049355506896973,2283.0000583158385,3884.9265129566193,9.810920734234538e-05
571,4.022541046142578,2287.0000583158385,3891.0489509105682,9.809868675570739e-05
572,3.638157367706299,2291.0000583158385,3896.8649463653564,9.808813754858636e-05
573,3.7629356384277344,2295.0000583158385,3903.9585032463074,9.807755972725947e-05
574,3.711778163909912,2299.0000583158385,3911.17359995842,9.806695329802095e-05
575,3.789132595062256,2303.0000583158385,3919.0724008083344,9.805631826718203e-05
576,3.6207239627838135,2307.0000583158385,3925.99675488472,9.804565464107097e-05
577,3.747065544128418,2311.0000583158385,3930.758341550827,9.803496242603306e-05
578,3.6673598289489746,2315.0000583158385,3937.5247960090637,9.802424162843057e-05
579,3.7837750911712646,2319.0000583158385,3943.6914870738983,9.801349225464281e-05
580,3.8561925888061523,2323.0000583158385,3950.081209421158,9.800271431106605e-05
581,3.7211251258850098,2327.0000583158385,3956.534227848053,9.799190780411361e-05
582,3.9860737323760986,2331.0000583158385,3962.0532219409943,9.79810727402158e-05
583,3.9771153926849365,2335.0000583158385,3968.9732275009155,9.797020912581986e-05
584,3.9401681423187256,2339.0000583158385,3975.1218614578247,9.795931696739012e-05
585,3.9721734523773193,2343.0000583158385,3980.542453289032,9.794839627140781e-05
586,3.772693395614624,2347.0000583158385,3987.5881876945496,9.793744704437117e-05
587,3.885798931121826,2351.0000583158385,3994.490013360977,9.792646929279543e-05
588,3.868448495864868,2355.0000583158385,4001.3328342437744,9.791546302321278e-05
589,3.4459657669067383,2359.0000583158385,4006.952065229416,9.790442824217237e-05
590,4.1280717849731445,2363.0000583158385,4014.2636182308197,9.789336495624036e-05
591,3.879533290863037,2367.0000583158385,4021.917937040329,9.788227317199981e-05
592,3.7380099296569824,2371.0000583158385,4027.2328667640686,9.787115289605076e-05
593,3.8297629356384277,2375.0000583158385,4033.826263666153,9.786000413501021e-05
594,3.936152458190918,2379.0000583158385,4041.066833972931,9.784882689551213e-05
595,3.6120457649230957,2383.0000583158385,4047.677961587906,9.783762118420742e-05
596,3.8568286895751953,2387.0000583158385,4055.465610742569,9.78263870077639e-05
597,3.8569869995117188,2391.0000583158385,4062.4325335025787,9.781512437286632e-05
598,3.695861339569092,2395.0000583158385,4068.002302646637,9.780383328621643e-05
599,3.7262821197509766,2399.0000583158385,4076.5843558311462,9.779251375453287e-05
600,3.610724687576294,2403.0000583158385,4084.25767993927,9.778116578455117e-05
601,3.670620918273926,2407.0000583158385,4090.3542428016663,9.776978938302384e-05
602,3.847411632537842,2411.0000583158385,4096.781774759293,9.775838455672028e-05
603,3.8185763359069824,2415.0000583158385,4103.145741701126,9.77469513124268e-05
604,3.726713180541992,2419.0000583158385,4109.404168605804,9.773548965694666e-05
605,3.4478955268859863,2423.0000583158385,4117.172137975693,9.772399959709996e-05
606,3.674373149871826,2427.0000583158385,4123.696877241135,9.771248113972373e-05
607,3.520366668701172,2431.0000583158385,4131.002051830292,9.770093429167194e-05
608,3.7509093284606934,2435.0000583158385,4135.306072950363,9.768935905981537e-05
609,3.4943270683288574,2439.0000583158385,4143.278481721878,9.767775545104178e-05
610,3.689668655395508,2443.0000583158385,4151.573936223984,9.766612347225576e-05
611,3.8272204399108887,2447.0000583158385,4159.258894205093,9.765446313037878e-05
612,3.7763500213623047,2451.0000583158385,4165.377517461777,9.764277443234919e-05
613,3.5612823963165283,2455.0000583158385,4171.089068412781,9.763105738512226e-05
614,3.721867561340332,2459.0000583158385,4178.328885793686,9.761931199567006e-05
615,3.52416729927063,2463.0000583158385,4185.774587631226,9.760753827098157e-05
616,3.609004020690918,2467.0000583158385,4191.524789810181,9.759573621806262e-05
617,3.6839170455932617,2471.0000583158385,4198.372707128525,9.758390584393588e-05
618,3.5190587043762207,2475.0000583158385,4205.34423494339,9.757204715564092e-05
619,3.6956567764282227,2479.0000583158385,4212.278230190277,9.756016016023405e-05
620,3.678663730621338,2483.0000583158385,4219.747020721436,9.754824486478858e-05
621,3.486299514770508,2487.0000583158385,4227.794425010681,9.753630127639453e-05
622,3.782651424407959,2491.0000583158385,4232.8477392196655,9.752432940215884e-05
623,3.634437322616577,2495.0000583158385,4238.739721536636,9.75123292492052e-05
624,3.7875559329986572,2499.0000583158385,4245.266579627991,9.750030082467418e-05
625,3.8001043796539307,2503.0000583158385,4250.428976774216,9.74882441357232e-05
626,3.5581140518188477,2507.0000583158385,4257.794942617416,9.747615918952643e-05
627,3.5170040130615234,2511.0000583158385,4263.033739566803,9.746404599327488e-05
628,3.6810998916625977,2515.0000583158385,4268.706251621246,9.745190455417641e-05
629,3.708207607269287,2519.0000583158385,4275.669233322144,9.743973487945561e-05
630,3.5921692848205566,2523.0000583158385,4281.711931705475,9.742753697635394e-05
631,3.710139036178589,2527.0000583158385,4287.989565372467,9.741531085212963e-05
632,3.5628838539123535,2531.0000583158385,4295.57714676857,9.74030565140577e-05
633,3.5811667442321777,2535.0000583158385,4302.180524587631,9.739077396942994e-05
634,3.7696335315704346,2539.0000583158385,4307.929366827011,9.737846322555498e-05
635,3.611414670944214,2543.0000583158385,4313.668383359909,9.736612428975816e-05
636,3.786628246307373,2547.0000583158385,4319.013312101364,9.735375716938166e-05
637,3.7179360389709473,2551.0000583158385,4324.85634469986,9.734136187178438e-05
638,3.4950172901153564,2555.0000583158385,4331.780169725418,9.732893840434203e-05
639,3.75010347366333,2559.0000583158385,4336.897841215134,9.731648677444703e-05
640,3.5530972480773926,2563.0000583158385,4344.2273206710815,9.730400698950861e-05
641,3.6486899852752686,2567.0000583158385,4351.270776510239,9.729149905695272e-05
642,3.6633706092834473,2571.0000583158385,4358.474138736725,9.727896298422208e-05
643,3.508070468902588,2575.0000583158385,4365.628146886826,9.726639877877613e-05
644,3.3591504096984863,2579.0000583158385,4372.393917798996,9.725380644809106e-05
645,3.4795660972595215,2583.0000583158385,4378.5877685546875,9.724118599965982e-05
646,3.615574359893799,2587.0000583158385,4385.23245549202,9.722853744099207e-05
647,3.902067184448242,2591.0000583158385,4392.06677031517,9.721586077961418e-05
648,3.665348529815674,2595.0000583158385,4399.3771879673,9.720315602306927e-05
649,3.8290321826934814,2599.0000583158385,4406.454581975937,9.719042317891717e-05
650,3.439894437789917,2603.0000583158385,4413.985946178436,9.717766225473442e-05
651,3.3702409267425537,2607.0000583158385,4419.990046977997,9.716487325811426e-05
652,3.7445333003997803,2611.0000583158385,4425.966360569,9.715205619666666e-05
653,3.7253239154815674,2615.0000583158385,4431.726347208023,9.713921107801827e-05
654,3.547335147857666,2619.0000583158385,4438.748255729675,9.712633790981241e-05
655,3.6126723289489746,2623.0000583158385,4444.560171842575,9.711343669970917e-05
656,3.4936227798461914,2627.0000583158385,4452.235382318497,9.710050745538524e-05
657,3.5718472003936768,2631.0000583158385,4459.440635442734,9.708755018453403e-05
658,3.6496448516845703,2635.0000583158385,4466.236631155014,9.707456489486561e-05
659,3.5564422607421875,2639.0000583158385,4473.393449544907,9.706155159410677e-05
660,3.4634056091308594,2643.0000583158385,4479.030358791351,9.704851029000092e-05
661,3.591581344604492,2647.0000583158385,4484.931707143784,9.703544099030815e-05
662,3.592508554458618,2651.0000583158385,4491.115215301514,9.70223437028052e-05
663,3.6278328895568848,2655.0000583158385,4497.54677271843,9.700921843528546e-05
664,3.7226572036743164,2659.0000583158385,4504.104108810425,9.699606519555897e-05
665,3.5013952255249023,2663.0000583158385,4511.749622344971,9.698288399145247e-05
666,3.64176607131958,2667.0000583158385,4518.260737419128,9.696967483080925e-05
667,3.561342477798462,2671.0000583158385,4526.18542599678,9.695643772148927e-05
668,3.5934817790985107,2675.0000583158385,4532.152596950531,9.694317267136917e-05
669,3.3374087810516357,2679.0000583158385,4538.582247018814,9.692987968834216e-05
670,3.535083770751953,2683.0000583158385,4545.405029058456,9.691655878031804e-05
671,3.62349009513855,2687.0000583158385,4552.459033727646,9.690320995522334e-05
672,3.599538564682007,2691.0000583158385,4559.780913352966,9.688983322100109e-05
673,3.5530765056610107,2695.0000583158385,4566.99085521698,9.6876428585611e-05
674,3.280930519104004,2699.0000583158385,4573.1369478702545,9.68629960570293e-05
675,3.460134983062744,2703.0000583158385,4581.55033493042,9.684953564324895e-05
676,3.3201003074645996,2707.0000583158385,4589.137971878052,9.683604735227934e-05
677,3.7008304595947266,2711.0000583158385,4596.823926925659,9.68225311921466e-05
678,3.6205201148986816,2715.0000583158385,4603.07745552063,9.680898717089334e-05
679,3.284658432006836,2719.0000583158385,4607.695209503174,9.67954152965788e-05
680,3.6136975288391113,2723.0000583158385,4614.3196432590485,9.678181557727873e-05
681,3.2850236892700195,2727.0000583158385,4622.602224588394,9.676818802108555e-05
682,3.6331684589385986,2731.0000583158385,4629.697685241699,9.675453263610818e-05
683,3.4912774562835693,2735.0000583158385,4635.104067564011,9.67408494304721e-05
684,3.4497597217559814,2739.0000583158385,4641.81258893013,9.672713841231934e-05
685,3.2809743881225586,2743.0000583158385,4648.063331604004,9.67133995898085e-05
686,3.439547061920166,2747.0000583158385,4655.188667535782,9.669963297111475e-05
687,3.4781758785247803,2751.0000583158385,4662.427416086197,9.668583856442971e-05
688,3.5509557723999023,2755.0000583158385,4669.382835149765,9.667201637796163e-05
689,3.2969934940338135,2759.0000583158385,4675.819531440735,9.665816641993527e-05
690,3.533560037612915,2763.0000583158385,4683.53050661087,9.664428869859185e-05
691,3.423506498336792,2767.0000583158385,4690.533655405045,9.663038322218917e-05
692,3.6476471424102783,2771.0000583158385,4696.92675113678,9.661644999900156e-05
693,3.440467357635498,2775.0000583158385,4703.929310083389,9.66024890373198e-05
694,3.2582778930664062,2779.0000583158385,4711.7268986701965,9.658850034545125e-05
695,3.683262348175049,2783.0000583158385,4719.882546901703,9.657448393171968e-05
696,3.268674850463867,2787.0000583158385,4727.222729206085,9.656043980446543e-05
697,3.549851417541504,2791.0000583158385,4734.500173568726,9.654636797204531e-05
698,3.4728360176086426,2795.0000583158385,4742.38076710701,9.65322684428326e-05
699,3.5610101222991943,2799.0000583158385,4750.2500030994415,9.65181412252171e-05
700,3.507380962371826,2803.0000583158385,4756.786920785904,9.6503986327605e-05
701,3.624643087387085,2807.0000583158385,4763.945183515549,9.648980375841909e-05
702,3.5687787532806396,2811.0000583158385,4771.785898447037,9.64755935260985e-05
703,3.6049652099609375,2815.0000583158385,4779.5502388477325,9.64613556390989e-05
704,3.5071187019348145,2819.0000583158385,4785.776373386383,9.644709010589237e-05
705,3.4489071369171143,2823.0000583158385,4791.759524822235,9.643279693496748e-05
706,3.3170418739318848,2827.0000583158385,4798.481620550156,9.641847613482922e-05
707,3.2812795639038086,2831.0000583158385,4805.103871822357,9.640412771399901e-05
708,3.4658620357513428,2835.0000583158385,4812.424216508865,9.638975168101477e-05
709,3.533135414123535,2839.0000583158385,4819.485320329666,9.637534804443076e-05
710,3.4952025413513184,2843.0000583158385,4826.680428028107,9.636091681281771e-05
711,3.496981620788574,2847.0000583158385,4834.2868802547455,9.634645799476279e-05
712,3.3361711502075195,2851.0000583158385,4841.778706789017,9.633197159886955e-05
713,3.327070951461792,2855.0000583158385,4848.316172838211,9.631745763375795e-05
714,3.770167827606201,2859.0000583158385,4855.38391160965,9.63029161080644e-05
715,3.259354591369629,2863.0000583158385,4863.381146430969,9.628834703044164e-05
716,3.469630241394043,2867.0000583158385,4869.7892825603485,9.627375040955886e-05
717,3.4699530601501465,2871.0000583158385,4877.291081428528,9.625912625410163e-05
718,3.3289122581481934,2875.0000583158385,4883.7189683914185,9.624447457277188e-05
719,3.443983554840088,2879.0000583158385,4890.967195272446,9.622979537428795e-05
720,3.5328316688537598,2883.0000583158385,4896.306380748749,9.621508866738451e-05
721,3.5476911067962646,2887.0000583158385,4903.249663352966,9.620035446081266e-05
722,3.1947169303894043,2891.0000583158385,4910.076411008835,9.61855927633398e-05
723,3.493445873260498,2895.0000583158385,4915.411940097809,9.617080358374975e-05
724,3.503538131713867,2899.0000583158385,4921.001076221466,9.615598693084262e-05
725,3.5876312255859375,2903.0000583158385,4927.399188518524,9.614114281343492e-05
726,3.406984806060791,2907.0000583158385,4934.956244945526,9.612627124035947e-05
727,3.501920700073242,2911.0000583158385,4940.341554641724,9.611137222046544e-05
728,3.3347434997558594,2915.0000583158385,4946.800114154816,9.609644576261833e-05
729,3.307868480682373,2919.0000583158385,4952.971893310547,9.608149187569996e-05
730,3.5337588787078857,2923.0000583158385,4959.275857448578,9.606651056860851e-05
731,3.4109785556793213,2927.0000583158385,4965.091658115387,9.605150185025839e-05
732,3.5085854530334473,2931.0000583158385,4971.421393156052,9.603646572958044e-05
733,3.4590492248535156,2935.0000583158385,4978.177931547165,9.602140221552169e-05
734,3.459876537322998,2939.0000583158385,4984.944255113602,9.600631131704554e-05
735,3.371821641921997,2943.0000583158385,4991.875151872635,9.599119304313165e-05
736,3.1891698837280273,2947.0000583158385,5000.039939403534,9.5976047402776e-05
737,3.4107260704040527,2951.0000583158385,5006.614853143692,9.596087440499085e-05
738,3.289459705352783,2955.0000583158385,5014.0940482616425,9.594567405880471e-05
739,3.778745174407959,2959.0000583158385,5021.995425224304,9.593044637326239e-05
740,3.3724093437194824,2963.0000583158385,5028.457618236542,9.591519135742495e-05
741,3.423877239227295,2967.0000583158385,5034.35000371933,9.589990902036973e-05
742,3.452472686767578,2971.0000583158385,5041.8082003593445,9.588459937119033e-05
743,3.6455392837524414,2975.0000583158385,5049.317876338959,9.586926241899655e-05
744,3.233971118927002,2979.0000583158385,5056.289491891861,9.585389817291451e-05
745,3.2147865295410156,2983.0000583158385,5061.429790973663,9.583850664208653e-05
746,3.4655113220214844,2987.0000583158385,5068.715542316437,9.582308783567118e-05
747,3.303497314453125,2991.0000583158385,5074.735799074173,9.580764176284327e-05
748,3.441159725189209,2995.0000583158385,5081.9541783332825,9.579216843279377e-05
749,3.214167833328247,2999.0000583158385,5087.37814950943,9.577666785472995e-05
750,3.05960750579834,3003.0000583158385,5093.935210943222,9.576114003787526e-05
751,3.208643674850464,3007.0000583158385,5101.4783363342285,9.574558499146935e-05
752,3.4269907474517822,3011.0000583158385,5108.695789337158,9.573000272476809e-05
753,3.379939556121826,3015.0000583158385,5116.782402038574,9.571439324704353e-05
754,3.379990816116333,3019.0000583158385,5125.1957285404205,9.569875656758394e-05
755,3.4557721614837646,3023.0000583158385,5132.025081396103,9.568309269569373e-05
756,3.380241870880127,3027.0000583158385,5139.621799945831,9.566740164069353e-05
757,3.4248032569885254,3031.0000583158385,5145.023953676224,9.565168341192012e-05
758,3.4522705078125,3035.0000583158385,5152.62729549408,9.563593801872648e-05
759,3.2813491821289062,3039.0000583158385,5160.062858819962,9.562016547048174e-05
760,3.3239998817443848,3043.0000583158385,5167.3326761722565,9.560436577657116e-05
761,3.267042636871338,3047.0000583158385,5175.9313814640045,9.558853894639619e-05
762,3.256875991821289,3051.0000583158385,5182.8961408138275,9.557268498937443e-05
763,3.610907793045044,3055.0000583158385,5189.941497802734,9.555680391493957e-05
764,3.2180488109588623,3059.0000583158385,5196.449873447418,9.554089573254148e-05
765,3.2255728244781494,3063.0000583158385,5201.806505680084,9.552496045164618e-05
766,3.3982317447662354,3067.0000583158385,5208.948096513748,9.550899808173576e-05
767,3.1246559619903564,3071.0000583158385,5216.66082906723,9.549300863230847e-05
768,3.1985890865325928,3075.0000583158385,5223.355786561966,9.547699211287863e-05
769,3.4196548461914062,3079.0000583158385,5229.896391630173,9.546094853297673e-05
770,3.0972795486450195,3083.0000583158385,5236.801426410675,9.54448779021493e-05
771,3.406031847000122,3087.0000583158385,5243.1221079826355,9.542878022995903e-05
772,3.131578207015991,3091.0000583158385,5250.9331023693085,9.541265552598464e-05
773,3.400737762451172,3095.0000583158385,5257.998727560043,9.539650379982095e-05
774,3.4838404655456543,3099.0000583158385,5264.139011383057,9.538032506107891e-05
775,3.2219412326812744,3103.0000583158385,5269.633150815964,9.536411931938546e-05
776,3.2851154804229736,3107.0000583158385,5276.8530333042145,9.534788658438366e-05
777,3.2571873664855957,3111.0000583158385,5282.994080543518,9.533162686573265e-05
778,3.234546661376953,3115.0000583158385,5289.694999217987,9.531534017310757e-05
779,3.302966594696045,3119.0000583158385,5297.101385116577,9.529902651619966e-05
780,3.4352574348449707,3123.0000583158385,5304.94482088089,9.528268590471616e-05
781,3.2924561500549316,3127.0000583158385,5312.747713088989,9.52663183483804e-05
782,3.628302574157715,3131.0000583158385,5320.110625743866,9.52499238569317e-05
783,3.2839319705963135,3135.0000583158385,5327.5927221775055,9.523350244012544e-05
784,3.410224437713623,3139.0000583158385,5335.822182893753,9.521705410773298e-05
785,3.3039772510528564,3143.0000583158385,5342.345333576202,9.520057886954175e-05
786,3.4006245136260986,3147.0000583158385,5348.698167324066,9.518407673535513e-05
787,3.4091110229492188,3151.0000583158385,5354.582824468613,9.516754771499257e-05
788,3.387847900390625,3155.0000583158385,5360.851136207581,9.515099181828948e-05
789,3.228921890258789,3159.0000583158385,5369.226650953293,9.513440905509725e-05
790,3.196504592895508,3163.0000583158385,5375.80940246582,9.511779943528328e-05
791,3.4574074745178223,3167.0000583158385,5383.348793506622,9.510116296873094e-05
792,3.3932533264160156,3171.0000583158385,5388.860790729523,9.50844996653396e-05
793,3.5346779823303223,3175.0000583158385,5394.711278915405,9.506780953502454e-05
794,3.254969596862793,3179.0000583158385,5401.906875371933,9.505109258771707e-05
795,3.1698789596557617,3183.0000583158385,5409.437079191208,9.503434883336443e-05
796,3.0228848457336426,3187.0000583158385,5415.787064313889,9.501757828192979e-05
797,3.4552621841430664,3191.0000583158385,5423.863982915878,9.50007809433923e-05
798,3.4518628120422363,3195.0000583158385,5430.891103744507,9.498395682774703e-05
799,3.3610689640045166,3199.0000583158385,5438.231812000275,9.496710594500498e-05
800,3.4534049034118652,3203.0000583158385,5446.452716588974,9.49502283051931e-05
801,3.2098300457000732,3207.0000583158385,5453.86185836792,9.493332391835425e-05
802,3.3777835369110107,3211.0000583158385,5459.849995613098,9.491639279454718e-05
803,3.352212429046631,3215.0000583158385,5466.89377784729,9.489943494384656e-05
804,3.322953939437866,3219.0000583158385,5473.079256772995,9.488245037634304e-05
805,3.29081392288208,3223.0000583158385,5477.7400805950165,9.486543910214303e-05
806,3.088254928588867,3227.0000583158385,5483.4990129470825,9.484840113136895e-05
807,3.341756582260132,3231.0000583158385,5489.7417867183685,9.483133647415903e-05
808,3.22031831741333,3235.0000583158385,5496.156903028488,9.481424514066743e-05
809,3.279797077178955,3239.0000583158385,5504.415185689926,9.479712714106416e-05
810,3.0822672843933105,3243.0000583158385,5509.351279735565,9.47799824855351e-05
811,3.2952539920806885,3247.0000583158385,5515.73003745079,9.476281118428198e-05
812,3.499614715576172,3251.0000583158385,5522.58246588707,9.47456132475224e-05
813,3.433108329772949,3255.0000583158385,5528.335778236389,9.472838868548983e-05
814,3.253530263900757,3259.0000583158385,5533.70214009285,9.471113750843352e-05
815,2.995330810546875,3263.0000583158385,5541.111294031143,9.469385972661861e-05
816,3.191873788833618,3267.0000583158385,5547.190713882446,9.467655535032608e-05
817,3.189829111099243,3271.0000583158385,5553.557023048401,9.465922438985269e-05
818,3.1502044200897217,3275.0000583158385,5560.8231518268585,9.464186685551104e-05
819,2.9399399757385254,3279.0000583158385,5568.3889145851135,9.462448275762953e-05
820,3.1309194564819336,3283.0000583158385,5574.323473215103,9.460707210655242e-05
821,3.397531032562256,3287.0000583158385,5580.690092563629,9.458963491263971e-05
822,3.025909423828125,3291.0000583158385,5588.046848773956,9.457217118626718e-05
823,3.002225875854492,3295.0000583158385,5594.433680295944,9.455468093782647e-05
824,3.1802659034729004,3299.0000583158385,5601.547712087631,9.453716417772496e-05
825,3.2068212032318115,3303.0000583158385,5607.292003631592,9.451962091638579e-05
826,3.071634292602539,3307.0000583158385,5612.392608880997,9.45020511642479e-05
827,3.4504313468933105,3311.0000583158385,5619.137601852417,9.448445493176596e-05
828,3.2774946689605713,3315.0000583158385,5626.623696565628,9.446683222941047e-05
829,3.0142059326171875,3319.0000583158385,5633.237200260162,9.444918306766756e-05
830,3.229940414428711,3323.0000583158385,5641.353231430054,9.443150745703922e-05
831,3.1920676231384277,3327.0000583158385,5647.288046598434,9.441380540804311e-05
832,3.473287343978882,3331.0000583158385,5654.26624083519,9.439607693121266e-05
833,3.1965582370758057,3335.0000583158385,5660.924605131149,9.437832203709698e-05
834,3.3342816829681396,3339.0000583158385,5668.4619653224945,9.436054073626095e-05
835,3.0707294940948486,3343.0000583158385,5676.3295340538025,9.434273303928513e-05
836,3.119697093963623,3347.0000583158385,5682.326342821121,9.43248989567658e-05
837,3.278590679168701,3351.0000583158385,5688.37960934639,9.430703849931495e-05
838,3.4523329734802246,3355.0000583158385,5693.866221666336,9.428915167756022e-05
839,3.1588711738586426,3359.0000583158385,5701.849726676941,9.4271238502145e-05
840,3.215573787689209,3363.0000583158385,5709.609840393066,9.42532989837283e-05
841,3.2991280555725098,3367.0000583158385,5716.891592025757,9.423533313298488e-05
842,3.17889404296875,3371.0000583158385,5724.536323785782,9.42173409606051e-05
843,3.1919972896575928,3375.0000583158385,5732.056122303009,9.4199322477295e-05
844,3.3118996620178223,3379.0000583158385,5739.0973019599915,9.418127769377627e-05
845,3.0365700721740723,3383.0000583158385,5745.5090227127075,9.416320662078632e-05
846,3.148085117340088,3387.0000583158385,5751.99484539032,9.414510926907808e-05
847,3.1421890258789062,3391.0000583158385,5759.115414857864,9.412698564942024e-05
848,3.1915462017059326,3395.0000583158385,5765.829728841782,9.4108835772597e-05
849,2.9540035724639893,3399.0000583158385,5772.5477085113525,9.40906596494083e-05
850,3.1468334197998047,3403.0000583158385,5777.664432764053,9.407245729066964e-05
851,3.2458863258361816,3407.0000583158385,5784.578944683075,9.40542287072121e-05
852,3.292374610900879,3411.0000583158385,5790.325925827026,9.403597390988244e-05
853,3.10797119140625,3415.0000583158385,5796.578431844711,9.401769290954295e-05
854,3.29797101020813,3419.0000583158385,5804.876512289047,9.399938571707157e-05
855,3.2565085887908936,3423.0000583158385,5811.86422753334,9.398105234336179e-05
856,2.9538373947143555,3427.0000583158385,5819.424929380417,9.396269279932265e-05
858,3.1118850708007812,3435.0000583158385,5832.678761005402,9.392589524397057e-05
859,3.130390167236328,3439.0000583158385,5839.0475487709045,9.390745725455358e-05
860,3.1419973373413086,3443.0000583158385,5845.265685558319,9.388899313859921e-05
861,3.237541675567627,3447.0000583158385,5852.922718286514,9.387050290709435e-05
862,3.221648931503296,3451.0000583158385,5860.866026163101,9.385198657104141e-05
863,2.8428239822387695,3455.0000583158385,5867.868422746658,9.383344414145832e-05
864,3.057337522506714,3459.0000583158385,5873.146428346634,9.381487562937854e-05
865,3.3133723735809326,3463.0000583158385,5881.060170650482,9.37962810458511e-05
866,2.805971622467041,3467.0000583158385,5888.516105413437,9.377766040194048e-05
867,3.0390396118164062,3471.0000583158385,5894.98729968071,9.37590137087267e-05
868,3.072805404663086,3475.0000583158385,5902.370483636856,9.374034097730526e-05
869,3.1392457485198975,3479.0000583158385,5908.986364364624,9.372164221878718e-05
870,2.986769437789917,3483.0000583158385,5917.240962505341,9.370291744429895e-05
871,3.1805689334869385,3487.0000583158385,5923.547082185745,9.368416666498252e-05
872,3.130551338195801,3491.0000583158385,5930.013868570328,9.366538989199539e-05
873,3.1632981300354004,3495.0000583158385,5937.286350488663,9.364658713651044e-05
874,3.080047130584717,3499.0000583158385,5942.982438325882,9.362775840971604e-05
875,3.2301759719848633,3503.0000583158385,5950.81223487854,9.360890372281604e-05
876,3.040095806121826,3507.0000583158385,5956.513062953949,9.35900230870297e-05
877,2.9577150344848633,3511.0000583158385,5962.613615036011,9.357111651359175e-05
878,2.8697195053100586,3515.0000583158385,5969.641647815704,9.355218401375234e-05
879,3.13092041015625,3519.0000583158385,5977.171515226364,9.353322559877705e-05
880,3.028801918029785,3523.0000583158385,5984.024537086487,9.351424127994687e-05
881,2.782588481903076,3527.0000583158385,5991.32897400856,9.349523106855823e-05
882,2.9282798767089844,3531.0000583158385,5998.34024643898,9.347619497592292e-05
883,3.1782052516937256,3535.0000583158385,6004.587374687195,9.345713301336819e-05
884,3.12310528755188,3539.0000583158385,6011.212810993195,9.343804519223665e-05
885,3.145745038986206,3543.0000583158385,6016.686537027359,9.341893152388629e-05
886,3.1603028774261475,3547.0000583158385,6024.394958972931,9.339979201969049e-05
887,3.194359302520752,3551.0000583158385,6031.929017543793,9.3380626691038e-05
888,3.1602628231048584,3555.0000583158385,6038.8810477256775,9.336143554933297e-05
889,3.0199904441833496,3559.0000583158385,6045.321472406387,9.334221860599487e-05
890,3.0297157764434814,3563.0000583158385,6052.346556663513,9.332297587245851e-05
891,2.98508358001709,3567.0000583158385,6058.300630807877,9.330370736017408e-05
892,3.2280120849609375,3571.0000583158385,6065.719503879547,9.328441308060712e-05
893,3.0269336700439453,3575.0000583158385,6071.549276590347,9.326509304523846e-05
894,3.1514363288879395,3579.0000583158385,6079.022018671036,9.324574726556428e-05
895,3.038638114929199,3583.0000583158385,6086.921378135681,9.32263757530961e-05
896,3.1399648189544678,3587.0000583158385,6093.887637853622,9.320697851936069e-05
897,2.939318895339966,3591.0000583158385,6100.511744260788,9.318755557590019e-05
898,3.226565361022949,3595.0000583158385,6107.760687351227,9.3168106934272e-05
899,2.98311185836792,3599.0000583158385,6114.206051111221,9.314863260604883e-05
900,3.215498447418213,3603.0000583158385,6121.935043096542,9.312913260281865e-05
901,2.971719264984131,3607.0000583158385,6128.35563325882,9.310960693618476e-05
902,3.0471556186676025,3611.0000583158385,6136.343788385391,9.309005561776569e-05
903,3.079463481903076,3615.0000583158385,6143.800520181656,9.307047865919521e-05
904,3.051614284515381,3619.0000583158385,6150.996810436249,9.305087607212241e-05
905,2.9526207447052,3623.0000583158385,6157.503397703171,9.303124786821156e-05
906,3.226329803466797,3627.0000583158385,6164.882838010788,9.301159405914225e-05
907,3.306913137435913,3631.0000583158385,6171.48686337471,9.299191465660923e-05
908,3.090261459350586,3635.0000583158385,6177.599555015564,9.297220967232254e-05
909,2.9830074310302734,3639.0000583158385,6184.254478931427,9.295247911800742e-05
910,3.03619384765625,3643.0000583158385,6189.292156457901,9.29327230054043e-05
911,3.0921382904052734,3647.0000583158385,6197.560264348984,9.291294134626886e-05
912,3.3250391483306885,3651.0000583158385,6203.726181030273,9.289313415237196e-05
913,3.076570510864258,3655.0000583158385,6209.700946569443,9.287330143549964e-05
914,3.201040744781494,3659.0000583158385,6216.4934713840485,9.285344320745316e-05
915,3.1493630409240723,3663.0000583158385,6224.974181652069,9.283355948004893e-05
916,3.160439968109131,3667.0000583158385,6231.166908979416,9.281365026511856e-05
917,3.021886110305786,3671.0000583158385,6237.328942775726,9.27937155745088e-05
918,2.8934731483459473,3675.0000583158385,6244.0868055820465,9.277375542008159e-05
919,3.204907178878784,3679.0000583158385,6250.022763252258,9.275376981371398e-05
920,2.987976551055908,3683.0000583158385,6257.634760141373,9.27337587672982e-05
921,2.999603271484375,3687.0000583158385,6265.089003324509,9.271372229274161e-05
922,3.1341609954833984,3691.0000583158385,6272.761330842972,9.26936604019667e-05
923,3.0542900562286377,3695.0000583158385,6279.128182888031,9.267357310691106e-05
924,3.0098791122436523,3699.0000583158385,6286.791234254837,9.265346041952744e-05
925,3.1230263710021973,3703.0000583158385,6291.985960960388,9.263332235178366e-05
926,3.006809711456299,3707.0000583158385,6299.9438943862915,9.261315891566267e-05
927,2.98950457572937,3711.0000583158385,6306.539667367935,9.259297012316248e-05
928,3.125364303588867,3715.0000583158385,6312.556950569153,9.257275598629626e-05
929,3.0096585750579834,3719.0000583158385,6320.973298072815,9.255251651709218e-05
930,3.141369342803955,3723.0000583158385,6329.002824544907,9.253225172759351e-05
931,2.930413246154785,3727.0000583158385,6335.100050210953,9.251196162985861e-05
932,3.1725995540618896,3731.0000583158385,6342.486492872238,9.249164623596087e-05
933,2.910853147506714,3735.0000583158385,6350.015650987625,9.247130555798876e-05
934,2.8722262382507324,3739.0000583158385,6357.48433637619,9.245093960804577e-05
935,3.0436229705810547,3743.0000583158385,6364.1616752147675,9.243054839825044e-05
936,3.1443662643432617,3747.0000583158385,6370.860510349274,9.241013194073635e-05
937,3.2102015018463135,3751.0000583158385,6378.202533483505,9.238969024765207e-05
938,2.924424648284912,3755.0000583158385,6384.55299782753,9.236922333116122e-05
939,3.0280728340148926,3759.0000583158385,6391.525501251221,9.234873120344242e-05
940,3.1643166542053223,3763.0000583158385,6398.617777585983,9.232821387668927e-05
941,3.215184211730957,3767.0000583158385,6405.989766836166,9.230767136311039e-05
942,3.2163596153259277,3771.0000583158385,6413.201856851578,9.22871036749294e-05
943,3.081493854522705,3775.0000583158385,6420.699906110764,9.226651082438487e-05
944,3.05100417137146,3779.0000583158385,6428.280813694,9.224589282373033e-05
945,3.134354829788208,3783.0000583158385,6435.691028594971,9.222524968523433e-05
946,2.93131422996521,3787.0000583158385,6442.272851467133,9.220458142118033e-05
947,3.254513740539551,3791.0000583158385,6450.747653961182,9.218388804386676e-05
948,2.9038949012756348,3795.0000583158385,6457.584701299667,9.216316956560698e-05
949,3.152467727661133,3799.0000583158385,6464.480891227722,9.21424259987293e-05
950,3.1718623638153076,3803.0000583158385,6471.332872629166,9.212165735557698e-05
951,3.1022963523864746,3807.0000583158385,6479.353589296341,9.210086364850813e-05
952,3.122382164001465,3811.0000583158385,6486.27073264122,9.208004488989586e-05
953,2.9841723442077637,3815.0000583158385,6493.17258810997,9.205920109212812e-05
954,3.051356792449951,3819.0000583158385,6500.217706918716,9.20383322676078e-05
955,3.1913208961486816,3823.0000583158385,6507.337597608566,9.201743842875268e-05
956,3.1324257850646973,3827.0000583158385,6515.42388176918,9.199651958799537e-05
957,3.165735960006714,3831.0000583158385,6521.7785222530365,9.197557575778344e-05
958,3.2664380073547363,3835.0000583158385,6529.452837705612,9.195460695057927e-05
959,2.8788297176361084,3839.0000583158385,6537.330176830292,9.193361317886013e-05
960,3.0989601612091064,3843.0000583158385,6543.373402357101,9.191259445511813e-05
961,2.8706374168395996,3847.0000583158385,6550.059151172638,9.189155079186023e-05
962,3.1075267791748047,3851.0000583158385,6557.405355930328,9.187048220160826e-05
963,3.0331363677978516,3855.0000583158385,6564.540637969971,9.184938869689881e-05
964,2.8018417358398438,3859.0000583158385,6571.8891797065735,9.182827029028339e-05
965,2.8760907649993896,3863.0000583158385,6577.774711847305,9.180712699432824e-05
966,3.1521377563476562,3867.0000583158385,6585.039976596832,9.178595882161447e-05
967,3.2240147590637207,3871.0000583158385,6592.424473762512,9.176476578473797e-05
968,3.20416522026062,3875.0000583158385,6598.563357830048,9.174354789630944e-05
969,3.1722350120544434,3879.0000583158385,6605.232244253159,9.172230516895433e-05
970,3.102858066558838,3883.0000583158385,6611.047343015671,9.170103761531288e-05
971,2.930169105529785,3887.0000583158385,6618.724462032318,9.167974524804016e-05
972,2.933079719543457,3891.0000583158385,6625.8278822898865,9.165842807980595e-05
973,2.7530689239501953,3895.0000583158385,6630.715674638748,9.163708612329477e-05
974,2.9363393783569336,3899.0000583158385,6637.508910417557,9.161571939120594e-05
975,2.8649775981903076,3903.0000583158385,6643.915538072586,9.159432789625353e-05
976,2.772535800933838,3907.0000583158385,6650.190247774124,9.157291165116627e-05
977,3.12998628616333,3911.0000583158385,6657.6871638298035,9.155147066868769e-05
978,3.0269389152526855,3915.0000583158385,6663.321659088135,9.153000496157602e-05
979,3.0583839416503906,3919.0000583158385,6669.863653182983,9.150851454260417e-05
980,2.8695404529571533,3923.0000583158385,6673.8223965168,9.148699942455982e-05
981,3.0314667224884033,3927.0000583158385,6681.491777420044,9.146545962024526e-05
982,3.1911864280700684,3931.0000583158385,6690.358694791794,9.144389514247756e-05
983,2.9815640449523926,3935.0000583158385,6697.7194056510925,9.142230600408841e-05
984,2.94880747795105,3939.0000583158385,6705.024056196213,9.140069221792419e-05
985,2.896535873413086,3943.0000583158385,6712.151064157486,9.137905379684593e-05
986,3.1628410816192627,3947.0000583158385,6718.491035699844,9.13573907537294e-05
987,2.8975954055786133,3951.0000583158385,6724.520389080048,9.133570310146489e-05
988,2.865161180496216,3955.0000583158385,6729.807208776474,9.131399085295745e-05
989,2.761934757232666,3959.0000583158385,6735.065589904785,9.129225402112668e-05
990,2.9935030937194824,3963.0000583158385,6741.54113650322,9.127049261890687e-05
991,2.9435014724731445,3967.0000583158385,6747.810518741608,9.124870665924692e-05
992,2.819430112838745,3971.0000583158385,6753.731510400772,9.122689615511028e-05
993,3.082119941711426,3975.0000583158385,6760.606072425842,9.120506111947511e-05
994,2.8872265815734863,3979.0000583158385,6767.574979066849,9.118320156533408e-05
995,3.0894594192504883,3983.0000583158385,6774.8682515621185,9.116131750569448e-05
996,3.0550642013549805,3987.0000583158385,6781.42720746994,9.113940895357822e-05
997,2.8673853874206543,3991.0000583158385,6786.626930236816,9.111747592202168e-05
998,2.964618682861328,3995.0000583158385,6792.686101198196,9.109551842407592e-05
999,2.7921953201293945,3999.0000583158385,6798.391985654831,9.10735364728065e-05
1000,3.118122100830078,4003.0000583158385,6804.651377916336,9.105153008129354e-05
1001,3.205328941345215,4007.0000583158385,6811.32075214386,9.102949926263171e-05
1002,3.2293190956115723,4011.0000583158385,6818.2619025707245,9.10074440299302e-05
1003,3.2271976470947266,4015.0000583158385,6826.139290094376,9.098536439631276e-05
1004,3.027855157852173,4019.0000583158385,6833.0192258358,9.096326037491761e-05
1005,3.187371253967285,4023.0000583158385,6839.661269664764,9.09411319788975e-05
1006,2.921764612197876,4027.0000583158385,6845.397777795792,9.091897922141973e-05
1007,3.257957935333252,4031.0000583158385,6852.826083898544,9.089680211566603e-05
1008,2.7154722213745117,4035.0000583158385,6856.311946153641,9.087460067483265e-05
1009,3.1020753383636475,4039.0000583158385,6862.542059421539,9.085237491213034e-05
1010,3.183112859725952,4043.0000583158385,6870.053671360016,9.083012484078427e-05
1011,3.1927075386047363,4047.0000583158385,6878.120282411575,9.08078504740341e-05
1012,3.044818639755249,4051.0000583158385,6885.9292159080505,9.078555182513399e-05
1013,3.0759711265563965,4055.0000583158385,6891.693337917328,9.076322890735246e-05
1014,3.1217966079711914,4059.0000583158385,6899.509078741074,9.074088173397255e-05
1015,3.1709718704223633,4063.0000583158385,6906.404192686081,9.07185103182917e-05
1016,2.988682985305786,4067.0000583158385,6914.247391939163,9.069611467362177e-05
1017,2.9062602519989014,4071.0000583158385,6920.495957374573,9.067369481328906e-05
1018,2.9975740909576416,4075.0000583158385,6925.203741788864,9.065125075063427e-05
1019,2.7925684452056885,4079.0000583158385,6932.104048013687,9.062878249901246e-05
1020,3.0061447620391846,4083.0000583158385,6939.174407958984,9.060629007179313e-05
1021,3.098094940185547,4087.0000583158385,6944.594665765762,9.058377348236019e-05
1022,2.832329273223877,4091.0000583158385,6949.810259580612,9.056123274411187e-05
1023,2.8118886947631836,4095.0000583158385,6957.871505737305,9.053866787046078e-05
1024,2.775989055633545,4099.000058315839,6964.47948050499,9.051607887483391e-05
1025,3.157688617706299,4103.000058315839,6970.801419258118,9.04934657706726e-05
1026,2.779478073120117,4107.000058315839,6976.76726436615,9.047082857143254e-05
1027,3.002939224243164,4111.000058315839,6982.937335252762,9.044816729058374e-05
1028,3.1725950241088867,4115.000058315839,6990.000143766403,9.042548194161056e-05
1029,2.9694790840148926,4119.000058315839,6996.358171701431,9.040277253801166e-05
1030,3.040191650390625,4123.000058315839,7002.429137706757,9.038003909330002e-05
1031,2.8164796829223633,4127.000058315839,7008.324058771133,9.035728162100296e-05
1032,2.9437460899353027,4131.000058315839,7013.600161314011,9.033450013466202e-05
1033,2.93674373626709,4135.000058315839,7022.057955503464,9.031169464783312e-05
1034,2.923917770385742,4139.000058315839,7029.400402545929,9.028886517408639e-05
1035,2.707369327545166,4143.000058315839,7036.045133590698,9.026601172700625e-05
1036,2.7066831588745117,4147.000058315839,7041.715512275696,9.024313432019145e-05
1037,3.26619029045105,4151.000058315839,7048.873422622681,9.022023296725489e-05
1038,2.8997013568878174,4155.000058315839,7055.0245106220245,9.01973076818238e-05
1039,2.7334694862365723,4159.000058315839,7062.382014513016,9.017435847753961e-05
1040,2.6808788776397705,4163.000058315839,7069.895392179489,9.015138536805799e-05
1041,3.1264333724975586,4167.000058315839,7077.420136213303,9.012838836704886e-05
1042,3.0563175678253174,4171.000058315839,7084.334270238876,9.010536748819633e-05
1043,3.135957717895508,4175.000058315839,7092.228279352188,9.00823227451987e-05
1044,2.9495272636413574,4179.000058315839,7097.408279418945,9.005925415176852e-05
1045,3.111947536468506,4183.000058315839,7103.234929800034,9.00361617216325e-05
1046,3.1118826866149902,4187.000058315839,7109.596504688263,9.001304546853155e-05
1047,3.116004467010498,4191.000058315839,7116.9726276397705,8.998990540622071e-05
1048,3.172424077987671,4195.000058315839,7124.051129579544,8.996674154846926e-05
1049,2.8075966835021973,4199.000058315839,7130.554286241531,8.99435539090606e-05
1050,2.9022953510284424,4203.000058315839,7137.763849496841,8.992034250179227e-05
1051,3.019454002380371,4207.000058315839,7144.284082889557,8.989710734047597e-05
1052,3.135066032409668,4211.000058315839,7150.556735038757,8.987384843893753e-05
1053,2.941041946411133,4215.000058315839,7157.7906794548035,8.985056581101691e-05
1054,2.9093105792999268,4219.000058315839,7164.7511484622955,8.982725947056817e-05
1055,3.0548887252807617,4223.000058315839,7172.03967499733,8.980392943145954e-05
1056,2.9800338745117188,4227.000058315839,7178.677887678146,8.978057570757325e-05
1057,3.089526414871216,4231.000058315839,7184.226831674576,8.975719831280571e-05
1058,3.0693836212158203,4235.000058315839,7191.692935705185,8.973379726106739e-05
1059,2.830273151397705,4239.000058315839,7197.9696390628815,8.971037256628282e-05
1060,3.077291250228882,4243.000058315839,7204.1733157634735,8.968692424239061e-05
1061,2.9739830493927,4247.000058315839,7212.183112621307,8.966345230334345e-05
1062,3.083017349243164,4251.000058315839,7218.7483959198,8.963995676310803e-05
1063,2.84515118598938,4255.000058315839,7225.837281942368,8.961643763566514e-05
1064,2.62882137298584,4259.000058315839,7232.155190706253,8.959289493500957e-05
1065,2.9779531955718994,4263.000058315839,7239.137519359589,8.956932867515016e-05
1066,3.146898031234741,4267.000058315839,7246.115027189255,8.954573887010976e-05
1067,2.7940759658813477,4271.000058315839,7252.119469165802,8.952212553392522e-05
1068,3.131883144378662,4275.000058315839,7260.615171909332,8.949848868064738e-05
1069,3.080641746520996,4279.000058315839,7266.935790777206,8.947482832434113e-05
1070,2.8947832584381104,4283.000058315839,7274.659920930862,8.945114447908528e-05
1071,2.9822261333465576,4287.000058315839,7282.491096973419,8.942743715897266e-05
1072,3.1696431636810303,4291.000058315839,7289.190401554108,8.940370637811006e-05
1073,3.0570735931396484,4295.000058315839,7296.135970830917,8.937995215061821e-05
1074,3.0285086631774902,4299.000058315839,7302.8256821632385,8.935617449063181e-05
1075,2.8618404865264893,4303.000058315839,7309.001633405685,8.93323734122995e-05
1076,2.913999557495117,4307.000058315839,7316.47820019722,8.930854892978385e-05
1077,2.9389407634735107,4311.000058315839,7322.7234354019165,8.928470105726136e-05
1078,2.856285810470581,4315.000058315839,7329.054020643234,8.926082980892246e-05
1079,2.92677640914917,4319.000058315839,7336.641465425491,8.923693519897146e-05
1080,2.9044442176818848,4323.000058315839,7343.5498015880585,8.921301724162658e-05
1081,3.067809581756592,4327.000058315839,7351.65988945961,8.918907595111998e-05
1082,2.8732337951660156,4331.000058315839,7357.1564247608185,8.916511134169764e-05
1083,2.9412693977355957,4335.000058315839,7363.460738658905,8.914112342761945e-05
1084,2.832143783569336,4339.000058315839,7369.895977258682,8.911711222315913e-05
1085,3.138126850128174,4343.000058315839,7375.73538184166,8.909307774260433e-05
1086,2.987269878387451,4347.000058315839,7381.780723810196,8.906902000025647e-05
1087,3.0562503337860107,4351.000058315839,7388.9911432266235,8.904493901043089e-05
1088,2.6711511611938477,4355.000058315839,7396.498655080795,8.902083478745667e-05
1089,3.0076706409454346,4359.000058315839,7403.84055685997,8.899670734567681e-05
1090,3.1445817947387695,4363.000058315839,7410.896413087845,8.897255669944806e-05
1091,2.837951183319092,4367.000058315839,7415.812856197357,8.894838286314099e-05
1092,3.018066883087158,4371.000058315839,7422.22825884819,8.892418585114001e-05
1093,2.7805330753326416,4375.000058315839,7428.512239933014,8.889996567784329e-05
1094,2.819431781768799,4379.000058315839,7435.618727684021,8.887572235766275e-05
1095,3.1525869369506836,4383.000058315839,7442.439622402191,8.885145590502412e-05
1096,2.894402027130127,4387.000058315839,7449.52058506012,8.882716633436692e-05
1097,3.0303807258605957,4391.000058315839,7455.898690700531,8.880285366014436e-05
1098,2.8848562240600586,4395.000058315839,7462.329525947571,8.877851789682347e-05
1099,3.0846428871154785,4399.000058315839,7468.464541912079,8.875415905888494e-05
1100,2.80096435546875,4403.000058315839,7476.173133850098,8.872977716082327e-05
1101,3.058993339538574,4407.000058315839,7482.802534580231,8.870537221714663e-05
1102,2.8842034339904785,4411.000058315839,7490.693500518799,8.86809442423769e-05
1103,2.7871084213256836,4415.000058315839,7498.340660810471,8.865649325104972e-05
1104,2.7799463272094727,4419.000058315839,7504.322736024857,8.863201925771433e-05
1105,2.7622170448303223,4423.000058315839,7511.115490436554,8.860752227693378e-05
1106,2.847386360168457,4427.000058315839,7518.4671041965485,8.85830023232847e-05
1107,2.946911573410034,4431.000058315839,7525.071484804153,8.85584594113574e-05
1108,2.9456048011779785,4435.000058315839,7532.696558237076,8.853389355575592e-05
1109,2.786475658416748,4439.000058315839,7539.458014726639,8.850930477109787e-05
1110,2.959801197052002,4443.000058315839,7545.5585923194885,8.848469307201455e-05
1111,3.105346918106079,4447.000058315839,7552.368916749954,8.84600584731509e-05
1112,2.9470620155334473,4451.000058315839,7560.2464594841,8.843540098916545e-05
1113,2.954887866973877,4455.000058315839,7568.0809099674225,8.841072063473039e-05
1114,2.9660985469818115,4459.000058315839,7574.974565267563,8.838601742453147e-05
1115,2.967940330505371,4463.000058315839,7580.759356975555,8.83612913732681e-05
1116,2.898517608642578,4467.000058315839,7587.722077846527,8.83365424956532e-05
1117,2.896820306777954,4471.000058315839,7594.500869274139,8.831177080641338e-05
1118,2.9804587364196777,4475.000058315839,7602.626167535782,8.828697632028874e-05
1119,2.912123203277588,4479.000058315839,7609.824754476547,8.826215905203295e-05
1120,2.9153621196746826,4483.000058315839,7615.54979801178,8.823731901641328e-05
1121,2.9229822158813477,4487.000058315839,7623.5344796180725,8.821245622821051e-05
1122,2.8736023902893066,4491.000058315839,7631.233037471771,8.818757070221899e-05
1123,2.871009349822998,4495.000058315839,7637.162104606628,8.816266245324658e-05
1124,2.9409947395324707,4499.000058315839,7644.216259717941,8.813773149611464e-05
1125,2.874349594116211,4503.000058315839,7652.149421453476,8.81127778456581e-05
1126,2.804393768310547,4507.000058315839,7659.2703902721405,8.808780151672533e-05
1127,2.8782269954681396,4511.000058315839,7666.097803115845,8.806280252417824e-05
1128,2.924375295639038,4515.000058315839,7672.889872074127,8.803778088289219e-05
1129,2.9038944244384766,4519.000058315839,7679.190606355667,8.801273660775606e-05
1130,2.9212419986724854,4523.000058315839,7684.80126953125,8.798766971367217e-05
1131,2.7919960021972656,4527.000058315839,7691.323848962784,8.796258021555629e-05
1132,3.0593085289001465,4531.000058315839,7699.036388158798,8.793746812833767e-05
1133,2.7790703773498535,4535.000058315839,7704.589451789856,8.791233346695897e-05
1134,2.699101209640503,4539.000058315839,7711.415118217468,8.78871762463763e-05
1135,2.9043374061584473,4543.000058315839,7719.41389298439,8.78619964815592e-05
1136,2.9362287521362305,4547.000058315839,7727.576198101044,8.783679418749062e-05
1137,2.9056265354156494,4551.000058315839,7734.781288862228,8.78115693791669e-05
1138,2.9778366088867188,4555.000058315839,7741.262094974518,8.77863220715978e-05
1139,2.9458370208740234,4559.000058315839,7747.161590337753,8.776105227980645e-05
1140,2.9215736389160156,4563.000058315839,7754.545872211456,8.773576001882936e-05
1141,2.800536632537842,4567.000058315839,7762.832303524017,8.771044530371643e-05
1142,2.8389906883239746,4571.000058315839,7770.065288066864,8.768510814953087e-05
1143,2.8975422382354736,4575.000058315839,7776.263386249542,8.765974857134934e-05
1144,2.844604969024658,4579.000058315839,7782.729065895081,8.763436658426175e-05
1145,2.7854652404785156,4583.000058315839,7790.3648183345795,8.760896220337133e-05
1146,3.2112183570861816,4587.000058315839,7797.431095600128,8.758353544379476e-05
1147,2.8266892433166504,4591.000058315839,7804.20193696022,8.755808632066193e-05
1148,3.0443811416625977,4595.000058315839,7811.803598403931,8.753261484911605e-05
1149,2.9101147651672363,4599.000058315839,7819.541003704071,8.750712104431365e-05
1150,2.794745922088623,4603.000058315839,7825.208750486374,8.748160492142454e-05
1151,2.7280638217926025,4607.000058315839,7833.266476392746,8.745606649563183e-05
1152,2.582777500152588,4611.000058315839,7839.7514181137085,8.743050578213187e-05
1153,3.047525405883789,4615.000058315839,7847.333704471588,8.740492279613427e-05
1154,2.8936660289764404,4619.000058315839,7852.647251844406,8.737931755286193e-05
1155,3.174478054046631,4623.000058315839,7859.775155305862,8.735369006755095e-05
1156,2.8306198120117188,4627.000058315839,7865.123435974121,8.732804035545074e-05
1157,2.901118755340576,4631.000058315839,7870.826286792755,8.730236843182381e-05
1158,2.987977981567383,4635.000058315839,7879.0532767772675,8.727667431194601e-05
1159,2.931333541870117,4639.000058315839,7886.419153928757,8.725095801110634e-05
1160,2.767824172973633,4643.000058315839,7891.50737285614,8.722521954460699e-05
1161,2.9643802642822266,4647.000058315839,7899.937855958939,8.719945892776336e-05
1162,2.9528255462646484,4651.000058315839,7907.602491855621,8.717367617590405e-05
1163,2.8553075790405273,4655.000058315839,7913.522182226181,8.714787130437077e-05
1164,3.0773353576660156,4659.000058315839,7919.959268331528,8.712204432851845e-05
1165,2.6551623344421387,4663.000058315839,7928.002487897873,8.709619526371516e-05
1166,2.964879035949707,4667.000058315839,7934.663018941879,8.707032412534208e-05
1167,2.8880293369293213,4671.000058315839,7941.588458299637,8.704443092879357e-05
1168,2.9971845149993896,4675.000058315839,7948.072878360748,8.701851568947711e-05
1169,2.8096797466278076,4679.000058315839,7953.402659893036,8.699257842281324e-05
1170,3.000491142272949,4683.000058315839,7961.409282207489,8.696661914423567e-05
1171,2.6645264625549316,4687.000058315839,7968.500413179398,8.694063786919119e-05
1172,2.8711681365966797,4691.000058315839,7974.252259731293,8.691463461313968e-05
1173,2.9346113204956055,4695.000058315839,7981.308789014816,8.68886093915541e-05
1174,2.588611602783203,4699.000058315839,7985.727206468582,8.686256221992045e-05
1175,2.589465379714966,4703.000058315839,7991.515031337738,8.683649311373784e-05
1176,2.9553468227386475,4707.000058315839,7999.814213752747,8.681040208851842e-05
1177,2.736088752746582,4711.000058315839,8007.962310552597,8.678428915978733e-05
1178,2.771592617034912,4715.000058315839,8015.1593363285065,8.675815434308281e-05
1179,2.824009418487549,4719.000058315839,8022.522500514984,8.67319976539561e-05
1180,2.786851644515991,4723.000058315839,8029.27579331398,8.670581910797149e-05
1181,2.7551214694976807,4727.000058315839,8034.992463350296,8.667961872070615e-05
1182,2.8427367210388184,4731.000058315839,8040.673133134842,8.665339650775043e-05
1183,2.900627613067627,4735.000058315839,8047.819838047028,8.662715248470751e-05
1184,3.0380003452301025,4739.000058315839,8054.27121257782,8.660088666719365e-05
1185,2.674065113067627,4743.000058315839,8060.612588167191,8.657459907083801e-05
1186,2.603097677230835,4747.000058315839,8066.909075021744,8.654828971128277e-05
1187,2.8226821422576904,4751.000058315839,8074.125680685043,8.6521958604183e-05
1188,2.915248394012451,4755.000058315839,8081.498979330063,8.649560576520675e-05
1189,2.6977298259735107,4759.000058315839,8086.663112640381,8.6469231210035e-05
1190,2.704946756362915,4763.000058315839,8093.643039226532,8.644283495436163e-05
1191,2.7647669315338135,4767.000058315839,8101.988316297531,8.641641701389348e-05
1192,3.148102045059204,4771.000058315839,8108.830031633377,8.63899774043502e-05
1193,2.6635124683380127,4775.000058315839,8117.234118938446,8.636351614146443e-05
1194,2.914022922515869,4779.000058315839,8124.065112113953,8.633703324098165e-05
1195,3.048755407333374,4783.000058315839,8132.020895242691,8.631052871866024e-05
1196,2.940587043762207,4787.000058315839,8138.341921567917,8.62840025902714e-05
1197,2.9107415676116943,4791.000058315839,8145.343492984772,8.625745487159923e-05
1198,2.916994333267212,4795.000058315839,8152.3698472976685,8.623088557844066e-05
1199,2.8830699920654297,4799.000058315839,8159.331753492355,8.620429472660547e-05
1200,2.859015464782715,4803.000058315839,8164.225793123245,8.617768233191623e-05
1201,2.733471393585205,4807.000058315839,8170.880237579346,8.61510484102084e-05
1202,2.5930709838867188,4811.000058315839,8177.719740629196,8.612439297733018e-05
1203,2.9310593605041504,4815.000058315839,8184.571608781815,8.609771604914257e-05
1204,2.908970832824707,4819.000058315839,8191.67556977272,8.607101764151944e-05
1205,3.0735416412353516,4823.000058315839,8198.400072813034,8.604429777034737e-05
1206,2.7550535202026367,4827.000058315839,8204.477509975433,8.60175564515257e-05
1207,3.002305746078491,4831.000058315839,8211.581137418747,8.59907937009666e-05
1208,2.7730181217193604,4835.000058315839,8218.380777835846,8.596400953459492e-05
1209,2.899646282196045,4839.000058315839,8224.452838420868,8.593720396834833e-05
1210,2.7480220794677734,4843.000058315839,8231.507056951523,8.591037701817714e-05
1211,2.9936275482177734,4847.000058315839,8239.08489894867,8.58835287000445e-05
1212,2.985687732696533,4851.000058315839,8246.035078287125,8.585665902992616e-05
1213,2.9720101356506348,4855.000058315839,8253.431478261948,8.582976802381064e-05
1214,2.7393887042999268,4859.000058315839,8260.94096827507,8.580285569769914e-05
1215,2.9213361740112305,4863.000058315839,8267.395143270493,8.577592206760555e-05
1216,2.847572088241577,4867.000058315839,8274.407068252563,8.574896714955644e-05
1217,2.784444570541382,4871.000058315839,8280.596781015396,8.572199095959102e-05
1218,2.8533616065979004,4875.000058315839,8289.201789617538,8.56949935137612e-05
1219,2.798271417617798,4879.000058315839,8297.217958688736,8.566797482813154e-05
1220,2.66575288772583,4883.000058315839,8303.977352619171,8.564093491877917e-05
1221,2.908626079559326,4887.000058315839,8311.142866134644,8.561387380179391e-05
1222,2.7222909927368164,4891.000058315839,8318.379842996597,8.55867914932782e-05
1223,2.931396007537842,4895.000058315839,8325.878806591034,8.555968800934704e-05
1224,2.623730182647705,4899.000058315839,8334.145550966263,8.553256336612811e-05
1225,2.7140486240386963,4903.000058315839,8341.348264217377,8.55054175797616e-05
1226,2.868619918823242,4907.000058315839,8348.820278644562,8.547825066640034e-05
1227,2.7864439487457275,4911.000058315839,8355.611511945724,8.545106264220968e-05
1228,2.8117079734802246,4915.000058315839,8363.895889997482,8.54238535233676e-05
1229,2.6204264163970947,4919.000058315839,8370.012626171112,8.539662332606452e-05
1230,2.820263147354126,4923.000058315839,8378.794570922852,8.536937206650356e-05
1231,2.6251678466796875,4927.000058315839,8385.417860507965,8.534209976090022e-05
1232,2.6786699295043945,4931.000058315839,8391.317842721939,8.531480642548263e-05
1233,2.9356141090393066,4935.000058315839,8399.207228660583,8.528749207649137e-05
1234,2.9519999027252197,4939.000058315839,8406.029423236847,8.526015673017956e-05
1235,2.7556962966918945,4943.000058315839,8412.970519542694,8.523280040281278e-05
1236,2.6530890464782715,4947.000058315839,8419.173465013504,8.520542311066916e-05
1237,2.6152703762054443,4951.000058315839,8425.16638994217,8.517802487003922e-05
1238,2.7259976863861084,4955.000058315839,8431.155671596527,8.5150605697226e-05
1239,2.6873254776000977,4959.000058315839,8437.828148126602,8.512316560854498e-05
1240,2.8409841060638428,4963.000058315839,8444.810760259628,8.50957046203241e-05
1241,2.8849987983703613,4967.000058315839,8452.080729007721,8.506822274890369e-05
1242,2.575998306274414,4971.000058315839,8458.610630989075,8.504072001063657e-05
1243,2.6799631118774414,4975.000058315839,8464.855909824371,8.501319642188793e-05
1244,2.812729597091675,4979.000058315839,8472.172881364822,8.498565199903541e-05
1245,2.6643357276916504,4983.000058315839,8479.714156866074,8.495808675846899e-05
1246,2.829408645629883,4987.000058315839,8487.830576896667,8.493050071659108e-05
1247,2.979175567626953,4991.000058315839,8496.239315986633,8.490289388981646e-05
1248,2.850672960281372,4995.000058315839,8503.751006126404,8.487526629457225e-05
1249,2.4962730407714844,4999.000058315839,8511.562702655792,8.484761794729798e-05
1250,2.706754684448242,5003.000058315839,8519.07480764389,8.481994886444549e-05
1251,2.77244234085083,5007.000058315839,8525.016681194305,8.479225906247896e-05
1252,2.765075445175171,5011.000058315839,8532.66819357872,8.476454855787491e-05
1253,3.0316736698150635,5015.000058315839,8539.445207834244,8.473681736712218e-05
1254,2.804486036300659,5019.000058315839,8545.965688705444,8.47090655067219e-05
1255,3.001117706298828,5023.000058315839,8553.315765619278,8.468129299318752e-05
1256,2.847169876098633,5027.000058315839,8561.205245256424,8.465349984304481e-05
1257,2.8616232872009277,5031.000058315839,8567.693636655807,8.462568607283171e-05
1258,2.917346477508545,5035.000058315839,8574.368329763412,8.459785169909857e-05
1259,2.7982640266418457,5039.000058315839,8581.22456741333,8.456999673840788e-05
1260,3.166572093963623,5043.000058315839,8588.91066122055,8.454212120733448e-05
1261,2.5870230197906494,5047.000058315839,8595.883356571198,8.451422512246537e-05
1262,2.827056407928467,5051.000058315839,8602.67743563652,8.448630850039983e-05
1263,2.8487558364868164,5055.000058315839,8608.883965015411,8.445837135774933e-05
1264,2.652327537536621,5059.000058315839,8615.892476558685,8.443041371113756e-05
1265,2.9948129653930664,5063.000058315839,8622.370901584625,8.440243557720044e-05
1266,2.667156934738159,5067.000058315839,8628.271816015244,8.437443697258603e-05
1267,2.6946053504943848,5071.000058315839,8634.528007984161,8.43464179139546e-05
1268,2.8098459243774414,5075.000058315839,8641.291318655014,8.431837841797861e-05
1269,2.6673049926757812,5079.000058315839,8647.469564676285,8.429031850134262e-05
1270,2.4976181983947754,5083.000058315839,8654.978071928024,8.426223818074341e-05
1271,2.891845226287842,5087.000058315839,8661.507732391357,8.423413747288985e-05
1272,2.7306692600250244,5091.000058315839,8669.381861448288,8.420601639450298e-05
1273,2.766533374786377,5095.000058315839,8676.694589614868,8.417787496231596e-05
1274,2.7591707706451416,5099.000058315839,8684.453540086746,8.414971319307398e-05
1275,2.4733920097351074,5103.000058315839,8691.512115955353,8.412153110353445e-05
1276,2.5956358909606934,5107.000058315839,8697.669970273972,8.40933287104668e-05
1277,2.8016254901885986,5111.000058315839,8702.533962011337,8.406510603065255e-05
1278,2.8802757263183594,5115.000058315839,8709.262426614761,8.403686308088532e-05
1279,2.647388458251953,5119.000058315839,8716.393137693405,8.400859987797074e-05
1280,2.79581880569458,5123.000058315839,8723.018939971924,8.398031643872657e-05
1281,2.9278738498687744,5127.000058315839,8731.342928409576,8.395201277998253e-05
1282,2.7427592277526855,5131.000058315839,8737.934330940247,8.392368891858039e-05
1283,2.7880187034606934,5135.000058315839,8745.031565666199,8.389534487137398e-05
1284,2.8038039207458496,5139.000058315839,8751.180017471313,8.386698065522914e-05
1285,2.7227563858032227,5143.000058315839,8756.499394416809,8.383859628702364e-05
1287,2.589787721633911,5151.000058315839,8770.308763980865,8.378176716200199e-05
1288,2.758535861968994,5155.000058315839,8776.727720737457,8.375332243900138e-05
1289,3.018507719039917,5159.000058315839,8783.805190324783,8.372485763157123e-05
1290,2.819350004196167,5163.000058315839,8791.316526174545,8.369637275664918e-05
1291,2.643697738647461,5167.000058315839,8797.402642965317,8.36678678311849e-05
1292,2.4987950325012207,5171.000058315839,8803.931866168976,8.36393428721399e-05
1293,2.9152426719665527,5175.000058315839,8811.96135377884,8.361079789648767e-05
1294,2.7401905059814453,5179.000058315839,8819.594468593597,8.358223292121357e-05
1295,2.6740424633026123,5183.000058315839,8826.41270160675,8.355364796331488e-05
1296,2.912713050842285,5187.000058315839,8834.059972286224,8.352504303980079e-05
1297,2.8066132068634033,5191.000058315839,8840.567275762558,8.349641816769234e-05
1298,2.8837103843688965,5195.000058315839,8847.934862852097,8.346777336402244e-05
1299,2.6881179809570312,5199.000058315839,8853.004429340363,8.343910864583587e-05
1300,2.637150764465332,5203.000058315839,8859.423704147339,8.341042403018927e-05
1301,2.757258415222168,5207.000058315839,8866.962950468063,8.338171953415109e-05
1302,2.6649088859558105,5211.000058315839,8873.456114768982,8.335299517480167e-05
1303,2.932267189025879,5215.000058315839,8878.727036952972,8.332425096923308e-05
1304,2.7145140171051025,5219.000058315839,8885.83354139328,8.329548693454928e-05
1305,2.8434414863586426,5223.000058315839,8891.74445438385,8.326670308786598e-05
1306,3.1148219108581543,5227.000058315839,8899.036614179611,8.32378994463107e-05
1307,2.7875664234161377,5231.000058315839,8906.716988325119,8.320907602702275e-05
1308,2.624882221221924,5235.000058315839,8911.823079824448,8.318023284715318e-05
1309,2.7698285579681396,5239.000058315839,8919.369750738144,8.31513699238648e-05
1310,2.662229537963867,5243.000058315839,8926.484572172165,8.312248727433222e-05
1311,2.654803991317749,5247.000058315839,8932.617774486542,8.30935849157417e-05
1312,2.717299461364746,5251.000058315839,8940.35929441452,8.306466286529128e-05
1313,2.6696927547454834,5255.000058315839,8946.893659591675,8.303572114019074e-05
1314,2.802119493484497,5259.000058315839,8954.955550193787,8.300675975766153e-05
1315,2.7466108798980713,5263.000058315839,8961.276367664337,8.29777787349368e-05
1316,2.6248488426208496,5267.000058315839,8968.28729057312,8.29487780892614e-05
1317,2.521754741668701,5271.000058315839,8973.804074048996,8.291975783789183e-05
1318,2.7375125885009766,5275.000058315839,8981.37255525589,8.289071799809632e-05
1319,2.859370231628418,5279.000058315839,8987.492059707642,8.286165858715467e-05
1320,2.5519001483917236,5283.000058315839,8995.324368953705,8.283257962235838e-05
1321,2.749509811401367,5287.000058315839,9001.091063022614,8.280348112101057e-05
1322,2.751676321029663,5291.000058315839,9008.065619707108,8.277436310042599e-05
1323,2.775646209716797,5295.000058315839,9014.235670566559,8.274522557793102e-05
1324,2.790860891342163,5299.000058315839,9021.433547258377,8.271606857086361e-05
1325,2.867938995361328,5303.000058315839,9027.32533454895,8.268689209657332e-05
1326,2.720510482788086,5307.000058315839,9033.795040130615,8.265769617242128e-05
1327,2.747843027114868,5311.000058315839,9041.5149269104,8.262848081578024e-05
1328,2.799546241760254,5315.000058315839,9048.636623620987,8.259924604403448e-05
1329,2.5859994888305664,5319.000058315839,9054.245287895203,8.25699918745798e-05
1330,2.6732518672943115,5323.000058315839,9061.829282045364,8.254071832482359e-05
1331,2.874239206314087,5327.000058315839,9068.77982211113,8.251142541218479e-05
1332,2.760545253753662,5331.000058315839,9076.805709838867,8.24821131540938e-05
1333,2.80948543548584,5335.000058315839,9084.465019702911,8.245278156799254e-05
1334,2.7242257595062256,5339.000058315839,9091.712813854218,8.24234306713345e-05
1335,2.6568710803985596,5343.000058315839,9099.22226858139,8.23940604815846e-05
1336,2.979084014892578,5347.000058315839,9104.81540799141,8.236467101621922e-05
1337,2.7081332206726074,5351.000058315839,9111.139657974243,8.233526229272628e-05
1338,2.6700103282928467,5355.000058315839,9117.340084075928,8.23058343286051e-05
1339,2.6124227046966553,5359.000058315839,9125.323221683502,8.227638714136649e-05
1340,2.787125587463379,5363.000058315839,9133.543201446533,8.224692074853267e-05
1341,2.660905361175537,5367.000058315839,9139.914027690887,8.221743516763729e-05
1342,2.619009017944336,5371.000058315839,9146.07809829712,8.218793041622545e-05
1343,2.5687789916992188,5375.000058315839,9153.0179002285,8.215840651185359e-05
1344,2.8123960494995117,5379.000058315839,9160.733533382416,8.212886347208963e-05
1345,2.7862491607666016,5383.000058315839,9167.95812869072,8.209930131451282e-05
1346,2.8369736671447754,5387.000058315839,9174.865648984909,8.20697200567138e-05
1347,2.5785279273986816,5391.000058315839,9181.790689945221,8.204011971629458e-05
1348,2.9934234619140625,5395.000058315839,9187.357930898666,8.201050031086851e-05
1349,2.872382164001465,5399.000058315839,9193.711949586868,8.198086185806031e-05
1350,2.625155448913574,5403.000058315839,9199.892037153244,8.195120437550602e-05
1351,2.84747052192688,5407.000058315839,9207.173507213593,8.192152788085299e-05
1352,2.5638720989227295,5411.000058315839,9213.95865225792,8.189183239175991e-05
1353,2.948925018310547,5415.000058315839,9220.464094400406,8.186211792589675e-05
1354,2.6482622623443604,5419.000058315839,9226.80025434494,8.18323845009448e-05
1355,2.538316249847412,5423.000058315839,9233.069635629654,8.180263213459658e-05
1356,2.6140146255493164,5427.000058315839,9239.665172576904,8.177286084455592e-05
1357,2.813401222229004,5431.000058315839,9245.007086277008,8.174307064853793e-05
1358,2.5287673473358154,5435.000058315839,9250.655789852142,8.171326156426894e-05
1359,2.4664511680603027,5439.000058315839,9257.196384429932,8.168343360948648e-05
1360,2.7256999015808105,5443.000058315839,9262.71526503563,8.16535868019394e-05
1361,2.9000918865203857,5447.000058315839,9270.125949382782,8.162372115938769e-05
1362,2.691309928894043,5451.000058315839,9276.764538526535,8.159383669960259e-05
1363,2.8161306381225586,5455.000058315839,9285.001030683517,8.156393344036651e-05
1364,2.6203722953796387,5459.000058315839,9290.735231161118,8.153401139947309e-05
1365,2.344480514526367,5463.000058315839,9296.669668674469,8.150407059472707e-05
1366,2.6173110008239746,5467.000058315839,9303.504304885864,8.147411104394445e-05
1367,2.739152669906616,5471.000058315839,9309.945734262466,8.14441327649523e-05
1368,2.719165086746216,5475.000058315839,9317.734175682068,8.141413577558888e-05
1369,2.796506881713867,5479.000058315839,9325.407545089722,8.138412009370358e-05
1370,2.5329582691192627,5483.000058315839,9330.672715187073,8.13540857371569e-05
1371,2.996872901916504,5487.000058315839,9338.686854600906,8.132403272382048e-05
1372,2.8707423210144043,5491.000058315839,9346.769956588745,8.1293961071577e-05
1373,2.5758395195007324,5495.000058315839,9352.83883023262,8.126387079832029e-05
1374,2.7229504585266113,5499.000058315839,9357.804425001144,8.123376192195524e-05
1375,2.669233798980713,5503.000058315839,9363.895033836365,8.120363446039782e-05
1376,2.642155885696411,5507.000058315839,9370.743506193161,8.117348843157504e-05
1377,2.8529515266418457,5511.000058315839,9379.284262418747,8.114332385342497e-05
1378,2.7955360412597656,5515.000058315839,9386.96635723114,8.111314074389673e-05
1379,2.6248393058776855,5519.000058315839,9392.288439035416,8.108293912095042e-05
1380,2.808112859725952,5523.000058315839,9397.362808704376,8.10527190025572e-05
1381,2.5447487831115723,5527.000058315839,9403.051348686218,8.102248040669923e-05
1382,2.5942795276641846,5531.000058315839,9408.867827415466,8.099222335136967e-05
1383,2.8046579360961914,5535.000058315839,9416.298743724823,8.096194785457261e-05
1384,2.5821444988250732,5539.000058315839,9423.124895811081,8.093165393432322e-05
1385,2.665226459503174,5543.000058315839,9430.138615369797,8.090134160864751e-05
1386,2.7503175735473633,5547.000058315839,9438.232289075851,8.087101089558254e-05
1387,2.6661691665649414,5551.000058315839,9446.099280834198,8.084066181317626e-05
1388,2.4950637817382812,5555.000058315839,9453.015526294708,8.081029437948754e-05
1389,2.5077028274536133,5559.000058315839,9459.149594306946,8.077990861258623e-05
1390,2.5015709400177,5563.000058315839,9465.512175559998,8.074950453055302e-05
1391,2.7267117500305176,5567.000058315839,9471.42446064949,8.071908215147955e-05
1392,2.688316822052002,5571.000058315839,9477.719711780548,8.068864149346831e-05
1393,2.5530755519866943,5575.000058315839,9484.649579763412,8.065818257463271e-05
1394,2.441082715988159,5579.000058315839,9490.18450331688,8.062770541309698e-05
1395,2.563847541809082,5583.000058315839,9495.7162733078,8.059721002699622e-05
1396,2.6019725799560547,5587.000058315839,9502.58807182312,8.056669643447637e-05
1397,2.6550827026367188,5591.000058315839,9509.061415195465,8.053616465369425e-05
1398,2.780341625213623,5595.000058315839,9515.464654684067,8.050561470281743e-05
1399,2.7978267669677734,5599.000058315839,9523.390838384628,8.047504660002435e-05
1400,2.805166006088257,5603.000058315839,9530.162814617157,8.044446036350421e-05
1401,2.710040807723999,5607.000058315839,9536.44803571701,8.041385601145703e-05
1402,2.757272720336914,5611.000058315839,9543.414538145065,8.03832335620936e-05
1403,2.783923387527466,5615.000058315839,9549.975459337234,8.035259303363547e-05
1404,2.6418356895446777,5619.000058315839,9557.410637617111,8.032193444431494e-05
1405,2.6553006172180176,5623.000058315839,9565.295197486877,8.029125781237511e-05
1406,2.687941551208496,5627.000058315839,9572.131334066391,8.026056315606973e-05
1407,2.7170238494873047,5631.000058315839,9578.898983955383,8.022985049366336e-05
1408,2.79379940032959,5635.000058315839,9586.008900880814,8.019911984343122e-05
1409,2.8387274742126465,5639.000058315839,9592.456228256226,8.016837122365926e-05
1410,2.6723854541778564,5643.000058315839,9600.122847795486,8.013760465264408e-05
1411,2.728309154510498,5647.000058315839,9606.822322368622,8.010682014869304e-05
1412,2.811767339706421,5651.000058315839,9614.155087947845,8.007601773012412e-05
1413,2.6597981452941895,5655.000058315839,9619.581895112991,8.004519741526592e-05
1414,2.6148064136505127,5659.000058315839,9628.386268138885,8.001435922245778e-05
1415,2.6741111278533936,5663.000058315839,9634.465185403824,7.998350317004962e-05
1416,2.845587730407715,5667.000058315839,9642.961105108261,7.9952629276402e-05
1417,2.4772515296936035,5671.000058315839,9649.85451078415,7.992173755988607e-05
1418,2.8198914527893066,5675.000058315839,9656.745409488678,7.989082803888366e-05
1419,2.7187092304229736,5679.000058315839,9663.218128204346,7.98599007317871e-05
1420,2.651329755783081,5683.000058315839,9669.955086231232,7.982895565699937e-05
1421,2.5879499912261963,5687.000058315839,9676.293393850327,7.979799283293401e-05
1422,2.775974750518799,5691.000058315839,9682.944970369339,7.97670122780151e-05
1423,2.655050754547119,5695.000058315839,9689.034406661987,7.973601401067729e-05
1424,2.4744696617126465,5699.000058315839,9696.30950307846,7.970499804936575e-05
1425,2.6443402767181396,5703.000058315839,9704.043469190598,7.967396441253618e-05
1426,2.5102124214172363,5707.000058315839,9711.26106929779,7.964291311865485e-05
1427,2.7278764247894287,5711.000058315839,9719.181403160095,7.961184418619846e-05
1428,2.5545058250427246,5715.000058315839,9725.740291118622,7.958075763365427e-05
1429,2.795675754547119,5719.000058315839,9732.136590003967,7.954965347951999e-05
1430,2.668696403503418,5723.000058315839,9739.20656490326,7.951853174230377e-05
1431,2.5538785457611084,5727.000058315839,9745.12649011612,7.948739244052432e-05
1432,2.7383975982666016,5731.000058315839,9751.386174678802,7.945623559271071e-05
1433,2.7080368995666504,5735.000058315839,9757.923298835754,7.942506121740248e-05
1434,2.9061410427093506,5739.000058315839,9764.780155420303,7.939386933314963e-05
1435,2.7423171997070312,5743.000058315839,9771.838171482086,7.936265995851254e-05
1436,2.567312240600586,5747.000058315839,9777.711550474167,7.933143311206199e-05
1437,2.8812899589538574,5751.000058315839,9785.278689861298,7.930018881237921e-05
1438,2.6106996536254883,5755.000058315839,9791.688847780228,7.926892707805578e-05
1439,2.6342568397521973,5759.000058315839,9799.221148967743,7.923764792769362e-05
1440,2.644984245300293,5763.000058315839,9806.854296207428,7.920635137990507e-05
1441,2.5728321075439453,5767.000058315839,9815.22128033638,7.91750374533128e-05
1442,2.6293349266052246,5771.000058315839,9822.07130932808,7.914370616654985e-05
1443,2.885491371154785,5775.000058315839,9828.961035728455,7.911235753825952e-05
1444,2.8973894119262695,5779.000058315839,9835.643055200577,7.90809915870955e-05
1445,2.4567666053771973,5783.000058315839,9843.193992137909,7.904960833172174e-05
1446,2.5375356674194336,5787.000058315839,9850.021819591522,7.901820779081253e-05
1447,2.445969581604004,5791.000058315839,9857.96507358551,7.898678998305238e-05
1448,2.8023996353149414,5795.000058315839,9864.325195789337,7.895535492713615e-05
1449,2.6499059200286865,5799.000058315839,9871.1770195961,7.892390264176892e-05
1450,2.6431591510772705,5803.000058315839,9877.920953512192,7.889243314566607e-05
1451,2.7018909454345703,5807.000058315839,9885.975132703781,7.88609464575531e-05
1452,2.9332141876220703,5811.000058315839,9893.437707424164,7.882944259616588e-05
1453,2.526409149169922,5815.000058315839,9900.670070648193,7.879792158025044e-05
1454,2.6456375122070312,5819.000058315839,9907.83347249031,7.876638342856299e-05
1455,2.7229788303375244,5823.000058315839,9915.34063911438,7.873482815987e-05
1456,2.7604739665985107,5827.000058315839,9922.635008335114,7.870325579294806e-05
1457,2.572913408279419,5831.000058315839,9928.754671096802,7.867166634658397e-05
1458,2.5232906341552734,5835.000058315839,9935.360038518906,7.864005983957471e-05
1459,2.734774112701416,5839.000058315839,9943.237679243088,7.860843629072737e-05
1460,2.471905469894409,5843.000058315839,9950.277805566788,7.85767957188592e-05
1461,2.6897239685058594,5847.000058315839,9957.391950845718,7.854513814279759e-05
1462,2.7004475593566895,5851.000058315839,9964.188556432724,7.851346358138003e-05
1463,2.552983283996582,5855.000058315839,9970.58186507225,7.848177205345412e-05
1464,2.530137062072754,5859.000058315839,9977.779255390167,7.845006357787758e-05
1465,2.471269369125366,5863.000058315839,9983.920795917511,7.841833817351817e-05
1466,2.787554979324341,5867.000058315839,9992.092215061188,7.838659585925376e-05
1467,2.5845656394958496,5871.000058315839,9997.11167883873,7.835483665397226e-05
1468,2.8114938735961914,5875.000058315839,10004.085827827454,7.832306057657166e-05
1469,2.4059247970581055,5879.000058315839,10010.59139919281,7.829126764595995e-05
1470,2.839054584503174,5883.000058315839,10018.641068220139,7.825945788105519e-05
1471,2.577256202697754,5887.000058315839,10025.717617988586,7.82276313007854e-05
1472,2.647095203399658,5891.000058315839,10033.255157709122,7.819578792408868e-05
1473,2.5275988578796387,5895.000058315839,10039.96775341034,7.816392776991308e-05
1474,2.7061264514923096,5899.000058315839,10046.153158903122,7.813205085721662e-05
1475,2.696129083633423,5903.000058315839,10053.507403612137,7.810015720496732e-05
1476,2.576791286468506,5907.000058315839,10058.42686510086,7.806824683214316e-05
1477,2.5735440254211426,5911.000058315839,10065.796220779419,7.803631975773203e-05
1478,2.6645350456237793,5915.000058315839,10073.342820167542,7.800437600073185e-05
1479,2.6329798698425293,5919.000058315839,10078.430436372757,7.797241558015035e-05
1480,2.5044422149658203,5923.000058315839,10085.284086704254,7.794043851500525e-05
1481,2.6894617080688477,5927.000058315839,10091.79759311676,7.790844482432419e-05
1482,2.5275216102600098,5931.000058315839,10098.257036209106,7.787643452714461e-05
1483,2.328643798828125,5935.000058315839,10104.773292779922,7.78444076425139e-05
1484,2.7242510318756104,5939.000058315839,10111.625771284103,7.781236418948935e-05
1485,2.858582019805908,5943.000058315839,10118.056105136871,7.778030418713803e-05
1486,2.588322162628174,5947.000058315839,10123.917897462845,7.774822765453693e-05
1487,2.34131121635437,5951.000058315839,10129.464059114456,7.771613461077283e-05
1488,2.5393600463867188,5955.000058315839,10136.565221071243,7.768402507494234e-05
1489,2.6566402912139893,5959.000058315839,10142.293027162552,7.76518990661519e-05
1490,2.6315724849700928,5963.000058315839,10147.347797870636,7.761975660351773e-05
1491,2.685236930847168,5967.000058315839,10155.203519582748,7.758759770616585e-05
1492,2.725166082382202,5971.000058315839,10163.225728034973,7.75554223932321e-05
1493,2.7186777591705322,5975.000058315839,10169.884922266006,7.752323068386202e-05
1494,2.657578706741333,5979.000058315839,10176.301958799362,7.749102259721095e-05
1495,2.9075698852539062,5983.000058315839,10183.254091501236,7.745879815244395e-05
1496,2.7039263248443604,5987.000058315839,10187.87955546379,7.742655736873583e-05
1497,2.9624767303466797,5991.000058315839,10195.545991420746,7.739430026527111e-05
1498,2.714085578918457,5995.000058315839,10202.995572328568,7.736202686124407e-05
1499,2.4379072189331055,5999.000058315839,10209.583639621735,7.732973717585861e-05
1500,2.6077511310577393,6003.000058315839,10216.422107458115,7.729743122832836e-05
1501,2.440094470977783,6007.000058315839,10222.974672317505,7.726510903787664e-05
1502,2.638789653778076,6011.000058315839,10228.749798297882,7.723277062373642e-05
1503,2.525861978530884,6015.000058315839,10235.604343175888,7.720041600515031e-05
1504,2.5593485832214355,6019.000058315839,10242.87496304512,7.716804520137056e-05
1505,2.47957181930542,6023.000058315839,10248.845816850662,7.713565823165912e-05
1506,2.548778772354126,6027.000058315839,10255.031560897827,7.710325511528744e-05
1507,2.5436959266662598,6031.000058315839,10261.336605548859,7.707083587153668e-05
1508,2.4108633995056152,6035.000058315839,10267.595494747162,7.703840051969756e-05
1509,2.5920562744140625,6039.000058315839,10274.691353559494,7.700594907907036e-05
1510,2.6144893169403076,6043.000058315839,10282.462677717209,7.6973481568965e-05
1511,2.302615165710449,6047.000058315839,10287.34658408165,7.694099800870087e-05
1512,2.4474356174468994,6051.000058315839,10294.64923620224,7.690849841760701e-05
1513,2.5227718353271484,6055.000058315839,10299.27071261406,7.687598281502191e-05
1514,2.4248433113098145,6059.000058315839,10305.305191516876,7.684345122029364e-05
1515,2.5926027297973633,6063.000058315839,10311.79406118393,7.681090365277979e-05
1516,2.5548534393310547,6067.000058315839,10316.659024238586,7.677834013184741e-05
1517,2.748378276824951,6071.000058315839,10322.090805053711,7.674576067687308e-05
1518,2.5496926307678223,6075.000058315839,10328.10766339302,7.671316530724285e-05
1519,2.8057456016540527,6079.000058315839,10334.965991020203,7.668055404235224e-05
1520,2.530017852783203,6083.000058315839,10342.077422857285,7.664792690160624e-05
1521,2.4998276233673096,6087.000058315839,10350.412489652634,7.661528390441927e-05
1522,2.6627449989318848,6091.000058315839,10358.440263032913,7.65826250702152e-05
1523,2.5200629234313965,6095.000058315839,10365.319312810898,7.65499504184273e-05
1524,2.6190009117126465,6099.000058315839,10372.256709098816,7.651725996849827e-05
1525,2.612034797668457,6103.000058315839,10378.76267004013,7.64845537398802e-05
1526,2.4101521968841553,6107.000058315839,10383.939481019974,7.645183175203461e-05
1527,2.64963436126709,6111.000058315839,10390.427912950516,7.641909402443234e-05
1528,2.5973572731018066,6115.000058315839,10396.741162061691,7.638634057655362e-05
1529,2.640216112136841,6119.000058315839,10403.323043823242,7.635357142788803e-05
1530,2.641317367553711,6123.000058315839,10410.852043390274,7.632078659793451e-05
1531,2.424130916595459,6127.000058315839,10416.939142942429,7.62879861062013e-05
1532,2.6970150470733643,6131.000058315839,10424.357618808746,7.6255169972206e-05
1533,2.538440227508545,6135.000058315839,10431.31575870514,7.622233821547547e-05
1534,2.5365500450134277,6139.000058315839,10437.390766382217,7.618949085554592e-05
1535,2.87821626663208,6143.000058315839,10443.494911670685,7.615662791196279e-05
1536,2.6198389530181885,6147.000058315839,10451.532184839249,7.612374940428082e-05
1537,2.6131865978240967,6151.000058315839,10458.610696792603,7.609085535206402e-05
1538,2.6051793098449707,6155.000058315839,10465.694542884827,7.605794577488565e-05
1539,2.764826536178589,6159.000058315839,10472.074572563171,7.602502069232817e-05
1540,2.619448661804199,6163.000058315839,10479.238425731659,7.59920801239833e-05
1541,2.528825521469116,6167.000058315839,10488.1081635952,7.595912408945198e-05
1542,2.817237377166748,6171.000058315839,10494.810475826263,7.592615260834433e-05
1543,2.7314093112945557,6175.000058315839,10501.120520114899,7.589316570027968e-05
1544,2.776893138885498,6179.000058315839,10507.082549571991,7.586016338488653e-05
1545,2.510368585586548,6183.000058315839,10514.421886920929,7.582714568180256e-05
1546,2.808692455291748,6187.000058315839,10520.45158815384,7.579411261067458e-05
1547,2.7854256629943848,6191.000058315839,10526.619649648666,7.576106419115857e-05
1548,2.5442986488342285,6195.000058315839,10533.388544559479,7.572800044291962e-05
1549,2.821897506713867,6199.000058315839,10541.081614732742,7.569492138563196e-05
1550,2.695401668548584,6203.000058315839,10546.946366786957,7.566182703897895e-05
1551,2.511227607727051,6207.000058315839,10555.189683914185,7.562871742265298e-05
1552,2.5031752586364746,6211.000058315839,10563.384801864624,7.55955925563556e-05
1553,2.5879857540130615,6215.000058315839,10570.14323925972,7.556245245979739e-05
1554,2.545844078063965,6219.000058315839,10578.344634056091,7.552929715269801e-05
1555,2.6565070152282715,6223.000058315839,10584.122936487198,7.549612665478617e-05
1556,2.7072534561157227,6227.000058315839,10591.902976751328,7.546294098579958e-05
1557,2.6240763664245605,6231.000058315839,10598.605731964111,7.542974016548508e-05
1558,2.436676025390625,6235.000058315839,10606.251797437668,7.53965242135984e-05
1559,2.6269190311431885,6239.000058315839,10612.791860818863,7.536329314990435e-05
1560,2.5312392711639404,6243.000058315839,10617.400108098984,7.533004699417672e-05
1561,2.7271573543548584,6247.000058315839,10625.33261179924,7.529678576619828e-05
1562,2.605799674987793,6251.000058315839,10632.574359893799,7.526350948576074e-05
1563,2.572328567504883,6255.000058315839,10639.64854669571,7.52302181726648e-05
1564,2.6548688411712646,6259.000058315839,10647.146140098572,7.51969118467201e-05
1565,2.371724843978882,6263.000058315839,10652.75248169899,7.51635905277452e-05
1566,2.6957523822784424,6267.000058315839,10660.202612638474,7.513025423556761e-05
1567,2.7214510440826416,6271.000058315839,10668.31156039238,7.50969029900237e-05
1568,2.32375431060791,6275.000058315839,10674.851288080215,7.506353681095881e-05
1569,2.6482882499694824,6279.000058315839,10682.559527635574,7.503015571822707e-05
1570,2.6140036582946777,6283.000058315839,10689.375559568405,7.499675973169156e-05
1571,2.6473276615142822,6287.000058315839,10696.986508846283,7.496334887122422e-05
1572,2.552518129348755,6291.000058315839,10702.982657194138,7.492992315670578e-05
1573,2.580404281616211,6295.000058315839,10710.132848739624,7.48964826080259e-05
1574,2.4493961334228516,6299.000058315839,10715.835968255997,7.486302724508296e-05
1575,2.3297111988067627,6303.000058315839,10722.968633174896,7.482955708778424e-05
1576,2.7528743743896484,6307.000058315839,10731.289110660553,7.479607215604581e-05
1577,2.768465042114258,6311.000058315839,10738.521854162216,7.476257246979248e-05
1578,2.635249376296997,6315.000058315839,10746.266703367233,7.472905804895792e-05
1579,2.7689383029937744,6319.000058315839,10754.640460968018,7.469552891348446e-05
1580,2.7662456035614014,6323.000058315839,10761.296415805817,7.466198508332331e-05
1581,2.471642255783081,6327.000058315839,10768.743596076965,7.462842657843432e-05
1582,2.598231792449951,6331.000058315839,10774.850587129593,7.459485341878613e-05
1583,2.534750461578369,6335.000058315839,10780.951668977737,7.456126562435611e-05
1584,2.45638108253479,6339.000058315839,10787.697424650192,7.452766321513028e-05
1585,2.475316286087036,6343.000058315839,10793.567860364914,7.449404621110338e-05
1586,2.8035216331481934,6347.000058315839,10801.440646648407,7.446041463227887e-05
1587,2.570295810699463,6351.000058315839,10809.54534125328,7.442676849866886e-05
1588,2.6610589027404785,6355.000058315839,10816.645328044891,7.439310783029408e-05
1589,2.879112482070923,6359.000058315839,10822.540603160858,7.435943264718399e-05
1590,2.7167491912841797,6363.000058315839,10830.620014667511,7.432574296937663e-05
1591,2.6057491302490234,6367.000058315839,10838.173189878464,7.429203881691866e-05
1592,2.6715688705444336,6371.000058315839,10843.384828329086,7.42583202098654e-05
1593,2.561307430267334,6375.000058315839,10850.75699687004,7.422458716828068e-05
1594,3.0548200607299805,6379.000058315839,10858.26262998581,7.419083971223706e-05
1595,2.3356080055236816,6383.000058315839,10864.503512144089,7.415707786181555e-05
1596,2.7408108711242676,6387.000058315839,10872.229841470718,7.412330163710579e-05
1597,2.482865333557129,6391.000058315839,10879.53318977356,7.408951105820594e-05
1598,2.7034857273101807,6395.000058315839,10885.848798513412,7.405570614522273e-05
1599,2.721583843231201,6399.000058315839,10893.39758682251,7.402188691827141e-05
1600,2.682788610458374,6403.000058315839,10900.121738910675,7.398805339747574e-05
1601,2.717179775238037,6407.000058315839,10907.605548858643,7.395420560296799e-05
1602,2.4835007190704346,6411.000058315839,10915.199424982071,7.392034355488892e-05
1603,2.7307662963867188,6415.000058315839,10921.030847787857,7.388646727338778e-05
1604,2.5431909561157227,6419.000058315839,10927.5896961689,7.385257677862228e-05
1605,2.6079554557800293,6423.000058315839,10934.288483858109,7.381867209075859e-05
1606,2.499168634414673,6427.000058315839,10941.138712644577,7.378475322997134e-05
1607,2.3920977115631104,6431.000058315839,10947.138899326324,7.375082021644356e-05
1608,2.751677989959717,6435.000058315839,10953.23069524765,7.371687307036673e-05
1609,2.69256329536438,6439.000058315839,10960.549614667892,7.368291181194073e-05
1610,2.5085043907165527,6443.000058315839,10966.332526683807,7.364893646137386e-05
1611,2.5446741580963135,6447.000058315839,10972.133946418762,7.361494703888274e-05
1612,2.535212278366089,6451.000058315839,10978.2785115242,7.358094356469245e-05
1613,2.447781562805176,6455.000058315839,10986.011178731918,7.354692605903637e-05
1614,2.561147451400757,6459.000058315839,10992.487882614136,7.351289454215625e-05
1615,2.677194356918335,6463.000058315839,10999.515253543854,7.347884903430218e-05
1616,2.284825563430786,6467.000058315839,11005.105924129486,7.344478955573256e-05
1617,2.424302101135254,6471.000058315839,11012.685680627823,7.34107161267141e-05
1618,2.482337474822998,6475.000058315839,11018.141822099686,7.337662876752184e-05
1619,2.6400723457336426,6479.000058315839,11025.78793144226,7.334252749843911e-05
1620,2.6574618816375732,6483.000058315839,11033.05602312088,7.33084123397575e-05
1621,2.393521308898926,6487.000058315839,11037.904619216919,7.327428331177685e-05
1622,2.532978057861328,6491.000058315839,11043.104661226273,7.324014043480526e-05
1623,2.4802165031433105,6495.000058315839,11048.90853357315,7.320598372915909e-05
1624,2.399686574935913,6499.000058315839,11057.039103031158,7.317181321516291e-05
1625,2.276679754257202,6503.000058315839,11065.129766464233,7.313762891314953e-05
1626,2.6104800701141357,6507.000058315839,11072.323647737503,7.310343084345994e-05
1627,2.449680805206299,6511.000058315839,11079.929425239563,7.306921902644332e-05
1628,2.40763521194458,6515.000058315839,11084.670469522476,7.303499348245705e-05
1629,2.432816505432129,6519.000058315839,11091.383640050888,7.300075423186666e-05
1630,2.4048011302948,6523.000058315839,11097.204831838608,7.296650129504587e-05
1631,2.5734803676605225,6527.000058315839,11104.441008329391,7.29322346923765e-05
1632,2.3663485050201416,6531.000058315839,11112.21210885048,7.28979544442485e-05
1633,2.7287402153015137,6535.000058315839,11118.083770513535,7.286366057106e-05
1634,2.5605416297912598,6539.000058315839,11124.03674530983,7.282935309321718e-05
1635,2.7828643321990967,6543.000058315839,11131.744580030441,7.279503203113435e-05
1636,2.2795515060424805,6547.000058315839,11138.025565862656,7.276069740523385e-05
1637,2.576306104660034,6551.000058315839,11145.044118642807,7.272634923594615e-05
1638,2.57551908493042,6555.000058315839,11152.216453313828,7.269198754370974e-05
1639,2.6341941356658936,6559.000058315839,11159.976228952408,7.265761234897119e-05
1640,2.6252503395080566,6563.000058315839,11166.572492599487,7.262322367218507e-05
1641,2.176480531692505,6567.000058315839,11174.065851211548,7.258882153381402e-05
1642,2.437927484512329,6571.000058315839,11179.824528217316,7.255440595432863e-05
1643,2.258661985397339,6575.000058315839,11185.46415925026,7.251997695420753e-05
1644,2.508396625518799,6579.000058315839,11192.044053554535,7.248553455393731e-05
1645,2.406053066253662,6583.000058315839,11198.28968834877,7.245107877401257e-05
1646,2.4781577587127686,6587.000058315839,11205.653176784515,7.241660963493581e-05
1647,2.532984733581543,6591.000058315839,11211.774629354477,7.238212715721758e-05
1648,2.6794590950012207,6595.000058315839,11219.080161809921,7.234763136137623e-05
1649,2.5470762252807617,6599.000058315839,11225.473040342331,7.231312226793816e-05
1650,2.3314244747161865,6603.000058315839,11232.396557331085,7.227859989743762e-05
1651,2.382425308227539,6607.000058315839,11238.16502070427,7.224406427041676e-05
1652,2.598494052886963,6611.000058315839,11244.702450990677,7.220951540742565e-05
1653,2.4437456130981445,6615.000058315839,11251.927523851395,7.217495332902221e-05
1654,2.359220027923584,6619.000058315839,11257.904366493225,7.214037805577223e-05
1655,2.35801362991333,6623.000058315839,11264.494281768799,7.210578960824934e-05
1656,2.539680242538452,6627.000058315839,11270.892940044403,7.207118800703504e-05
1657,2.2613775730133057,6631.000058315839,11277.177896261215,7.203657327271862e-05
1658,2.362981081008911,6635.000058315839,11283.860053300858,7.20019454258972e-05
1659,2.4645190238952637,6639.000058315839,11290.443091630936,7.196730448717572e-05
1660,2.280940294265747,6643.000058315839,11298.21025443077,7.19326504771669e-05
1661,2.58498215675354,6647.000058315839,11304.628164052963,7.18979834164912e-05
1662,2.476384401321411,6651.000058315839,11311.924220561981,7.18633033257769e-05
1663,2.440333127975464,6655.000058315839,11319.47637963295,7.182861022566003e-05
1664,2.3855419158935547,6659.000058315839,11326.130373477936,7.179390413678432e-05
1665,2.341115951538086,6663.000058315839,11331.90072774887,7.175918507980127e-05
1666,2.388923406600952,6667.000058315839,11338.708909988403,7.172445307537005e-05
1667,2.614309549331665,6671.000058315839,11345.841977119446,7.168970814415758e-05
1668,2.307903289794922,6675.000058315839,11353.466127634048,7.165495030683846e-05
1669,2.582742691040039,6679.000058315839,11361.621141910553,7.162017958409495e-05
1670,2.556790828704834,6683.000058315839,11368.097172260284,7.1585395996617e-05
1671,2.5746750831604004,6687.000058315839,11374.96920800209,7.155059956510221e-05
1672,2.478898048400879,6691.000058315839,11382.180538892746,7.15157903102558e-05
1673,2.5278265476226807,6695.000058315839,11388.36683011055,7.148096825279066e-05
1674,2.4165709018707275,6699.000058315839,11394.594859838486,7.144613341342729e-05
1675,2.4786860942840576,6703.000058315839,11400.82107257843,7.141128581289375e-05
1676,2.6436893939971924,6707.000058315839,11407.022036075592,7.137642547192573e-05
1677,2.4095003604888916,6711.000058315839,11412.941249132156,7.134155241126653e-05
1678,2.32993483543396,6715.000058315839,11420.18325304985,7.130666665166697e-05
1679,2.4101316928863525,6719.000058315839,11426.938210248947,7.127176821388544e-05
1680,2.6121461391448975,6723.000058315839,11434.156752824783,7.123685711868787e-05
1681,2.2721517086029053,6727.000058315839,11439.502493143082,7.120193338684774e-05
1682,2.707402467727661,6731.000058315839,11446.026684522629,7.116699703914602e-05
1683,2.4878926277160645,6735.000058315839,11453.615205526352,7.113204809637123e-05
1684,2.5815653800964355,6739.000058315839,11459.71740078926,7.109708657931933e-05
1685,2.5615358352661133,6743.000058315839,11467.562380075455,7.106211250879383e-05
1686,2.422729969024658,6747.000058315839,11474.34946680069,7.102712590560565e-05
1687,2.663234233856201,6751.000058315839,11480.506690979004,7.09921267905732e-05
1688,2.62362003326416,6755.000058315839,11487.242426633835,7.095711518452229e-05
1689,2.4303016662597656,6759.000058315839,11495.98438668251,7.092209110828624e-05
1690,2.525397777557373,6763.000058315839,11503.90341591835,7.088705458270572e-05
1691,2.286379337310791,6767.000058315839,11508.630810022354,7.085200562862883e-05
1692,2.5675048828125,6771.000058315839,11515.797855138779,7.08169442669111e-05
1693,2.3413431644439697,6775.000058315839,11522.043043851852,7.07818705184154e-05
1694,2.779761552810669,6779.000058315839,11528.465953826904,7.074678440401196e-05
1695,2.4964957237243652,6783.000058315839,11534.957491874695,7.071168594457841e-05
1696,2.4555716514587402,6787.000058315839,11541.521265029907,7.067657516099972e-05
1697,2.1368489265441895,6791.000058315839,11548.693540096283,7.064145207416817e-05
1698,2.4034366607666016,6795.000058315839,11555.510426282883,7.060631670498336e-05
1699,2.5551328659057617,6799.000058315839,11561.646919727325,7.057116907435226e-05
1700,2.542492151260376,6803.000058315839,11568.849898338318,7.053600920318901e-05
1701,2.5933361053466797,6807.000058315839,11577.372970819473,7.050083711241516e-05
1702,2.5499062538146973,6811.000058315839,11584.741295099258,7.046565282295947e-05
1703,2.3910179138183594,6815.000058315839,11592.328845500946,7.043045635575797e-05
1704,2.6115400791168213,6819.000058315839,11599.904616832733,7.039524773175394e-05
1705,2.431933879852295,6823.000058315839,11607.122189998627,7.036002697189788e-05
1706,2.530977725982666,6827.000058315839,11614.076767921448,7.032479409714752e-05
1707,2.348696231842041,6831.000058315839,11619.843323469162,7.028954912846783e-05
1708,2.6353557109832764,6835.000058315839,11626.514536619186,7.025429208683093e-05
1709,2.2856545448303223,6839.000058315839,11631.830105781555,7.02190229932161e-05
1710,2.467100143432617,6843.000058315839,11638.705196619034,7.01837418686099e-05
1711,2.367759943008423,6847.000058315839,11646.351438999176,7.014844873400592e-05
1712,2.2779510021209717,6851.000058315839,11653.449986696243,7.0113143610405e-05
1713,2.5924506187438965,6855.000058315839,11660.212658166885,7.007782651881506e-05
1714,2.3504862785339355,6859.000058315839,11665.91042304039,7.004249748025114e-05
1716,2.568960666656494,6867.000058315839,11679.667288780212,6.997180364629712e-05
1717,2.45139479637146,6871.000058315839,11685.443088769913,6.993643889297261e-05
1718,2.568627119064331,6875.000058315839,11693.054072856903,6.990106227680533e-05
1719,2.484923839569092,6879.000058315839,11699.082994937897,6.98656738188457e-05
1720,2.4468555450439453,6883.000058315839,11706.48683643341,6.983027354015128e-05
1721,2.183382034301758,6887.000058315839,11710.954891681671,6.979486146178659e-05
1722,2.413329601287842,6891.000058315839,11717.625683307648,6.975943760482322e-05
1723,2.7817516326904297,6895.000058315839,11724.362055063248,6.972400199033976e-05
1724,2.355010747909546,6899.000058315839,11729.410811901093,6.968855463942177e-05
1725,2.64780855178833,6903.000058315839,11736.590003728867,6.96530955731618e-05
1726,2.39201021194458,6907.000058315839,11743.849212169647,6.961762481265942e-05
1727,2.664188861846924,6911.000058315839,11750.425480365753,6.95821423790211e-05
1728,2.4306254386901855,6915.000058315839,11758.467993736267,6.954664829336028e-05
1729,2.4437789916992188,6919.000058315839,11765.1731133461,6.951114257679734e-05
1730,2.789686918258667,6923.000058315839,11772.144706726074,6.947562525045954e-05
1731,2.471083879470825,6927.000058315839,11779.167498588562,6.944009633548114e-05
1732,2.647500514984131,6931.000058315839,11786.327652454376,6.940455585300315e-05
1733,2.4414048194885254,6935.000058315839,11792.599024295807,6.936900382417364e-05
1734,2.2728147506713867,6939.000058315839,11798.18321466446,6.933344027014741e-05
1735,2.4082024097442627,6943.000058315839,11803.211438417435,6.929786521208616e-05
1736,2.4014227390289307,6947.000058315839,11810.053145885468,6.926227867115847e-05
1737,2.4461021423339844,6951.000058315839,11817.01796913147,6.92266806685397e-05
1738,2.427773952484131,6955.000058315839,11823.981918096542,6.919107122541207e-05
1739,2.2187533378601074,6959.000058315839,11830.28606915474,6.91554503629646e-05
1740,2.4863061904907227,6963.000058315839,11838.371098279953,6.911981810239308e-05
1741,2.6673500537872314,6967.000058315839,11846.3245947361,6.908417446490012e-05
1742,2.385160446166992,6971.000058315839,11850.951567649841,6.904851947169505e-05
1743,2.614755630493164,6975.000058315839,11858.536912679672,6.901285314399402e-05
1744,2.468003749847412,6979.000058315839,11865.865566253662,6.897717550301987e-05
1745,2.3396048545837402,6983.000058315839,11872.802797555923,6.894148657000221e-05
1746,2.592428684234619,6987.000058315839,11879.536168336868,6.890578636617734e-05
1747,2.5859317779541016,6991.000058315839,11886.34487080574,6.887007491278828e-05
1748,2.527061700820923,6995.000058315839,11894.249846935272,6.883435223108472e-05
1749,2.2906339168548584,6999.000058315839,11900.845677137375,6.879861834232312e-05
1750,2.4841148853302,7003.000058315839,11907.63315486908,6.876287326776649e-05
1751,2.266721248626709,7007.000058315839,11914.597033500671,6.872711702868456e-05
1752,2.6150190830230713,7011.000058315839,11922.119101762772,6.869134964635371e-05
1753,2.4323525428771973,7015.000058315839,11929.136488437653,6.865557114205689e-05
1754,2.159575939178467,7019.000058315839,11936.343857049942,6.861978153708378e-05
1755,2.6291556358337402,7023.000058315839,11942.600193738937,6.858398085273052e-05
1756,2.4358363151550293,7027.000058315839,11950.950408220291,6.854816911029996e-05
1757,2.4204351902008057,7031.000058315839,11957.590876579285,6.85123463311015e-05
1758,2.493220329284668,7035.000058315839,11962.215408802032,6.847651253645107e-05
1759,2.4559402465820312,7039.000058315839,11968.880620718002,6.844066774767118e-05
1760,2.571120023727417,7043.000058315839,11976.206472873688,6.84048119860909e-05
1761,2.392733335494995,7047.000058315839,11982.881147384644,6.83689452730458e-05
1762,2.5754120349884033,7051.000058315839,11989.83495759964,6.8333067629878e-05
1763,2.4122862815856934,7055.000058315839,11997.134278059006,6.829717907793609e-05
1764,2.5863962173461914,7059.000058315839,12003.399111747742,6.826127963857514e-05
1765,2.564807891845703,7063.000058315839,12010.005407810211,6.822536933315677e-05
1766,2.426807165145874,7067.000058315839,12016.79483962059,6.818944818304899e-05
1767,2.372490406036377,7071.000058315839,12023.504071474075,6.815351620962627e-05
1768,2.620811700820923,7075.000058315839,12029.389413118362,6.811757343426958e-05
1769,2.442837953567505,7079.000058315839,12036.712153434753,6.808161987836625e-05
1770,2.2365546226501465,7083.000058315839,12043.35961818695,6.804565556331006e-05
1771,2.3425819873809814,7087.000058315839,12049.739822864532,6.80096805105012e-05
1772,2.5744717121124268,7091.000058315839,12055.842804908752,6.797369474134622e-05
1773,2.2137322425842285,7095.000058315839,12061.661780834198,6.793769827725807e-05
1774,2.3525912761688232,7099.000058315839,12069.421761751175,6.790169113965608e-05
1775,2.4796080589294434,7103.000058315839,12076.110044240952,6.786567334996585e-05
1776,2.662391424179077,7107.000058315839,12082.517518758774,6.782964492961942e-05
1777,2.2912826538085938,7111.000058315839,12088.728107213974,6.779360590005508e-05
1778,2.41899037361145,7115.000058315839,12095.434910535812,6.77575562827175e-05
1779,2.48526668548584,7119.000058315839,12103.13647532463,6.77214960990576e-05
1780,2.5166573524475098,7123.000058315839,12109.56001830101,6.76854253705326e-05
1781,2.377774238586426,7127.000058315839,12116.560752153397,6.764934411860595e-05
1782,2.3483874797821045,7131.000058315839,12124.67306303978,6.761325236474749e-05
1783,2.4931888580322266,7135.000058315839,12131.372502326965,6.757715013043316e-05
1784,2.429081439971924,7139.000058315839,12139.353759765625,6.754103743714524e-05
1785,2.5590739250183105,7143.000058315839,12146.775226831436,6.750491430637219e-05
1786,2.2190842628479004,7147.000058315839,12152.650865077972,6.746878075960868e-05
1787,2.6776890754699707,7151.000058315839,12160.840197324753,6.74326368183556e-05
1788,2.2974634170532227,7155.000058315839,12166.799377679825,6.739648250411998e-05
1789,2.5238287448883057,7159.000058315839,12172.893327713013,6.736031783841508e-05
1790,2.4991631507873535,7163.000058315839,12179.299486637115,6.732414284276028e-05
1791,2.652754783630371,7167.000058315839,12186.644843101501,6.728795753868114e-05
1792,2.2966694831848145,7171.000058315839,12194.028924942017,6.72517619477093e-05
1793,2.5165300369262695,7175.000058315839,12200.57093000412,6.721555609138256e-05
1794,2.4071712493896484,7179.000058315839,12206.832020998001,6.717933999124485e-05
1795,2.40613055229187,7183.000058315839,12213.475986480713,6.714311366884615e-05
1796,2.248408794403076,7187.000058315839,12219.995524168015,6.710687714574253e-05
1797,2.3862080574035645,7191.000058315839,12226.870443344116,6.707063044349616e-05
1798,2.6571550369262695,7195.000058315839,12234.377377986908,6.703437358367522e-05
1799,2.4600400924682617,7199.000058315839,12240.817167043686,6.6998106587854e-05
1800,2.3028805255889893,7203.000058315839,12246.102996110916,6.696182947761275e-05
1801,2.398698568344116,7207.000058315839,12252.401403427124,6.692554227453779e-05
1802,2.247095823287964,7211.000058315839,12258.03713440895,6.688924500022141e-05
1803,2.4874937534332275,7215.000058315839,12264.458056211472,6.685293767626192e-05
1804,2.4339311122894287,7219.000058315839,12270.793396949768,6.681662032426359e-05
1805,2.3588764667510986,7223.000058315839,12276.612556934357,6.67802929658367e-05
1806,2.586146354675293,7227.000058315839,12283.677904129028,6.674395562259739e-05
1807,2.333491563796997,7231.000058315839,12291.578408956528,6.670760831616788e-05
1808,2.468564510345459,7235.000058315839,12298.090185642242,6.667125106817618e-05
1809,2.3242452144622803,7239.000058315839,12306.950988292694,6.663488390025628e-05
1810,2.435140609741211,7243.000058315839,12312.334526777267,6.65985068340481e-05
1811,2.256779670715332,7247.000058315839,12320.195239305496,6.656211989119738e-05
1812,2.7255375385284424,7251.000058315839,12326.412705898285,6.652572309335583e-05
1813,2.168724536895752,7255.000058315839,12332.402269601822,6.648931646218093e-05
1814,2.2858073711395264,7259.000058315839,12339.685221195221,6.645290001933603e-05
1815,2.7455224990844727,7263.000058315839,12345.006376504898,6.64164737864904e-05
1816,2.6590356826782227,7267.000058315839,12351.19777059555,6.638003778531902e-05
1817,2.21366024017334,7271.000058315839,12357.090780496597,6.634359203750277e-05
1818,2.6269335746765137,7275.000058315839,12364.657744169235,6.63071365647283e-05
1819,2.315544605255127,7279.000058315839,12369.853022098541,6.627067138868803e-05
1820,2.4333367347717285,7283.000058315839,12374.50339603424,6.623419653108016e-05
1821,2.321510076522827,7287.000058315839,12381.460592746735,6.619771201360868e-05
1822,2.25961971282959,7291.000058315839,12388.281043291092,6.616121785798329e-05
1823,2.4275166988372803,7295.000058315839,12393.719146966934,6.612471408591944e-05
1824,2.18597149848938,7299.000058315839,12400.784893989563,6.608820071913831e-05
1825,2.336282730102539,7303.000058315839,12406.326541185379,6.605167777936679e-05
1826,2.3623809814453125,7307.000058315839,12412.87364935875,6.601514528833744e-05
1827,2.5159692764282227,7311.000058315839,12419.20098233223,6.597860326778855e-05
1828,2.3480072021484375,7315.000058315839,12424.958879470825,6.594205173946402e-05
1829,2.252872943878174,7319.000058315839,12431.925282239914,6.590549072511349e-05
1830,2.3331780433654785,7323.000058315839,12437.299882173538,6.586892024649213e-05
1831,2.283115863800049,7327.000058315839,12442.803571462631,6.583234032536087e-05
1832,2.290116310119629,7331.000058315839,12450.341209173203,6.579575098348613e-05
1833,2.718684673309326,7335.000058315839,12457.356558322906,6.575915224264008e-05
1834,2.302400588989258,7339.000058315839,12464.1073179245,6.572254412460034e-05
1835,2.406564950942993,7343.000058315839,12471.431047916412,6.568592665115019e-05
1836,2.536489486694336,7347.000058315839,12478.052677154541,6.564929984407846e-05
1837,2.576071262359619,7351.000058315839,12485.202868461609,6.561266372517956e-05
1838,2.505230188369751,7355.000058315839,12492.395892858505,6.557601831625338e-05
1839,2.5020265579223633,7359.000058315839,12498.029117584229,6.55393636391054e-05
1840,2.2067177295684814,7363.000058315839,12505.355603456497,6.550269971554657e-05
1841,2.352914810180664,7367.000058315839,12512.085571527481,6.546602656739337e-05
1842,2.451058864593506,7371.000058315839,12519.654020786285,6.542934421646776e-05
1843,2.3067264556884766,7375.000058315839,12527.339449167252,6.539265268459716e-05
1844,2.2173075675964355,7379.000058315839,12532.997733354568,6.535595199361449e-05
1845,2.5414490699768066,7383.000058315839,12540.69814825058,6.53192421653581e-05
1846,2.563047409057617,7387.000058315839,12545.975635766983,6.528252322167173e-05
1847,2.774028778076172,7391.000058315839,12553.354007482529,6.524579518440463e-05
1848,2.1680355072021484,7395.000058315839,12560.333327531815,6.520905807541143e-05
1849,2.599179744720459,7399.000058315839,12568.093371629715,6.517231191655212e-05
1850,2.4142627716064453,7403.000058315839,12574.396476984024,6.513555672969212e-05
1851,2.3265223503112793,7407.000058315839,12581.505062580109,6.509879253670219e-05
1852,2.6092777252197266,7411.000058315839,12588.39124917984,6.506201935945849e-05
1853,2.431516408920288,7415.000058315839,12596.122994184494,6.502523721984248e-05
1854,2.4334607124328613,7419.000058315839,12602.979201555252,6.498844613974099e-05
1855,2.207996129989624,7423.000058315839,12609.495412111282,6.495164614104613e-05
1856,2.4580941200256348,7427.000058315839,12617.12250828743,6.491483724565533e-05
1857,2.3627920150756836,7431.000058315839,12623.457566022873,6.487801947547138e-05
1858,2.4776666164398193,7435.000058315839,12631.598379611969,6.484119285240223e-05
1859,2.2670743465423584,7439.000058315839,12637.205075263977,6.480435739836122e-05
1860,2.4381799697875977,7443.000058315839,12645.283421516418,6.476751313526685e-05
1861,2.4029996395111084,7447.000058315839,12651.914236307144,6.47306600850429e-05
1862,2.2262330055236816,7451.000058315839,12658.314476013184,6.469379826961842e-05
1863,2.5753772258758545,7455.000058315839,12665.162171840668,6.465692771092758e-05
1864,2.428208827972412,7459.000058315839,12672.701739549637,6.462004843090982e-05
1865,2.5071630477905273,7463.000058315839,12679.142555236816,6.458316045150979e-05
1866,2.5305187702178955,7467.000058315839,12687.602180719376,6.454626379467725e-05
1867,2.531430721282959,7471.000058315839,12695.700322389603,6.450935848236714e-05
1868,2.498959541320801,7475.000058315839,12702.186489582062,6.447244453653959e-05
1869,2.2824254035949707,7479.000058315839,12709.54575419426,6.443552197915986e-05
1870,2.5692496299743652,7483.000058315839,12715.532853841782,6.439859083219829e-05
1871,2.389644145965576,7487.000058315839,12722.255726099014,6.436165111763037e-05
1872,2.303915500640869,7491.000058315839,12727.84239602089,6.432470285743666e-05
1873,2.4057669639587402,7495.000058315839,12734.792939901352,6.428774607360286e-05
1874,2.539555311203003,7499.000058315839,12741.88186120987,6.425078078811965e-05
1875,2.111330032348633,7503.000058315839,12748.364000082016,6.421380702298288e-05
1876,2.5945863723754883,7507.000058315839,12755.29976606369,6.417682480019336e-05
1877,2.313020706176758,7511.000058315839,12762.9881336689,6.413983414175693e-05
1878,2.527102470397949,7515.000058315839,12770.29542684555,6.410283506968453e-05
1879,2.347480535507202,7519.000058315839,12778.453380823135,6.406582760599203e-05
1880,2.402377128601074,7523.000058315839,12785.473620653152,6.402881177270032e-05
1881,2.491702079772949,7527.000058315839,12792.466012716293,6.399178759183529e-05
1882,2.57096266746521,7531.000058315839,12800.028441667557,6.395475508542774e-05
1883,2.4156315326690674,7535.000058315839,12807.669904470444,6.391771427551351e-05
1884,2.591402053833008,7539.000058315839,12813.717179775238,6.388066518413333e-05
1885,2.435250759124756,7543.000058315839,12820.852685689926,6.38436078333328e-05
1886,2.333306312561035,7547.000058315839,12828.162414073944,6.380654224516255e-05
1887,2.0793633460998535,7551.000058315839,12834.367479801178,6.376946844167803e-05
1888,2.1744449138641357,7555.000058315839,12839.657315015793,6.373238644493963e-05
1889,2.2763288021087646,7559.000058315839,12845.274963140488,6.369529627701257e-05
1890,2.3155362606048584,7563.000058315839,12853.241572141647,6.365819795996693e-05
1891,2.3797621726989746,7567.000058315839,12861.41488647461,6.362109151587771e-05
1892,2.2520201206207275,7571.000058315839,12868.601179122925,6.358397696682468e-05
1893,2.664355754852295,7575.000058315839,12874.435587644577,6.354685433489244e-05
1894,2.580676317214966,7579.000058315839,12882.035593509674,6.350972364217041e-05
1895,2.301372528076172,7583.000058315839,12888.519139051437,6.347258491075283e-05
1896,2.3886451721191406,7587.000058315839,12895.039704322815,6.343543816273865e-05
1897,2.492812395095825,7591.000058315839,12901.25950217247,6.339828342023169e-05
1898,2.3097481727600098,7595.000058315839,12905.895160198212,6.336112070534045e-05
1899,2.4494223594665527,7599.000058315839,12912.268857479095,6.332395004017822e-05
1900,2.2121353149414062,7603.000058315839,12919.203472852707,6.328677144686299e-05
1901,2.274658441543579,7607.000058315839,12925.930500268936,6.324958494751746e-05
1902,2.294029712677002,7611.000058315839,12930.658447265625,6.321239056426907e-05
1903,2.397770881652832,7615.000058315839,12938.029368638992,6.317518831924994e-05
1904,2.2556138038635254,7619.000058315839,12944.744086742401,6.313797823459687e-05
1905,2.112626075744629,7623.000058315839,12951.756531238556,6.31007603324513e-05
1906,2.368828296661377,7627.000058315839,12958.222588777542,6.306353463495933e-05
1907,2.281611442565918,7631.000058315839,12965.689166545868,6.302630116427173e-05
1908,2.470315456390381,7635.000058315839,12972.772933006287,6.298905994254388e-05
1909,2.4648656845092773,7639.000058315839,12979.373717784882,6.295181099193573e-05
1910,2.6029720306396484,7643.000058315839,12985.837478160858,6.29145543346119e-05
1911,2.450570583343506,7647.000058315839,12991.653475999832,6.287728999274155e-05
1912,2.332301616668701,7651.000058315839,12998.850266456604,6.28400179884984e-05
1913,2.0712640285491943,7655.000058315839,13004.358246326447,6.280273834406076e-05
1914,2.2637832164764404,7659.000058315839,13011.54637670517,6.27654510816115e-05
1915,2.516512155532837,7663.000058315839,13019.226673603058,6.272815622333799e-05
1916,2.3979907035827637,7667.000058315839,13025.992612600327,6.269085379143214e-05
1917,2.4713168144226074,7671.000058315839,13033.286289930344,6.265354380809033e-05
1918,2.2693018913269043,7675.000058315839,13040.24296116829,6.26162262955135e-05
1919,2.460907220840454,7679.000058315839,13047.742267131805,6.257890127590698e-05
1920,2.477614641189575,7683.000058315839,13056.071555614471,6.254156877148066e-05
1921,2.3405768871307373,7687.000058315839,13063.536176681519,6.250422880444884e-05
1922,2.1818344593048096,7691.000058315839,13070.012563705444,6.246688139703024e-05
1923,2.443984270095825,7695.000058315839,13077.79539513588,6.242952657144805e-05
1924,2.384021759033203,7699.000058315839,13084.896703481674,6.239216434992985e-05
1925,2.360344171524048,7703.000058315839,13091.761419773102,6.23547947547076e-05
1926,2.313839912414551,7707.000058315839,13098.401079416275,6.231741780801771e-05
1927,2.394285202026367,7711.000058315839,13105.081991195679,6.22800335321009e-05
1928,2.391239643096924,7715.000058315839,13112.450313091278,6.22426419492023e-05
1929,2.30617618560791,7719.000058315839,13119.404442548752,6.220524308157136e-05
1930,2.5275540351867676,7723.000058315839,13126.747177124023,6.216783695146185e-05
1931,2.3554787635803223,7727.000058315839,13133.693155765533,6.21304235811319e-05
1932,2.085082530975342,7731.000058315839,13141.731280088425,6.209300299284393e-05
1933,2.4775962829589844,7735.000058315839,13148.762274742126,6.205557520886466e-05
1934,2.6198740005493164,7739.000058315839,13155.463918209076,6.201814025146507e-05
1935,2.2127370834350586,7743.000058315839,13163.124948263168,6.198069814292043e-05
1936,2.566748857498169,7747.000058315839,13170.05042219162,6.194324890551028e-05
1937,2.4214913845062256,7751.000058315839,13176.638779640198,6.190579256151837e-05
1938,2.4501006603240967,7755.000058315839,13182.550215005875,6.186832913323267e-05
1939,2.2353298664093018,7759.000058315839,13188.718536376953,6.183085864294544e-05
1940,2.18837833404541,7763.000058315839,13195.289291143417,6.179338111295303e-05
1941,2.4586281776428223,7767.000058315839,13199.968248844147,6.175589656555607e-05
1942,2.4393630027770996,7771.000058315839,13205.591411352158,6.171840502305933e-05
1943,2.2555744647979736,7775.000058315839,13212.804803609848,6.168090650777174e-05
1944,2.2921557426452637,7779.000058315839,13218.835788965225,6.16434010420064e-05
1945,2.1732749938964844,7783.000058315839,13225.079079151154,6.16058886480805e-05
1946,2.2327566146850586,7787.000058315839,13230.136440515518,6.15683693483154e-05
1947,2.501434803009033,7791.000058315839,13238.441820144653,6.153084316503659e-05
1948,2.2950496673583984,7795.000058315839,13244.976587295532,6.149331012057354e-05
1949,2.302189350128174,7799.000058315839,13253.137422800064,6.145577023725995e-05
1950,2.591669797897339,7803.000058315839,13259.68605685234,6.14182235374335e-05
1951,2.622469902038574,7807.000058315839,13265.810944318771,6.138067004343592e-05
1952,2.3580992221832275,7811.000058315839,13272.707134485245,6.134310977761305e-05
1953,2.240011692047119,7815.000058315839,13279.031985759735,6.130554276231469e-05
1954,2.2159299850463867,7819.000058315839,13286.186564683914,6.12679690198947e-05
1955,2.363251209259033,7823.000058315839,13293.148960590363,6.123038857271091e-05
1956,2.423889636993408,7827.000058315839,13300.090220689774,6.11928014431252e-05
1957,2.2400009632110596,7831.000058315839,13306.921679735184,6.115520765350331e-05
1958,2.436041831970215,7835.000058315839,13313.720659971237,6.11176072262151e-05
1959,2.238480806350708,7839.000058315839,13320.052305459976,6.108000018363424e-05
1960,2.506937026977539,7843.000058315839,13326.24854016304,6.104238654813843e-05
1961,2.656689405441284,7847.000058315839,13332.84392786026,6.100476634210922e-05
1962,2.207285165786743,7851.000058315839,13337.798497200012,6.0967139587932136e-05
1963,2.5535287857055664,7855.000058315839,13344.681077241898,6.0929506307996545e-05
1964,2.2651755809783936,7859.000058315839,13350.759773492813,6.089186652469574e-05
1965,2.440136671066284,7863.000058315839,13357.931313753128,6.0854220260426865e-05
1966,2.475043296813965,7867.000058315839,13365.070940971375,6.08165675375909e-05
1967,2.2490878105163574,7871.000058315839,13372.60776758194,6.077890837859271e-05
1968,2.3419203758239746,7875.000058315839,13381.282934427261,6.074124280584098e-05
1969,2.244694709777832,7879.000058315839,13389.386374473572,6.070357084174818e-05
1970,2.244487762451172,7883.000058315839,13396.453056573868,6.0665892508730607e-05
1971,2.1739282608032227,7887.000058315839,13401.064133882523,6.062820782920835e-05
1972,2.707395553588867,7891.000058315839,13409.316272974014,6.059051682560526e-05
1973,2.2493181228637695,7895.000058315839,13415.816749811172,6.0552819520348975e-05
1974,2.371596097946167,7899.000058315839,13421.998866796494,6.0515115935870854e-05
1975,1.9849555492401123,7903.000058315839,13428.228872537613,6.0477406094606005e-05
1976,2.389549732208252,7907.000058315839,13435.158611059189,6.043969001899329e-05
1977,2.2629833221435547,7911.000058315839,13442.354442119598,6.04019677314752e-05
1978,2.1469123363494873,7915.000058315839,13448.94260597229,6.0364239254498e-05
1979,2.3702657222747803,7919.000058315839,13456.30314874649,6.032650461051164e-05
1980,2.2676634788513184,7923.000058315839,13461.94797873497,6.028876382196966e-05
1981,2.353931427001953,7927.000058315839,13469.409452438354,6.0251016911329335e-05
1982,2.486337661743164,7931.000058315839,13474.057044744492,6.021326390105154e-05
1983,2.3604111671447754,7935.000058315839,13481.456397771835,6.017550481360081e-05
1984,2.328493356704712,7939.000058315839,13489.756902456284,6.013773967144529e-05
1985,2.073550224304199,7943.000058315839,13496.009805440903,6.009996849705669e-05
1986,2.255030632019043,7947.000058315839,13502.78991985321,6.006219131291035e-05
1987,2.574375629425049,7951.000058315839,13509.784972190857,6.002440814148518e-05
1988,2.4369192123413086,7955.000058315839,13516.950297117233,5.998661900526363e-05
1989,2.310061454772949,7959.000058315839,13525.316282987595,5.994882392673173e-05
1990,2.473475933074951,7963.000058315839,13531.429953098297,5.991102292837902e-05
1991,2.2591097354888916,7967.000058315839,13538.44846534729,5.987321603269861e-05
1992,2.126434326171875,7971.000058315839,13545.044666290283,5.9835403262187036e-05
1993,2.4581189155578613,7975.000058315839,13552.078528642654,5.979758463934439e-05
1994,2.434269905090332,7979.000058315839,13559.662524223328,5.975976018667426e-05
1995,2.347374439239502,7983.000058315839,13565.579215049744,5.972192992668365e-05
1996,2.16450834274292,7987.000058315839,13571.44955420494,5.9684093881883055e-05
1997,2.2230241298675537,7991.000058315839,13577.57114815712,5.9646252074786396e-05
1998,2.613041400909424,7995.000058315839,13585.29846405983,5.9608404527911036e-05
1999,2.2930545806884766,7999.000058315839,13591.78913974762,5.957055126377776e-05
2000,2.5488877296447754,8003.000058315839,13599.169909000397,5.9532692304910704e-05
2001,2.346123695373535,8007.000058315839,13607.346983194351,5.949482767383746e-05
2002,2.54803466796875,8011.000058315839,13614.345554351807,5.9456957393088976e-05
2003,2.404061794281006,8015.000058315839,13622.465791225433,5.941908148519953e-05
2004,2.3378233909606934,8019.000058315839,13629.476378679276,5.938119997270679e-05
2005,2.2629475593566895,8023.000058315839,13635.464522838593,5.9343312878151716e-05
2006,2.5022430419921875,8027.000058315839,13642.00987315178,5.930542022407863e-05
2007,2.510830879211426,8031.000058315839,13648.95573759079,5.926752203303515e-05
2008,2.388423442840576,8035.000058315839,13655.88678574562,5.922961832757216e-05
2009,2.3711297512054443,8039.000058315839,13663.06313943863,5.919170913024385e-05
2010,2.0488128662109375,8043.000058315839,13668.063750505447,5.91537944636077e-05
2011,2.221139430999756,8047.000058315839,13675.860789060593,5.911587435022442e-05
2012,2.2389464378356934,8051.000058315839,13682.250309705734,5.907794881265794e-05
2013,2.1902074813842773,8055.000058315839,13688.85469865799,5.904001787347546e-05
2014,2.440325975418091,8059.000058315839,13695.26048374176,5.9002081555247366e-05
2015,2.5798165798187256,8063.000058315839,13702.575092554092,5.896413988054726e-05
2016,2.475588798522949,8067.000058315839,13709.464549779892,5.8926192871951914e-05
2017,2.2793235778808594,8071.000058315839,13716.244295835495,5.888824055204129e-05
2018,2.534414291381836,8075.000058315839,13722.67580127716,5.885028294339849e-05
2019,2.077305793762207,8079.000058315839,13728.65228676796,5.88123200686098e-05
2020,2.5313241481781006,8083.000058315839,13736.43861913681,5.87743519502646e-05
2021,2.5570521354675293,8087.000058315839,13743.222639083862,5.8736378610955414e-05
2022,2.1733627319335938,8091.000058315839,13751.15091085434,5.8698400073277864e-05
2023,2.1725122928619385,8095.000058315839,13757.768174886703,5.8660416359830684e-05
2024,2.369523763656616,8099.000058315839,13765.066544771194,5.862242749321564e-05
2025,2.3928942680358887,8103.000058315839,13771.148311376572,5.858443349603762e-05
2026,2.22845458984375,8107.000058315839,13777.607392311096,5.854643439090453e-05
2027,2.3806588649749756,8111.000058315839,13785.229816436768,5.850843020042732e-05
2028,2.609198570251465,8115.000058315839,13792.373214960098,5.847042094721999e-05
2029,2.305586814880371,8119.000058315839,13798.44287776947,5.8432406653899525e-05
2030,2.294367551803589,8123.000058315839,13805.591864347458,5.83943873430859e-05
2031,2.403252601623535,8127.000058315839,13811.832424640656,5.835636303740212e-05
2032,2.3524298667907715,8131.000058315839,13817.43855214119,5.8318333759474105e-05
2033,2.1823859214782715,8135.000058315839,13823.693966150284,5.82802995319308e-05
2034,2.157533645629883,8139.000058315839,13831.508630990982,5.824226037740404e-05
2035,2.2322511672973633,8143.000058315839,13835.975319862366,5.820421631852861e-05
2036,2.3203845024108887,8147.000058315839,13843.298575878143,5.8166167377942234e-05
2037,2.117349624633789,8151.000058315839,13849.433813095093,5.8128113578285506e-05
2038,2.3861007690429688,8155.000058315839,13856.903662919998,5.809005494220192e-05
2039,2.2729597091674805,8159.000058315839,13864.938856601715,5.805199149233787e-05
2040,2.399583101272583,8163.000058315839,13871.997172832489,5.801392325134259e-05
2041,2.5814008712768555,8167.000058315839,13878.939096689224,5.7975850241868176e-05
2042,2.4235739707946777,8171.000058315839,13885.361664295197,5.793777248656956e-05
2043,2.3257253170013428,8175.000058315839,13892.020189762115,5.7899690008104496e-05
2044,2.519235610961914,8179.000058315839,13898.219956636429,5.786160282913354e-05
2045,2.2085647583007812,8183.000058315839,13905.584711551666,5.782351097232008e-05
2046,2.5765511989593506,8187.000058315839,13913.197752952576,5.778541446033025e-05
2047,2.264333486557007,8191.000058315839,13920.126980543137,5.774731331583297e-05
2048,2.2196261882781982,8195.000058315838,13928.632551193237,5.770920756149989e-05
2049,2.2765910625457764,8199.000058315838,13936.201876401901,5.767109722000546e-05
2050,2.34426212310791,8203.000058315838,13944.356283426285,5.763298231402681e-05
2051,2.4817471504211426,8207.000058315838,13951.09565782547,5.759486286624379e-05
2052,2.098231077194214,8211.000058315838,13957.425693511963,5.755673889933899e-05
2053,2.167928695678711,8215.000058315838,13965.776645183563,5.751861043599762e-05
2054,2.3488457202911377,8219.000058315838,13972.201422214508,5.748047749890767e-05
2055,2.188377618789673,8223.000058315838,13978.107112884521,5.7442340110759675e-05
2056,2.440633773803711,8227.000058315838,13984.780127763748,5.7404198294246896e-05
2057,2.3061938285827637,8231.000058315838,13991.640623092651,5.736605207206522e-05
2058,2.376187801361084,8235.000058315838,13999.539565563202,5.732790146691313e-05
2059,2.1751060485839844,8239.000058315838,14008.02385854721,5.728974650149173e-05
2060,2.1623711585998535,8243.000058315838,14014.62379360199,5.725158719850472e-05
2061,2.4491360187530518,8247.000058315838,14021.805712938309,5.721342358065837e-05
2062,2.510852336883545,8251.000058315838,14028.846137285233,5.717525567066155e-05
2063,2.6871790885925293,8255.000058315838,14036.152932405472,5.713708349122566e-05
2064,2.1874241828918457,8259.000058315838,14043.589444160461,5.7098907065064594e-05
2065,2.078590154647827,8263.000058315838,14048.374803304672,5.706072641489487e-05
2066,2.4908103942871094,8267.000058315838,14055.44946026802,5.7022541563435465e-05
2067,2.2606165409088135,8271.000058315838,14059.408563613892,5.698435253340783e-05
2068,2.321589231491089,8275.000058315838,14065.609181880951,5.694615934753597e-05
2069,2.291450023651123,8279.000058315838,14071.7529900074,5.6907962028546305e-05
2070,2.39870548248291,8283.000058315838,14078.643629550934,5.6869760599167755e-05
2071,2.305255651473999,8287.000058315838,14085.933166503906,5.683155508213164e-05
2072,2.1479902267456055,8291.000058315838,14091.98958826065,5.679334550017175e-05
2073,2.2167110443115234,8295.000058315838,14099.0990254879,5.6755131876024296e-05
2074,2.266214609146118,8299.000058315838,14105.966533184052,5.671691423242785e-05
2075,2.1128780841827393,8303.000058315838,14111.040820360184,5.667869259212344e-05
2076,2.171863555908203,8307.000058315838,14117.415967226028,5.66404669778544e-05
2077,2.1948423385620117,8311.000058315838,14124.38966178894,5.6602237412366504e-05
2078,2.206037998199463,8315.000058315838,14131.620264291763,5.656400391840783e-05
2079,2.2620744705200195,8319.000058315838,14138.7248442173,5.652576651872882e-05
2080,2.2681186199188232,8323.000058315838,14145.283583402634,5.648752523608217e-05
2081,2.2485039234161377,8327.000058315838,14152.08748626709,5.6449280093223e-05
2082,2.3073501586914062,8331.000058315838,14158.452240943909,5.641103111290863e-05
2083,2.3035266399383545,8335.000058315838,14164.146037101746,5.637277831789872e-05
2084,2.2104015350341797,8339.000058315838,14170.362711668015,5.633452173095518e-05
2085,2.261906147003174,8343.000058315838,14177.201662302017,5.6296261374842164e-05
2086,2.2520182132720947,8347.000058315838,14184.988665342331,5.62579972723261e-05
2087,2.3311591148376465,8351.000058315838,14191.795271158218,5.62197294461756e-05
2088,2.0889923572540283,8355.000058315838,14199.576003789902,5.618145791916154e-05
2089,2.443453311920166,8359.000058315838,14206.823370695114,5.614318271405699e-05
2090,2.469510078430176,8363.000058315838,14212.923990726471,5.6104903853637175e-05
2091,2.3372769355773926,8367.000058315838,14220.789524555206,5.6066621360679524e-05
2092,2.3229594230651855,8371.000058315838,14227.157776594162,5.6028335257963616e-05
2093,2.4413340091705322,8375.000058315838,14234.479127168655,5.599004556827117e-05
2094,2.6161322593688965,8379.000058315838,14242.078154087067,5.595175231438607e-05
2095,2.0616519451141357,8383.000058315838,14248.0204641819,5.59134555190943e-05
2096,2.2996344566345215,8387.000058315838,14255.615252017975,5.587515520518394e-05
2097,2.2496414184570312,8391.000058315838,14262.536353826523,5.583685139544518e-05
2098,2.3855862617492676,8395.000058315838,14269.118591308594,5.5798544112670295e-05
2099,2.4879441261291504,8399.000058315838,14275.00549530983,5.57602333796536e-05
2100,2.3668479919433594,8403.000058315838,14282.6796605587,5.572191921919151e-05
2101,2.42307186126709,8407.000058315838,14288.100927114487,5.568360165408243e-05
2102,2.310441017150879,8411.000058315838,14295.450386762619,5.564528070712682e-05
2103,2.439492702484131,8415.000058315838,14302.997381925583,5.5606956401127134e-05
2104,2.145728588104248,8419.000058315838,14309.647445440292,5.556862875888785e-05
2105,2.1476128101348877,8423.000058315838,14317.721745967865,5.5530297803215416e-05
2106,2.482531785964966,8427.000058315838,14324.461666345596,5.5491963556918215e-05
2107,2.4578285217285156,8431.000058315838,14331.617017030716,5.545362604280668e-05
2108,2.207892894744873,8435.000058315838,14336.546795129776,5.541528528369309e-05
2109,2.538619041442871,8439.000058315838,14343.652969837189,5.537694130239171e-05
2110,2.462228775024414,8443.000058315838,14348.308323383331,5.533859412171873e-05
2111,2.343736171722412,8447.000058315838,14354.953855514526,5.5300243764492196e-05
2112,2.3101966381073,8451.000058315838,14362.111418962479,5.526189025353209e-05
2113,2.1552114486694336,8455.000058315838,14367.576394557953,5.5223533611660266e-05
2114,2.3059182167053223,8459.000058315838,14375.887329816818,5.518517386170038e-05
2115,2.3578600883483887,8463.000058315838,14383.404989004135,5.5146811026478035e-05
2116,2.3371922969818115,8467.000058315838,14388.975413560867,5.5108445128820585e-05
2117,2.120565176010132,8471.000058315838,14394.754905462265,5.507007619155726e-05
2118,2.246582269668579,8475.000058315838,14402.376750707626,5.5031704237519085e-05
2119,2.169684410095215,8479.000058315838,14409.53935265541,5.499332928953885e-05
2120,2.328481674194336,8483.000058315838,14416.695162773132,5.495495137045118e-05
2121,2.230973243713379,8487.000058315838,14423.164492845535,5.491657050309242e-05
2122,2.374824047088623,8491.000058315838,14430.908333301544,5.487818671030071e-05
2123,2.3203229904174805,8495.000058315838,14438.057729959488,5.483980001491589e-05
2124,2.374404191970825,8499.000058315838,14446.100058317184,5.480141043977955e-05
2125,2.2385928630828857,8503.000058315838,14453.765875816345,5.476301800773499e-05
2126,2.122637987136841,8507.000058315838,14459.62913274765,5.472462274162723e-05
2127,2.410486936569214,8511.000058315838,14466.943176031113,5.4686224664302927e-05
2128,2.2983827590942383,8515.000058315838,14473.84985923767,5.4647823798610464e-05
2129,2.1158127784729004,8519.000058315838,14479.412377357483,5.4609420167399854e-05
2130,2.279118061065674,8523.000058315838,14486.471868038177,5.4571013793522744e-05
2131,2.442434549331665,8527.000058315838,14494.971584796906,5.453260469983245e-05
2132,2.3482065200805664,8531.000058315838,14502.320979356766,5.449419290918387e-05
2133,2.2064802646636963,8535.000058315838,14508.841328382492,5.4455778444433554e-05
2134,2.3480234146118164,8539.000058315838,14516.4389731884,5.441736132843959e-05
2135,2.4513940811157227,8543.000058315838,14522.806846380234,5.4378941584061656e-05
2136,2.0470242500305176,8547.000058315838,14529.667379140854,5.434051923416104e-05
2137,2.4188151359558105,8551.000058315838,14537.834315538406,5.4302094301600514e-05
2138,2.255322217941284,8555.000058315838,14544.590312957764,5.426366680924441e-05
2139,2.449986457824707,8559.000058315838,14550.296201467514,5.422523677995863e-05
2140,2.091712236404419,8563.000058315838,14556.070194721222,5.418680423661051e-05
2141,2.3449795246124268,8567.000058315838,14561.429082393646,5.4148369202068946e-05
2142,2.4261999130249023,8571.000058315838,14568.978836774826,5.410993169920425e-05
2143,2.606649398803711,8575.000058315838,14575.623430967331,5.407149175088827e-05
2145,2.4374265670776367,8583.000058315838,14589.656966686249,5.3994604609397004e-05
2146,2.5390946865081787,8587.000058315838,14596.550723791122,5.395615746197257e-05
2147,2.308964729309082,8591.000058315838,14603.180669784546,5.391770796059854e-05
2148,2.396578550338745,8595.000058315838,14610.073197841644,5.387925612815386e-05
2149,2.3327531814575195,8599.000058315838,14616.581114292145,5.38408019875189e-05
2150,2.3992104530334473,8603.000058315838,14622.952233076096,5.3802345561575364e-05
2151,2.4126763343811035,8607.000058315838,14629.450253486633,5.3763886873206344e-05
2152,2.395977020263672,8611.000058315838,14637.198321819305,5.372542594529623e-05
2153,2.153481960296631,8615.000058315838,14643.246752500534,5.368696280073084e-05
2154,2.317333459854126,8619.000058315838,14649.999455928802,5.36484974623972e-05
2155,2.386779546737671,8623.000058315838,14657.170266628265,5.361002995318372e-05
2156,2.162353992462158,8627.000058315838,14664.44824051857,5.3571560295980055e-05
2157,2.3882131576538086,8631.000058315838,14671.927909135818,5.3533088513677186e-05
2158,2.3805949687957764,8635.000058315838,14679.136054515839,5.3494614629167304e-05
2159,2.3851170539855957,8639.000058315838,14685.63891005516,5.345613866534387e-05
2160,2.1112449169158936,8643.000058315838,14692.619452953339,5.341766064510163e-05
2161,2.1919941902160645,8647.000058315838,14699.847179889679,5.337918059133646e-05
2162,2.5333476066589355,8651.000058315838,14707.857494354248,5.3340698526945536e-05
2163,2.3804869651794434,8655.000058315838,14714.104042768478,5.330221447482717e-05
2164,2.398336172103882,8659.000058315838,14722.232593536377,5.32637284578809e-05
2165,2.175402879714966,8663.000058315838,14728.16249871254,5.322524049900742e-05
2166,2.118196487426758,8667.000058315838,14733.42466545105,5.318675062110855e-05
2167,2.1984498500823975,8671.000058315838,14739.639162778854,5.314825884708727e-05
2168,2.2567052841186523,8675.000058315838,14747.211807489395,5.3109765199847715e-05
2169,2.166952133178711,8679.000058315838,14754.641965866089,5.3071269702295105e-05
2170,2.39373779296875,8683.000058315838,14762.116639852524,5.303277237733576e-05
2171,2.559128761291504,8687.000058315838,14768.44519853592,5.299427324787712e-05
2172,2.2680575847625732,8691.000058315838,14774.804903030396,5.295577233682763e-05
2173,2.251399040222168,8695.000058315838,14781.77422785759,5.291726966709688e-05
2174,2.4284255504608154,8699.000058315838,14789.585003376007,5.287876526159545e-05
2175,2.1156787872314453,8703.000058315838,14795.045609474182,5.284025914323497e-05
2176,2.2313411235809326,8707.000058315838,14801.812677145004,5.280175133492809e-05
2177,2.3516762256622314,8711.000058315838,14809.563987731934,5.276324185958846e-05
2178,2.4083197116851807,8715.000058315838,14815.72086071968,5.272473074013074e-05
2179,2.3309497833251953,8719.000058315838,14821.231051921844,5.268621799947054e-05
2180,2.4448721408843994,8723.000058315838,14828.90858745575,5.264770366052444e-05
2181,2.099029302597046,8727.000058315838,14835.346529722214,5.2609187746210015e-05
2182,2.3622143268585205,8731.000058315838,14842.975339889526,5.2570670279445696e-05
2183,2.3273401260375977,8735.000058315838,14848.934382915497,5.2532151283150915e-05
2184,2.143343210220337,8739.000058315838,14855.4283285141,5.249363078024597e-05
2185,2.071770191192627,8743.000058315838,14862.519364595413,5.245510879365209e-05
2186,2.2576074600219727,8747.000058315838,14870.24573469162,5.241658534629133e-05
2187,2.2483606338500977,8751.000058315838,14877.25574350357,5.2378060461086684e-05
2188,2.438035488128662,8755.000058315838,14883.35862326622,5.2339534160961944e-05
2189,2.29854416847229,8759.000058315838,14890.52712059021,5.230100646884178e-05
2190,2.494904041290283,8763.000058315838,14897.169417619705,5.226247740765167e-05
2191,2.2023274898529053,8767.000058315838,14903.766673326492,5.222394700031792e-05
2192,2.068459987640381,8771.000058315838,14910.710863351822,5.2185415269767625e-05
2193,2.1623611450195312,8775.000058315838,14918.178089857101,5.2146882238928666e-05
2194,2.3534562587738037,8779.000058315838,14924.818514585495,5.2108347930729735e-05
2195,2.0934457778930664,8783.000058315838,14932.77323627472,5.206981236810022e-05
2196,2.0907530784606934,8787.000058315838,14939.043285608292,5.2031275573970304e-05
2197,2.2569704055786133,8791.000058315838,14945.320228338242,5.19927375712709e-05
2198,1.9313846826553345,8795.000058315838,14951.728846788406,5.1954198382933606e-05
2199,2.341996669769287,8799.000058315838,14958.504516363144,5.191565803189078e-05
2200,2.0878870487213135,8803.000058315838,14965.313992023468,5.1877116541075406e-05
2201,2.0445642471313477,8807.000058315838,14972.111021995544,5.18385739334212e-05
2202,2.342036485671997,8811.000058315838,14977.685688495636,5.180003023186252e-05
2203,2.284226179122925,8815.000058315838,14984.270357131958,5.176148545933436e-05
2204,2.4973111152648926,8819.000058315838,14990.782518863678,5.172293963877239e-05
2205,2.340052604675293,8823.000058315838,14997.214180707932,5.1684392793112884e-05
2206,2.1590120792388916,8827.000058315838,15004.638308763504,5.1645844945292706e-05
2207,2.2996153831481934,8831.000058315838,15011.799986124039,5.160729611824935e-05
2208,2.2719647884368896,8835.000058315838,15018.082446336746,5.156874633492088e-05
2209,2.1469995975494385,8839.000058315838,15025.410681724548,5.153019561824591e-05
2210,2.2762014865875244,8843.000058315838,15031.9923787117,5.149164399116365e-05
2211,2.3403470516204834,8847.000058315838,15040.158194303513,5.14530914766138e-05
2212,2.310102939605713,8851.000058315838,15047.296841144562,5.1414538097536634e-05
2213,2.1714377403259277,8855.000058315838,15054.969065904617,5.1375983876872926e-05
2214,2.209129810333252,8859.000058315838,15061.55194401741,5.133742883756392e-05
2215,2.282095193862915,8863.000058315838,15067.021043777466,5.12988730025514e-05
2216,2.430859088897705,8867.000058315838,15074.22596168518,5.12603163947776e-05
2217,2.3889150619506836,8871.000058315838,15080.195386886597,5.12217590371852e-05
2218,2.4228672981262207,8875.000058315838,15087.40769648552,5.118320095271733e-05
2219,2.26547908782959,8879.000058315838,15094.424957990646,5.114464216431757e-05
2220,2.3131444454193115,8883.000058315838,15101.821104049683,5.110608269492992e-05
2221,2.4130358695983887,8887.000058315838,15107.604485034943,5.106752256749876e-05
2222,2.05289626121521,8891.000058315838,15112.715440034866,5.102896180496887e-05
2223,1.934861421585083,8895.000058315838,15119.4463493824,5.0990400430285424e-05
2224,2.3233346939086914,8899.000058315838,15126.630454540253,5.095183846639395e-05
2225,2.427642583847046,8903.000058315838,15133.13100528717,5.0913275936240334e-05
2226,2.140026569366455,8907.000058315838,15140.251858711243,5.087471286277078e-05
2227,2.0958566665649414,8911.000058315838,15148.86967921257,5.0836149268931816e-05
2228,2.1218130588531494,8915.000058315838,15154.8494181633,5.0797585177670306e-05
2229,2.4524829387664795,8919.000058315838,15162.353398561478,5.075902061193339e-05
2230,2.0213446617126465,8923.000058315838,15169.329687595367,5.072045559466849e-05
2231,2.36331844329834,8927.000058315838,15176.808872938156,5.068189014882333e-05
2232,1.9075512886047363,8931.000058315838,15183.54463815689,5.0643324297345816e-05
2233,2.1988699436187744,8935.000058315838,15190.566730260849,5.0604758063184184e-05
2234,2.400550127029419,8939.000058315838,15195.97018814087,5.056619146928682e-05
2235,2.0830764770507812,8943.000058315838,15202.214657783508,5.052762453860237e-05
2236,2.22723650932312,8947.000058315838,15209.497767448425,5.048905729407967e-05
2237,2.4492032527923584,8951.000058315838,15217.51066827774,5.045048975866774e-05
2238,2.266845941543579,8955.000058315838,15224.468710184097,5.041192195531575e-05
2239,2.2199759483337402,8959.000058315838,15231.991663217545,5.0373353906973084e-05
2240,2.299417734146118,8963.000058315838,15238.03071975708,5.0334785636589235e-05
2241,2.1704413890838623,8967.000058315838,15245.036491394043,5.029621716711383e-05
2242,2.258181571960449,8971.000058315838,15252.465545892715,5.0257648521496626e-05
2243,2.249082565307617,8975.000058315838,15259.96324634552,5.021907972268746e-05
2244,2.2553205490112305,8979.000058315838,15267.37041258812,5.01805107936363e-05
2245,2.1180455684661865,8983.000058315838,15273.976037025452,5.014194175729315e-05
2246,2.3122355937957764,8987.000058315838,15280.405431747437,5.0103372636608105e-05
2247,2.187958240509033,8991.000058315838,15287.095482349396,5.006480345453131e-05
2248,2.5238215923309326,8995.000058315838,15295.407748222351,5.002623423401291e-05
2249,2.245602607727051,8999.000058315838,15301.701609373093,4.9987664998003144e-05
2250,2.0100793838500977,9003.000058315838,15306.43094921112,4.994909576945217e-05
2251,2.4065141677856445,9007.000058315838,15313.779728412628,4.991052657131024e-05
2252,2.536041736602783,9011.000058315838,15321.261491060257,4.9871957426527495e-05
2253,2.2108616828918457,9015.000058315838,15327.45032954216,4.98333883580541e-05
2254,2.0329179763793945,9019.000058315838,15334.833333969116,4.979481938884018e-05
2255,2.3454535007476807,9023.000058315838,15341.582394838333,4.9756250541835755e-05
2256,2.317206859588623,9027.000058315838,15349.144325733185,4.9717681839990805e-05
2257,2.2865183353424072,9031.000058315838,15356.880106687546,4.9679113306255224e-05
2258,2.3552844524383545,9035.000058315838,15363.686324596405,4.964054496357882e-05
2259,2.1289305686950684,9039.000058315838,15370.608842372894,4.9601976834911226e-05
2260,2.197047233581543,9043.000058315838,15377.781349420547,4.956340894320201e-05
2261,2.2767560482025146,9047.000058315838,15384.669656276703,4.952484131140059e-05
2262,2.21988582611084,9051.000058315838,15390.69395518303,4.948627396245618e-05
2263,2.4641623497009277,9055.000058315838,15398.389924764633,4.94477069193179e-05
2264,2.531773567199707,9059.000058315838,15406.399947881699,4.9409140204934645e-05
2265,2.1815590858459473,9063.000058315838,15413.30173754692,4.93705738422551e-05
2266,2.2535691261291504,9067.000058315838,15420.570873260498,4.9332007854227774e-05
2267,2.1713480949401855,9071.000058315838,15429.069417715073,4.9293442263800964e-05
2268,2.504305124282837,9075.000058315838,15436.89896607399,4.925487709392265e-05
2269,2.4794695377349854,9079.000058315838,15443.925518751144,4.921631236754066e-05
2270,2.2886416912078857,9083.000058315838,15451.525152683258,4.9177748107602505e-05
2271,2.182271957397461,9087.000058315838,15458.234014749527,4.913918433705545e-05
2272,2.1786487102508545,9091.000058315838,15463.426418066025,4.910062107884641e-05
2273,2.328123092651367,9095.000058315838,15470.701962709427,4.9062058355922056e-05
2274,2.1556591987609863,9099.000058315838,15476.964673042297,4.9023496191228725e-05
2275,2.1406726837158203,9103.000058315838,15485.371319532394,4.898493460771239e-05
2276,2.3810741901397705,9107.000058315838,15490.845094442368,4.894637362831872e-05
2277,2.148153305053711,9111.000058315838,15497.712744951248,4.8907813275993036e-05
2278,2.084299325942993,9115.000058315838,15504.610621213913,4.88692535736802e-05
2279,2.3933651447296143,9119.000058315838,15512.195016622543,4.883069454432477e-05
2280,2.133234739303589,9123.000058315838,15518.92397236824,4.879213621087091e-05
2281,2.0927059650421143,9127.000058315838,15525.995805740356,4.8753578596262284e-05
2282,2.277472496032715,9131.000058315838,15532.31973862648,4.871502172344221e-05
2283,2.153144359588623,9135.000058315838,15540.267425775528,4.8676465615353544e-05
2284,2.0908937454223633,9139.000058315838,15548.038885354996,4.863791029493866e-05
2285,2.2148826122283936,9143.000058315838,15555.505185127258,4.8599355785139495e-05
2286,2.245530128479004,9147.000058315838,15560.601093769073,4.856080210889749e-05
2287,2.1527459621429443,9151.000058315838,15566.886570692062,4.8522249289153624e-05
2288,2.1376776695251465,9155.000058315838,15573.392187833786,4.848369734884827e-05
2289,2.327792167663574,9159.000058315838,15580.886574745178,4.844514631092138e-05
2290,2.213386297225952,9163.000058315838,15587.895006895065,4.8406596198312355e-05
2291,2.2131235599517822,9167.000058315838,15594.799933433533,4.8368047033959974e-05
2292,2.2013494968414307,9171.000058315838,15601.688386440277,4.832949884080251e-05
2293,2.3773889541625977,9175.000058315838,15608.570676088333,4.829095164177767e-05
2294,2.275374412536621,9179.000058315838,15614.496005296707,4.825240545982253e-05
2295,2.1019861698150635,9183.000058315838,15620.76889538765,4.821386031787357e-05
2296,2.412839651107788,9187.000058315838,15627.57086110115,4.8175316238866696e-05
2297,2.2822391986846924,9191.000058315838,15634.748042106628,4.8136773245737095e-05
2298,2.1893398761749268,9195.000058315838,15641.318035364151,4.809823136141938e-05
2299,2.2978427410125732,9199.000058315838,15648.28043627739,4.805969060884749e-05
2300,2.6048583984375,9203.000058315838,15655.941710948944,4.802115101095469e-05
2301,2.075129508972168,9207.000058315838,15663.248917341232,4.79826125906735e-05
2302,2.431403636932373,9211.000058315838,15669.965506076813,4.794407537093584e-05
2303,2.353456735610962,9215.000058315838,15675.970378398895,4.790553937467286e-05
2304,2.165759563446045,9219.000058315838,15683.285547971725,4.7867004624814957e-05
2305,2.221541404724121,9223.000058315838,15690.049439191818,4.782847114429183e-05
2306,2.212489128112793,9227.000058315838,15697.305757045746,4.7789938956032425e-05
2307,2.2314867973327637,9231.000058315838,15705.396023988724,4.775140808296488e-05
2308,2.2294230461120605,9235.000058315838,15712.842937231064,4.771287854801658e-05
2309,2.4055562019348145,9239.000058315838,15720.158683300018,4.767435037411413e-05
2310,2.602052688598633,9243.000058315838,15727.354706525803,4.763582358418327e-05
2311,2.331463575363159,9247.000058315838,15734.045904159546,4.759729820114895e-05
2312,2.291106700897217,9251.000058315838,15740.258840560913,4.755877424793532e-05
2313,2.169646739959717,9255.000058315838,15748.194767713547,4.752025174746559e-05
2314,2.369380235671997,9259.000058315838,15755.7021753788,4.748173072266218e-05
2315,2.0430235862731934,9263.000058315838,15762.05647611618,4.744321119644661e-05
2316,2.29172420501709,9267.000058315838,15769.524979114532,4.740469319173951e-05
2317,2.245687484741211,9271.000058315838,15775.782239437103,4.736617673146059e-05
2318,2.2988944053649902,9275.000058315838,15783.094051122665,4.7327661838528646e-05
2319,2.3271987438201904,9279.000058315838,15790.326409339905,4.728914853586159e-05
2320,2.345571517944336,9283.000058315838,15797.67423582077,4.725063684637628e-05
2321,2.0122530460357666,9287.000058315838,15803.55027127266,4.7212126792988734e-05
2322,2.0916478633880615,9291.000058315838,15810.907776117325,4.717361839861392e-05
2323,2.298374891281128,9295.000058315838,15817.189193248749,4.713511168616584e-05
2324,2.4247310161590576,9299.000058315838,15824.33789730072,4.709660667855748e-05
2325,2.1077656745910645,9303.000058315838,15831.583945035934,4.7058103398700866e-05
2326,2.2833430767059326,9307.000058315838,15838.15209889412,4.701960186950692e-05
2327,2.303748369216919,9311.000058315838,15843.477942466736,4.698110211388559e-05
2328,2.261953830718994,9315.000058315838,15851.216532468796,4.69426041547457e-05
2329,2.2788326740264893,9319.000058315838,15857.948790550232,4.690410801499509e-05
2330,1.9645664691925049,9323.000058315838,15865.83949804306,4.686561371754044e-05
2331,2.002180576324463,9327.000058315838,15873.861929655075,4.682712128528736e-05
2332,2.1656723022460938,9331.000058315838,15881.533968687057,4.678863074114039e-05
2333,2.1691503524780273,9335.000058315838,15887.283269166946,4.675014210800287e-05
2334,2.397106170654297,9339.000058315838,15892.756808757782,4.671165540877705e-05
2335,2.1998138427734375,9343.000058315838,15900.116220712662,4.667317066636406e-05
2336,2.019843578338623,9347.000058315838,15905.77402639389,4.663468790366379e-05
2337,2.1624786853790283,9351.000058315838,15913.045784950256,4.659620714357499e-05
2338,2.4176201820373535,9355.000058315838,15920.469909191132,4.655772840899525e-05
2339,2.544875383377075,9359.000058315838,15928.595926523209,4.651925172282089e-05
2340,2.5037996768951416,9363.000058315838,15934.831143379211,4.6480777107947066e-05
2341,2.056088447570801,9367.000058315838,15941.312604665756,4.644230458726767e-05
2342,2.340492010116577,9371.000058315838,15948.15065574646,4.640383418367539e-05
2343,2.086243152618408,9375.000058315838,15955.658839941025,4.636536592006158e-05
2344,2.153078556060791,9379.000058315838,15961.557029008865,4.632689981931637e-05
2345,1.9937744140625,9383.000058315838,15967.708001375198,4.628843590432863e-05
2346,2.3865973949432373,9387.000058315838,15975.50413274765,4.624997419798585e-05
2347,2.0775651931762695,9391.000058315838,15982.441842079163,4.6211514723174275e-05
2348,2.3955891132354736,9395.000058315838,15989.83692073822,4.61730575027788e-05
2349,2.3351657390594482,9399.000058315838,15996.435339689255,4.6134602559682965e-05
2350,2.0905704498291016,9403.000058315838,16002.69257903099,4.6096149916768975e-05
2351,2.416015386581421,9407.000058315838,16010.13717508316,4.605769959691768e-05
2352,2.279198169708252,9411.000058315838,16017.254073619843,4.601925162300848e-05
2353,2.1835877895355225,9415.000058315838,16024.660297393799,4.598080601791946e-05
2354,2.0832064151763916,9419.000058315838,16032.555261850357,4.5942362804527254e-05
2355,2.2406840324401855,9423.000058315838,16039.928220272064,4.5903922005707064e-05
2356,2.0131723880767822,9427.000058315838,16045.98466181755,4.586548364433268e-05
2357,2.2932839393615723,9431.000058315838,16052.324567317963,4.582704774327643e-05
2358,2.0803062915802,9435.000058315838,16058.766685247421,4.578861432540921e-05
2359,2.021843194961548,9439.000058315838,16066.418549537659,4.575018341360036e-05
2360,2.477872848510742,9443.000058315838,16073.165344715118,4.5711755030717794e-05
2361,2.2588157653808594,9447.000058315838,16080.898812055588,4.5673329199627933e-05
2362,2.087306499481201,9451.000058315838,16085.642317056656,4.5634905943195615e-05
2363,2.2151129245758057,9455.000058315838,16091.778660774231,4.559648528428419e-05
2364,2.2764875888824463,9459.000058315838,16099.07561993599,4.555806724575548e-05
2365,2.1197805404663086,9463.000058315838,16106.105648040771,4.551965185046968e-05
2366,1.9237350225448608,9467.000058315838,16113.638118982315,4.548123912128548e-05
2367,2.173825263977051,9471.000058315838,16119.808678388596,4.544282908105998e-05
2368,2.342841148376465,9475.000058315838,16127.347759008408,4.5404421752648614e-05
2369,2.2506706714630127,9479.000058315838,16133.361974477768,4.536601715890526e-05
2370,2.406275987625122,9483.000058315838,16140.728996992111,4.532761532268216e-05
2371,2.257939338684082,9487.000058315838,16147.954545497894,4.5289216266829924e-05
2372,2.189920425415039,9491.000058315838,16154.297038316727,4.525082001419746e-05
2373,2.3137176036834717,9495.000058315838,16161.18645644188,4.5212426587632074e-05
2374,2.276207447052002,9499.000058315838,16169.222405910492,4.5174036009979366e-05
2375,2.099932909011841,9503.000058315838,16177.52479505539,4.513564830408319e-05
2376,2.2842259407043457,9507.000058315838,16184.801793813705,4.5097263492785756e-05
2377,2.332209825515747,9511.000058315838,16191.44343996048,4.5058881598927556e-05
2378,2.0974183082580566,9515.000058315838,16196.906974315643,4.502050264534727e-05
2379,2.184171676635742,9519.000058315838,16203.743688344955,4.4982126654881906e-05
2380,2.25934100151062,9523.000058315838,16209.06200003624,4.494375365036669e-05
2381,2.155189275741577,9527.000058315838,16215.543080806732,4.490538365463504e-05
2382,2.110077381134033,9531.000058315838,16222.112450361252,4.486701669051863e-05
2383,2.0944554805755615,9535.000058315838,16228.410593032837,4.482865278084729e-05
2384,2.1975598335266113,9539.000058315838,16235.988711833954,4.4790291948449035e-05
2385,2.169602632522583,9543.000058315838,16243.45935702324,4.475193421615009e-05
2386,2.3316917419433594,9547.000058315838,16249.879804849625,4.471357960677479e-05
2387,2.224867820739746,9551.000058315838,16256.980351686478,4.467522814314565e-05
2388,2.3566408157348633,9555.000058315838,16263.859927415848,4.463687984808327e-05
2389,2.0047671794891357,9559.000058315838,16269.315029621124,4.459853474440639e-05
2390,2.2544679641723633,9563.000058315838,16276.288450717926,4.4560192854931874e-05
2391,2.5890369415283203,9567.000058315838,16283.44482755661,4.452185420247461e-05
2392,2.354326009750366,9571.000058315838,16290.38380241394,4.4483518809847616e-05
2393,2.2278318405151367,9575.000058315838,16297.054666042328,4.4445186699861956e-05
2394,2.3853607177734375,9579.000058315838,16303.339446783066,4.4406857895326726e-05
2395,2.1446807384490967,9583.000058315838,16310.64536690712,4.436853241904907e-05
2396,1.9085806608200073,9587.000058315838,16319.253104686737,4.433021029383416e-05
2397,2.132873773574829,9591.000058315838,16326.606497049332,4.4291891542485135e-05
2398,2.1883974075317383,9595.000058315838,16332.524249792099,4.425357618780316e-05
2399,2.2245826721191406,9599.000058315838,16338.205852985382,4.421526425258739e-05
2400,2.257488250732422,9603.000058315838,16344.923694610596,4.417695575963493e-05
2401,2.1390879154205322,9607.000058315838,16351.999700069427,4.4138650731740794e-05
2402,2.2511167526245117,9611.000058315838,16357.228418827057,4.4100349191698e-05
2403,2.3202695846557617,9615.000058315838,16364.368618488312,4.4062051162297475e-05
2404,2.3176026344299316,9619.000058315838,16370.840638875961,4.402375666632802e-05
2405,2.277993679046631,9623.000058315838,16376.674604415894,4.398546572657636e-05
2406,2.2156713008880615,9627.000058315838,16382.716042280197,4.394717836582715e-05
2407,2.070005178451538,9631.000058315838,16390.145010709763,4.390889460686281e-05
2408,2.1999974250793457,9635.000058315838,16395.367055416107,4.387061447246371e-05
2409,2.327536106109619,9639.000058315838,16403.065056800842,4.383233798540803e-05
2410,1.9227252006530762,9643.000058315838,16407.951288223267,4.379406516847175e-05
2411,2.2485098838806152,9647.000058315838,16414.518983364105,4.375579604442871e-05
2412,2.3909788131713867,9651.000058315838,16422.229499578476,4.3717530636050537e-05
2413,2.36545991897583,9655.000058315838,16429.9158782959,4.367926896610666e-05
2414,2.1220645904541016,9659.000058315838,16435.872048139572,4.364101105736428e-05
2415,2.1975839138031006,9663.000058315838,16443.43253159523,4.36027569325883e-05
2416,2.2247719764709473,9667.000058315838,16448.75272989273,4.356450661454148e-05
2417,2.2528045177459717,9671.000058315838,16457.239152431488,4.352626012598421e-05
2418,2.2283973693847656,9675.000058315838,16463.80508708954,4.3488017489674674e-05
2419,1.9223155975341797,9679.000058315838,16468.665673971176,4.344977872836876e-05
2420,2.4015917778015137,9683.000058315838,16476.76895213127,4.341154386481997e-05
2421,2.2652463912963867,9687.000058315838,16483.75688958168,4.3373312921779586e-05
2422,2.056520700454712,9691.000058315838,16489.94057250023,4.3335085921996525e-05
2423,2.4205541610717773,9695.000058315838,16497.611902713776,4.329686288821731e-05
2424,2.2225427627563477,9699.000058315838,16505.402277469635,4.325864384318616e-05
2425,2.4609224796295166,9703.000058315838,16512.69203352928,4.322042880964492e-05
2426,2.359863758087158,9707.000058315838,16519.47677373886,4.3182217810333e-05
2427,2.033033847808838,9711.000058315838,16524.593276500702,4.314401086798748e-05
2428,2.2556800842285156,9715.000058315838,16531.45847606659,4.310580800534295e-05
2429,2.1698148250579834,9719.000058315838,16538.977274894714,4.306760924513165e-05
2430,2.2709157466888428,9723.000058315838,16545.033882379532,4.30294146100833e-05
2431,2.2106733322143555,9727.000058315838,16552.734434843063,4.2991224122925204e-05
2432,2.251765727996826,9731.000058315838,16559.85330057144,4.295303780638224e-05
2433,2.393601417541504,9735.000058315838,16565.974575281143,4.291485568317671e-05
2434,2.1643829345703125,9739.000058315838,16572.234742879868,4.2876677776028485e-05
2435,2.446300983428955,9743.000058315838,16578.74710559845,4.2838504107654944e-05
2436,2.1775498390197754,9747.000058315838,16584.477539777756,4.280033470077088e-05
2437,2.2081427574157715,9751.000058315838,16592.144377470016,4.27621695780886e-05
2438,2.08408522605896,9755.000058315838,16597.73250102997,4.272400876231787e-05
2439,2.2708377838134766,9759.000058315838,16604.53281879425,4.268585227616583e-05
2440,2.0886712074279785,9763.000058315838,16610.14765405655,4.2647700142337085e-05
2441,2.2993435859680176,9767.000058315838,16616.15800189972,4.260955238353367e-05
2442,2.2031397819519043,9771.000058315838,16624.391463041306,4.2571409022455e-05
2443,2.3570556640625,9775.000058315838,16630.63207912445,4.253327008179785e-05
2444,2.4598844051361084,9779.000058315838,16638.96849012375,4.249513558425638e-05
2445,2.114647388458252,9783.000058315838,16646.204028606415,4.245700555252214e-05
2446,2.116201639175415,9787.000058315838,16653.523690223694,4.241888000928395e-05
2447,1.9394398927688599,9791.000058315838,16660.146199703217,4.238075897722802e-05
2448,2.1846556663513184,9795.000058315838,16668.42506337166,4.234264247903787e-05
2449,2.252267837524414,9799.000058315838,16675.9230093956,4.2304530537394283e-05
2450,2.2291388511657715,9803.000058315838,16683.350569486618,4.226642317497538e-05
2451,2.347604990005493,9807.000058315838,16688.855902194977,4.222832041445654e-05
2452,2.4534268379211426,9811.000058315838,16695.479967832565,4.219022227851036e-05
2453,2.3965272903442383,9815.000058315838,16700.93098592758,4.2152128789806747e-05
2454,2.352362871170044,9819.000058315838,16708.481551647186,4.211403997101284e-05
2455,1.9527428150177002,9823.000058315838,16714.693244934082,4.207595584479292e-05
2456,1.9681613445281982,9827.000058315838,16721.94377017021,4.203787643380858e-05
2457,2.1007375717163086,9831.000058315838,16728.213238954544,4.199980176071855e-05
2458,2.103790760040283,9835.000058315838,16734.147423028946,4.196173184817875e-05
2459,2.4252138137817383,9839.000058315838,16742.01241350174,4.192366671884227e-05
2460,2.254222869873047,9843.000058315838,16747.71128821373,4.1885606395359344e-05
2461,2.328580856323242,9847.000058315838,16754.459090471268,4.184755090037738e-05
2462,2.30411434173584,9851.000058315838,16761.125462293625,4.1809500256540855e-05
2463,2.4061713218688965,9855.000058315838,16766.371379852295,4.177145448649141e-05
2464,2.342050313949585,9859.000058315838,16773.10093808174,4.173341361286777e-05
2465,2.15179705619812,9863.000058315838,16779.14465713501,4.169537765830573e-05
2466,2.253871440887451,9867.000058315838,16787.05005288124,4.1657346645438175e-05
2467,2.1901419162750244,9871.000058315838,16795.427565336227,4.161932059689506e-05
2468,2.251420021057129,9875.000058315838,16802.620432138443,4.158129953530337e-05
2469,2.1943931579589844,9879.000058315838,16809.16425037384,4.1543283483287116e-05
2470,2.2365565299987793,9883.000058315838,16815.111266851425,4.150527246346734e-05
2471,1.8594393730163574,9887.000058315838,16820.75698375702,4.14672664984621e-05
2472,2.2613513469696045,9891.000058315838,16827.289244413376,4.142926561088641e-05
2473,2.03898549079895,9895.000058315838,16835.29891681671,4.13912698233523e-05
2474,2.136143445968628,9899.000058315838,16842.488421440125,4.135327915846878e-05
2475,2.3773856163024902,9903.000058315838,16849.454584121704,4.1315293638841724e-05
2476,2.234116792678833,9907.000058315838,16855.733986377716,4.1277313287074036e-05
2477,2.229869842529297,9911.000058315838,16861.081896543503,4.1239338125765535e-05
2478,2.153787612915039,9915.000058315838,16868.392255544662,4.120136817751288e-05
2479,2.164637327194214,9919.000058315838,16873.29785990715,4.11634034649097e-05
2480,2.375500202178955,9923.000058315838,16880.47270011902,4.11254440105465e-05
2481,2.1743366718292236,9927.000058315838,16887.262660503387,4.1087489837010615e-05
2482,2.2835774421691895,9931.000058315838,16893.96745467186,4.1049540966886276e-05
2483,2.2362289428710938,9935.000058315838,16901.234651327133,4.1011597422754555e-05
2484,2.341062307357788,9939.000058315838,16907.99061703682,4.0973659227193364e-05
2485,2.2989964485168457,9943.000058315838,16913.12012887001,4.0935726402777366e-05
2486,2.3855385780334473,9947.000058315838,16920.25094270706,4.0897798972078105e-05
2487,2.236588716506958,9951.000058315838,16928.06756877899,4.08598769576639e-05
2488,2.1502859592437744,9955.000058315838,16934.908074617386,4.08219603820998e-05
2489,2.288132667541504,9959.000058315838,16942.859926700592,4.0784049267947674e-05
2490,2.3817267417907715,9963.000058315838,16949.013864040375,4.074614363776612e-05
2491,2.1298930644989014,9967.000058315838,16955.12561774254,4.070824351411047e-05
2492,2.232422351837158,9971.000058315838,16963.048511743546,4.0670348919532775e-05
2493,2.2582857608795166,9975.000058315838,16969.3575258255,4.063245987658183e-05
2494,2.136692762374878,9979.000058315838,16976.07611823082,4.059457640780306e-05
2495,2.280629873275757,9983.000058315838,16983.26199579239,4.055669853573863e-05
2496,2.265336513519287,9987.000058315838,16990.395461320877,4.051882628292737e-05
2497,2.1718642711639404,9991.000058315838,16996.408109903336,4.048095967190472e-05
2498,2.5031375885009766,9995.000058315838,17003.97172141075,4.044309872520282e-05
2499,2.2274222373962402,9999.000058315838,17010.314980745316,4.0405243465350416e-05
2500,2.36269211769104,10003.000058315838,17018.161548376083,4.036739391487288e-05
2501,2.1492130756378174,10007.000058315838,17025.179299116135,4.032955009629215e-05
2502,2.245205879211426,10011.000058315838,17032.22705245018,4.0291712032126786e-05
2503,1.9901306629180908,10015.000058315838,17037.866859674454,4.025387974489194e-05
2504,2.132209300994873,10019.000058315838,17042.965216875076,4.021605325709929e-05
2505,2.2062230110168457,10023.000058315838,17047.757893800735,4.017823259125705e-05
2506,2.3038830757141113,10027.000058315838,17052.916392326355,4.014041776987007e-05
2507,2.105691432952881,10031.000058315838,17058.634831428528,4.0102608815439574e-05
2508,2.0217535495758057,10035.000058315838,17064.522125959396,4.0064805750463395e-05
2509,2.2674927711486816,10039.000058315838,17070.59738469124,4.002700859743586e-05
2510,2.37412166595459,10043.000058315838,17076.718458652496,3.998921737884772e-05
2511,2.2632834911346436,10047.000058315838,17083.385731220245,3.9951432117186255e-05
2512,1.896328091621399,10051.000058315838,17088.116387605667,3.9913652834935154e-05
2513,2.3463807106018066,10055.000058315838,17095.153918266296,3.987587955457461e-05
2514,2.0866100788116455,10059.000058315838,17102.064235448837,3.983811229858114e-05
2515,2.1496798992156982,10063.000058315838,17107.851623296738,3.980035108942779e-05
2516,1.9081501960754395,10067.000058315838,17112.647042751312,3.976259594958397e-05
2517,2.339954376220703,10071.000058315838,17120.204309940338,3.9724846901515416e-05
2518,2.1245603561401367,10075.000058315838,17127.21204805374,3.968710396768432e-05
2519,2.0771031379699707,10079.000058315838,17132.866820812225,3.9649367170549206e-05
2520,2.1033549308776855,10083.000058315838,17138.959877490997,3.9611636532564936e-05
2521,2.048387050628662,10087.000058315838,17143.83395242691,3.957391207618271e-05
2522,2.5739564895629883,10091.000058315838,17150.874922275543,3.953619382385008e-05
2523,1.9690194129943848,10095.000058315838,17157.290741443634,3.949848179801087e-05
2524,2.09552001953125,10099.000058315838,17163.832327365875,3.94607760211052e-05
2525,2.2470743656158447,10103.000058315838,17172.128014087677,3.942307651556953e-05
2526,2.3554701805114746,10107.000058315838,17179.3121240139,3.938538330383648e-05
2527,2.455697536468506,10111.000058315838,17186.08221244812,3.934769640833502e-05
2528,2.548792600631714,10115.000058315838,17192.845413684845,3.931001585149032e-05
2529,2.186466932296753,10119.000058315838,17199.87097644806,3.927234165572382e-05
2530,2.1929566860198975,10123.000058315838,17205.630038261414,3.9234673843453086e-05
2531,2.1349902153015137,10127.000058315838,17213.210023880005,3.9197012437091976e-05
2532,2.199758768081665,10131.000058315838,17219.14706516266,3.915935745905051e-05
2533,2.0813801288604736,10135.000058315838,17225.699627399445,3.9121708931734836e-05
2534,2.2542824745178223,10139.000058315838,17233.437437057495,3.9084066877547324e-05
2535,2.012389659881592,10143.000058315838,17240.60968852043,3.904643131888648e-05
2536,2.239664077758789,10147.000058315838,17249.46588563919,3.9008802278146914e-05
2537,2.130507230758667,10151.000058315838,17257.07359623909,3.89711797777194e-05
2538,2.1216723918914795,10155.000058315838,17264.557713747025,3.8933563839990805e-05
2539,2.028489112854004,10159.000058315838,17271.103628873825,3.889595448734404e-05
2540,2.071261405944824,10163.000058315838,17278.352317094803,3.885835174215818e-05
2541,2.167332649230957,10167.000058315838,17284.641287088394,3.882075562680832e-05
2542,2.0887861251831055,10171.000058315838,17292.972452640533,3.878316616366565e-05
2543,2.304150104522705,10175.000058315838,17300.007617235184,3.8745583375097316e-05
2544,2.257751941680908,10179.000058315838,17307.36319065094,3.8708007283466584e-05
2545,2.122593402862549,10183.000058315838,17313.52255153656,3.867043791113271e-05
2546,2.232459783554077,10187.000058315838,17320.075077533722,3.863287528045091e-05
2547,2.431126117706299,10191.000058315838,17327.38481760025,3.8595319413772435e-05
2548,2.3651483058929443,10195.000058315838,17334.641063690186,3.855777033344452e-05
2549,2.118581771850586,10199.000058315838,17340.185814619064,3.852022806181029e-05
2550,2.121462821960449,10203.000058315838,17346.17543077469,3.84826926212089e-05
2551,2.1404471397399902,10207.000058315838,17351.45165348053,3.8445164033975424e-05
2552,2.108933210372925,10211.000058315838,17357.830490350723,3.840764232244079e-05
2553,2.3007001876831055,10215.000058315838,17363.688053131104,3.837012750893191e-05
2554,2.1102712154388428,10219.000058315838,17369.590353012085,3.833261961577158e-05
2555,2.1009135246276855,10223.000058315838,17376.327416419983,3.829511866527844e-05
2556,2.0889759063720703,10227.000058315838,17383.665693998337,3.825762467976706e-05
2557,2.321347713470459,10231.000058315838,17391.15288066864,3.8220137681547786e-05
2558,2.0690131187438965,10235.000058315838,17397.82150745392,3.818265769292688e-05
2559,2.0086989402770996,10239.000058315838,17404.374668836594,3.8145184736206396e-05
2560,1.9163950681686401,10243.000058315838,17410.288850545883,3.81077188336842e-05
2561,2.066060781478882,10247.000058315838,17416.889251232147,3.807026000765401e-05
2562,2.3134446144104004,10251.000058315838,17422.348383665085,3.803280828040524e-05
2563,2.126936674118042,10255.000058315838,17428.23175263405,3.799536367422315e-05
2564,2.325873613357544,10259.000058315838,17434.59339404106,3.7957926211388784e-05
2565,2.2422235012054443,10263.000058315838,17441.5016310215,3.792049591417885e-05
2566,2.1606836318969727,10267.000058315838,17447.123738765717,3.788307280486586e-05
2567,2.4597606658935547,10271.000058315838,17453.887039661407,3.7845656905718035e-05
2568,2.1294474601745605,10275.000058315838,17459.43013548851,3.780824823899929e-05
2569,2.2237401008605957,10279.000058315838,17466.55163025856,3.777084682696925e-05
2570,2.0645906925201416,10283.000058315838,17472.19245481491,3.7733452691883226e-05
2571,2.178365707397461,10287.000058315838,17479.63951086998,3.769606585599221e-05
2572,1.935563564300537,10291.000058315838,17486.192977428436,3.765868634154278e-05
2574,2.5050880908966064,10299.000058315838,17499.752285003662,3.758394936593353e-05
2575,2.035792827606201,10303.000058315838,17505.881217718124,3.754659194924511e-05
2576,2.2007784843444824,10307.000058315838,17512.510699510574,3.750924194294114e-05
2577,2.053037643432617,10311.000058315838,17519.06234240532,3.747189936924634e-05
2578,2.029381275177002,10315.000058315838,17526.25882434845,3.7434564250380985e-05
2579,2.404228925704956,10319.000058315838,17531.87659931183,3.739723660856094e-05
2580,2.2765579223632812,10323.000058315838,17538.479029417038,3.735991646599764e-05
2581,2.225069999694824,10327.000058315838,17545.440761327744,3.732260384489798e-05
2582,2.5590598583221436,10331.000058315838,17553.393510580063,3.728529876746446e-05
2583,2.245225667953491,10335.000058315838,17559.327858686447,3.7248001255895066e-05
2584,2.339789867401123,10339.000058315838,17567.62197494507,3.721071133238329e-05
2585,2.227569103240967,10343.000058315838,17574.67042350769,3.7173429019118054e-05
2586,2.218357563018799,10347.000058315838,17581.63806772232,3.713615433828382e-05
2587,2.3565711975097656,10351.000058315838,17589.14678788185,3.70988873120605e-05
2588,2.153008460998535,10355.000058315838,17597.08673644066,3.70616279626234e-05
2589,2.140627384185791,10359.000058315838,17603.910724639893,3.70243763121433e-05
2590,2.245870351791382,10363.000058315838,17611.10466527939,3.6987132382786404e-05
2591,2.1089184284210205,10367.000058315838,17617.772703886032,3.69498961967143e-05
2592,2.351703405380249,10371.000058315838,17624.158270835876,3.691266777608398e-05
2593,2.2705891132354736,10375.000058315838,17630.635620594025,3.687544714304783e-05
2594,2.392451286315918,10379.000058315838,17637.659456968307,3.6838234319753544e-05
2595,2.1380748748779297,10383.000058315838,17644.699318885803,3.6801029328344226e-05
2596,2.0529541969299316,10387.000058315838,17651.098355531693,3.6763832190958336e-05
2597,2.2199554443359375,10391.000058315838,17657.131772756577,3.672664292972957e-05
2598,2.144496202468872,10395.000058315838,17663.66276907921,3.668946156678702e-05
2599,1.8756747245788574,10399.000058315838,17669.533029556274,3.665228812425506e-05
2600,2.2175025939941406,10403.000058315838,17675.746128082275,3.6615122624253356e-05
2601,2.213214159011841,10407.000058315838,17683.878467082977,3.65779650888968e-05
2602,2.3651866912841797,10411.000058315838,17688.72202372551,3.654081554029561e-05
2603,2.2143397331237793,10415.000058315838,17696.81899166107,3.650367400055522e-05
2604,2.337987184524536,10419.000058315838,17704.637032032013,3.646654049177628e-05
2605,2.1219096183776855,10423.000058315838,17710.406832933426,3.642941503605469e-05
2606,2.063394069671631,10427.000058315838,17715.857453346252,3.639229765548158e-05
2607,2.078097343444824,10431.000058315838,17722.25941824913,3.63551883721432e-05
2608,2.425750494003296,10435.000058315838,17730.023630142212,3.6318087208121035e-05
2609,2.1530139446258545,10439.000058315838,17736.558303117752,3.628099418549176e-05
2610,2.0236010551452637,10443.000058315838,17742.908831357956,3.6243909326327146e-05
2611,2.1417877674102783,10447.000058315838,17750.75284576416,3.6206832652694154e-05
2612,2.2337100505828857,10451.000058315838,17758.054634332657,3.6169764186654845e-05
2613,2.3537023067474365,10455.000058315838,17765.417341947556,3.6132703950266425e-05
2614,2.1922178268432617,10459.000058315838,17772.902653694153,3.609565196558116e-05
2615,2.2567598819732666,10463.000058315838,17778.687036514282,3.605860825464644e-05
2616,2.1868462562561035,10467.000058315838,17785.56716775894,3.602157283950475e-05
2617,2.363719940185547,10471.000058315838,17792.570550203323,3.598454574219358e-05
2618,2.415092706680298,10475.000058315838,17799.374609470367,3.5947526984745514e-05
2619,2.2976250648498535,10479.000058315838,17805.9410302639,3.5910516589188175e-05
2620,2.3534419536590576,10483.000058315838,17814.18879032135,3.587351457754417e-05
2621,1.9357426166534424,10487.000058315838,17821.50796175003,3.583652097183116e-05
2622,2.2366325855255127,10491.000058315838,17827.556230306625,3.579953579406179e-05
2623,2.2073183059692383,10495.000058315838,17833.8258831501,3.576255906624369e-05
2624,2.1406147480010986,10499.000058315838,17840.120224952698,3.5725590810379455e-05
2625,2.052908182144165,10503.000058315838,17847.275944948196,3.5688631048466663e-05
2626,2.4254088401794434,10507.000058315838,17854.514981269836,3.565167980249779e-05
2627,2.1165454387664795,10511.000058315838,17862.21768260002,3.561473709446029e-05
2628,1.9368500709533691,10515.000058315838,17869.279384613037,3.557780294633652e-05
2629,2.320363998413086,10519.000058315838,17876.15506339073,3.554087738010376e-05
2630,2.065572500228882,10523.000058315838,17883.053430318832,3.550396041773414e-05
2631,2.2557475566864014,10527.000058315838,17891.525107622147,3.546705208119471e-05
2632,2.065471887588501,10531.000058315838,17898.110213518143,3.543015239244739e-05
2633,2.29278302192688,10535.000058315838,17905.27335858345,3.5393261373448904e-05
2634,2.3487021923065186,10539.000058315838,17913.10508084297,3.5356379046150876e-05
2635,2.3073434829711914,10543.000058315838,17920.34262895584,3.531950543249976e-05
2636,2.3408327102661133,10547.000058315838,17927.657399892807,3.5282640554436755e-05
2637,2.224041700363159,10551.000058315838,17935.915402412415,3.524578443389792e-05
2638,1.9278793334960938,10555.000058315838,17942.548593521118,3.5208937092814125e-05
2639,2.526071071624756,10559.000058315838,17949.68812942505,3.5172098553110925e-05
2640,2.1032116413116455,10563.000058315838,17957.277957439423,3.513526883670872e-05
2641,2.2506651878356934,10567.000058315838,17962.203728199005,3.509844796552263e-05
2642,2.0400195121765137,10571.000058315838,17968.15328836441,3.506163596146254e-05
2643,2.0060439109802246,10575.000058315838,17974.523223400116,3.5024832846433e-05
2644,2.043339490890503,10579.000058315838,17980.743780851364,3.4988038642333316e-05
2645,2.234243392944336,10583.000058315838,17987.858303546906,3.495125337105749e-05
2646,2.343475818634033,10587.000058315838,17995.095781326294,3.491447705449418e-05
2647,2.1149239540100098,10591.000058315838,18001.540777921677,3.487770971452675e-05
2648,2.1466174125671387,10595.000058315838,18009.8371257782,3.4840951373033215e-05
2649,2.023026943206787,10599.000058315838,18015.903448581696,3.4804202051886196e-05
2650,2.335232973098755,10603.000058315838,18023.151575803757,3.4767461772952986e-05
2651,2.118401050567627,10607.000058315838,18029.201156377792,3.473073055809553e-05
2652,2.131524085998535,10611.000058315838,18036.22624206543,3.4694008429170295e-05
2653,2.082232713699341,10615.000058315838,18043.39563369751,3.465729540802839e-05
2654,2.134981632232666,10619.000058315838,18050.660589933395,3.462059151651552e-05
2655,2.155101776123047,10623.000058315838,18057.41001200676,3.4583896776471926e-05
2656,2.3279497623443604,10627.000058315838,18064.265823602676,3.4547211209732415e-05
2657,2.0860443115234375,10631.000058315838,18069.85876274109,3.4510534838126336e-05
2658,2.073117971420288,10635.000058315838,18075.83091878891,3.4473867683477585e-05
2659,2.0061609745025635,10639.000058315838,18082.78968977928,3.443720976760452e-05
2660,2.0816972255706787,10643.000058315838,18090.534150600433,3.4400561112320056e-05
2661,2.2923104763031006,10647.000058315838,18098.02269077301,3.436392173943159e-05
2662,2.2801733016967773,10651.000058315838,18105.772713661194,3.432729167074095e-05
2663,2.1734657287597656,10655.000058315838,18112.67719745636,3.429067092804449e-05
2664,1.8778941631317139,10659.000058315838,18120.42139649391,3.425405953313298e-05
2665,2.158458709716797,10663.000058315838,18126.363221406937,3.421745750779162e-05
2666,2.116391181945801,10667.000058315838,18132.67511820793,3.418086487380007e-05
2667,2.2021491527557373,10671.000058315838,18139.56062722206,3.414428165293238e-05
2668,2.2238211631774902,10675.000058315838,18148.07061457634,3.410770786695696e-05
2669,1.9957759380340576,10679.000058315838,18154.247468471527,3.4071143537636685e-05
2670,2.366636276245117,10683.000058315838,18162.389566659927,3.4034588686728745e-05
2671,2.1294994354248047,10687.000058315838,18168.227571487427,3.399804333598473e-05
2672,2.472921371459961,10691.000058315838,18176.508979558945,3.396150750715052e-05
2673,2.211153984069824,10695.000058315838,18183.96438932419,3.3924981221966386e-05
2674,2.307439088821411,10699.000058315838,18190.977798223495,3.388846450216691e-05
2675,2.3814542293548584,10703.000058315838,18198.12902188301,3.385195736948094e-05
2676,2.228207588195801,10707.000058315838,18205.115842342377,3.381545984563165e-05
2677,2.341834545135498,10711.000058315838,18211.96270942688,3.377897195233653e-05
2678,2.3490450382232666,10715.000058315838,18219.53252696991,3.3742493711307266e-05
2679,2.183079242706299,10719.000058315838,18226.859417915344,3.370602514424986e-05
2680,2.330143451690674,10723.000058315838,18233.097521305084,3.366956627286456e-05
2681,2.1429271697998047,10727.000058315838,18240.947847127914,3.363311711884578e-05
2682,1.7961407899856567,10731.000058315838,18247.11201119423,3.3596677703882204e-05
2683,2.0735950469970703,10735.000058315838,18253.086924552917,3.356024804965672e-05
2684,2.143908739089966,10739.000058315838,18258.75756263733,3.352382817784642e-05
2685,2.334757089614868,10743.000058315838,18265.696155548096,3.3487418110122506e-05
2686,2.346165418624878,10747.000058315838,18273.18546819687,3.345101786815043e-05
2687,2.2427730560302734,10751.000058315838,18280.94504594803,3.3414627473589745e-05
2688,2.065056085586548,10755.000058315838,18288.48145699501,3.337824694809417e-05
2689,2.1322672367095947,10759.000058315838,18295.480273723602,3.334187631331153e-05
2690,2.4006481170654297,10763.000058315838,18302.54371213913,3.33055155908838e-05
2691,1.9737141132354736,10767.000058315838,18310.101114034653,3.3269164802447015e-05
2692,2.160496950149536,10771.000058315838,18316.684928655624,3.323282396963131e-05
2693,1.979177713394165,10775.000058315838,18323.81622838974,3.319649311406094e-05
2694,2.2365124225616455,10779.000058315838,18330.172400712967,3.316017225735414e-05
2695,2.4993066787719727,10783.000058315838,18337.977675437927,3.312386142112326e-05
2696,2.5128896236419678,10787.000058315838,18344.5158867836,3.3087560626974684e-05
2697,2.010653018951416,10791.000058315838,18349.927719831467,3.3051269896508794e-05
2698,2.1192002296447754,10795.000058315838,18358.598789691925,3.301498925132e-05
2699,2.0831222534179688,10799.000058315838,18365.765816688538,3.297871871299669e-05
2700,2.345991373062134,10803.000058315838,18374.040067911148,3.294245830312128e-05
2701,2.175330877304077,10807.000058315838,18379.83642268181,3.290620804327011e-05
2702,2.33866548538208,10811.000058315838,18387.336965322495,3.286996795501352e-05
2703,2.217723846435547,10815.000058315838,18394.398631334305,3.28337380599158e-05
2704,2.1035995483398438,10819.000058315838,18401.71371436119,3.2797518379535096e-05
2705,2.2229464054107666,10823.000058315838,18409.784373521805,3.276130893542359e-05
2706,2.114161968231201,10827.000058315838,18417.698380708694,3.2725109749127323e-05
2707,2.389457941055298,10831.000058315838,18423.729773521423,3.2688920842186183e-05
2708,2.0752594470977783,10835.000058315838,18430.744865179062,3.265274223613401e-05
2709,2.5131778717041016,10839.000058315838,18438.713267087936,3.261657395249851e-05
2710,2.4482789039611816,10843.000058315838,18447.106437444687,3.2580416012801196e-05
2711,2.2107675075531006,10847.000058315838,18454.109162330627,3.254426843855747e-05
2712,2.3520147800445557,10851.000058315838,18461.00155377388,3.2508131251276565e-05
2713,2.007336378097534,10855.000058315838,18466.67841076851,3.247200447246153e-05
2714,2.1640472412109375,10859.000058315838,18472.70187020302,3.243588812360917e-05
2715,2.30755877494812,10863.000058315838,18479.28023338318,3.239978222621017e-05
2716,2.1879961490631104,10867.000058315838,18486.507434606552,3.236368680174895e-05
2717,2.4251697063446045,10871.000058315838,18492.921700000763,3.2327601871703664e-05
2718,2.0951595306396484,10875.000058315838,18499.94787502289,3.229152745754629e-05
2719,2.088047504425049,10879.000058315838,18505.445372581482,3.2255463580742514e-05
2720,2.287464141845703,10883.000058315838,18511.067230701447,3.221941026275175e-05
2721,2.1300406455993652,10887.000058315838,18518.2820084095,3.218336752502712e-05
2722,2.046795606613159,10891.000058315838,18523.507072925568,3.214733538901551e-05
2723,2.1704888343811035,10895.000058315838,18530.464303016663,3.21113138761574e-05
2724,2.0511579513549805,10899.000058315838,18537.51789331436,3.207530300788701e-05
2725,1.9607930183410645,10903.000058315838,18544.68836236,3.203930280563226e-05
2726,1.8778047561645508,10907.000058315838,18549.85203886032,3.200331329081462e-05
2727,2.249081611633301,10911.000058315838,18556.644083738327,3.19673344848493e-05
2728,2.030820846557617,10915.000058315838,18564.042078733444,3.193136640914508e-05
2729,2.1004981994628906,10919.000058315838,18570.242384433746,3.18954090851044e-05
2730,2.13148832321167,10923.000058315838,18576.820142269135,3.1859462534123233e-05
2731,2.0434467792510986,10927.000058315838,18584.168664693832,3.182352677759121e-05
2732,2.4741015434265137,10931.000058315838,18591.68956232071,3.178760183689152e-05
2733,2.427258253097534,10935.000058315838,18598.726212978363,3.175168773340089e-05
2734,2.277996778488159,10939.000058315838,18605.941635370255,3.1715784488489635e-05
2735,2.028761863708496,10943.000058315838,18613.31575679779,3.16798921235216e-05
2736,2.1733875274658203,10947.000058315838,18619.93981361389,3.1644010659854114e-05
2737,2.2423312664031982,10951.000058315838,18625.775076389313,3.160814011883807e-05
2738,2.004516124725342,10955.000058315838,18630.81599855423,3.1572280521817874e-05
2739,2.189342498779297,10959.000058315838,18637.523977279663,3.153643189013133e-05
2740,2.256077766418457,10963.000058315838,18646.388637781143,3.150059424510982e-05
2741,2.2542943954467773,10967.000058315838,18651.794459581375,3.146476760807813e-05
2742,2.3717074394226074,10971.000058315838,18658.73801970482,3.142895200035453e-05
2743,2.38991641998291,10975.000058315838,18666.222814321518,3.1393147443250686e-05
2744,2.241708993911743,10979.000058315838,18672.957120895386,3.135735395807172e-05
2745,2.044224739074707,10983.000058315838,18680.00210738182,3.132157156611619e-05
2746,2.213832378387451,10987.000058315838,18687.299157857895,3.128580028867596e-05
2747,2.277688980102539,10991.000058315838,18694.657059192657,3.125004014703637e-05
2748,2.154196262359619,10995.000058315838,18701.956733942032,3.121429116247613e-05
2749,2.281057119369507,10999.000058315838,18708.468394756317,3.117855335626724e-05
2750,2.351820230484009,11003.000058315838,18715.865790367126,3.1142826749675116e-05
2751,2.2087016105651855,11007.000058315838,18721.55543065071,3.1107111363958506e-05
2752,1.906421422958374,11011.000058315838,18727.529857873917,3.1071407220369426e-05
2753,2.121532917022705,11015.000058315838,18734.82958817482,3.1035714340153256e-05
2754,1.9862539768218994,11019.000058315838,18742.244521141052,3.100003274454867e-05
2755,2.255615472793579,11023.000058315838,18749.56772017479,3.096436245478761e-05
2756,2.3260791301727295,11027.000058315838,18757.61129307747,3.092870349209527e-05
2757,2.2824554443359375,11031.000058315838,18763.464676618576,3.0893055877690154e-05
2758,2.0909247398376465,11035.000058315838,18771.241132497787,3.0857419632784006e-05
2759,2.2184550762176514,11039.000058315838,18777.262734651566,3.0821794778581735e-05
2760,2.08756685256958,11043.000058315838,18783.203840494156,3.0786181336281555e-05
2761,2.014484167098999,11047.000058315838,18789.759879350662,3.075057932707488e-05
2762,2.232408046722412,11051.000058315838,18797.142432451248,3.071498877214625e-05
2763,2.2812697887420654,11055.000058315838,18802.13737344742,3.067940969267347e-05
2764,1.9226163625717163,11059.000058315838,18809.507635831833,3.06438421098275e-05
2765,2.138455390930176,11063.000058315838,18816.554376125336,3.06082860447724e-05
2766,2.1596572399139404,11067.000058315838,18824.069347143173,3.057274151866545e-05
2767,2.0495340824127197,11071.000058315838,18831.037368535995,3.053720855265705e-05
2768,2.118133783340454,11075.000058315838,18838.193167448044,3.0501687167890676e-05
2769,2.0959863662719727,11079.000058315838,18846.612001657486,3.0466177385502943e-05
2770,2.0615577697753906,11083.000058315838,18853.693657159805,3.043067922662358e-05
2771,2.1126797199249268,11087.000058315838,18860.02055120468,3.0395192712375395e-05
2772,2.0211658477783203,11091.000058315838,18868.330638170242,3.0359717863874205e-05
2773,2.055809497833252,11095.000058315838,18875.033179998398,3.0324254702228966e-05
2774,2.280618667602539,11099.000058315838,18880.681924819946,3.0288803248541658e-05
2775,2.1030185222625732,11103.000058315838,18887.81816458702,3.025336352390726e-05
2776,2.156254529953003,11107.000058315838,18893.29637002945,3.0217935549413796e-05
2777,2.0738887786865234,11111.000058315838,18900.977473020554,3.018251934614234e-05
2778,2.3302650451660156,11115.000058315838,18908.401718854904,3.0147114935166864e-05
2779,2.2626214027404785,11119.000058315838,18915.534972906113,3.0111722337554395e-05
2780,1.990557312965393,11123.000058315838,18920.392194986343,3.007634157436495e-05
2781,1.9582035541534424,11127.000058315838,18925.903800725937,3.0040972666651422e-05
2782,2.1653788089752197,11131.000058315838,18931.985545873642,3.000561563545971e-05
2783,2.3333017826080322,11135.000058315838,18937.683544635773,2.9970270501828642e-05
2784,2.1355037689208984,11139.000058315838,18942.409582853317,2.9934937286789955e-05
2785,2.1486783027648926,11143.000058315838,18949.43536758423,2.9899616011368298e-05
2786,2.228619337081909,11147.000058315838,18957.05891251564,2.9864306696581194e-05
2787,2.176136016845703,11151.000058315838,18963.8766143322,2.982900936343909e-05
2788,1.9840360879898071,11155.000058315838,18970.642662525177,2.979372403294526e-05
2789,2.2759621143341064,11159.000058315838,18978.873146533966,2.9758450726095876e-05
2790,2.1890909671783447,11163.000058315838,18986.177908182144,2.9723189463879945e-05
2791,2.1554083824157715,11167.000058315838,18991.47914624214,2.9687940267279265e-05
2792,2.1448161602020264,11171.000058315838,18998.549576044083,2.9652703157268505e-05
2793,1.9967517852783203,11175.000058315838,19004.74523997307,2.9617478154815158e-05
2794,2.231804609298706,11179.000058315838,19012.271639823914,2.9582265280879423e-05
2795,2.026209592819214,11183.000058315838,19019.085470676422,2.954706455641436e-05
2796,1.8614273071289062,11187.000058315838,19026.321135520935,2.95118760023658e-05
2797,2.2582767009735107,11191.000058315838,19033.05102777481,2.947669963967228e-05
2798,2.2749288082122803,11195.000058315838,19040.85586476326,2.9441535489265128e-05
2799,2.339535713195801,11199.000058315838,19047.519681930542,2.9406383572068394e-05
2800,2.1225745677948,11203.000058315838,19054.665062904358,2.937124390899886e-05
2801,2.4329633712768555,11207.000058315838,19063.045395612717,2.933611652096596e-05
2802,2.306662082672119,11211.000058315838,19069.60362124443,2.930100142887189e-05
2803,2.338517904281616,11215.000058315838,19076.7860789299,2.9265898653611515e-05
2804,2.128596544265747,11219.000058315838,19083.79205775261,2.923080821607234e-05
2805,2.204916477203369,11223.000058315838,19090.741148233414,2.919573013713455e-05
2806,2.144334077835083,11227.000058315838,19097.204586029053,2.916066443767101e-05
2807,2.295820713043213,11231.000058315838,19104.55656695366,2.9125611138547134e-05
2808,2.226032257080078,11235.000058315838,19111.489771842957,2.909057026062103e-05
2809,2.29927396774292,11239.000058315838,19119.03200864792,2.905554182474342e-05
2810,2.172379493713379,11243.000058315838,19126.00627207756,2.9020525851757544e-05
2811,2.3500494956970215,11247.000058315838,19134.339060544968,2.89855223624993e-05
2812,2.023501396179199,11251.000058315838,19141.041606664658,2.895053137779714e-05
2813,2.153900623321533,11255.000058315838,19146.4501850605,2.8915552918472065e-05
2814,2.164013624191284,11259.000058315838,19152.88903093338,2.8880587005337636e-05
2815,2.1566905975341797,11263.000058315838,19158.201638936996,2.884563365919993e-05
2816,2.187591314315796,11267.000058315838,19165.40949010849,2.8810692900857578e-05
2817,1.9676103591918945,11271.000058315838,19172.33470106125,2.8775764751101663e-05
2818,2.25888991355896,11275.000058315838,19179.308881521225,2.8740849230715825e-05
2819,1.9557628631591797,11279.000058315838,19186.662050247192,2.870594636047618e-05
2820,2.2783238887786865,11283.000058315838,19194.196497678757,2.8671056161151264e-05
2821,2.371467113494873,11287.000058315838,19201.484298706055,2.8636178653502133e-05
2822,2.0624403953552246,11291.000058315838,19207.39724254608,2.8601313858282286e-05
2823,2.2556686401367188,11295.000058315838,19212.876403331757,2.856646179623761e-05
2824,1.8698492050170898,11299.000058315838,19217.07427072525,2.8531622488106456e-05
2825,2.0084152221679688,11303.000058315838,19222.952513456345,2.8496795954619583e-05
2826,2.221891403198242,11307.000058315838,19228.722182750702,2.846198221650016e-05
2827,2.2004141807556152,11311.000058315838,19235.455480337143,2.842718129446369e-05
2828,2.0281982421875,11315.000058315838,19241.84364962578,2.8392393209218097e-05
2829,2.139043092727661,11319.000058315838,19248.266039133072,2.8357617981463674e-05
2830,2.0238094329833984,11323.000058315838,19255.080670118332,2.832285563189301e-05
2831,2.3020272254943848,11327.000058315838,19262.153923273087,2.8288106181191072e-05
2832,2.3506221771240234,11331.000058315838,19269.455625772476,2.8253369650035176e-05
2833,2.09724497795105,11335.000058315838,19274.37807559967,2.821864605909488e-05
2834,2.114401340484619,11339.000058315838,19280.9394159317,2.818393542903209e-05
2835,2.2603495121002197,11343.000058315838,19287.109229326248,2.8149237780500992e-05
2836,2.2055530548095703,11347.000058315838,19292.201355457306,2.8114553134148052e-05
2837,2.256671905517578,11351.000058315838,19298.852643966675,2.807988151061199e-05
2838,2.127223491668701,11355.000058315838,19305.35988330841,2.804522293052379e-05
2839,2.202979564666748,11359.000058315838,19310.677344083786,2.801057741450664e-05
2840,1.9957298040390015,11363.000058315838,19317.554834604263,2.797594498317599e-05
2841,2.123385190963745,11367.000058315838,19323.692792892456,2.794132565713949e-05
2842,2.2797892093658447,11371.000058315838,19329.240375757217,2.790671945699702e-05
2843,2.2729105949401855,11375.000058315838,19336.69143819809,2.787212640334059e-05
2844,2.0902581214904785,11379.000058315838,19344.56413269043,2.783754651675443e-05
2845,2.349027156829834,11383.000058315838,19352.375336170197,2.780297981781495e-05
2846,2.265394926071167,11387.000058315838,19360.507945775986,2.776842632709065e-05
2847,2.065725326538086,11391.000058315838,19367.98048734665,2.7733886065142235e-05
2848,2.278390884399414,11395.000058315838,19373.67478275299,2.7699359052522523e-05
2849,2.0001273155212402,11399.000058315838,19378.914229154587,2.7664845309776405e-05
2850,2.2514235973358154,11403.000058315838,19384.136215686798,2.7630344857440935e-05
2851,2.315885305404663,11407.000058315838,19390.833216667175,2.7595857716045238e-05
2852,2.2011420726776123,11411.000058315838,19396.958305835724,2.7561383906110487e-05
2853,2.2411346435546875,11415.000058315838,19402.66842699051,2.7526923448149966e-05
2854,2.379335641860962,11419.000058315838,19409.541469097137,2.749247636266899e-05
2855,2.187361001968384,11423.000058315838,19417.288853645325,2.7458042670164935e-05
2856,2.156724214553833,11427.000058315838,19424.628205299377,2.7423622391127207e-05
2857,2.058906316757202,11431.000058315838,19431.960617542267,2.7389215546037184e-05
2858,2.035121440887451,11435.000058315838,19438.30575156212,2.7354822155368304e-05
2859,2.0563735961914062,11439.000058315838,19443.70031785965,2.732044223958598e-05
2860,2.1530470848083496,11443.000058315838,19449.636642932892,2.7286075819147614e-05
2861,2.400639295578003,11447.000058315838,19456.11005949974,2.7251722914502593e-05
2862,2.1676690578460693,11451.000058315838,19464.353609085083,2.7217383546092185e-05
2863,1.7932968139648438,11455.000058315838,19471.16321492195,2.7183057734349698e-05
2864,2.115408420562744,11459.000058315838,19476.898943662643,2.7148745499700344e-05
2865,2.0448715686798096,11463.000058315838,19483.950916051865,2.711444686256121e-05
2866,2.0078938007354736,11467.000058315838,19489.616515874863,2.7080161843341346e-05
2867,2.2380528450012207,11471.000058315838,19495.659940719604,2.7045890462441694e-05
2868,2.0772104263305664,11475.000058315838,19501.63833451271,2.701163274025504e-05
2869,2.1864936351776123,11479.000058315838,19507.3361928463,2.6977388697166087e-05
2870,2.1625707149505615,11483.000058315838,19514.927860975266,2.6943158353551378e-05
2871,2.2107906341552734,11487.000058315838,19522.663621664047,2.6908941729779323e-05
2872,2.2178964614868164,11491.000058315838,19527.73610329628,2.6874738846210125e-05
2873,2.137561559677124,11495.000058315838,19534.47543668747,2.6840549723195855e-05
2874,2.3454465866088867,11499.000058315838,19542.89899635315,2.6806374381080398e-05
2875,2.1554203033447266,11503.000058315838,19548.22255706787,2.6772212840199374e-05
2876,2.2819457054138184,11507.000058315838,19555.676800251007,2.673806512088027e-05
2877,2.49269962310791,11511.000058315838,19562.49724149704,2.6703931243442316e-05
2878,1.8946056365966797,11515.000058315838,19569.583332300186,2.666981122819649e-05
2879,1.9221957921981812,11519.000058315838,19574.782862901688,2.6635705095445553e-05
2880,2.176753520965576,11523.000058315838,19582.926785945892,2.6601612865484007e-05
2881,2.2702832221984863,11527.000058315838,19591.566288232803,2.6567534558598014e-05
2882,2.219693422317505,11531.000058315838,19599.20156288147,2.653347019506554e-05
2883,2.022463321685791,11535.000058315838,19605.417690753937,2.6499419795156185e-05
2884,2.1839146614074707,11539.000058315838,19612.566113471985,2.646538337913132e-05
2885,2.0898849964141846,11543.000058315838,19619.946185112,2.6431360967243893e-05
2886,2.037667751312256,11547.000058315838,19625.892914056778,2.639735257973859e-05
2887,2.117582321166992,11551.000058315838,19633.649261951447,2.6363358236851758e-05
2888,2.215139389038086,11555.000058315838,19641.18730854988,2.6329377958811318e-05
2889,2.407759666442871,11559.000058315838,19647.87345981598,2.629541176583688e-05
2890,2.286893129348755,11563.000058315838,19654.06621146202,2.6261459678139697e-05
2891,2.3206944465637207,11567.000058315838,19660.902653694153,2.622752171592254e-05
2892,2.2026782035827637,11571.000058315838,19666.773156642914,2.6193597899379835e-05
2893,2.261512279510498,11575.000058315838,19672.538910150528,2.6159688248697618e-05
2894,2.1456403732299805,11579.000058315838,19679.790034770966,2.6125792784053413e-05
2895,2.1613388061523438,11583.000058315838,19686.775097370148,2.6091911525616368e-05
2896,2.139061450958252,11587.000058315838,19694.60985684395,2.6058044493547176e-05
2897,2.106365203857422,11591.000058315838,19701.481960773468,2.6024191707998014e-05
2898,2.2324905395507812,11595.000058315838,19709.635518074036,2.5990353189112634e-05
2899,2.2024025917053223,11599.000058315838,19715.7720580101,2.595652895702627e-05
2900,2.1117300987243652,11603.000058315838,19723.034181833267,2.5922719031865675e-05
2901,2.421598434448242,11607.000058315838,19730.62686252594,2.5888923433749074e-05
2902,2.1654200553894043,11611.000058315838,19736.0983440876,2.5855142182786167e-05
2903,1.9795849323272705,11615.000058315838,19742.751381397247,2.5821375299078157e-05
2904,2.1498453617095947,11619.000058315838,19748.461638212204,2.57876228027176e-05
2905,2.246459722518921,11623.000058315838,19755.42911672592,2.5753884713788587e-05
2906,2.31350040435791,11627.000058315838,19763.228493452072,2.5720161052366624e-05
2907,2.15959095954895,11631.000058315838,19768.68578672409,2.5686451838518557e-05
2908,1.7674248218536377,11635.000058315838,19773.626086950302,2.5652757092302727e-05
2909,2.329202651977539,11639.000058315838,19780.968032360077,2.561907683376883e-05
2910,1.9728530645370483,11643.000058315838,19788.033516407013,2.5585411082957906e-05
2911,2.2891674041748047,11647.000058315838,19795.047507047653,2.555175985990242e-05
2912,2.141737222671509,11651.000058315838,19803.539778232574,2.5518123184626157e-05
2913,2.3532514572143555,11655.000058315838,19810.14219212532,2.548450107714428e-05
2914,1.982782006263733,11659.000058315838,19817.050078630447,2.5450893557463226e-05
2915,2.6301004886627197,11663.000058315838,19825.49906516075,2.5417300645580796e-05
2916,2.3063783645629883,11667.000058315838,19831.310334205627,2.5383722361486112e-05
2917,2.098454475402832,11671.000058315838,19838.106447458267,2.5350158725159524e-05
2918,2.2413430213928223,11675.000058315838,19845.68494606018,2.5316609756572738e-05
2919,2.3376851081848145,11679.000058315838,19853.292835474014,2.528307547568872e-05
2920,2.074876308441162,11683.000058315838,19859.33152270317,2.5249555902461635e-05
2921,2.4539036750793457,11687.000058315838,19865.99287867546,2.5216051056836964e-05
2922,2.067150354385376,11691.000058315838,19872.023509263992,2.5182560958751415e-05
2923,2.0076494216918945,11695.000058315838,19878.32388496399,2.5149085628132893e-05
2924,2.3346564769744873,11699.000058315838,19884.467371463776,2.5115625084900534e-05
2925,2.5060391426086426,11703.000058315838,19891.78293967247,2.5082179348964673e-05
2926,2.123617172241211,11707.000058315838,19898.950988292694,2.5048748440226846e-05
2927,2.1063504219055176,11711.000058315838,19904.79148030281,2.501533237857972e-05
2928,2.0913586616516113,11715.000058315838,19913.416371822357,2.4981931183907184e-05
2929,2.353398323059082,11719.000058315838,19918.98278260231,2.4948544876084267e-05
2930,2.3161683082580566,11723.000058315838,19925.86133122444,2.4915173474977097e-05
2931,2.217336893081665,11727.000058315838,19934.34387922287,2.488181700044298e-05
2932,2.2348623275756836,11731.000058315838,19940.83309984207,2.4848475472330345e-05
2933,2.2548041343688965,11735.000058315838,19946.897763490677,2.4815148910478666e-05
2934,2.247497797012329,11739.000058315838,19953.5477643013,2.4781837334718576e-05
2935,1.8173664808273315,11743.000058315838,19959.808797597885,2.4748540764871786e-05
2936,2.3289618492126465,11747.000058315838,19966.521723508835,2.4715259220751018e-05
2937,2.187176465988159,11751.000058315838,19973.734755277634,2.4681992722160114e-05
2938,2.154771327972412,11755.000058315838,19980.69492816925,2.4648741288893962e-05
2939,2.0909574031829834,11759.000058315838,19986.572192192078,2.4615504940738423e-05
2940,2.3286592960357666,11763.000058315838,19995.2411134243,2.458228369747046e-05
2941,1.9289052486419678,11767.000058315838,20002.68682861328,2.4549077578857995e-05
2942,2.232234001159668,11771.000058315838,20010.119288921356,2.451588660465998e-05
2943,2.207705497741699,11775.000058315838,20017.533034324646,2.4482710794626368e-05
2944,2.1501903533935547,11779.000058315838,20024.84188270569,2.444955016849801e-05
2945,2.200500011444092,11783.000058315838,20030.926743984222,2.4416404746006816e-05
2946,1.9747068881988525,11787.000058315838,20037.612024068832,2.4383274546875597e-05
2947,2.1888208389282227,11791.000058315838,20043.324934005737,2.4350159590818122e-05
2948,2.103149890899658,11795.000058315838,20049.733014583588,2.431705989753911e-05
2949,2.1361448764801025,11799.000058315838,20054.995495796204,2.4283975486734122e-05
2950,2.2210497856140137,11803.000058315838,20061.526698350906,2.425090637808972e-05
2951,2.1948695182800293,11807.000058315838,20068.97458100319,2.421785259128332e-05
2952,2.4170632362365723,11811.000058315838,20075.854825735092,2.418481414598318e-05
2953,2.287322998046875,11815.000058315838,20083.14489555359,2.4151791061848503e-05
2954,2.1814308166503906,11819.000058315838,20091.27207183838,2.4118783358529308e-05
2955,2.297301769256592,11823.000058315838,20098.122682094574,2.4085791055666485e-05
2956,2.5907492637634277,11827.000058315838,20104.641932964325,2.405281417289172e-05
2957,2.034402847290039,11831.000058315838,20111.255613803864,2.401985272982756e-05
2958,2.1835954189300537,11835.000058315838,20117.643348693848,2.398690674608737e-05
2959,1.9848628044128418,11839.000058315838,20124.80176591873,2.395397624127527e-05
2960,2.213658332824707,11843.000058315838,20131.580342054367,2.3921061234986222e-05
2961,2.196363687515259,11847.000058315838,20137.72407388687,2.3888161746805954e-05
2962,2.060572624206543,11851.000058315838,20143.57462835312,2.3855277796310916e-05
2963,2.2115485668182373,11855.000058315838,20149.897532463074,2.382240940306836e-05
2964,2.0604090690612793,11859.000058315838,20155.985703468323,2.3789556586636276e-05
2965,2.352041721343994,11863.000058315838,20163.561026096344,2.375671936656337e-05
2966,2.0205860137939453,11867.000058315838,20170.468406677246,2.372389776238907e-05
2967,2.169447422027588,11871.000058315838,20178.40003323555,2.3691091793643545e-05
2968,2.233008861541748,11875.000058315838,20184.990791797638,2.365830147984759e-05
2969,2.163454532623291,11879.000058315838,20190.28138923645,2.3625526840512735e-05
2970,1.9438161849975586,11883.000058315838,20197.846836805344,2.3592767895141192e-05
2971,2.083810567855835,11887.000058315838,20204.18873357773,2.3560024663225816e-05
2972,1.9190125465393066,11891.000058315838,20211.03750348091,2.352729716425009e-05
2973,2.0323266983032227,11895.000058315838,20218.52391719818,2.349458541768816e-05
2974,2.0994811058044434,11899.000058315838,20225.82825446129,2.3461889443004835e-05
2975,2.4727561473846436,11903.000058315838,20232.18482708931,2.342920925965544e-05
2976,2.1961617469787598,11907.000058315838,20239.587439775467,2.3396544887086e-05
2977,1.9778518676757812,11911.000058315838,20245.91853952408,2.336389634473311e-05
2978,2.3184659481048584,11915.000058315838,20252.586671829224,2.3331263652023896e-05
2979,2.1958999633789062,11919.000058315838,20259.487861156464,2.3298646828376095e-05
2980,2.073598623275757,11923.000058315838,20266.691874980927,2.3266045893198025e-05
2981,2.161330461502075,11927.000058315838,20273.180943250656,2.3233460865888478e-05
2982,2.185807228088379,11931.000058315838,20280.24915742874,2.320089176583684e-05
2983,2.3542332649230957,11935.000058315838,20286.901745319366,2.3168338612423e-05
2984,2.4130349159240723,11939.000058315838,20293.22381734848,2.3135801425017378e-05
2985,2.251657247543335,11943.000058315838,20298.94499897957,2.310328022298084e-05
2986,1.9470174312591553,11947.000058315838,20304.79425048828,2.3070775025664788e-05
2987,2.2156922817230225,11951.000058315838,20310.334486484528,2.303828585241109e-05
2988,2.201350212097168,11955.000058315838,20317.53684401512,2.3005812722552076e-05
2989,2.3218183517456055,11959.000058315838,20326.31553053856,2.2973355655410533e-05
2990,2.235494375228882,11963.000058315838,20332.768333673477,2.29409146702997e-05
2991,2.3223206996917725,11967.000058315838,20339.08409357071,2.29084897865232e-05
2992,2.3328089714050293,11971.000058315838,20344.160212516785,2.2876081023375122e-05
2993,1.9701203107833862,11975.000058315838,20352.593853235245,2.284368840013998e-05
2994,2.0228419303894043,11979.000058315838,20359.793887615204,2.2811311936092603e-05
2995,2.3060457706451416,11983.000058315838,20366.25611782074,2.2778951650498277e-05
2996,2.1198391914367676,11987.000058315838,20373.29225087166,2.2746607562612642e-05
2997,2.267247200012207,11991.000058315838,20379.311266183853,2.271427969168171e-05
2998,2.1587295532226562,11995.000058315838,20385.43676996231,2.2681968056941803e-05
2999,2.079343318939209,11999.000058315838,20392.047667980194,2.2649672677619617e-05
3000,1.9266698360443115,12003.000058315838,20399.687767982483,2.2617393572932197e-05
3001,2.2178759574890137,12007.000058315838,20407.226093292236,2.2585130762086822e-05
3003,2.066183567047119,12015.000058315838,20419.372432231903,2.2520654098703147e-05
3004,2.0864107608795166,12019.000058315838,20427.154854774475,2.2488440284530967e-05
3005,2.1419925689697266,12023.000058315838,20434.368083953857,2.2456242840933112e-05
3006,2.139298915863037,12027.000058315838,20440.07697868347,2.2424061787068345e-05
3007,2.0771677494049072,12031.000058315838,20447.408800125122,2.2391897142085616e-05
3008,2.0306713581085205,12035.000058315838,20455.385068416595,2.235974892512416e-05
3009,2.365544319152832,12039.000058315838,20460.653849601746,2.2327617155313438e-05
3010,2.0905797481536865,12043.000058315838,20467.728540182114,2.22955018517731e-05
3011,2.099517583847046,12047.000058315838,20474.623188495636,2.2263403033613008e-05
3012,2.216665506362915,12051.000058315838,20480.8289437294,2.223132071993322e-05
3013,2.1903014183044434,12055.000058315838,20487.824920654297,2.219925492982399e-05
3014,2.069993019104004,12059.000058315838,20494.5937333107,2.216720568236568e-05
3015,2.293081283569336,12063.000058315838,20501.200497865677,2.213517299662887e-05
3016,2.3878724575042725,12067.000058315838,20508.199273586273,2.210315689167427e-05
3017,2.0896148681640625,12071.000058315838,20514.093620300293,2.2071157386552686e-05
3018,1.9595710039138794,12075.000058315838,20521.100710392,2.2039174500305092e-05
3019,1.993503212928772,12079.000058315838,20528.703889608383,2.2007208251962578e-05
3020,2.0464282035827637,12083.000058315838,20535.086674451828,2.1975258660546282e-05
3021,2.201263904571533,12087.000058315838,20542.923969745636,2.194332574506747e-05
3022,2.3251469135284424,12091.000058315838,20550.699595689774,2.1911409524527504e-05
3023,2.084019660949707,12095.000058315838,20558.62912273407,2.1879510017917742e-05
3024,2.2511560916900635,12099.000058315838,20565.314100027084,2.184762724421966e-05
3025,2.0384058952331543,12103.000058315838,20571.347878456116,2.1815761222404762e-05
3026,2.1182162761688232,12107.000058315838,20578.042479276657,2.1783911971434586e-05
3027,2.118610382080078,12111.000058315838,20585.428981781006,2.1752079510260664e-05
3028,1.9358134269714355,12115.000058315838,20593.84056043625,2.172026385782456e-05
3029,2.5161778926849365,12119.000058315838,20600.352776288986,2.1688465033057855e-05
3030,2.4072964191436768,12123.000058315838,20607.233348608017,2.1656683054882055e-05
3031,2.1737403869628906,12127.000058315838,20612.686163902283,2.162491794220871e-05
3032,2.0159173011779785,12131.000058315838,20619.812022686005,2.1593169713939298e-05
3033,2.1710479259490967,12135.000058315838,20626.98783349991,2.1561438388965265e-05
3034,2.2236227989196777,12139.000058315838,20633.790966272354,2.152972398616798e-05
3035,2.019237518310547,12143.000058315838,20641.91952776909,2.1498026524418783e-05
3036,2.0892932415008545,12147.000058315838,20649.095463991165,2.1466346022578867e-05
3037,2.221315860748291,12151.000058315838,20655.9175491333,2.1434682499499382e-05
3038,1.9998499155044556,12155.000058315838,20662.394026517868,2.140303597402139e-05
3039,2.0507102012634277,12159.000058315838,20669.647148370743,2.137140646497578e-05
3040,2.3059189319610596,12163.000058315838,20675.323347091675,2.1339793991183355e-05
3041,2.247474193572998,12167.000058315838,20682.157804965973,2.130819857145478e-05
3042,2.1686530113220215,12171.000058315838,20689.6480717659,2.127662022459059e-05
3043,2.082141399383545,12175.000058315838,20696.19819664955,2.1245058969381096e-05
3044,2.277618408203125,12179.000058315838,20701.69881606102,2.12135148246065e-05
3045,2.238468885421753,12183.000058315838,20708.81542301178,2.1181987809036824e-05
3046,2.0039806365966797,12187.000058315838,20715.570063114166,2.1150477941431836e-05
3047,2.295363426208496,12191.000058315838,20722.3805873394,2.1118985240541163e-05
3048,2.0747556686401367,12195.000058315838,20728.47890806198,2.108750972510421e-05
3049,2.045437812805176,12199.000058315838,20736.249716758728,2.105605141385011e-05
3050,2.0389068126678467,12203.000058315838,20743.029517173767,2.10246103254978e-05
3051,2.1273040771484375,12207.000058315838,20749.870843172073,2.0993186478755967e-05
3052,2.0091700553894043,12211.000058315838,20757.34790468216,2.0961779892323025e-05
3053,2.4608688354492188,12215.000058315838,20764.280405282974,2.093039058488713e-05
3054,2.3447742462158203,12219.000058315838,20771.678391695023,2.0899018575126156e-05
3055,2.2207775115966797,12223.000058315838,20778.50435113907,2.0867663881707653e-05
3056,2.2813563346862793,12227.000058315838,20784.841760873795,2.0836326523288898e-05
3057,2.014190912246704,12231.000058315838,20790.795102357864,2.080500651851685e-05
3058,2.4215316772460938,12235.000058315838,20797.121884584427,2.0773703886028164e-05
3059,2.096616744995117,12239.000058315838,20805.150873184204,2.0742418644449086e-05
3060,1.8171964883804321,12243.000058315838,20810.706040143967,2.0711150812395584e-05
3061,2.240689277648926,12247.000058315838,20817.778990268707,2.067990040847326e-05
3062,2.4132094383239746,12251.000058315838,20826.22242832184,2.0648667451277288e-05
3063,2.1469130516052246,12255.000058315838,20832.780205011368,2.0617451959392518e-05
3064,2.224667549133301,12259.000058315838,20838.353669643402,2.0586253951393418e-05
3065,1.9654873609542847,12263.000058315838,20845.36126089096,2.055507344584398e-05
3066,2.2551825046539307,12267.000058315838,20852.425839185715,2.0523910461297842e-05
3067,2.150146484375,12271.000058315838,20860.553614139557,2.0492765016298217e-05
3068,2.217026948928833,12275.000058315838,20866.337710380554,2.046163712937784e-05
3069,2.0808792114257812,12279.000058315838,20873.320307016373,2.0430526819059032e-05
3070,2.140307903289795,12283.000058315838,20879.644212007523,2.0399434103853645e-05
3071,2.1033616065979004,12287.000058315838,20885.80804848671,2.036835900226308e-05
3072,2.0109105110168457,12291.000058315838,20893.57943367958,2.033730153277821e-05
3073,2.1880760192871094,12295.000058315838,20899.654906988144,2.030626171387946e-05
3074,1.97653329372406,12299.000058315838,20906.01958489418,2.0275239564036728e-05
3075,2.150172710418701,12303.000058315838,20912.36788892746,2.0244235101709423e-05
3076,2.2372231483459473,12307.000058315838,20919.85391354561,2.0213248345346408e-05
3077,2.1513173580169678,12311.000058315838,20926.04320168495,2.018227931338603e-05
3078,2.157024621963501,12315.000058315838,20932.216073989868,2.015132802425605e-05
3079,2.108826160430908,12319.000058315838,20938.883197546005,2.0120394496373702e-05
3080,1.9960777759552002,12323.000058315838,20945.13335442543,2.0089478748145674e-05
3081,1.9426172971725464,12327.000058315838,20951.957248926163,2.0058580797968008e-05
3082,2.580451488494873,12331.000058315838,20958.17510700226,2.002770066422621e-05
3083,2.1509881019592285,12335.000058315838,20964.508093118668,1.9996838365295178e-05
3084,2.0333380699157715,12339.000058315838,20971.554872751236,1.996599391953919e-05
3085,2.2377355098724365,12343.000058315838,20978.33118033409,1.9935167345311875e-05
3086,2.3939685821533203,12347.000058315838,20985.67706990242,1.990435866095627e-05
3087,2.2985870838165283,12351.000058315838,20992.53258538246,1.9873567884804764e-05
3088,2.345148801803589,12355.000058315838,20999.669966697693,1.9842795035179036e-05
3089,2.253650188446045,12359.000058315838,21007.606491088867,1.9812040130390153e-05
3090,2.1324381828308105,12363.000058315838,21015.98742890358,1.9781303188738512e-05
3091,2.134249210357666,12367.000058315838,21023.721176624298,1.975058422851376e-05
3092,1.9632614850997925,12371.000058315838,21030.131784915924,1.9719883267994896e-05
3093,2.2209415435791016,12375.000058315838,21037.98628973961,1.9689200325450215e-05
3094,2.097449779510498,12379.000058315838,21046.543241262436,1.9658535419137226e-05
3095,2.1693124771118164,12383.000058315838,21053.3385283947,1.9627888567302776e-05
3096,2.3970324993133545,12387.000058315838,21059.91431593895,1.959725978818294e-05
3097,2.0375380516052246,12391.000058315838,21068.501495838165,1.9566649100003038e-05
3098,2.2059121131896973,12395.000058315838,21075.435086727142,1.9536056520977627e-05
3099,2.3020472526550293,12399.000058315838,21082.95960664749,1.9505482069310493e-05
3100,2.2190089225769043,12403.000058315838,21091.605894088745,1.9474925763194653e-05
3101,1.9833331108093262,12407.000058315838,21099.041788578033,1.9444387620812257e-05
3102,2.0875437259674072,12411.000058315838,21106.264997005463,1.941386766033473e-05
3103,2.1844332218170166,12415.000058315838,21112.32800388336,1.938336589992265e-05
3104,1.982205867767334,12419.000058315838,21118.870174646378,1.9352882357725724e-05
3105,1.8845596313476562,12423.000058315838,21125.180678129196,1.932241705188288e-05
3106,2.2292752265930176,12427.000058315838,21133.494880199432,1.9291970000522174e-05
3107,2.162682294845581,12431.000058315838,21140.740431308746,1.9261541221760765e-05
3108,2.177088737487793,12435.000058315838,21148.883735895157,1.9231130733704986e-05
3109,1.9890830516815186,12439.000058315838,21154.141365766525,1.9200738554450276e-05
3110,2.153919219970703,12443.000058315838,21160.936465740204,1.917036470208115e-05
3111,1.9700138568878174,12447.000058315838,21168.604996204376,1.9140009194671252e-05
3112,2.2393271923065186,12451.000058315838,21176.70257616043,1.91096720502833e-05
3113,2.1098713874816895,12455.000058315838,21183.21857237816,1.9079353286969095e-05
3114,2.1033339500427246,12459.000058315838,21189.902137041092,1.9049052922769455e-05
3115,2.0575363636016846,12463.000058315838,21197.873787641525,1.9018770975714304e-05
3116,2.322577714920044,12467.000058315838,21204.103585481644,1.89885074638226e-05
3117,1.9713215827941895,12471.000058315838,21210.66009092331,1.895826240510228e-05
3118,1.9831576347351074,12475.000058315838,21218.044904470444,1.8928035817550368e-05
3119,2.0137581825256348,12479.000058315838,21225.3325817585,1.889782771915285e-05
3120,2.12833309173584,12483.000058315838,21231.975778341293,1.8867638127884742e-05
3121,2.3113536834716797,12487.000058315838,21239.720030784607,1.8837467061710027e-05
3122,2.1807174682617188,12491.000058315838,21246.45359659195,1.8807314538581692e-05
3123,2.332298994064331,12495.000058315838,21253.699667692184,1.8777180576441624e-05
3124,2.131978988647461,12499.000058315838,21259.836082220078,1.874706519322074e-05
3125,2.2029221057891846,12503.000058315838,21267.48161649704,1.8716968406838862e-05
3126,2.2044219970703125,12507.000058315838,21274.393473148346,1.868689023520478e-05
3127,2.026797294616699,12511.000058315838,21280.95382332802,1.8656830696216152e-05
3128,2.2724058628082275,12515.000058315838,21288.331628084183,1.862678980775959e-05
3129,2.1105198860168457,12519.000058315838,21295.178725719452,1.859676758771062e-05
3130,2.101762294769287,12523.000058315838,21301.08264231682,1.85667640539336e-05
3131,2.2029478549957275,12527.000058315838,21307.648928403854,1.853677922428184e-05
3132,2.3056111335754395,12531.000058315838,21314.148022174835,1.8506813116597483e-05
3133,2.3022994995117188,12535.000058315838,21321.755009412766,1.847686574871152e-05
3134,2.185020923614502,12539.000058315838,21329.3574154377,1.8446937138443814e-05
3135,2.3773183822631836,12543.000058315838,21335.948385477066,1.8417027303603084e-05
3136,2.1518917083740234,12547.000058315838,21343.331641435623,1.8387136261986817e-05
3137,2.2270495891571045,12551.000058315838,21351.494322299957,1.8357264031381367e-05
3138,2.1593730449676514,12555.000058315838,21359.450157642365,1.832741062956188e-05
3139,2.152526378631592,12559.000058315838,21366.033863544464,1.8297576074292304e-05
3140,2.2245383262634277,12563.000058315838,21372.694278478622,1.826776038332538e-05
3141,1.8309587240219116,12567.000058315838,21378.455449581146,1.8237963574402582e-05
3142,2.5337412357330322,12571.000058315838,21385.596426963806,1.8208185665254193e-05
3143,2.0552430152893066,12575.000058315838,21392.33151960373,1.817842667359924e-05
3144,2.092637062072754,12579.000058315838,21399.035904169083,1.814868661714548e-05
3145,2.3484671115875244,12583.000058315838,21406.414450883865,1.8118965513589427e-05
3146,2.3117709159851074,12587.000058315838,21411.240125656128,1.808926338061628e-05
3147,2.0048131942749023,12591.000058315838,21416.991651058197,1.8059580235899974e-05
3148,2.2125563621520996,12595.000058315838,21423.685223579407,1.802991609710317e-05
3149,2.2535295486450195,12599.000058315838,21430.261951446533,1.8000270981877156e-05
3150,1.9326653480529785,12603.000058315838,21438.034803152084,1.7970644907861948e-05
3151,2.1724424362182617,12607.000058315838,21445.02418231964,1.7941037892686242e-05
3152,2.080876588821411,12611.000058315838,21451.87336421013,1.791144995396733e-05
3153,2.386895179748535,12615.000058315838,21459.076848506927,1.7881881109311222e-05
3154,2.024616241455078,12619.000058315838,21464.596918821335,1.785233137631253e-05
3155,2.121273994445801,12623.000058315838,21469.078612804413,1.782280077255453e-05
3156,2.1788010597229004,12627.000058315838,21476.68671989441,1.7793289315609038e-05
3157,2.110166549682617,12631.000058315838,21483.201365232468,1.7763797023036555e-05
3158,2.218609571456909,12635.000058315838,21491.19830441475,1.7734323912386168e-05
3159,1.8610888719558716,12639.000058315838,21498.618184804916,1.770487000119549e-05
3160,1.688154935836792,12643.000058315838,21504.29156780243,1.767543530699077e-05
3161,2.1295230388641357,12647.000058315838,21511.699095726013,1.764601984728681e-05
3162,2.0429749488830566,12651.000058315838,21516.55234026909,1.761662363958695e-05
3163,2.285845994949341,12655.000058315838,21522.82328271866,1.7587246701383097e-05
3164,2.1046855449676514,12659.000058315838,21529.31937766075,1.7557889050155684e-05
3165,2.163733720779419,12663.000058315838,21535.44391489029,1.7528550703373642e-05
3166,1.9180846214294434,12667.000058315838,21542.031096458435,1.7499231678494443e-05
3167,2.0192651748657227,12671.000058315838,21549.46680212021,1.7469931992964058e-05
3168,2.1133880615234375,12675.000058315838,21555.80398106575,1.7440651664216962e-05
3169,2.1896891593933105,12679.000058315838,21563.044352054596,1.7411390709676075e-05
3170,2.119434118270874,12683.000058315838,21570.933451652527,1.738214914675281e-05
3171,1.9831209182739258,12687.000058315838,21578.42559361458,1.7352926992847073e-05
3172,2.226405620574951,12691.000058315838,21584.787215709686,1.7323724265347146e-05
3173,2.1869659423828125,12695.000058315838,21592.471502780914,1.729454098162982e-05
3174,2.186476230621338,12699.000058315838,21599.311076641083,1.7265377159060302e-05
3175,2.2122631072998047,12703.000058315838,21605.761245012283,1.723623281499218e-05
3176,2.2294912338256836,12707.000058315838,21613.02403664589,1.7207107966767494e-05
3177,2.2644338607788086,12711.000058315838,21621.137523651123,1.7178002631716683e-05
3178,2.2791850566864014,12715.000058315838,21627.777792692184,1.7148916827158537e-05
3179,2.2476208209991455,12719.000058315838,21635.70875096321,1.711985057040026e-05
3180,2.2175142765045166,12723.000058315838,21643.831528663635,1.7090803878737425e-05
3181,2.0079455375671387,12727.000058315838,21649.131443977356,1.706177676945392e-05
3182,2.0951857566833496,12731.000058315838,21656.063222646713,1.7032769259822036e-05
3183,1.952710747718811,12735.000058315838,21663.996901273727,1.7003781367102364e-05
3184,2.1402454376220703,12739.000058315838,21670.057610034943,1.6974813108543848e-05
3185,2.0209767818450928,12743.000058315838,21675.807909488678,1.6945864501383726e-05
3186,2.1023263931274414,12747.000058315838,21682.361353635788,1.6916935562847566e-05
3187,2.365354299545288,12751.000058315838,21690.633883714676,1.688802631014922e-05
3188,2.0043530464172363,12755.000058315838,21697.19811797142,1.6859136760490796e-05
3189,2.3633017539978027,12759.000058315838,21705.063691854477,1.6830266931062736e-05
3190,2.2024600505828857,12763.000058315838,21712.550242185593,1.680141683904372e-05
3191,2.2486636638641357,12767.000058315838,21719.0615298748,1.677258650160066e-05
3192,1.9567992687225342,12771.000058315838,21723.500524282455,1.6743775935888745e-05
3193,2.1402506828308105,12775.000058315838,21730.434132814407,1.671498515905142e-05
3194,2.131976842880249,12779.000058315838,21737.670434951782,1.668621418822027e-05
3195,2.036965847015381,12783.000058315838,21743.719846010208,1.665746304051518e-05
3196,2.148024320602417,12787.000058315838,21749.185405492783,1.6628731733044204e-05
3197,2.023007392883301,12791.000058315838,21756.4438931942,1.660002028290362e-05
3198,2.0738515853881836,12795.000058315838,21762.12846183777,1.6571328707177814e-05
3199,2.1051506996154785,12799.000058315838,21769.256633996964,1.6542657022939433e-05
3200,2.0785396099090576,12803.000058315838,21776.096078157425,1.651400524724926e-05
3201,2.184889793395996,12807.000058315838,21782.15504169464,1.648537339715619e-05
3202,2.343214750289917,12811.000058315838,21790.179069042206,1.6456761489697307e-05
3203,2.2442307472229004,12815.000058315838,21796.536207437515,1.6428169541897847e-05
3204,2.0521397590637207,12819.000058315838,21803.602862358093,1.6399597570771095e-05
3205,2.165689706802368,12823.000058315838,21810.847033262253,1.6371045593318505e-05
3206,2.4137227535247803,12827.000058315838,21816.863118171692,1.634251362652963e-05
3207,2.0998713970184326,12831.000058315838,21823.70917081833,1.6314001687382103e-05
3208,2.044527769088745,12835.000058315838,21830.015031576157,1.6285509792841646e-05
3209,2.2155368328094482,12839.000058315838,21837.301028728485,1.6257037959862074e-05
3210,2.024420738220215,12843.000058315838,21842.45741868019,1.62285862053852e-05
3211,2.343027114868164,12847.000058315838,21849.41825914383,1.6200154546340952e-05
3212,1.9917771816253662,12851.000058315838,21856.081576108932,1.6171742999647283e-05
3213,2.1026105880737305,12855.000058315838,21862.690336942673,1.6143351582210188e-05
3214,2.3717827796936035,12859.000058315838,21870.82519865036,1.611498031092364e-05
3215,2.266010284423828,12863.000058315838,21877.59624171257,1.6086629202669677e-05
3216,2.181631326675415,12867.000058315838,21883.645571947098,1.605829827431833e-05
3217,2.051227569580078,12871.000058315838,21891.382046461105,1.6029987542727584e-05
3218,2.006223201751709,12875.000058315838,21896.337686538696,1.6001697024743443e-05
3219,2.0721898078918457,12879.000058315838,21903.194673538208,1.5973426737199892e-05
3220,2.2772836685180664,12883.000058315838,21909.686848640442,1.5945176696918826e-05
3221,2.10659122467041,12887.000058315838,21915.685955524445,1.591694692071014e-05
3222,2.1730189323425293,12891.000058315838,21921.11189341545,1.5888737425371676e-05
3223,2.3088185787200928,12895.000058315838,21928.57838535309,1.5860548227689154e-05
3224,2.0959997177124023,12899.000058315838,21935.651443004608,1.5832379344436265e-05
3225,2.1350009441375732,12903.000058315838,21941.95410847664,1.58042307923746e-05
3226,2.1388044357299805,12907.000058315838,21948.52818918228,1.5776102588253653e-05
3227,1.9756662845611572,12911.000058315838,21954.664306163788,1.5747994748810816e-05
3228,2.4147629737854004,12915.000058315838,21961.160961151123,1.5719907290771324e-05
3229,2.2274551391601562,12919.000058315838,21967.61221909523,1.5691840230848334e-05
3230,1.9936072826385498,12923.000058315838,21974.400685071945,1.566379358574284e-05
3231,2.087567090988159,12927.000058315838,21981.3567135334,1.56357673721437e-05
3232,1.9782605171203613,12931.000058315838,21987.666001796722,1.5607761606727616e-05
3233,2.2364025115966797,12935.000058315838,21993.50568819046,1.5579776306159094e-05
3234,1.8928123712539673,12939.000058315838,21999.87200665474,1.5551811487090493e-05
3235,2.401332378387451,12943.000058315838,22007.40859913826,1.5523867166161988e-05
3236,2.0082688331604004,12947.000058315838,22014.960563659668,1.5495943360001525e-05
3237,1.9892150163650513,12951.000058315838,22021.036739826202,1.5468040085224865e-05
3238,2.2497174739837646,12955.000058315838,22029.514552116394,1.544015735843556e-05
3239,2.1113533973693848,12959.000058315838,22038.00541305542,1.541229519622493e-05
3240,2.3404645919799805,12963.000058315838,22045.792438030243,1.5384453615172023e-05
3241,2.0471060276031494,12967.000058315838,22051.33124446869,1.5356632631843687e-05
3242,2.382509231567383,12971.000058315838,22058.746712207794,1.532883226279452e-05
3243,2.16176700592041,12975.000058315838,22065.697162151337,1.5301052524566793e-05
3244,2.3084166049957275,12979.000058315838,22073.560512781143,1.527329343369054e-05
3245,2.1784720420837402,12983.000058315838,22080.392514944077,1.5245555006683544e-05
3246,2.061687707901001,12987.000058315838,22085.25262928009,1.5217837260051219e-05
3247,2.2308225631713867,12991.000058315838,22091.621701478958,1.5190140210286713e-05
3248,1.9717804193496704,12995.000058315838,22098.64155101776,1.5162463873870869e-05
3249,2.110748529434204,12999.000058315838,22105.919676065445,1.5134808267272185e-05
3250,2.1296122074127197,13003.000058315838,22112.89377641678,1.5107173406946831e-05
3251,2.0365560054779053,13007.000058315838,22117.882209062576,1.5079559309338645e-05
3252,2.019563674926758,13011.000058315838,22125.4264190197,1.5051965990879066e-05
3253,2.244008779525757,13015.000058315838,22132.9707095623,1.5024393467987215e-05
3254,1.8841500282287598,13019.000058315838,22137.657772302628,1.4996841757069823e-05
3255,2.0083718299865723,13023.000058315838,22144.91629576683,1.4969310874521252e-05
3256,2.3487205505371094,13027.000058315838,22152.6759057045,1.4941800836723421e-05
3257,2.190232753753662,13031.000058315838,22158.578753232956,1.4914311660045905e-05
3258,2.1518406867980957,13035.000058315838,22166.552134990692,1.4886843360845841e-05
3259,2.0606789588928223,13039.000058315838,22173.30785727501,1.485939595546793e-05
3260,2.1136066913604736,13043.000058315838,22180.37840270996,1.483196946024445e-05
3261,2.230433464050293,13047.000058315838,22188.022978305817,1.4804563891495264e-05
3262,1.9818179607391357,13051.000058315838,22194.895123958588,1.4777179265527731e-05
3263,1.9433958530426025,13055.000058315838,22201.354877471924,1.4749815598636787e-05
3264,2.2622828483581543,13059.000058315838,22207.1818523407,1.4722472907104905e-05
3265,2.0333409309387207,13063.000058315838,22213.51823401451,1.4695151207202013e-05
3266,2.353541135787964,13067.000058315838,22221.428860664368,1.4667850515185626e-05
3267,2.2667436599731445,13071.000058315838,22228.221485376358,1.4640570847300708e-05
3268,2.1990036964416504,13075.000058315838,22236.164658546448,1.4613312219779758e-05
3269,2.224262237548828,13079.000058315838,22243.748819112778,1.458607464884269e-05
3270,2.170607089996338,13083.000058315838,22249.65205025673,1.4558858150696943e-05
3271,1.9503109455108643,13087.000058315838,22256.551598787308,1.4531662741537395e-05
3272,2.077129364013672,13091.000058315838,22262.02107691765,1.4504488437546382e-05
3273,2.1748876571655273,13095.000058315838,22268.42263150215,1.4477335254893685e-05
3274,2.0779318809509277,13099.000058315838,22274.665922403336,1.445020320973651e-05
3275,1.9846203327178955,13103.000058315838,22281.33081817627,1.4423092318219472e-05
3276,2.2507424354553223,13107.000058315838,22288.6666097641,1.4396002596474628e-05
3277,2.211207866668701,13111.000058315838,22295.047868728638,1.4368934060621422e-05
3278,2.0624094009399414,13115.000058315838,22300.380249738693,1.4341886726766682e-05
3279,1.9747945070266724,13119.000058315838,22306.127496004105,1.4314860611004628e-05
3280,2.2633676528930664,13123.000058315838,22313.28267145157,1.4287855729416887e-05
3281,2.17173171043396,13127.000058315838,22320.42994785309,1.4260872098072388e-05
3282,2.108997344970703,13131.000058315838,22326.996099710464,1.4233909733027453e-05
3283,2.138216018676758,13135.000058315838,22335.069368839264,1.420696865032576e-05
3284,1.933489203453064,13139.000058315838,22341.97106409073,1.418004886599831e-05
3285,2.208202838897705,13143.000058315838,22349.26574087143,1.4153150396063406e-05
3286,2.3349151611328125,13147.000058315838,22355.61651945114,1.4126273256526701e-05
3287,1.7928240299224854,13151.000058315838,22362.43700861931,1.409941746338117e-05
3288,2.141733169555664,13155.000058315838,22369.773745059967,1.407258303260702e-05
3289,2.0246081352233887,13159.000058315838,22376.946011304855,1.4045769980171814e-05
3290,2.3965821266174316,13163.000058315838,22384.223301410675,1.4018978322030372e-05
3291,2.132810592651367,13167.000058315838,22392.461572885513,1.399220807412476e-05
3292,2.243464469909668,13171.000058315838,22398.61944627762,1.3965459252384332e-05
3293,2.0457944869995117,13175.000058315838,22404.721236228943,1.3938731872725683e-05
3294,2.1110212802886963,13179.000058315838,22411.528542280197,1.391202595105266e-05
3295,1.9938774108886719,13183.000058315838,22416.282442092896,1.3885341503256322e-05
3296,2.339165687561035,13187.000058315838,22422.946793317795,1.3858678545214965e-05
3297,2.1180858612060547,13191.000058315838,22429.778933525085,1.3832037092794106e-05
3298,2.281107187271118,13195.000058315838,22438.02627515793,1.3805417161846424e-05
3299,2.116243362426758,13199.000058315838,22443.892550230026,1.3778818768211839e-05
3300,2.0423102378845215,13203.000058315838,22452.308951854706,1.3752241927717444e-05
3301,2.2315635681152344,13207.000058315838,22457.22717475891,1.3725686656177472e-05
3302,2.227384567260742,13211.000058315838,22464.351529836655,1.3699152969393373e-05
3303,2.0928268432617188,13215.000058315838,22470.26009273529,1.3672640883153728e-05
3304,2.065424680709839,13219.000058315838,22477.322313308716,1.3646150413234256e-05
3305,2.1245713233947754,13223.000058315838,22482.757974147797,1.3619681575397825e-05
3306,2.288336753845215,13227.000058315838,22490.061639785767,1.3593234385394445e-05
3307,2.167398452758789,13231.000058315838,22497.415437936783,1.3566808858961211e-05
3308,2.218503475189209,13235.000058315838,22504.260865449905,1.354040501182235e-05
3309,2.139556407928467,13239.000058315838,22510.19618654251,1.3514022859689203e-05
3310,2.153197765350342,13243.000058315838,22517.698524713516,1.3487662418260155e-05
3311,1.9140942096710205,13247.000058315838,22523.960569143295,1.3461323703220714e-05
3312,2.4237873554229736,13251.000058315838,22531.047123670578,1.3435006730243447e-05
3313,2.2888970375061035,13255.000058315838,22536.094536066055,1.3408711514987988e-05
3314,1.9252140522003174,13259.000058315838,22542.48537683487,1.3382438073101027e-05
3315,2.0678532123565674,13263.000058315838,22548.59636259079,1.3356186420216265e-05
3316,2.3022494316101074,13267.000058315838,22555.351516008377,1.3329956571954484e-05
3317,2.25412917137146,13271.000058315838,22562.560570001602,1.3303748543923461e-05
3318,2.122313976287842,13275.000058315838,22569.547307014465,1.3277562351718001e-05
3319,2.3038792610168457,13279.000058315838,22577.37311911583,1.3251398010919933e-05
3320,2.097827196121216,13283.000058315838,22585.251200914383,1.3225255537098032e-05
3321,2.048008918762207,13287.000058315838,22591.363616466522,1.3199134945808109e-05
3322,2.056596279144287,13291.000058315838,22595.675629138947,1.3173036252592952e-05
3323,2.120824098587036,13295.000058315838,22603.79630470276,1.3146959472982274e-05
3324,2.0537309646606445,13299.000058315838,22610.8445417881,1.3120904622492801e-05
3325,2.0925958156585693,13303.000058315838,22616.700018167496,1.309487171662819e-05
3326,2.0606870651245117,13307.000058315838,22623.00175833702,1.3068860770879044e-05
3327,2.0594725608825684,13311.000058315838,22629.53248357773,1.304287180072287e-05
3328,2.130615234375,13315.000058315838,22635.72901368141,1.3016904821624142e-05
3329,2.176933765411377,13319.000058315838,22641.652641296387,1.2990959849034243e-05
3330,1.9085761308670044,13323.000058315838,22649.66944169998,1.2965036898391413e-05
3331,2.069181203842163,13327.000058315838,22655.958697795868,1.293913598512084e-05
3332,2.284946918487549,13331.000058315838,22662.458537578583,1.2913257124634594e-05
3333,2.3029870986938477,13335.000058315838,22669.478781938553,1.2887400332331586e-05
3334,2.2173008918762207,13339.000058315838,22676.47188782692,1.2861565623597633e-05
3335,2.076766014099121,13343.000058315838,22682.415850162506,1.2835753013805392e-05
3336,1.8721691370010376,13347.000058315838,22688.311663627625,1.2809962518314389e-05
3337,2.221583366394043,13351.000058315838,22694.968964099884,1.2784194152470968e-05
3338,2.182650566101074,13355.000058315838,22702.278703927994,1.2758447931608331e-05
3339,2.1615028381347656,13359.000058315838,22710.139321804047,1.2732723871046467e-05
3340,1.8265633583068848,13363.000058315838,22715.792645692825,1.2707021986092208e-05
3341,2.11198091506958,13367.000058315838,22722.67517209053,1.268134229203918e-05
3342,2.2711684703826904,13371.000058315838,22729.672416448593,1.2655684804167826e-05
3343,2.1130387783050537,13375.000058315838,22735.496405363083,1.2630049537745324e-05
3344,2.196796178817749,13379.000058315838,22741.03431749344,1.2604436508025672e-05
3345,2.1725411415100098,13383.000058315838,22747.553619146347,1.2578845730249645e-05
3346,2.3298768997192383,13387.000058315838,22755.567899942398,1.2553277219644735e-05
3347,2.1759469509124756,13391.000058315838,22763.65644812584,1.2527730991425204e-05
3348,1.889946699142456,13395.000058315838,22770.381273031235,1.250220706079209e-05
3349,1.9764387607574463,13399.000058315838,22778.435339450836,1.2476705442933095e-05
3350,2.1522254943847656,13403.000058315838,22784.861584424973,1.2451226153022694e-05
3351,2.2314250469207764,13407.000058315838,22790.85568547249,1.242576920622208e-05
3352,2.0795884132385254,13411.000058315838,22797.838223934174,1.2400334617679102e-05
3353,2.0345520973205566,13415.000058315838,22803.762424707413,1.2374922402528347e-05
3354,1.954834222793579,13419.000058315838,22810.785928487778,1.2349532575891082e-05
3355,2.368354558944702,13423.000058315838,22817.26095724106,1.2324165152875265e-05
3356,2.1112942695617676,13427.000058315838,22822.16174674034,1.2298820148575474e-05
3357,2.43533992767334,13431.000058315838,22829.037719488144,1.227349757807299e-05
3358,2.287858486175537,13435.000058315838,22836.09417462349,1.2248197456435744e-05
3359,2.3513362407684326,13439.000058315838,22842.488386631012,1.222291979871829e-05
3360,2.0435640811920166,13443.000058315838,22848.311332941055,1.2197664619961829e-05
3361,1.9823251962661743,13447.000058315838,22856.200924396515,1.217243193519419e-05
3362,2.0496864318847656,13451.000058315838,22862.267601966858,1.2147221759429783e-05
3363,2.1028053760528564,13455.000058315838,22870.0552444458,1.2122034107669668e-05
3364,2.048738718032837,13459.000058315838,22877.926681041718,1.2096868994901493e-05
3365,2.127553939819336,13463.000058315838,22883.876725435257,1.2071726436099463e-05
3366,1.9426766633987427,13467.000058315838,22890.031137228012,1.2046606446224389e-05
3367,2.1374640464782715,13471.000058315838,22896.623416662216,1.2021509040223661e-05
3368,2.160491943359375,13475.000058315838,22904.18462228775,1.1996434233031224e-05
3369,2.3524293899536133,13479.000058315838,22911.48081254959,1.1971382039567543e-05
3370,2.1628024578094482,13483.000058315838,22917.671813726425,1.1946352474739666e-05
3371,2.192789077758789,13487.000058315838,22924.77471590042,1.192134555344119e-05
3372,1.9970018863677979,13491.000058315838,22931.04453444481,1.1896361290552172e-05
3373,2.1181063652038574,13495.000058315838,22939.234792470932,1.1871399700939246e-05
3374,2.175807476043701,13499.000058315838,22944.950803279877,1.1846460799455547e-05
3375,1.9953393936157227,13503.000058315838,22951.857846975327,1.1821544600940666e-05
3376,1.915525197982788,13507.000058315838,22958.030211925507,1.1796651120220744e-05
3377,2.119617462158203,13511.000058315838,22963.23603105545,1.1771780372108375e-05
3378,2.244032621383667,13515.000058315838,22971.30235671997,1.1746932371402612e-05
3379,2.0277915000915527,13519.000058315838,22978.608003139496,1.1722107132888998e-05
3380,1.9712193012237549,13523.000058315838,22984.1225066185,1.1697304671339518e-05
3381,2.206415891647339,13527.000058315838,22990.691264390945,1.1672525001512618e-05
3382,2.1814022064208984,13531.000058315838,22997.407479047775,1.164776813815316e-05
3383,2.189253568649292,13535.000058315838,23003.858239889145,1.1623034095992458e-05
3384,1.9606354236602783,13539.000058315838,23012.618497610092,1.1598322889748238e-05
3385,2.1453001499176025,13543.000058315838,23019.498961687088,1.157363453412462e-05
3386,2.1671762466430664,13547.000058315838,23026.448034763336,1.1548969043812148e-05
3387,2.2778782844543457,13551.000058315838,23033.52179980278,1.1524326433487768e-05
3388,1.927968978881836,13555.000058315838,23039.10741853714,1.1499706717814775e-05
3389,1.8782589435577393,13559.000058315838,23046.461468935013,1.1475109911442877e-05
3390,1.9825246334075928,13563.000058315838,23052.699462890625,1.1450536029008148e-05
3391,1.8764066696166992,13567.000058315838,23059.05678510666,1.1425985085132982e-05
3392,2.08233642578125,13571.000058315838,23065.628480672836,1.1401457094426172e-05
3393,1.962984561920166,13575.000058315838,23072.984333753586,1.1376952071482837e-05
3394,2.3552560806274414,13579.000058315838,23080.114738464355,1.1352470030884408e-05
3395,2.1178178787231445,13583.000058315838,23087.075541496277,1.1328010987198665e-05
3396,2.057384490966797,13587.000058315838,23094.628488063812,1.1303574954979695e-05
3397,2.3520073890686035,13591.000058315838,23102.7106153965,1.1279161948767915e-05
3398,2.2233660221099854,13595.000058315838,23109.89907670021,1.125477198308999e-05
3399,2.194359064102173,13599.000058315838,23117.244690179825,1.1230405072458916e-05
3400,1.9677672386169434,13603.000058315838,23123.758527755737,1.120606123137396e-05
3401,1.9478106498718262,13607.000058315838,23130.445192098618,1.118174047432067e-05
3402,2.0790703296661377,13611.000058315838,23137.640908241272,1.1157442815770829e-05
3403,2.0921826362609863,13615.000058315838,23146.563324689865,1.1133168270182505e-05
3404,1.9888908863067627,13619.000058315838,23154.39425778389,1.1108916852000004e-05
3405,2.293531894683838,13623.000058315838,23160.435860157013,1.108468857565387e-05
3406,1.8956191539764404,13627.000058315838,23165.88647890091,1.1060483455560891e-05
3407,2.2758357524871826,13631.000058315838,23172.46693134308,1.1036301506124025e-05
3408,2.1393537521362305,13635.000058315838,23180.418093681335,1.1012142741732507e-05
3409,2.1366586685180664,13639.000058315838,23187.495971679688,1.0988007176761739e-05
3410,1.9795589447021484,13643.000058315838,23193.78285765648,1.0963894825573337e-05
3411,2.100809097290039,13647.000058315838,23198.3340716362,1.0939805702515074e-05
3412,2.1315019130706787,13651.000058315838,23206.353398561478,1.0915739821920937e-05
3413,1.893560767173767,13655.000058315838,23212.804574012756,1.0891697198111074e-05
3414,2.2985305786132812,13659.000058315838,23220.297017097473,1.0867677845391761e-05
3415,2.231032133102417,13663.000058315838,23228.170026302338,1.0843681778055475e-05
3416,2.2121458053588867,13667.000058315838,23235.69986987114,1.0819709010380823e-05
3417,2.17439866065979,13671.000058315838,23243.041981220245,1.0795759556632511e-05
3418,2.2993788719177246,13675.000058315838,23251.49418783188,1.0771833431061419e-05
3419,2.0228686332702637,13679.000058315838,23258.119729995728,1.0747930647904539e-05
3420,1.9910087585449219,13683.000058315838,23265.202427864075,1.0724051221384943e-05
3421,1.957749605178833,13687.000058315838,23272.28685617447,1.0700195165711836e-05
3422,2.149456262588501,13691.000058315838,23278.908929109573,1.06763624950805e-05
3423,2.1219100952148438,13695.000058315838,23287.14857172966,1.0652553223672306e-05
3424,2.0642778873443604,13699.000058315838,23293.87884092331,1.0628767365654715e-05
3425,2.110239028930664,13703.000058315838,23300.238988399506,1.0605004935181242e-05
3426,1.842968225479126,13707.000058315838,23306.839558124542,1.058126594639145e-05
3427,2.2089147567749023,13711.000058315838,23313.57511281967,1.0557550413410971e-05
3428,2.0675249099731445,13715.000058315838,23320.272455215454,1.0533858350351481e-05
3429,2.115351676940918,13719.000058315838,23329.02419066429,1.05101897713107e-05
3430,2.0687153339385986,13723.000058315838,23335.877895116806,1.0486544690372326e-05
3432,2.4155123233795166,13731.000058315838,23349.031603336334,1.043932507906787e-05
3433,2.08872652053833,13735.000058315838,23355.496264457703,1.0415750576799294e-05
3434,2.021989107131958,13739.000058315838,23362.131249189377,1.0392199628828157e-05
3435,2.1916558742523193,13743.000058315838,23368.61080098152,1.0368672249168216e-05
3436,2.0586063861846924,13747.000058315838,23375.070417642593,1.0345168451819147e-05
3437,2.1035938262939453,13751.000058315838,23381.711843013763,1.0321688250766656e-05
3438,2.2892532348632812,13755.000058315838,23388.60616016388,1.029823165998237e-05
3439,1.969771385192871,13759.000058315838,23395.34281229973,1.02747986934239e-05
3440,2.4542770385742188,13763.000058315838,23403.42806982994,1.0251389365034745e-05
3441,2.065378189086914,13767.000058315838,23410.103840827942,1.0228003688744396e-05
3442,1.9971272945404053,13771.000058315838,23415.95747447014,1.020464167846825e-05
3443,2.0773000717163086,13775.000058315838,23422.290373563766,1.0181303348107597e-05
3444,2.168229579925537,13779.000058315838,23429.12452673912,1.0157988711549664e-05
3445,2.1426427364349365,13783.000058315838,23436.04585313797,1.0134697782667578e-05
3446,2.0463924407958984,13787.000058315838,23441.53606581688,1.0111430575320355e-05
3447,2.243997573852539,13791.000058315838,23449.877680301666,1.0088187103352887e-05
3448,2.212841033935547,13795.000058315838,23456.486773967743,1.0064967380595973e-05
3449,2.084469795227051,13799.000058315838,23461.51898264885,1.0041771420866226e-05
3450,2.0517358779907227,13803.000058315838,23468.554374456406,1.0018599237966166e-05
3451,1.8996057510375977,13807.000058315838,23477.403055906296,9.995450845684155e-06
3452,2.1825075149536133,13811.000058315838,23484.16006541252,9.972326257794373e-06
3453,2.283590793609619,13815.000058315838,23490.84862756729,9.949225488056865e-06
3454,1.8291738033294678,13819.000058315838,23496.35266852379,9.926148550217501e-06
3455,2.161630630493164,13823.000058315838,23503.522041082382,9.903095458007967e-06
3456,2.254854917526245,13827.000058315838,23511.128963947296,9.880066225145732e-06
3457,2.12127423286438,13831.000058315838,23516.308117866516,9.857060865334104e-06
3458,2.1835904121398926,13835.000058315838,23523.60509133339,9.834079392262193e-06
3459,2.057647466659546,13839.000058315838,23530.491888046265,9.811121819604835e-06
3460,2.1019296646118164,13843.000058315838,23537.179568052292,9.788188161022714e-06
3461,2.2744154930114746,13847.000058315838,23543.688171625137,9.765278430162254e-06
3462,2.095005989074707,13851.000058315838,23551.20959186554,9.74239264065563e-06
3463,1.921032190322876,13855.000058315838,23557.553274154663,9.71953080612078e-06
3464,2.2001099586486816,13859.000058315838,23563.580923318863,9.696692940161414e-06
3465,2.1771953105926514,13863.000058315838,23569.458631515503,9.67387905636693e-06
3466,2.1678669452667236,13867.000058315838,23576.735837459564,9.651089168312492e-06
3467,2.155609369277954,13871.000058315838,23584.0408039093,9.628323289558976e-06
3468,2.005857467651367,13875.000058315838,23591.877583503723,9.605581433652974e-06
3469,2.1305761337280273,13879.000058315838,23599.69421696663,9.582863614126776e-06
3470,2.0351967811584473,13883.000058315838,23607.6094622612,9.560169844498385e-06
3471,2.137901782989502,13887.000058315838,23613.05819749832,9.537500138271477e-06
3472,2.0827925205230713,13891.000058315838,23620.592069387436,9.514854508935411e-06
3473,1.9140803813934326,13895.000058315838,23627.29567170143,9.49223296996522e-06
3474,2.2454299926757812,13899.000058315838,23634.3529920578,9.469635534821621e-06
3475,2.103290557861328,13903.000058315838,23641.523749113083,9.447062216950953e-06
3476,2.5426344871520996,13907.000058315838,23649.24409174919,9.424513029785236e-06
3477,2.0786023139953613,13911.000058315838,23654.29764151573,9.401987986742126e-06
3478,2.069688320159912,13915.000058315838,23661.665221214294,9.379487101224884e-06
3479,1.919421672821045,13919.000058315838,23668.475740909576,9.357010386622428e-06
3480,2.2706472873687744,13923.000058315838,23676.159229278564,9.334557856309299e-06
3481,2.2106285095214844,13927.000058315838,23682.18377685547,9.31212952364561e-06
3482,2.0655457973480225,13931.000058315838,23688.76513171196,9.2897254019771e-06
3483,2.338278293609619,13935.000058315838,23695.536546945572,9.267345504635111e-06
3484,2.1288352012634277,13939.000058315838,23701.544949531555,9.244989844936558e-06
3485,2.3660619258880615,13943.000058315838,23707.78243994713,9.222658436183918e-06
3486,2.106290817260742,13947.000058315838,23715.05796599388,9.200351291665267e-06
3487,1.9480938911437988,13951.000058315838,23721.51322555542,9.17806842465423e-06
3488,2.3951966762542725,13955.000058315838,23728.394089221954,9.155809848409973e-06
3489,2.1970598697662354,13959.000058315838,23735.292656183243,9.133575576177232e-06
3490,2.3284943103790283,13963.000058315838,23741.867663145065,9.111365621186257e-06
3491,2.2922298908233643,13967.000058315838,23748.644389390945,9.089179996652857e-06
3492,2.194289207458496,13971.000058315838,23754.6665995121,9.06701871577834e-06
3493,2.2709808349609375,13975.000058315838,23761.590735197067,9.044881791749545e-06
3494,2.099266767501831,13979.000058315838,23769.220247745514,9.02276923773879e-06
3495,2.1109209060668945,13983.000058315838,23775.946573734283,9.000681066903919e-06
3496,2.22164249420166,13987.000058315838,23782.98716711998,8.97861729238826e-06
3497,2.0640790462493896,13991.000058315838,23789.737845897675,8.956577927320636e-06
3498,2.1264750957489014,13995.000058315838,23796.78515982628,8.934562984815311e-06
3499,2.103564739227295,13999.000058315838,23802.753415107727,8.912572477972042e-06
3500,2.0485522747039795,14003.000058315838,23808.29036474228,8.890606419876054e-06
3501,2.046077013015747,14007.000058315838,23814.285177707672,8.868664823597994e-06
3502,2.055901527404785,14011.000058315838,23822.88222002983,8.846747702193982e-06
3503,1.9654502868652344,14015.000058315838,23829.22854924202,8.824855068705576e-06
3504,2.067629098892212,14019.000058315838,23833.033809900284,8.802986936159716e-06
3505,1.9568557739257812,14023.000058315838,23840.939842939377,8.781143317568822e-06
3506,2.4475114345550537,14027.000058315838,23849.259005069733,8.759324225930709e-06
3507,2.036827802658081,14031.000058315838,23854.721210479736,8.73752967422857e-06
3508,2.3845818042755127,14035.000058315838,23861.810502290726,8.715759675431021e-06
3509,2.0402302742004395,14039.000058315838,23868.007324695587,8.69401424249207e-06
3510,2.033128261566162,14043.000058315838,23875.0252764225,8.672293388351102e-06
3511,2.2710533142089844,14047.000058315838,23883.165748119354,8.650597125932872e-06
3512,2.209003448486328,14051.000058315838,23889.98026227951,8.628925468147522e-06
3513,2.210927963256836,14055.000058315838,23896.795877218246,8.607278427890504e-06
3514,2.0710182189941406,14059.000058315838,23904.1316511631,8.58565601804268e-06
3515,2.1378207206726074,14063.000058315838,23911.20950293541,8.56405825147022e-06
3516,1.9024720191955566,14067.000058315838,23917.369606256485,8.542485141024656e-06
3517,2.168360471725464,14071.000058315838,23923.401077747345,8.520936699542809e-06
3518,2.1876797676086426,14075.000058315838,23929.898906946182,8.49941293984686e-06
3519,2.1788198947906494,14079.000058315838,23935.986410856247,8.4779138747443e-06
3520,2.0846657752990723,14083.000058315838,23942.952943086624,8.456439517027885e-06
3521,2.3817532062530518,14087.000058315838,23950.525496006012,8.434989879475722e-06
3522,2.1999881267547607,14091.000058315838,23956.321254491806,8.41356497485119e-06
3523,2.1469225883483887,14095.000058315838,23963.614661455154,8.392164815902917e-06
3524,2.109832286834717,14099.000058315838,23969.673138856888,8.370789415364857e-06
3525,2.0968618392944336,14103.000058315838,23977.061066150665,8.349438785956207e-06
3526,1.945152997970581,14107.000058315838,23983.64287686348,8.328112940381442e-06
3527,2.0368621349334717,14111.000058315838,23990.411192893982,8.306811891330243e-06
3528,2.2501773834228516,14115.000058315838,23996.91821527481,8.28553565147759e-06
3529,2.0315189361572266,14119.000058315838,24001.812839508057,8.264284233483683e-06
3530,2.0552830696105957,14123.000058315838,24007.65465784073,8.243057649993932e-06
3531,2.007112979888916,14127.000058315838,24014.46755552292,8.22185591363899e-06
3532,2.170564889907837,14131.000058315838,24020.568163633347,8.200679037034722e-06
3533,2.0235254764556885,14135.000058315838,24028.189514398575,8.179527032782202e-06
3534,2.185849905014038,14139.000058315838,24033.643045425415,8.158399913467698e-06
3535,1.8232171535491943,14143.000058315838,24040.66532111168,8.137297691662686e-06
3536,2.053445339202881,14147.000058315838,24048.08610200882,8.116220379923791e-06
3537,1.992950677871704,14151.000058315838,24054.381920576096,8.095167990792851e-06
3538,2.157607078552246,14155.000058315838,24062.296788930893,8.07414053679686e-06
3539,2.1990439891815186,14159.000058315838,24070.216665506363,8.05313803044799e-06
3540,2.07867693901062,14163.000058315838,24076.18667936325,8.032160484243528e-06
3541,2.2563858032226562,14167.000058315838,24082.907995462418,8.01120791066595e-06
3542,2.3400356769561768,14171.000058315838,24090.13426566124,7.990280322182874e-06
3543,2.063608407974243,14175.000058315838,24096.216129541397,7.969377731246997e-06
3544,2.0258710384368896,14179.000058315838,24103.83159661293,7.94850015029621e-06
3545,2.229210376739502,14183.000058315838,24111.75110554695,7.927647591753489e-06
3546,2.3922550678253174,14187.000058315838,24118.326905965805,7.906820068026902e-06
3547,2.0857994556427,14191.000058315838,24125.338057518005,7.886017591509657e-06
3548,2.1364564895629883,14195.000058315838,24132.469170093536,7.865240174580053e-06
3549,2.0913069248199463,14199.000058315838,24138.59729528427,7.844487829601435e-06
3550,2.146399974822998,14203.000058315838,24145.828565835953,7.823760568922286e-06
3551,2.0809073448181152,14207.000058315838,24151.838805913925,7.803058404876138e-06
3552,2.2884104251861572,14211.000058315838,24158.085688352585,7.782381349781573e-06
3553,2.373922109603882,14215.000058315838,24165.49439573288,7.761729415942252e-06
3554,2.0049309730529785,14219.000058315838,24173.608501195908,7.741102615646895e-06
3555,1.9613385200500488,14223.000058315838,24179.85868382454,7.720500961169253e-06
3556,2.1054868698120117,14227.000058315838,24187.79310631752,7.699924464768108e-06
3557,2.0453057289123535,14231.000058315838,24193.70469379425,7.67937313868729e-06
3558,2.2717630863189697,14235.000058315838,24201.04450058937,7.658846995155656e-06
3559,2.294445037841797,14239.000058315838,24208.47156047821,7.638346046387034e-06
3560,2.125943422317505,14243.000058315838,24213.49271583557,7.61787030458031e-06
3561,2.118131399154663,14247.000058315838,24221.44908261299,7.597419781919359e-06
3562,1.984004020690918,14251.000058315838,24227.20944428444,7.576994490573024e-06
3563,1.9911023378372192,14255.000058315838,24233.610566854477,7.5565944426951605e-06
3564,2.1614832878112793,14259.000058315838,24238.873376607895,7.53621965042461e-06
3565,2.019285202026367,14263.000058315838,24244.265179157257,7.515870125885147e-06
3566,2.291227340698242,14267.000058315838,24251.651901721954,7.495545881185545e-06
3567,2.2285749912261963,14271.000058315838,24258.279769182205,7.4752469284195295e-06
3568,2.0032312870025635,14275.000058315838,24265.25546360016,7.454973279665786e-06
3569,2.183194637298584,14279.000058315838,24271.91441965103,7.4347249469878986e-06
3570,2.1069419384002686,14283.000058315838,24278.79776597023,7.414501942434437e-06
3571,2.0778636932373047,14287.000058315838,24285.179978847504,7.394304278038883e-06
3572,2.1633529663085938,14291.000058315838,24291.521662712097,7.3741319658196256e-06
3573,2.0607993602752686,14295.000058315838,24299.63809108734,7.3539850177799865e-06
3574,1.9392964839935303,14299.000058315838,24305.813678503036,7.333863445908205e-06
3575,2.2007837295532227,14303.000058315838,24312.597749233246,7.313767262177369e-06
3576,2.186812162399292,14307.000058315838,24319.58633542061,7.293696478545519e-06
3577,2.0756912231445312,14311.000058315838,24325.759999752045,7.273651106955554e-06
3578,2.1865530014038086,14315.000058315838,24333.10580086708,7.253631159335253e-06
3579,2.356966972351074,14319.000058315838,24340.618660211563,7.23363664759727e-06
3580,2.2959647178649902,14323.000058315838,24348.14983510971,7.21366758363912e-06
3581,2.053218126296997,14327.000058315838,24355.019191503525,7.19372397934319e-06
3582,2.08937931060791,14331.000058315838,24361.039618253708,7.173805846576688e-06
3583,1.9381426572799683,14335.000058315838,24368.132732868195,7.153913197191687e-06
3584,2.1279337406158447,14339.000058315838,24375.680824756622,7.1340460430251095e-06
3585,1.9317266941070557,14343.000058315838,24382.833053827286,7.1142043958986625e-06
3586,2.0514888763427734,14347.000058315838,24391.106167316437,7.094388267618917e-06
3587,2.3962202072143555,14351.000058315838,24397.610652923584,7.074597669977258e-06
3588,2.2204742431640625,14355.000058315838,24404.73779153824,7.054832614749843e-06
3589,2.1723456382751465,14359.000058315838,24409.887156248093,7.035093113697661e-06
3590,2.1365718841552734,14363.000058315838,24415.869850873947,7.015379178566501e-06
3591,2.187361717224121,14367.000058315838,24423.078061580658,6.995690821086907e-06
3592,1.8241355419158936,14371.000058315838,24429.03173828125,6.976028052974237e-06
3593,2.1507670879364014,14375.000058315838,24435.49702978134,6.956390885928608e-06
3594,2.0897316932678223,14379.000058315838,24442.810538053513,6.936779331634887e-06
3595,2.304086446762085,14383.000058315838,24450.130572080612,6.917193401762732e-06
3596,1.9905650615692139,14387.000058315838,24457.024603128433,6.897633107966529e-06
3597,2.279879331588745,14391.000058315838,24464.471618413925,6.878098461885432e-06
3598,2.21197247505188,14395.000058315838,24470.602954864502,6.858589475143319e-06
3599,2.268639087677002,14399.000058315838,24478.502524375916,6.839106159348784e-06
3600,1.9242432117462158,14403.000058315838,24485.366725444794,6.81964852609517e-06
3601,2.2025818824768066,14407.000058315838,24491.695918798447,6.800216586960535e-06
3602,2.1289780139923096,14411.000058315838,24498.721722602844,6.780810353507644e-06
3603,1.9983246326446533,14415.000058315838,24504.879961252213,6.761429837283975e-06
3604,2.1367077827453613,14419.000058315838,24510.999053955078,6.742075049821675e-06
3605,2.0488007068634033,14423.000058315838,24518.426470518112,6.722746002637606e-06
3606,1.957274317741394,14427.000058315838,24525.140152454376,6.703442707233323e-06
3607,2.2741806507110596,14431.000058315838,24532.105686903,6.684165175095024e-06
3608,2.0497331619262695,14435.000058315838,24539.082159519196,6.664913417693594e-06
3609,2.0925910472869873,14439.000058315838,24545.492458820343,6.645687446484595e-06
3610,2.211404800415039,14443.000058315838,24550.18567633629,6.6264872729082425e-06
3611,2.4364004135131836,14447.000058315838,24555.69635462761,6.607312908389361e-06
3612,2.2336347103118896,14451.000058315838,24564.12131357193,6.588164364337463e-06
3613,1.8388060331344604,14455.000058315838,24572.41774058342,6.5690416521466985e-06
3614,1.9117021560668945,14459.000058315838,24579.11118197441,6.5499447831958045e-06
3615,1.9778555631637573,14463.000058315838,24586.305996656418,6.5308737688481774e-06
3616,1.9737313985824585,14467.000058315838,24593.489994049072,6.511828620451824e-06
3617,2.244628429412842,14471.000058315838,24600.943638563156,6.492809349339338e-06
3618,2.3888957500457764,14475.000058315838,24608.043704271317,6.473815966827933e-06
3619,1.7604224681854248,14479.000058315838,24613.438011407852,6.454848484219428e-06
3620,1.8996825218200684,14483.000058315838,24620.785997867584,6.435906912800206e-06
3621,2.1244847774505615,14487.000058315838,24628.058580636978,6.41699126384125e-06
3622,2.1883280277252197,14491.000058315838,24635.148287296295,6.398101548598118e-06
3623,2.084489583969116,14495.000058315838,24640.707610607147,6.379237778310917e-06
3624,2.0804054737091064,14499.000058315838,24647.388845682144,6.36039996420433e-06
3625,2.106592893600464,14503.000058315838,24653.890306949615,6.3415881174876e-06
3626,1.6795697212219238,14507.000058315838,24659.722367286682,6.322802249354523e-06
3627,2.1156044006347656,14511.000058315838,24666.55472803116,6.304042370983401e-06
3628,2.251230239868164,14515.000058315838,24672.5460832119,6.285308493537111e-06
3629,2.0946128368377686,14519.000058315838,24678.161784172058,6.266600628163053e-06
3630,2.0770068168640137,14523.000058315838,24685.065571308136,6.247918785993114e-06
3631,2.204660415649414,14527.000058315838,24693.875111579895,6.229262978143737e-06
3632,2.0895304679870605,14531.000058315838,24700.076795578003,6.21063321571587e-06
3633,2.1008095741271973,14535.000058315838,24705.893349409103,6.192029509794929e-06
3634,2.5020127296447754,14539.000058315838,24712.933942079544,6.173451871450853e-06
3635,1.9706288576126099,14543.000058315838,24718.488955259323,6.154900311738083e-06
3636,1.9815037250518799,14547.000058315838,24723.981077432632,6.136374841695494e-06
3637,1.993011713027954,14551.000058315838,24731.748582839966,6.11787547234648e-06
3638,2.176772117614746,14555.000058315838,24738.275164842606,6.099402214698893e-06
3639,2.3684277534484863,14559.000058315838,24745.784029722214,6.08095507974505e-06
3640,2.122232675552368,14563.000058315838,24752.5992436409,6.062534078461705e-06
3641,2.176156520843506,14567.000058315838,24760.161647319794,6.044139221810079e-06
3642,2.209233045578003,14571.000058315838,24767.04758453369,6.025770520735834e-06
3643,2.1640336513519287,14575.000058315838,24773.80835056305,6.007427986169066e-06
3644,2.0061495304107666,14579.000058315838,24781.7942135334,5.989111629024307e-06
3645,1.8185616731643677,14583.000058315838,24788.739738941193,5.9708214602005046e-06
3646,2.2358250617980957,14587.000058315838,24795.730057001114,5.952557490581017e-06
3647,2.3948333263397217,14591.000058315838,24803.1303255558,5.934319731033629e-06
3648,2.1963882446289062,14595.000058315838,24809.156938314438,5.916108192410526e-06
3649,2.3094961643218994,14599.000058315838,24816.484718084335,5.89792288554827e-06
3650,1.985649824142456,14603.000058315838,24824.069266557693,5.8797638212678386e-06
3651,2.03328537940979,14607.000058315838,24830.255088567734,5.8616310103746016e-06
3652,2.2534568309783936,14611.000058315838,24836.746087551117,5.843524463658268e-06
3653,1.996850848197937,14615.000058315838,24842.26068496704,5.825444191892948e-06
3654,2.0940210819244385,14619.000058315838,24849.9930267334,5.807390205837121e-06
3655,2.0387706756591797,14623.000058315838,24855.926233530045,5.789362516233617e-06
3656,2.125782012939453,14627.000058315838,24863.823760032654,5.7713611338096016e-06
3657,2.2872726917266846,14631.000058315838,24870.428792238235,5.753386069276612e-06
3658,2.2867612838745117,14635.000058315838,24877.110950231552,5.735437333330524e-06
3659,2.155406951904297,14639.000058315838,24883.942475557327,5.717514936651517e-06
3660,2.1466565132141113,14643.000058315838,24892.249157190323,5.699618889904135e-06
3661,2.0603995323181152,14647.000058315838,24899.84552192688,5.681749203737226e-06
3662,2.1901259422302246,14651.000058315838,24906.73804831505,5.663905888783945e-06
3663,2.057339906692505,14655.000058315838,24912.51769733429,5.6460889556617656e-06
3664,2.1037917137145996,14659.000058315838,24920.613261938095,5.628298414972459e-06
3665,2.0892508029937744,14663.000058315838,24926.88947749138,5.6105342773021e-06
3666,2.0476233959198,14667.000058315838,24933.596616744995,5.592796553221045e-06
3667,1.993005394935608,14671.000058315838,24937.668075799942,5.5750852532839305e-06
3668,2.014666795730591,14675.000058315838,24943.929138422012,5.557400388029686e-06
3669,2.053804874420166,14679.000058315838,24951.25257253647,5.539741967981477e-06
3670,2.1042051315307617,14683.000058315838,24959.024960517883,5.52211000364677e-06
3671,2.0515313148498535,14687.000058315838,24963.61609530449,5.504504505517279e-06
3672,1.9588086605072021,14691.000058315838,24970.300571918488,5.486925484068944e-06
3673,2.214401960372925,14695.000058315838,24977.34196639061,5.469372949761983e-06
3674,2.040133476257324,14699.000058315838,24984.925499916077,5.451846913040855e-06
3675,2.1393957138061523,14703.000058315838,24992.631815433502,5.43434738433421e-06
3676,2.0770535469055176,14707.000058315838,25000.438127994537,5.416874374054972e-06
3677,2.080749750137329,14711.000058315838,25006.333747386932,5.39942789260027e-06
3678,2.3020081520080566,14715.000058315838,25013.6345911026,5.38200795035143e-06
3679,1.9945262670516968,14719.000058315838,25020.648748636246,5.364614557673998e-06
3680,1.9543545246124268,14723.000058315838,25026.803718328476,5.347247724917732e-06
3681,2.3366618156433105,14727.000058315838,25034.280433416367,5.32990746241659e-06
3682,1.8787261247634888,14731.000058315838,25041.548387527466,5.312593780488682e-06
3683,2.0537493228912354,14735.000058315838,25047.699400663376,5.295306689436338e-06
3684,2.2012434005737305,14739.000058315838,25055.038349866867,5.278046199546054e-06
3685,2.082970380783081,14743.000058315838,25061.03380703926,5.260812321088514e-06
3686,2.322173595428467,14747.000058315838,25068.096425771713,5.243605064318516e-06
3687,2.0545310974121094,14751.000058315838,25073.106458187103,5.226424439475074e-06
3688,2.1163980960845947,14755.000058315838,25079.71379685402,5.209270456781327e-06
3689,2.1407630443573,14759.000058315838,25085.284470558167,5.192143126444572e-06
3690,2.121701240539551,14763.000058315838,25091.591692209244,5.175042458656244e-06
3691,1.8425225019454956,14767.000058315838,25098.58937907219,5.1579684635918914e-06
3692,2.2140345573425293,14771.000058315838,25105.50986814499,5.140921151411225e-06
3693,2.056541919708252,14775.000058315838,25110.811416864395,5.1239005322580655e-06
3694,2.030984401702881,14779.000058315838,25117.608911514282,5.1069066162603335e-06
3695,2.118014335632324,14783.000058315838,25124.415681123734,5.089939413530083e-06
3696,2.046171188354492,14787.000058315838,25131.60222220421,5.072998934163464e-06
3697,1.9989506006240845,14791.000058315838,25139.428280115128,5.056085188240739e-06
3698,2.099925994873047,14795.000058315838,25146.927184343338,5.0391981858262184e-06
3699,2.2994930744171143,14799.000058315838,25153.1628947258,5.02233793696835e-06
3700,2.012890577316284,14803.000058315838,25160.64104604721,5.0055044516996474e-06
3701,1.9153199195861816,14807.000058315838,25167.031173944473,4.988697740036675e-06
3702,2.246795654296875,14811.000058315838,25173.454351902008,4.971917811980098e-06
3703,2.3562746047973633,14815.000058315838,25179.44749903679,4.955164677514634e-06
3704,2.073826789855957,14819.000058315838,25185.266526460648,4.938438346609035e-06
3705,2.1194381713867188,14823.000058315838,25190.66237950325,4.921738829216134e-06
3706,2.1568336486816406,14827.000058315838,25196.48811006546,4.905066135272803e-06
3707,2.1085164546966553,14831.000058315838,25203.155570983887,4.88842027469994e-06
3708,1.9763622283935547,14835.000058315838,25209.59021449089,4.871801257402487e-06
3709,2.011789560317993,14839.000058315838,25215.999144792557,4.8552090932694085e-06
3710,1.8950552940368652,14843.000058315838,25223.937058210373,4.83864379217371e-06
3711,2.370553493499756,14847.000058315838,25232.09083390236,4.822105363972359e-06
3712,1.9244260787963867,14851.000058315838,25237.704535245895,4.805593818506395e-06
3713,2.0807652473449707,14855.000058315838,25244.46706032753,4.789109165600831e-06
3714,2.053647518157959,14859.000058315838,25250.543692588806,4.772651415064664e-06
3715,2.296698808670044,14863.000058315838,25257.506695747375,4.756220576690917e-06
3716,1.943961501121521,14867.000058315838,25265.122737169266,4.739816660256583e-06
3717,2.081552028656006,14871.000058315838,25272.30752801895,4.723439675522617e-06
3718,2.1535191535949707,14875.000058315838,25279.54400062561,4.707089632233979e-06
3719,2.0029842853546143,14879.000058315838,25284.482096910477,4.690766540119598e-06
3720,1.8578852415084839,14883.000058315838,25291.45487499237,4.674470408892326e-06
3721,2.015688419342041,14887.000058315838,25297.893115520477,4.658201248249012e-06
3722,2.184825897216797,14891.000058315838,25304.899223327637,4.641959067870451e-06
3723,2.195910930633545,14895.000058315838,25311.370388031006,4.625743877421364e-06
3724,2.326962471008301,14899.000058315838,25318.702219247818,4.609555686550424e-06
3725,2.1674180030822754,14903.000058315838,25326.658751487732,4.593394504890247e-06
3726,2.2239065170288086,14907.000058315838,25333.10177755356,4.577260342057377e-06
3727,1.9928255081176758,14911.000058315838,25339.16380095482,4.5611532076522465e-06
3728,1.9944243431091309,14915.000058315838,25346.167751312256,4.545073111259251e-06
3729,2.131464958190918,14919.000058315838,25354.51670193672,4.52902006244667e-06
3730,2.1082377433776855,14923.000058315838,25360.795271873474,4.512994070766697e-06
3731,2.2546632289886475,14927.000058315838,25367.87332510948,4.496995145755426e-06
3732,2.0813326835632324,14931.000058315838,25375.379768133163,4.481023296932855e-06
3733,2.033010959625244,14935.000058315838,25382.890425920486,4.465078533802843e-06
3734,1.9569826126098633,14939.000058315838,25389.631052732468,4.449160865853151e-06
3735,2.0343589782714844,14943.000058315838,25395.99759531021,4.433270302555426e-06
3736,2.092862844467163,14947.000058315838,25401.699116945267,4.417406853365156e-06
3737,1.8676648139953613,14951.000058315838,25408.21396803856,4.40157052772173e-06
3738,2.171934127807617,14955.000058315838,25415.206916332245,4.385761335048372e-06
3739,2.177997589111328,14959.000058315838,25423.461721658707,4.369979284752192e-06
3740,2.12921404838562,14963.000058315838,25427.802741765976,4.354224386224095e-06
3741,2.206223964691162,14967.000058315838,25434.00162434578,4.338496648838885e-06
3742,2.0010170936584473,14971.000058315838,25440.3117043972,4.322796081955183e-06
3743,1.9601542949676514,14975.000058315838,25447.30037689209,4.307122694915426e-06
3744,2.2732584476470947,14979.000058315838,25454.488126039505,4.291476497045902e-06
3745,2.1402854919433594,14983.000058315838,25460.253235578537,4.27585749765672e-06
3746,2.0845725536346436,14987.000058315838,25465.722140073776,4.260265706041775e-06
3747,2.082160472869873,14991.000058315838,25471.998113155365,4.244701131478809e-06
3748,1.995463490486145,14995.000058315838,25477.586092710495,4.229163783229354e-06
3749,2.086162805557251,14999.000058315838,25484.983382463455,4.213653670538732e-06
3750,1.9680485725402832,15003.000058315838,25491.54538345337,4.19817080263607e-06
3751,2.264772653579712,15007.000058315838,25497.091587781906,4.182715188734282e-06
3752,2.019749402999878,15011.000058315838,25504.422923088074,4.167286838030065e-06
3753,2.041694164276123,15015.000058315838,25511.7809779644,4.1518857597038925e-06
3754,2.284569263458252,15019.000058315838,25518.452177762985,4.136511962920004e-06
3755,2.3904528617858887,15023.000058315838,25525.538944005966,4.121165456826423e-06
3756,2.03971791267395,15027.000058315838,25533.27010846138,4.105846250554907e-06
3757,2.2673168182373047,15031.000058315838,25540.740149497986,4.09055435322099e-06
3758,2.0618999004364014,15035.000058315838,25546.589045763016,4.075289773923952e-06
3759,1.9608758687973022,15039.000058315838,25551.38234448433,4.060052521746806e-06
3760,2.060478687286377,15043.000058315838,25557.8475754261,4.044842605756319e-06
3761,2.017470359802246,15047.000058315838,25564.212267637253,4.029660035003e-06
3762,1.8406665325164795,15051.000058315838,25570.982086658478,4.014504818521051e-06
3763,2.2476015090942383,15055.000058315838,25578.549906730652,3.999376965328429e-06
3764,1.955958604812622,15059.000058315838,25583.23252105713,3.984276484426802e-06
3765,1.933588981628418,15063.000058315838,25591.73996067047,3.969203384801542e-06
3766,2.1829934120178223,15067.000058315838,25598.16366457939,3.954157675421732e-06
3767,2.2157788276672363,15071.000058315838,25604.65277671814,3.939139365240164e-06
3768,2.1688594818115234,15075.000058315838,25611.42586326599,3.924148463193332e-06
3769,1.9407066106796265,15079.000058315838,25618.091430664062,3.909184978201381e-06
3770,2.160017490386963,15083.000058315838,25622.800275564194,3.894248919168186e-06
3771,2.3052425384521484,15087.000058315838,25629.154497385025,3.879340294981292e-06
3772,2.316464900970459,15091.000058315838,25635.314068317413,3.864459114511917e-06
3773,2.129746198654175,15095.000058315838,25641.834674358368,3.849605386614925e-06
3774,2.1531896591186523,15099.000058315838,25648.104691267014,3.834779120128883e-06
3775,2.1688883304595947,15103.000058315838,25655.343346118927,3.819980323875994e-06
3776,2.1225152015686035,15107.000058315838,25661.792360305786,3.8052090066621268e-06
3777,2.143437147140503,15111.000058315838,25668.429968595505,3.790465177276795e-06
3778,2.2851457595825195,15115.000058315838,25674.521501779556,3.775748844493145e-06
3779,1.8115015029907227,15119.000058315838,25680.396488189697,3.7610600170679706e-06
3780,2.1714460849761963,15123.000058315838,25687.303048849106,3.7463987037417056e-06
3781,2.2200660705566406,15127.000058315838,25693.996898174286,3.7317649132384153e-06
3782,2.1325230598449707,15131.000058315838,25699.441178560257,3.71715865426576e-06
3783,2.307584524154663,15135.000058315838,25706.625968694687,3.7025799355150414e-06
3784,2.06322979927063,15139.000058315838,25713.82157111168,3.6880287656611746e-06
3785,1.9451322555541992,15143.000058315838,25719.07324910164,3.6735051533626656e-06
3786,2.1255998611450195,15147.000058315838,25726.547328948975,3.6590091072616334e-06
3787,2.1201272010803223,15151.000058315838,25732.677223205566,3.6445406359838048e-06
3788,2.191293478012085,15155.000058315838,25738.249156951904,3.630099748138475e-06
3789,2.164506435394287,15159.000058315838,25746.051165103912,3.6156864523185364e-06
3790,2.109367847442627,15163.000058315838,25752.50230526924,3.601300757100483e-06
3791,2.139864444732666,15167.000058315838,25760.0864341259,3.5869426710443437e-06
3792,2.139364719390869,15171.000058315838,25766.749641656876,3.572612202693751e-06
3793,2.1644186973571777,15175.000058315838,25774.053990602493,3.5583093605758934e-06
3794,2.080878496170044,15179.000058315838,25781.209448337555,3.544034153201524e-06
3795,1.8683711290359497,15183.000058315838,25786.97314620018,3.529786589064947e-06
3796,2.129368305206299,15187.000058315838,25795.016998291016,3.515566676644036e-06
3797,2.3222055435180664,15191.000058315838,25802.828503370285,3.5013744244001774e-06
3798,1.9881985187530518,15195.000058315838,25809.0040268898,3.487209840778321e-06
3799,2.129598379135132,15199.000058315838,25816.5039229393,3.4730729342069523e-06
3800,1.9941823482513428,15203.000058315838,25824.499620437622,3.4589637130980862e-06
3801,2.2851881980895996,15207.000058315838,25832.00963807106,3.4448821858472573e-06
3802,2.30012845993042,15211.000058315838,25837.7216899395,3.430828360833523e-06
3803,2.0011579990386963,15215.000058315838,25844.144606351852,3.4168022464194723e-06
3804,2.1757373809814453,15219.000058315838,25851.647216320038,3.402803850951173e-06
3805,2.340616464614868,15223.000058315838,25859.15079975128,3.388833182758235e-06
3806,2.2939109802246094,15227.000058315838,25866.40554022789,3.3748902501537522e-06
3807,2.0470104217529297,15231.000058315838,25874.435739040375,3.3609750614342994e-06
3808,2.143150806427002,15235.000058315838,25881.647629261017,3.3470876248799704e-06
3809,1.9896793365478516,15239.000058315838,25888.890207529068,3.333227948754338e-06
3810,2.0032172203063965,15243.000058315838,25895.69395494461,3.319396041304451e-06
3811,1.8593684434890747,15247.000058315838,25900.37203526497,3.305591910760825e-06
3812,2.0998082160949707,15251.000058315838,25906.762584209442,3.2918155653374685e-06
3813,2.2150771617889404,15255.000058315838,25913.991988658905,3.2780670132318466e-06
3814,2.0015869140625,15259.000058315838,25920.79992723465,3.264346262624877e-06
3815,2.124533176422119,15263.000058315838,25927.294624567032,3.250653321680952e-06
3816,2.0963032245635986,15267.000058315838,25934.993438720703,3.236988198547904e-06
3817,2.246227979660034,15271.000058315838,25942.423846960068,3.223350901357013e-06
3818,2.1852786540985107,15275.000058315838,25949.84322834015,3.2097414382230116e-06
3819,2.0338315963745117,15279.000058315838,25956.736825227737,3.196159817244072e-06
3820,2.137953996658325,15283.000058315838,25963.22620868683,3.1826060465017704e-06
3821,2.2806265354156494,15287.000058315838,25971.0078125,3.169080134061139e-06
3822,2.0187649726867676,15291.000058315838,25977.39347410202,3.1555820879706356e-06
3823,2.2265026569366455,15295.000058315838,25984.08560681343,3.142111916262114e-06
3824,2.207052707672119,15299.000058315838,25991.1011865139,3.1286696269508478e-06
3825,2.0978260040283203,15303.000058315838,25998.203670024872,3.1152552280355397e-06
3826,2.1261801719665527,15307.000058315838,26004.216722011566,3.1018687274982896e-06
3827,2.1742162704467773,15311.000058315838,26010.893627643585,3.088510133304566e-06
3828,1.9285913705825806,15315.000058315838,26015.875556230545,3.0751794534032615e-06
3829,2.084806442260742,15319.000058315838,26021.661757946014,3.0618766957266722e-06
3830,1.9800069332122803,15323.000058315838,26027.394033670425,3.0486018681904337e-06
3831,2.130678176879883,15327.000058315838,26034.207820653915,3.035354978693608e-06
3832,2.2771525382995605,15331.000058315838,26041.261473417282,3.022136035118607e-06
3833,1.9159290790557861,15335.000058315838,26047.660564661026,3.008945045331208e-06
3834,2.1423065662384033,15339.000058315838,26054.240457057953,2.9957820171805786e-06
3835,2.217482566833496,15343.000058315838,26062.643604278564,2.9826469584992445e-06
3836,2.2344753742218018,15347.000058315838,26068.44585943222,2.969539877103055e-06
3837,2.024677038192749,15351.000058315838,26075.69650912285,2.9564607807912575e-06
3838,2.1939313411712646,15355.000058315838,26083.192253112793,2.9434096773464173e-06
3839,2.2952322959899902,15359.000058315838,26091.0426697731,2.930386574534458e-06
3840,1.820138692855835,15363.000058315838,26099.232881069183,2.9173914801046274e-06
3841,2.117462158203125,15367.000058315838,26106.15515065193,2.9044244017895207e-06
3842,2.120346784591675,15371.000058315838,26112.340522050858,2.891485347305068e-06
3843,2.110572576522827,15375.000058315838,26121.135156154633,2.8785743243504903e-06
3844,2.2469708919525146,15379.000058315838,26128.634635448456,2.8656913406083677e-06
3845,1.9357303380966187,15383.000058315838,26135.089158535004,2.852836403744587e-06
3846,2.041778087615967,15387.000058315838,26143.02099585533,2.840009521408316e-06
3847,2.28053879737854,15391.000058315838,26149.813490629196,2.827210701232063e-06
3848,2.1481308937072754,15395.000058315838,26156.635759353638,2.8144399508316385e-06
3849,2.040213108062744,15399.000058315838,26163.560363054276,2.801697277806123e-06
3850,2.234726905822754,15403.000058315838,26170.035665512085,2.788982689737909e-06
3851,2.056612014770508,15407.000058315838,26176.554887533188,2.7762961941926813e-06
3852,1.9683146476745605,15411.000058315838,26183.574465751648,2.763637798719399e-06
3853,2.3020358085632324,15415.000058315838,26190.691173553467,2.7510075108502956e-06
3854,2.058411121368408,15419.000058315838,26198.068185806274,2.738405338100896e-06
3855,2.0138275623321533,15423.000058315838,26203.68755054474,2.725831287969988e-06
3856,2.1449708938598633,15427.000058315838,26210.634844064713,2.713285367939613e-06
3857,1.963670015335083,15431.000058315838,26217.970510482788,2.700767585475091e-06
3858,1.929030179977417,15435.000058315838,26224.927516937256,2.6882779480249953e-06
3859,2.2051429748535156,15439.000058315838,26231.218695163727,2.6758164630211512e-06
3861,2.191579818725586,15447.000058315838,26246.546113729477,2.6509779799957147e-06
3862,2.029869794845581,15451.000058315838,26252.203444242477,2.638600996754002e-06
3863,2.1722869873046875,15455.000058315838,26258.53075647354,2.626252195518271e-06
3864,2.033081293106079,15459.000058315838,26265.175555944443,2.6139315836365435e-06
3865,2.1875288486480713,15463.000058315838,26271.694647073746,2.601639168440053e-06
3866,2.1794517040252686,15467.000058315838,26279.041536092758,2.589374957243275e-06
3867,2.2919068336486816,15471.000058315838,26285.439908266068,2.577138957343898e-06
3868,2.174241542816162,15475.000058315838,26293.593925476074,2.56493117602283e-06
3869,2.3844873905181885,15479.000058315838,26301.224831581116,2.5527516205441532e-06
3870,2.1133880615234375,15483.000058315838,26308.55109167099,2.540600298155203e-06
3871,1.9803760051727295,15487.000058315838,26315.975423812866,2.5284772160864884e-06
3872,2.030261516571045,15491.000058315838,26324.080453634262,2.516382381551705e-06
3873,2.1898882389068604,15495.000058315838,26331.559003591537,2.5043158017477606e-06
3874,1.9924912452697754,15499.000058315838,26338.419229984283,2.4922774838547507e-06
3875,2.1216025352478027,15503.000058315838,26345.418019533157,2.480267435035933e-06
3876,1.9663562774658203,15507.000058315838,26352.935673952103,2.4682856624377623e-06
3877,2.2239584922790527,15511.000058315838,26360.31256365776,2.4563321731898733e-06
3878,1.7724268436431885,15515.000058315838,26368.475706100464,2.444406974405037e-06
3879,1.9903559684753418,15519.000058315838,26373.55118894577,2.432510073179232e-06
3880,1.9430063962936401,15523.000058315838,26378.246921777725,2.420641476591568e-06
3881,2.3128788471221924,15527.000058315838,26384.637049674988,2.4088011917043387e-06
3882,2.3811161518096924,15531.000058315838,26392.847988843918,2.396989225562964e-06
3883,2.2512238025665283,15535.000058315838,26399.15114879608,2.385205585196043e-06
3884,1.8373589515686035,15539.000058315838,26404.07911658287,2.373450277615284e-06
3885,2.2307262420654297,15543.000058315838,26409.17020201683,2.361723309815563e-06
3886,2.2154271602630615,15547.000058315838,26416.674401044846,2.3500246887748875e-06
3887,2.2807953357696533,15551.000058315838,26424.506194353104,2.3383544214543994e-06
3888,2.2839887142181396,15555.000058315838,26431.596561193466,2.3267125147983505e-06
3889,1.9221515655517578,15559.000058315838,26437.831844568253,2.315098975734143e-06
3890,2.319321632385254,15563.000058315838,26444.67151260376,2.3035138111722885e-06
3891,1.66996169090271,15567.000058315838,26449.82932972908,2.2919570280064004e-06
3892,2.154898166656494,15571.000058315838,26457.444046020508,2.280428633113228e-06
3893,1.9635815620422363,15575.000058315838,26463.62513279915,2.2689286333526185e-06
3894,2.3665082454681396,15579.000058315838,26470.907305002213,2.2574570355675143e-06
3895,1.9880194664001465,15583.000058315838,26477.29410791397,2.2460138465839727e-06
3896,2.2358851432800293,15587.000058315838,26484.56211090088,2.234599073211136e-06
3897,2.217669725418091,15591.000058315838,26489.62850880623,2.223212722241244e-06
3898,2.0762946605682373,15595.000058315838,26497.751386880875,2.2118548004496164e-06
3899,2.249607563018799,15599.000058315838,26504.3410885334,2.200525314594659e-06
3900,2.0660037994384766,15603.000058315838,26511.894729852676,2.189224271417874e-06
3901,2.0727438926696777,15607.000058315838,26518.3111410141,2.177951677643812e-06
3902,2.108154296875,15611.000058315838,26524.630490541458,2.166707539980107e-06
3903,1.9617218971252441,15615.000058315838,26530.28994655609,2.155491865117465e-06
3904,2.284665822982788,15619.000058315838,26537.09475851059,2.1443046597296583e-06
3905,2.039142370223999,15623.000058315838,26543.259120464325,2.1331459304734973e-06
3906,1.9496994018554688,15627.000058315838,26549.813158988953,2.1220156839888826e-06
3907,2.090852737426758,15631.000058315838,26557.147713661194,2.110913926898729e-06
3908,1.860555648803711,15635.000058315838,26562.981268167496,2.09984066580902e-06
3909,2.1863510608673096,15639.000058315838,26569.938497543335,2.0887959073087866e-06
3910,2.1300487518310547,15643.000058315838,26577.470497131348,2.07777965797009e-06
3911,2.131690502166748,15647.000058315838,26584.200729370117,2.0667919243480266e-06
3912,1.9752732515335083,15651.000058315838,26590.484970331192,2.055832712980729e-06
3913,2.3048195838928223,15655.000058315838,26597.789420843124,2.0449020303893667e-06
3914,2.1213786602020264,15659.000058315838,26605.065904855728,2.0339998830781045e-06
3915,2.208021879196167,15663.000058315838,26612.032059669495,2.023126277534161e-06
3916,2.194375514984131,15667.000058315838,26619.459184885025,2.012281220227757e-06
3917,2.0090413093566895,15671.000058315838,26625.220467805862,2.0014647176121203e-06
3918,1.9030548334121704,15675.000058315838,26630.57427239418,1.9906767761235e-06
3919,2.3021421432495117,15679.000058315838,26638.247318029404,1.9799174021811402e-06
3920,2.160097122192383,15683.000058315838,26645.724896669388,1.969186602187284e-06
3921,2.2260210514068604,15687.000058315838,26652.201291322708,1.958484382527186e-06
3922,2.1077170372009277,15691.000058315838,26660.044981718063,1.947810749569083e-06
3923,2.299086570739746,15695.000058315838,26667.157031297684,1.9371657096642126e-06
3924,2.015493154525757,15699.000058315838,26673.499084472656,1.9265492691467726e-06
3925,2.1472928524017334,15703.000058315838,26682.180408239365,1.9159614343339724e-06
3926,2.211509943008423,15707.000058315838,26689.753329515457,1.9054022115259923e-06
3927,1.7947934865951538,15711.000058315838,26697.198155403137,1.8948716070059698e-06
3928,2.113499164581299,15715.000058315838,26703.503346681595,1.8843696270400396e-06
3929,1.9468743801116943,15719.000058315838,26710.466390371323,1.8738962778772944e-06
3930,2.0511245727539062,15723.000058315838,26718.314163208008,1.863451565749769e-06
3931,1.7729558944702148,15727.000058315838,26723.848642110825,1.853035496872489e-06
3932,1.9344773292541504,15731.000058315838,26729.898077726364,1.8426480774434217e-06
3933,2.011604070663452,15735.000058315838,26736.181887865067,1.832289313643487e-06
3934,2.0208282470703125,15739.000058315838,26742.699586629868,1.821959211636552e-06
3935,2.180602550506592,15743.000058315838,26749.594118595123,1.811657777569442e-06
3936,2.283235549926758,15747.000058315838,26755.520385742188,1.801385017571901e-06
3937,2.2539095878601074,15751.000058315838,26763.03887629509,1.791140937756626e-06
3938,2.1002633571624756,15755.000058315838,26768.482301473618,1.7809255442192556e-06
3939,2.311795711517334,15759.000058315838,26776.53258371353,1.7707388430383422e-06
3940,2.073394298553467,15763.000058315838,26782.144631385803,1.7605808402753682e-06
3941,2.1474087238311768,15767.000058315838,26789.3166577816,1.7504515419747468e-06
3942,1.7930347919464111,15771.000058315838,26796.209501504898,1.7403509541638099e-06
3943,2.2653722763061523,15775.000058315838,26804.502862215042,1.7302790828527982e-06
3944,2.2423858642578125,15779.000058315838,26810.66149544716,1.7202359340348715e-06
3945,2.2644526958465576,15783.000058315838,26817.932688951492,1.7102215136860977e-06
3946,2.1056032180786133,15787.000058315838,26824.944593429565,1.7002358277654472e-06
3947,2.058212995529175,15791.000058315838,26831.249169826508,1.690278882214788e-06
3948,1.965502142906189,15795.000058315838,26836.358416080475,1.6803506829589068e-06
3949,1.9804154634475708,15799.000058315838,26843.156331539154,1.6704512359054598e-06
3950,1.9311585426330566,15803.000058315838,26850.07387447357,1.6605805469450063e-06
3951,2.2138144969940186,15807.000058315838,26858.348002910614,1.6507386219510017e-06
3952,2.0924434661865234,15811.000058315838,26865.908061742783,1.6409254667797718e-06
3953,2.2856109142303467,15815.000058315838,26871.942222356796,1.631141087270522e-06
3954,1.933070421218872,15819.000058315838,26878.407341957092,1.6213854892453444e-06
3955,1.9416823387145996,15823.000058315838,26883.925877809525,1.611658678509211e-06
3956,1.8730401992797852,15827.000058315838,26889.972036600113,1.6019606608499464e-06
3957,2.1181087493896484,15831.000058315838,26895.895449399948,1.5922914420382449e-06
3958,2.1009416580200195,15835.000058315838,26900.839555978775,1.5826510278276867e-06
3959,2.114531993865967,15839.000058315838,26908.39386844635,1.5730394239546826e-06
3960,2.2477059364318848,15843.000058315838,26914.885312080383,1.5634566361385176e-06
3961,1.9544851779937744,15847.000058315838,26922.215695381165,1.5539026700813302e-06
3962,2.348451852798462,15851.000058315838,26928.735933065414,1.5443775314680944e-06
3963,1.916662335395813,15855.000058315838,26934.626073122025,1.5348812259666428e-06
3964,2.280050039291382,15859.000058315838,26941.929763317108,1.5254137592276603e-06
3965,2.1490707397460938,15863.000058315838,26950.04470539093,1.5159751368846459e-06
3966,2.1768546104431152,15867.000058315838,26957.208504915237,1.5065653645539566e-06
3967,2.1516926288604736,15871.000058315838,26963.68769288063,1.4971844478347745e-06
3968,1.9690308570861816,15875.000058315838,26970.27293586731,1.4878323923091121e-06
3969,1.903664231300354,15879.000058315838,26976.70385837555,1.478509203541807e-06
3970,2.0843148231506348,15883.000058315838,26984.007494211197,1.4692148870805325e-06
3971,2.2527031898498535,15887.000058315838,26991.659596204758,1.4599494484557535e-06
3972,2.1446104049682617,15891.000058315838,26999.99447441101,1.450712893180777e-06
3973,2.241734743118286,15895.000058315838,27007.827188253403,1.4415052267517174e-06
3974,1.8968555927276611,15899.000058315838,27016.27036714554,1.4323264546474983e-06
3975,2.152951240539551,15903.000058315838,27022.078710079193,1.4231765823298397e-06
3976,2.332453489303589,15907.000058315838,27028.187407016754,1.4140556152432816e-06
3977,2.104321241378784,15911.000058315838,27035.76311659813,1.4049635588151551e-06
3978,1.9413118362426758,15915.000058315838,27042.299273490906,1.3959004184555831e-06
3979,1.8577182292938232,15919.000058315838,27048.899468183517,1.3868661995574969e-06
3980,2.247197389602661,15923.000058315838,27056.475844860077,1.3778609074966137e-06
3981,2.0090372562408447,15927.000058315838,27061.612495422363,1.3688845476314257e-06
3982,2.0757946968078613,15931.000058315838,27067.471689224243,1.3599371253032221e-06
3983,2.3738274574279785,15935.000058315838,27074.088631629944,1.3510186458360675e-06
3984,2.1262409687042236,15939.000058315838,27081.604372739792,1.342129114536812e-06
3985,2.0445663928985596,15943.000058315838,27087.757278203964,1.3332685366950702e-06
3986,2.2424843311309814,15947.000058315838,27095.18231368065,1.3244369175832308e-06
3987,2.1136531829833984,15951.000058315838,27102.672147750854,1.3156342624564639e-06
3988,2.042095184326172,15955.000058315838,27108.668209314346,1.3068605765526808e-06
3989,2.2018961906433105,15959.000058315838,27115.39121222496,1.2981158650925733e-06
3990,2.051602602005005,15963.000058315838,27121.785168409348,1.2894001332795914e-06
3991,2.0740809440612793,15967.000058315838,27129.547894477844,1.2807133862999273e-06
3992,2.0481576919555664,15971.000058315838,27136.333319664,1.272055629322542e-06
3993,2.0818676948547363,15975.000058315838,27143.728756427765,1.263426867499144e-06
3994,2.182551860809326,15979.000058315838,27150.84968471527,1.2548271059641778e-06
3995,2.1696910858154297,15983.000058315838,27157.546627283096,1.2462563498348407e-06
3996,1.977959156036377,15987.000058315838,27164.3482940197,1.237714604211066e-06
3997,1.8146859407424927,15991.000058315838,27171.044094085693,1.2292018741755347e-06
3998,2.0332260131835938,15995.000058315838,27175.94981789589,1.2207181647936407e-06
3999,2.4211201667785645,15999.000058315838,27182.662801265717,1.2122634811135316e-06
4000,2.208584785461426,16003.000058315838,27189.93450331688,1.2038378281660797e-06
4001,2.2429451942443848,16007.000058315838,27196.8605761528,1.1954412109648652e-06
4002,2.4372963905334473,16011.000058315838,27204.194643974304,1.1870736345062164e-06
4003,2.15274715423584,16015.000058315838,27211.404113292694,1.1787351037691692e-06
4004,2.265655994415283,16019.000058315838,27218.350881576538,1.170425623715468e-06
4005,2.1096696853637695,16023.000058315838,27225.73833465576,1.1621451992895769e-06
4006,2.1486928462982178,16027.000058315838,27231.64461159706,1.1538938354186901e-06
4007,2.329360246658325,16031.000058315838,27239.853846549988,1.1456715370126666e-06
4008,1.9498794078826904,16035.000058315838,27247.377158641815,1.1374783089641168e-06
4009,1.8958711624145508,16039.000058315838,27254.17813873291,1.129314156148322e-06
4010,2.148437738418579,16043.000058315838,27260.864305734634,1.121179083423282e-06
4011,2.008129119873047,16047.000058315838,27268.678149461746,1.1130730956296721e-06
4012,2.0396077632904053,16051.000058315838,27276.593899726868,1.1049961975908759e-06
4013,2.2333805561065674,16055.000058315838,27282.33100962639,1.0969483941129682e-06
4014,2.0681312084198,16059.000058315838,27288.28658223152,1.0889296899846994e-06
4015,1.9813153743743896,16063.000058315838,27295.47354578972,1.0809400899775226e-06
4016,2.0890021324157715,16067.000058315838,27301.320956468582,1.0729795988455657e-06
4017,1.9904242753982544,16071.000058315838,27306.8591234684,1.0650482213256154e-06
4018,2.148139476776123,16075.000058315838,27313.92172408104,1.0571459621371608e-06
4019,2.187943935394287,16079.000058315838,27322.216284751892,1.0492728259823605e-06
4020,2.1500072479248047,16083.000058315838,27327.994052648544,1.0414288175460319e-06
4021,2.298659324645996,16087.000058315838,27336.62721848488,1.0336139414956723e-06
4022,2.155492067337036,16091.000058315838,27344.135076522827,1.0258282024814328e-06
4023,2.0945193767547607,16095.000058315838,27350.367269277573,1.0180716051361384e-06
4024,2.1523537635803223,16099.000058315838,27357.429702043533,1.010344154075268e-06
4025,1.8821194171905518,16103.000058315838,27363.53259897232,1.0026458538969523e-06
4026,2.005389928817749,16107.000058315838,27369.19287133217,9.94976709181987e-07
4027,2.1223437786102295,16111.000058315838,27376.01486492157,9.873367244938089e-07
4028,2.073429822921753,16115.000058315838,27383.584774255753,9.79725904378513e-07
4029,1.9189568758010864,16119.000058315838,27389.59316635132,9.721442533648367e-07
4030,2.207085371017456,16123.000058315838,27395.741785526276,9.64591775964153e-07
4031,2.265625476837158,16127.000058315838,27403.0131380558,9.570684766704769e-07
4032,1.9805493354797363,16131.000058315838,27409.74497771263,9.495743599604872e-07
4033,1.9628669023513794,16135.000058315838,27415.256539344788,9.421094302934493e-07
4034,2.3271212577819824,16139.000058315838,27422.732944726944,9.346736921113086e-07
4035,2.188443422317505,16143.000058315838,27430.28643321991,9.272671498386138e-07
4036,2.136380195617676,16147.000058315838,27436.29387331009,9.19889807882544e-07
4037,2.0293822288513184,16151.000058315838,27443.448509931564,9.125416706329147e-07
4038,2.086613655090332,16155.000058315838,27450.257499694824,9.052227424621497e-07
4039,2.062460422515869,16159.000058315838,27456.891590833664,8.979330277253034e-07
4040,1.9809906482696533,16163.000058315838,27462.867161273956,8.90672530760033e-07
4041,2.0165555477142334,16167.000058315838,27468.96996665001,8.834412558866211e-07
4042,2.124147415161133,16171.000058315838,27475.650659799576,8.762392074079639e-07
4043,2.1711416244506836,16175.000058315838,27481.76403403282,8.690663896095607e-07
4044,1.9637038707733154,16179.000058315838,27489.225724220276,8.619228067595137e-07
4045,2.208284854888916,16183.000058315838,27495.572692871094,8.548084631085445e-07
4046,2.1348330974578857,16187.000058315838,27501.80928516388,8.477233628899554e-07
4047,2.148484706878662,16191.000058315838,27508.636729002,8.406675103196682e-07
4048,1.8648744821548462,16195.000058315838,27513.338074207306,8.336409095961854e-07
4049,2.194662570953369,16199.000058315838,27521.257863759995,8.26643564900607e-07
4050,1.9542686939239502,16203.000058315838,27528.9295463562,8.1967548039663e-07
4051,2.1999144554138184,16207.000058315838,27535.174159765244,8.127366602305379e-07
4052,1.8064079284667969,16211.000058315838,27542.22837305069,8.058271085312058e-07
4053,2.1854825019836426,16215.000058315838,27548.080017328262,7.989468294100784e-07
4054,2.2424981594085693,16219.000058315838,27554.917934656143,7.920958269611979e-07
4055,2.0494589805603027,16223.000058315838,27561.525782108307,7.852741052611756e-07
4056,2.269468307495117,16227.000058315838,27568.106058835983,7.784816683692041e-07
4057,2.1371002197265625,16231.000058315838,27575.29454922676,7.717185203270507e-07
4058,2.168499231338501,16235.000058315838,27581.9410469532,7.649846651590468e-07
4059,2.1629152297973633,16239.000058315838,27589.531257867813,7.5828010687211e-07
4060,1.8315684795379639,16243.000058315838,27593.404631137848,7.516048494557055e-07
4061,1.9533772468566895,16247.000058315838,27601.82274031639,7.449588968818788e-07
4062,2.2574660778045654,16251.000058315838,27608.891901254654,7.38342253105234e-07
4063,2.180673599243164,16255.000058315838,27616.07670521736,7.317549220629229e-07
4064,2.0787482261657715,16259.000058315838,27623.939878940582,7.251969076746774e-07
4065,2.1581315994262695,16263.000058315838,27631.549649477005,7.18668213842766e-07
4066,2.2788984775543213,16267.000058315838,27638.212745428085,7.121688444520211e-07
4067,1.9055509567260742,16271.000058315838,27643.601728200912,7.056988033698117e-07
4068,1.9096133708953857,16275.000058315838,27649.299011468887,6.992580944460814e-07
4069,2.1869161128997803,16279.000058315838,27655.754716157913,6.928467215132937e-07
4070,2.2013888359069824,16283.000058315838,27662.340717554092,6.864646883864705e-07
4071,2.172394037246704,16287.000058315838,27669.370584726334,6.8011199886317e-07
4072,2.0833494663238525,16291.000058315838,27676.562474489212,6.737886567234922e-07
4073,1.951745629310608,16295.000058315838,27682.087596416473,6.674946657300677e-07
4074,1.9991846084594727,16299.000058315838,27688.04935479164,6.612300296280748e-07
4075,2.170990467071533,16303.000058315838,27694.755494594574,6.549947521452165e-07
4076,2.0963292121887207,16307.000058315838,27702.949627161026,6.487888369917212e-07
4077,2.263023853302002,16311.000058315838,27709.618373394012,6.426122878603592e-07
4078,2.048631191253662,16315.000058315838,27714.862580299377,6.364651084264147e-07
4079,2.094137191772461,16319.000058315838,27723.095205783844,6.303473023476972e-07
4080,2.2358150482177734,16323.000058315838,27728.59852385521,6.242588732645466e-07
4081,2.2362730503082275,16327.000058315838,27736.588312625885,6.181998247998173e-07
4082,2.38853120803833,16331.000058315838,27743.542577028275,6.121701605588774e-07
4083,2.282927989959717,16335.000058315838,27750.52400445938,6.061698841296148e-07
4084,2.009380340576172,16339.000058315838,27758.468304157257,6.001989990824259e-07
4085,2.090176582336426,16343.000058315838,27766.77337050438,5.942575089702211e-07
4086,2.3421459197998047,16347.000058315838,27774.833734035492,5.883454173284192e-07
4087,1.9863770008087158,16351.000058315838,27779.915205955505,5.824627276749589e-07
4088,2.0633881092071533,16355.000058315838,27785.179916143417,5.766094435102482e-07
4089,1.9959843158721924,16359.000058315838,27792.835667848587,5.707855683172371e-07
4090,2.1150834560394287,16363.000058315838,27801.466161966324,5.649911055613621e-07
4091,2.137913227081299,16367.000058315838,27808.2595307827,5.5922605869054e-07
4092,1.9406001567840576,16371.000058315838,27813.6007540226,5.534904311352075e-07
4093,1.8450183868408203,16375.000058315838,27820.14537334442,5.477842263082931e-07
4094,2.0319156646728516,16379.000058315838,27826.250728845596,5.421074476052062e-07
4095,2.387518882751465,16383.000058315838,27833.330775022507,5.364600984038478e-07
4096,2.3450522422790527,16387.00005831584,27839.99805855751,5.308421820646163e-07
4097,2.227681875228882,16391.00005831584,27847.43724322319,5.252537019304022e-07
4098,2.309627056121826,16395.00005831584,27855.108285188675,5.196946613265544e-07
4099,1.807568073272705,16399.00005831584,27861.68018937111,5.141650635609246e-07
4100,2.543532371520996,16403.00005831584,27869.187039613724,5.086649119238401e-07
4101,2.4288737773895264,16407.00005831584,27877.28897333145,5.031942096881085e-07
4102,2.3454861640930176,16411.00005831584,27884.973634958267,4.977529601090129e-07
4103,2.30053448677063,16415.00005831584,27893.146300315857,4.923411664243116e-07
4104,2.1378204822540283,16419.00005831584,27900.35785508156,4.869588318542212e-07
4105,2.0646004676818848,16423.00005831584,27908.15073466301,4.81605959601456e-07
4106,2.070579767227173,16427.00005831584,27914.876285791397,4.76282552851183e-07
4107,2.1147818565368652,16431.00005831584,27921.957045078278,4.7098861477102806e-07
4108,2.4142911434173584,16435.00005831584,27929.441744804382,4.657241485110976e-07
4109,2.130321741104126,16439.00005831584,27938.292716026306,4.6048915720395095e-07
4110,2.168678045272827,16443.00005831584,27946.376199007034,4.5528364396462295e-07
4111,2.3479177951812744,16447.00005831584,27953.53058719635,4.5010761189059e-07
4112,2.051017999649048,16451.00005831584,27961.231739997864,4.449610640617928e-07
4113,2.2285521030426025,16455.00005831584,27967.97180581093,4.3984400354064156e-07
4114,2.1716866493225098,16459.00005831584,27974.10471701622,4.3475643337196635e-07
4115,2.3704330921173096,16463.00005831584,27981.028483867645,4.296983565830834e-07
4116,2.14705228805542,16467.00005831584,27987.483186006546,4.246697761837509e-07
4117,2.234156370162964,16471.00005831584,27995.408802509308,4.196706951661634e-07
4118,2.030640125274658,16475.00005831584,28003.243819713593,4.1470111650496827e-07
4119,2.4171648025512695,16479.00005831584,28010.976700544357,4.097610431572662e-07
4120,2.2283449172973633,16483.00005831584,28017.758791446686,4.048504780625884e-07
4121,2.2181777954101562,16487.00005831584,28024.34590625763,3.999694241429191e-07
4122,1.9979432821273804,16491.00005831584,28032.39258122444,3.951178843026679e-07
4123,1.8654320240020752,16495.00005831584,28039.380423545837,3.9029586142869737e-07
4124,2.058243751525879,16499.00005831584,28046.20495891571,3.855033583903007e-07
4125,2.1797916889190674,16503.00005831584,28054.683042764664,3.807403780392021e-07
4126,2.0545551776885986,16507.00005831584,28061.80633211136,3.7600692320956754e-07
4127,2.227442741394043,16511.00005831584,28069.645592451096,3.7130299671797717e-07
4128,2.2617626190185547,16515.00005831584,28077.07292819023,3.6662860136345856e-07
4129,2.1103413105010986,16519.00005831584,28083.175492048264,3.6198373992746447e-07
4130,2.285006046295166,16523.00005831584,28089.86280465126,3.573684151738564e-07
4131,2.2607455253601074,16527.00005831584,28097.95131087303,3.5278262984894324e-07
4132,1.992013931274414,16531.00005831584,28104.446828126907,3.482263866814423e-07
4133,2.085862398147583,16535.00005831584,28110.8488945961,3.4369968838249633e-07
4134,2.047175884246826,16539.00005831584,28118.046667337418,3.392025376456732e-07
4135,2.169591188430786,16543.00005831584,28126.88968014717,3.347349371469495e-07
4136,1.9996719360351562,16547.00005831584,28133.190951108932,3.3029688954472697e-07
4137,2.0019819736480713,16551.00005831584,28140.19377207756,3.258883974798103e-07
4138,2.3129868507385254,16555.00005831584,28147.182475805283,3.215094635754296e-07
4139,2.010965585708618,16559.00005831584,28152.862275123596,3.1716009043721784e-07
4140,2.328610420227051,16563.00005831584,28160.192795991898,3.128402806532334e-07
4141,2.2502918243408203,16567.00005831584,28167.54065990448,3.0855003679391537e-07
4142,2.150486946105957,16571.00005831584,28173.96480369568,3.0428936141214473e-07
4143,2.356232166290283,16575.00005831584,28180.832418203354,3.0005825704317785e-07
4144,2.1316051483154297,16579.00005831584,28186.255795240402,2.9585672620469074e-07
4145,1.9601020812988281,16583.00005831584,28192.2906601429,2.9168477139675677e-07
4146,2.1910934448242188,16587.00005831584,28197.662835121155,2.875423951018581e-07
4147,1.9429540634155273,16591.00005831584,28205.211234807968,2.8342959978486864e-07
4148,1.9663755893707275,16595.00005831584,28212.55790734291,2.793463878930599e-07
4149,2.165024757385254,16599.00005831584,28218.883498191833,2.752927618561064e-07
4150,2.11289119720459,16603.00005831584,28225.048358917236,2.71268724086069e-07
4151,2.0680220127105713,16607.00005831584,28230.915093421936,2.6727427697741174e-07
4152,2.128995895385742,16611.00005831584,28237.21146941185,2.633094229069904e-07
4153,2.020538330078125,16615.00005831584,28244.085143327713,2.5937416423404165e-07
4154,2.004366397857666,16619.00005831584,28249.54014992714,2.554685033001997e-07
4155,2.0612757205963135,16623.00005831584,28255.081463575363,2.515924424294907e-07
4156,2.2349164485931396,16627.00005831584,28261.78047990799,2.477459839283215e-07
4157,1.9113787412643433,16631.00005831584,28267.20110487938,2.4392913008548e-07
4158,1.9976365566253662,16635.00005831584,28274.45724773407,2.4014188317214577e-07
4159,1.8138021230697632,16639.00005831584,28281.208041906357,2.363842454418795e-07
4160,1.980777621269226,16643.00005831584,28286.44855928421,2.3265621913062798e-07
4161,1.856522798538208,16647.00005831584,28293.091508626938,2.2895780645670793e-07
4162,2.076659917831421,16651.00005831584,28298.23024725914,2.2528900962082232e-07
4163,2.223043441772461,16655.00005831584,28306.250622987747,2.2164983080603843e-07
4164,2.011282205581665,16659.00005831584,28312.85373902321,2.1804027217782646e-07
4165,2.006741762161255,16663.00005831584,28320.95329451561,2.1446033588400422e-07
4166,2.1115753650665283,16667.00005831584,28327.19544482231,2.1091002405477583e-07
4167,2.2111856937408447,16671.00005831584,28331.49113869667,2.0738933880272072e-07
4168,1.8862087726593018,16675.00005831584,28337.36772298813,2.0389828222278254e-07
4169,2.2403903007507324,16679.00005831584,28343.64282989502,2.0043685639226902e-07
4170,2.062330722808838,16683.00005831584,28348.30052471161,1.9700506337087438e-07
4171,2.1715667247772217,16687.00005831584,28355.024521827698,1.9360290520064026e-07
4172,1.9565293788909912,16691.00005831584,28362.11070728302,1.902303839059948e-07
4173,1.969887137413025,16695.00005831584,28368.94733428955,1.8688750149371355e-07
4174,2.064758539199829,16699.00005831584,28374.93060350418,1.8357425995294188e-07
4175,2.294637441635132,16703.00005831584,28383.243535518646,1.8029066125518927e-07
4176,2.19210147857666,16707.00005831584,28390.167477607727,1.7703670735432941e-07
4177,2.196702003479004,16711.00005831584,28396.045338869095,1.7381240018658907e-07
4178,2.125504493713379,16715.00005831584,28402.82418680191,1.7061774167055362e-07
4179,2.166025400161743,16719.00005831584,28410.454815387726,1.6745273370717822e-07
4180,2.4332799911499023,16723.00005831584,28418.20708990097,1.643173781797599e-07
4181,2.106818675994873,16727.00005831584,28426.104545354843,1.6121167695395997e-07
4182,2.0976829528808594,16731.00005831584,28432.289672374725,1.581356318777872e-07
4183,2.0138490200042725,16735.00005831584,28439.122762918472,1.5508924478162012e-07
4184,2.3361306190490723,16739.00005831584,28445.746173858643,1.520725174781737e-07
4185,2.3842077255249023,16743.00005831584,28452.440059900284,1.4908545176251034e-07
4186,2.086545944213867,16747.00005831584,28458.692025899887,1.4612804941206233e-07
4187,2.180607795715332,16751.00005831584,28465.974898576736,1.432003121865982e-07
4188,1.9473445415496826,16755.00005831584,28472.735535383224,1.4030224182822859e-07
4189,2.039846897125244,16759.00005831584,28479.666344881058,1.3743384006142827e-07
4190,2.207019805908203,16763.00005831584,28486.220074653625,1.3459510859300289e-07
4191,2.0898046493530273,16767.00005831584,28492.565135478973,1.3178604911210558e-07
4192,2.0053694248199463,16771.00005831584,28499.46973133087,1.2900666329024815e-07
4193,2.077316999435425,16775.00005831584,28506.549639225006,1.262569527812622e-07
4194,2.010021686553955,16779.00005831584,28512.5786383152,1.235369192213434e-07
4195,1.9143836498260498,16783.00005831584,28519.02293586731,1.208465642290073e-07
4196,1.7980592250823975,16787.00005831584,28526.69542336464,1.1818588940512804e-07
4197,2.051781177520752,16791.00005831584,28534.47843813896,1.1555489633291061e-07
4198,2.149278163909912,16795.00005831584,28540.553416013718,1.1295358657789646e-07
4199,1.8796806335449219,16799.00005831584,28546.365548610687,1.1038196168796898e-07
4200,2.0149459838867188,16803.00005831584,28551.267233371735,1.07840023193348e-07
4201,2.249513626098633,16807.00005831584,28558.687756061554,1.0532777260657865e-07
4202,2.105520248413086,16811.00005831584,28566.958217144012,1.028452114225536e-07
4203,2.3734872341156006,16815.00005831584,28574.95260834694,1.0039234111849641e-07
4204,1.9802519083023071,16819.00005831584,28581.134999990463,9.796916315395039e-08
4205,2.03892183303833,16823.00005831584,28589.448977947235,9.557567897081746e-08
4206,2.126744270324707,16827.00005831584,28596.094581842422,9.321188999330268e-08
4207,1.9789698123931885,16831.00005831584,28603.76696062088,9.087779762795308e-08
4208,2.080615520477295,16835.00005831584,28609.97648859024,8.857340326365211e-08
4209,2.0916552543640137,16839.00005831584,28614.647258996964,8.629870827159742e-08
4210,1.9958385229110718,16843.00005831584,28621.120328187943,8.405371400532311e-08
4211,2.205842971801758,16847.00005831584,28628.091757059097,8.183842180069414e-08
4212,2.231001377105713,16851.00005831584,28634.863971948624,7.965283297589525e-08
4213,2.245487928390503,16855.00005831584,28640.763891220093,7.749694883143091e-08
4214,2.2219862937927246,16859.00005831584,28647.55903673172,7.537077065013652e-08
4215,1.7920877933502197,16863.00005831584,28653.052782058716,7.32742996971783e-08
4216,2.191476345062256,16867.00005831584,28659.708688497543,7.12075372200367e-08
4217,2.127772331237793,16871.00005831584,28666.231788396835,6.917048444851752e-08
4218,2.179100513458252,16875.00005831584,28674.094378232956,6.716314259473521e-08
4219,1.9671834707260132,16879.00005831584,28681.60738182068,6.518551285315726e-08
4220,2.090972900390625,16883.00005831584,28688.659173488617,6.323759640053213e-08
4221,2.3144149780273438,16887.00005831584,28696.395161151886,6.131939439595022e-08
4222,2.289900302886963,16891.00005831584,28703.80479168892,5.9430907980827246e-08
4223,1.9940235614776611,16895.00005831584,28711.72720837593,5.7572138278876504e-08
4224,2.0994839668273926,16899.00005831584,28718.108570098877,5.574308639614216e-08
4225,1.791833519935608,16903.00005831584,28726.05248451233,5.3943753420982595e-08
4226,1.9526026248931885,16907.00005831584,28733.256467342377,5.21741404240704e-08
4227,2.2736878395080566,16911.00005831584,28739.683443307877,5.0434248458392387e-08
4228,2.277784824371338,16915.00005831584,28746.747883081436,4.8724078559255156e-08
4229,2.200869083404541,16919.00005831584,28753.49582529068,4.7043631744273947e-08
4230,1.9998115301132202,16923.00005831584,28760.14627623558,4.539290901338933e-08
4231,2.14164662361145,16927.00005831584,28766.027725219727,4.37719113488339e-08
4232,2.1502184867858887,16931.00005831584,28773.55642580986,4.218063971517111e-08
4233,2.1696436405181885,16935.00005831584,28780.696076393127,4.061909505926753e-08
4234,1.9753811359405518,16939.00005831584,28786.520755052567,3.908727831030395e-08
4235,2.053253173828125,16943.00005831584,28792.71281862259,3.758519037977538e-08
4236,2.0922255516052246,16947.00005831584,28799.606856822968,3.611283216147439e-08
4237,2.110969066619873,16951.00005831584,28807.693898677826,3.467020453151888e-08
4238,2.061605453491211,16955.00005831584,28814.152757644653,3.3257308348329856e-08
4239,1.8981540203094482,16959.00005831584,28819.877299308777,3.187414445263144e-08
4240,2.0051727294921875,16963.00005831584,28826.820507764816,3.052071366746198e-08
4241,1.9486206769943237,16967.00005831584,28832.33649301529,2.9197016798162927e-08
4242,2.0963196754455566,16971.00005831584,28838.683317422867,2.790305463238996e-08
4243,2.3723857402801514,16975.00005831584,28845.075907230377,2.6638827940101873e-08
4244,1.9439908266067505,16979.00005831584,28851.12890148163,2.5404337473555023e-08
4245,2.1668057441711426,16983.00005831584,28855.617450475693,2.4199583967331085e-08
4246,2.1655635833740234,16987.00005831584,28862.669198274612,2.3024568138298203e-08
4247,2.106580972671509,16991.00005831584,28870.522042512894,2.1879290685638727e-08
4248,2.0749711990356445,16995.00005831584,28875.79524731636,2.0763752290838136e-08
4249,2.0183002948760986,16999.00005831584,28882.239867925644,1.9677953617679468e-08
4250,2.2686779499053955,17003.00005831584,28888.440923690796,1.8621895312265528e-08
4251,2.133479118347168,17007.00005831584,28896.130586385727,1.7595578002985585e-08
4252,1.98356032371521,17011.00005831584,28902.98934817314,1.6599002300537576e-08
4253,1.9566770792007446,17015.00005831584,28910.81245779991,1.5632168797933658e-08
4254,2.0297183990478516,17019.00005831584,28916.364223241806,1.4695078070461341e-08
4255,1.9436651468276978,17023.00005831584,28924.719444274902,1.3787730675739014e-08
4256,2.0353636741638184,17027.00005831584,28931.130323648453,1.2910127153671523e-08
4257,2.0657384395599365,17031.00005831584,28937.594088554382,1.2062268026466837e-08
4258,2.248072624206543,17035.00005831584,28944.249007463455,1.1244153798630477e-08
4259,2.342898368835449,17039.00005831584,28950.641812562943,1.0455784956971096e-08
4260,2.0863163471221924,17043.00005831584,28955.83539414406,9.697161970605999e-09
4261,1.9606553316116333,17047.00005831584,28961.52379631996,8.968285290944514e-09
4262,1.7960710525512695,17051.00005831584,28967.898028850555,8.26915535169353e-09
4263,2.0968809127807617,17055.00005831584,28976.00766849518,7.599772568863053e-09
4264,1.9864919185638428,17059.00005831584,28981.366772651672,6.960137340766205e-09
4265,2.3210935592651367,17063.00005831584,28989.0214908123,6.350250048008119e-09
4266,2.0592198371887207,17067.00005831584,28995.92769241333,5.770111053491497e-09
4267,2.1720221042633057,17071.00005831584,29003.271063804626,5.219720702427702e-09
4268,2.0887973308563232,17075.00005831584,29008.724467277527,4.699079322314566e-09
4269,2.2275922298431396,17079.00005831584,29015.508031606674,4.208187222964134e-09
4270,2.3579492568969727,17083.00005831584,29023.281166791916,3.747044696463814e-09
4271,1.9824597835540771,17087.00005831584,29029.290722608566,3.3156520172207825e-09
4272,2.031355381011963,17091.00005831584,29037.346837997437,2.914009441928678e-09
4273,2.080859422683716,17095.00005831584,29043.025287151337,2.5421172095787034e-09
4274,1.845975637435913,17099.00005831584,29050.938004016876,2.199975541465179e-09
4275,2.2434582710266113,17103.00005831584,29059.13050341606,1.8875846411688854e-09
4276,2.2554941177368164,17107.00005831584,29065.751900434494,1.604944694579272e-09
4277,2.0452651977539062,17111.00005831584,29071.4647936821,1.352055869883351e-09
4278,2.0007691383361816,17115.00005831584,29078.681843042374,1.1289183175434972e-09
4279,2.276761054992676,17119.00005831584,29086.519454956055,9.355321703529546e-10
4280,2.210501194000244,17123.00005831584,29095.3786444664,7.718975433747775e-10
4281,2.1406495571136475,17127.00005831584,29101.76352405548,6.380145339806867e-10
4282,2.2459845542907715,17131.00005831584,29109.77711224556,5.338832218344167e-10
4283,2.2272887229919434,17135.00005831584,29116.376046180725,4.5950366890281784e-10
4284,2.092118740081787,17139.00005831584,29122.83990597725,4.148759194392027e-10
4285,2.1619367599487305,17143.00005831584,29130.090339899063,3.9999999999999996e-10
4286,1.9818634986877441,17147.00005831584,29135.409249544144,4.148759194392027e-10
