step,training_loss,epoch,elapsed_time,lr_param_group_0
0,1.6359773874282837,1.0001166316771635,9.215096473693848,4.005203767033154e-06
1,2.0432159900665283,3.0001166316771637,15.512695550918579,4.020813939832951e-06
2,2.054811716079712,5.000116631677163,22.339948654174805,4.046827133745131e-06
3,1.992527961730957,7.000116631677163,31.26734972000122,4.083237708494647e-06
4,1.8435192108154297,9.000116631677164,40.171687841415405,4.130037769408643e-06
5,1.6969808340072632,11.000116631677164,48.22584533691406,4.187217169128213e-06
6,1.9686613082885742,13.000116631677164,56.59766960144043,4.254763509808549e-06
7,1.822510004043579,15.000116631677164,67.0871057510376,4.332662145807096e-06
8,1.923485517501831,17.000116631677162,72.63617277145386,4.420896186859127e-06
9,1.6913373470306396,19.000116631677162,78.75819802284241,4.519446501739894e-06
10,1.8005340099334717,21.000116631677162,86.75558638572693,4.6282917224127164e-06
11,1.6393933296203613,23.000116631677162,95.83127975463867,4.747408248662158e-06
12,1.927317500114441,25.000116631677162,104.36572813987732,4.876770253211038e-06
13,1.9177744388580322,27.000116631677162,111.33007216453552,5.0163496873203945e-06
14,1.7569379806518555,29.000116631677162,119.259348154068,5.1661162868711755e-06
15,1.961742639541626,31.000116631677162,127.77527141571045,5.326037578926146e-06
16,1.6995388269424438,33.000116631677166,136.58341360092163,5.496078888770844e-06
17,1.7837187051773071,35.000116631677166,145.57004642486572,5.676203347431793e-06
18,1.9063496589660645,37.000116631677166,152.82416152954102,5.866371899670701e-06
19,1.9819025993347168,39.000116631677166,160.1731321811676,6.0665433124524476e-06
20,2.059640884399414,41.000116631677166,166.8446385860443,6.276674183885387e-06
21,1.9821619987487793,43.000116631677166,177.31951189041138,6.496718952632007e-06
22,1.8264760971069336,45.000116631677166,185.27477192878723,6.7266299077875275e-06
23,1.7939000129699707,47.000116631677166,193.59541058540344,6.966357199224952e-06
24,1.8905117511749268,49.000116631677166,200.89692759513855,7.2158488484036e-06
25,1.6967090368270874,51.000116631677166,209.59547328948975,7.475050759639309e-06
26,1.6884280443191528,53.000116631677166,218.16661977767944,7.743906731833765e-06
27,1.8340568542480469,55.000116631677166,225.90114092826843,8.022358470660083e-06
28,1.6676008701324463,57.000116631677166,234.90949130058289,8.310345601202475e-06
29,1.6061487197875977,59.000116631677166,244.46390581130981,8.60780568104695e-06
30,1.864785075187683,61.000116631677166,250.67736434936523,8.914674213820301e-06
31,1.5636875629425049,63.000116631677166,258.95425033569336,9.230884663174413e-06
32,1.691493034362793,65.00011663167716,265.0702061653137,9.556368467212973e-06
33,1.7367743253707886,67.00011663167716,272.6394772529602,9.89105505335725e-06
34,1.5726925134658813,69.00011663167716,281.7311944961548,1.023487185364795e-05
35,1.8850679397583008,71.00011663167716,289.57178711891174,1.0587744320479599e-05
36,1.7905638217926025,73.00011663167716,300.04650926589966,1.0949595942764327e-05
37,1.753392219543457,75.00011663167716,309.1043920516968,1.1320348262521137e-05
38,1.737553358078003,77.00011663167716,315.5897173881531,1.1699920891887564e-05
39,1.6896107196807861,79.00011663167716,322.4791295528412,1.2088231530549693e-05
40,1.7310194969177246,81.00011663167716,332.6849114894867,1.2485195983586632e-05
41,1.8899133205413818,83.00011663167716,337.9186170101166,1.289072817972616e-05
42,1.7032902240753174,85.00011663167716,348.36657905578613,1.3304740190006869e-05
43,1.7076706886291504,87.00011663167716,356.91646933555603,1.3727142246843345e-05
44,1.7930643558502197,89.00011663167716,365.13780975341797,1.415784276348982e-05
45,2.1035349369049072,91.00011663167716,371.26104950904846,1.4596748353898416e-05
46,1.715797781944275,93.00011663167716,378.4588475227356,1.5043763852967354e-05
47,1.7506930828094482,95.00011663167716,387.9599769115448,1.5498792337175084e-05
48,1.8236652612686157,97.00011663167716,393.0188829898834,1.5961735145595567e-05
49,1.7263963222503662,99.00011663167716,401.43164348602295,1.6432491901290257e-05
50,1.892764687538147,101.00011663167716,409.66028785705566,1.6910960533072242e-05
51,1.9046396017074585,103.00011663167716,418.17685103416443,1.7397037297637685e-05
52,1.5716032981872559,105.00011663167716,425.31075978279114,1.789061680205978e-05
53,1.8604042530059814,107.00011663167716,432.6469089984894,1.8391592026640474e-05
54,1.8270857334136963,109.00011663167716,441.660080909729,1.8899854348114847e-05
55,1.9203882217407227,111.00011663167716,449.2780249118805,1.941529356320321e-05
56,1.5130386352539062,113.00011663167716,457.80095744132996,1.9937797912505757e-05
57,1.6539897918701172,115.00011663167716,468.29093289375305,2.0467254104734683e-05
58,1.7713408470153809,117.00011663167716,477.61752343177795,2.1003547341278355e-05
59,1.9644725322723389,119.00011663167716,485.76010751724243,2.1546561341092465e-05
60,1.817199945449829,121.00011663167716,496.26017355918884,2.2096178365912372e-05
61,1.6924362182617188,123.00011663167716,504.210417509079,2.265227924578162e-05
62,1.7716503143310547,125.00011663167716,509.83898520469666,2.3214743404890826e-05
63,1.6817528009414673,127.00011663167716,519.6969292163849,2.378344888772129e-05
64,1.8331899642944336,129.00011663167717,525.8828995227814,2.435827238548789e-05
65,1.6024904251098633,131.00011663167717,535.2393453121185,2.4939089262875303e-05
66,1.6416304111480713,133.00011663167717,543.5791838169098,2.5525773585061918e-05
67,1.7032593488693237,135.00011663167717,553.0789623260498,2.611819814502545e-05
68,1.4720957279205322,137.00011663167717,563.5906467437744,2.6716234491124455e-05
69,1.7851240634918213,139.00011663167717,572.2751278877258,2.7319752954949652e-05
70,1.6172749996185303,141.00011663167717,581.2575566768646,2.792862267943916e-05
71,1.8749600648880005,143.00011663167717,589.024352312088,2.8542711647251272e-05
72,1.8275165557861328,145.00011663167717,596.3160252571106,2.9161886709389115e-05
73,1.8046693801879883,147.00011663167717,603.9545571804047,2.9786013614070336e-05
74,1.8644945621490479,149.00011663167717,610.8603537082672,3.0414957035836116e-05
75,1.67281174659729,151.00011663167717,619.7747418880463,3.1048580604893e-05
76,1.863825798034668,153.00011663167717,629.1831595897675,3.1686746936680944e-05
77,1.624389886856079,155.00011663167717,639.6525039672852,3.232931766166167e-05
78,1.7488183975219727,157.00011663167717,647.8881220817566,3.297615345532041e-05
79,1.5133659839630127,159.00011663167717,656.0304975509644,3.3627114068374655e-05
80,1.8591184616088867,161.00011663167717,665.0571014881134,3.4282058357183704e-05
81,1.7307109832763672,163.00011663167717,674.4765148162842,3.494084431435175e-05
82,1.6423509120941162,165.00011663167717,683.1547677516937,3.5603329099518556e-05
83,1.5347826480865479,167.00011663167717,692.289656162262,3.6269369070330586e-05
84,1.5941500663757324,169.00011663167717,697.8219842910767,3.6938819813586027e-05
85,1.6254017353057861,171.00011663167717,707.0015571117401,3.761153617654708e-05
86,1.7115832567214966,173.00011663167717,713.8261318206787,3.828737229841239e-05
87,1.6665596961975098,175.00011663167717,722.5010898113251,3.896618164194317e-05
88,1.6473110914230347,177.00011663167717,730.6466627120972,3.9647817025235934e-05
89,1.6368699073791504,179.00011663167717,736.4827542304993,4.033213065363502e-05
90,1.7321138381958008,181.00011663167717,743.5609865188599,4.101897415177792e-05
91,1.5928714275360107,183.00011663167717,753.8118410110474,4.170819859576661e-05
92,1.4256222248077393,185.00011663167717,762.0396506786346,4.2399654545457763e-05
93,1.6810775995254517,187.00011663167717,771.5665204524994,4.309319207686488e-05
94,1.6468560695648193,189.00011663167717,781.5372648239136,4.378866081466537e-05
95,1.5725674629211426,191.00011663167717,791.8683047294617,4.4485909964805484e-05
96,1.469653844833374,193.00011663167717,802.3465957641602,4.518478834719596e-05
97,1.5484108924865723,195.00011663167717,812.8293886184692,4.5885144428491565e-05
98,1.553715467453003,197.00011663167717,820.7343552112579,4.658682635494699e-05
99,1.5522478818893433,199.00011663167717,829.4392795562744,4.7289681985342345e-05
100,1.6190226078033447,201.00011663167717,837.6609196662903,4.799355892397106e-05
101,1.4573891162872314,203.00011663167717,848.1162116527557,4.869830455368275e-05
102,1.6462900638580322,205.00011663167717,854.4977478981018,4.940376606897433e-05
103,1.6095727682113647,207.00011663167717,862.4792447090149,5.0109790509121776e-05
104,1.2752777338027954,209.00011663167717,872.0889415740967,5.081622479134563e-05
105,1.432480812072754,211.00011663167717,882.5492327213287,5.152291574400305e-05
106,1.705946922302246,213.00011663167717,888.7281646728516,5.222971013979895e-05
107,1.6172388792037964,215.00011663167717,895.5890414714813,5.293645472900932e-05
108,1.652692437171936,217.00011663167717,901.8195042610168,5.364299627270941e-05
109,1.562340497970581,219.00011663167717,911.3312795162201,5.434918157599952e-05
110,1.4837805032730103,221.00011663167717,920.161682844162,5.5054857521221286e-05
111,1.6395174264907837,223.00011663167717,928.593204498291,5.575987110115723e-05
112,1.3517333269119263,225.00011663167717,938.2041373252869,5.64640694522063e-05
113,1.3862195014953613,227.00011663167717,944.1690835952759,5.716729988752832e-05
114,1.348092794418335,229.00011663167717,954.5735974311829,5.7869409930150125e-05
115,1.560537576675415,231.00011663167717,964.5441839694977,5.8570247346026165e-05
116,1.5360438823699951,233.00011663167717,973.343631029129,5.926966017704641e-05
117,1.5970832109451294,235.00011663167717,979.7818510532379,5.996749677398452e-05
118,1.5868008136749268,237.00011663167717,987.8627533912659,6.0663605829378904e-05
119,1.64436674118042,239.00011663167717,994.7481420040131,6.135783641033984e-05
120,1.6567647457122803,241.00011663167717,1004.4904272556305,6.205003799127518e-05
121,1.339922547340393,243.00011663167717,1014.2802877426147,6.2740060486528e-05
122,1.499037504196167,245.00011663167717,1022.9361388683319,6.342775428291858e-05
123,1.3950965404510498,247.00011663167717,1030.1654932498932,6.411297027218416e-05
124,1.1725032329559326,249.00011663167717,1039.9585745334625,6.479555988330905e-05
125,1.5649899244308472,251.00011663167717,1047.8655798435211,6.547537511473848e-05
126,1.5045781135559082,253.00011663167717,1055.4107398986816,6.615226856646868e-05
127,1.6396429538726807,255.00011663167717,1062.5914237499237,6.682609347200679e-05
128,1.3258360624313354,257.00011663167714,1071.1592283248901,6.749670373019324e-05
129,1.278874397277832,259.00011663167714,1079.724083662033,6.816395393687992e-05
130,1.5185703039169312,261.00011663167714,1088.8341221809387,6.882769941645739e-05
131,1.188180685043335,263.00011663167714,1095.1179625988007,6.948779625322371e-05
132,1.5952125787734985,265.00011663167714,1103.6607403755188,7.0144101322589e-05
133,1.3580865859985352,267.00011663167714,1111.481630563736,7.07964723221081e-05
134,1.3893263339996338,269.00011663167714,1120.55433011055,7.144476780233515e-05
135,1.3908226490020752,271.00011663167714,1127.237538576126,7.208884719749314e-05
136,1.4973437786102295,273.00011663167714,1136.403258562088,7.272857085595199e-05
137,1.3208826780319214,275.00011663167714,1144.6135413646698,7.33638000705081e-05
138,1.6122286319732666,277.00011663167714,1154.4648923873901,7.399439710845969e-05
139,1.6560473442077637,279.00011663167714,1161.6864848136902,7.462022524147016e-05
140,1.2995779514312744,281.00011663167714,1168.468239068985,7.52411487752142e-05
141,1.1071226596832275,283.00011663167714,1174.57208943367,7.585703307879954e-05
142,1.4010906219482422,285.00011663167714,1184.9156448841095,7.646774461395803e-05
143,1.2477772235870361,287.00011663167714,1193.1530842781067,7.707315096399997e-05
144,1.4638166427612305,289.00011663167714,1203.6437306404114,7.76731208625251e-05
145,1.5104578733444214,291.00011663167714,1214.111539363861,7.826752422188429e-05
146,1.3498555421829224,293.00011663167714,1224.174527645111,7.885623216138563e-05
147,1.47629714012146,295.00011663167714,1232.388192653656,7.943911703523881e-05
148,1.4463467597961426,297.00011663167714,1241.2675848007202,8.001605246023172e-05
149,1.373000144958496,299.00011663167714,1248.480319738388,8.05869133431333e-05
150,1.4521842002868652,301.00011663167714,1254.9094705581665,8.11515759078168e-05
151,1.2623445987701416,303.00011663167714,1262.7180202007294,8.170991772209725e-05
152,1.432021141052246,305.00011663167714,1271.8960905075073,8.22618177242777e-05
153,1.6684191226959229,307.00011663167714,1279.4444847106934,8.280715624939828e-05
154,1.4026591777801514,309.00011663167714,1287.6927163600922,8.334581505518239e-05
155,1.3792815208435059,311.00011663167714,1294.2242987155914,8.387767734767437e-05
156,1.3436689376831055,313.00011663167714,1303.1156985759735,8.440262780656322e-05
157,1.4641472101211548,315.00011663167714,1311.9826183319092,8.492055261018676e-05
158,1.3812227249145508,317.00011663167714,1320.2234184741974,8.543133946021089e-05
159,1.2643091678619385,319.00011663167714,1327.2979724407196,8.593487760597848e-05
160,1.438827395439148,321.00011663167714,1336.4456424713135,8.643105786852276e-05
161,1.2436015605926514,323.00011663167714,1344.8593940734863,8.691977266423983e-05
162,1.2490514516830444,325.00011663167714,1352.6084117889404,8.740091602821545e-05
163,1.344440221786499,327.00011663167714,1361.653725862503,8.787438363720061e-05
164,1.6347570419311523,329.00011663167714,1370.019091129303,8.834007283223136e-05
165,1.1870055198669434,331.00011663167714,1378.3978524208069,8.879788264088769e-05
166,1.2354211807250977,333.00011663167714,1385.3852519989014,8.924771379918668e-05
167,1.0957478284835815,335.00011663167714,1392.7753114700317,8.968946877310532e-05
168,1.3554301261901855,337.00011663167714,1401.7596054077148,9.012305177972819e-05
169,1.2419012784957886,339.00011663167714,1411.6478235721588,9.054836880801547e-05
170,1.2273809909820557,341.00011663167714,1418.3875622749329,9.096532763918672e-05
171,1.2416006326675415,343.00011663167714,1426.1729063987732,9.13738378667161e-05
172,1.3424317836761475,345.00011663167714,1435.1365175247192,9.17738109159347e-05
173,1.2476611137390137,347.00011663167714,1443.5923340320587,9.216516006323552e-05
174,1.3371483087539673,349.00011663167714,1452.7546060085297,9.254780045487722e-05
175,1.3200688362121582,351.00011663167714,1461.3364944458008,9.292164912538254e-05
176,1.2980446815490723,353.00011663167714,1471.815104484558,9.328662501552698e-05
177,1.4696863889694214,355.00011663167714,1480.3929507732391,9.364264898991454e-05
178,1.4616491794586182,357.00011663167714,1489.4727849960327,9.398964385413598e-05
179,1.2511013746261597,359.00011663167714,1497.3738267421722,9.432753437150651e-05
180,1.2335922718048096,361.00011663167714,1504.5431733131409,9.465624727937885e-05
181,1.3944774866104126,363.00011663167714,1513.6192963123322,9.497571130502827e-05
182,1.3356022834777832,365.00011663167714,1521.709062576294,9.528585718110621e-05
183,1.5067431926727295,367.00011663167714,1532.2035717964172,9.558661766065915e-05
184,1.2821261882781982,369.00011663167714,1542.6970784664154,9.587792753170921e-05
185,1.452453374862671,371.00011663167714,1553.171131849289,9.615972363139376e-05
186,1.4739015102386475,373.00011663167714,1563.6579945087433,9.643194485966056e-05
187,1.3059685230255127,375.00011663167714,1572.23060131073,9.669453219251573e-05
188,1.094974160194397,377.00011663167714,1581.736927986145,9.694742869482151e-05
189,1.0311427116394043,379.00011663167714,1588.7623620033264,9.719057953264118e-05
190,1.3992576599121094,381.00011663167714,1598.8589661121368,9.74239319851283e-05
191,1.4412899017333984,383.00011663167714,1608.0310230255127,9.764743545595794e-05
192,1.5648542642593384,385.00011663167714,1618.1322031021118,9.7861041484297e-05
193,1.4101908206939697,387.00011663167714,1625.5125646591187,9.806470375531184e-05
194,1.490394115447998,389.00011663167714,1635.3187041282654,9.825837811021028e-05
195,1.25680410861969,391.00011663167714,1645.1541213989258,9.844202255581635e-05
196,1.2681355476379395,393.00011663167714,1653.6183190345764,9.86155972736754e-05
197,1.329355001449585,395.00011663167714,1661.4372191429138,9.877906462868765e-05
198,1.297377347946167,397.00011663167714,1669.8702239990234,9.893238917726838e-05
199,1.1577743291854858,399.00011663167714,1677.1587581634521,9.907553767503299e-05
200,1.5567415952682495,401.00011663167714,1686.3238036632538,9.920847908400504e-05
201,1.1358239650726318,403.00011663167714,1693.7778775691986,9.933118457934617e-05
202,1.450119137763977,405.00011663167714,1701.0899102687836,9.94436275556059e-05
203,1.3885098695755005,407.00011663167714,1708.5679287910461,9.954578363249033e-05
204,1.2399572134017944,409.00011663167714,1716.2647738456726,9.963763066014845e-05
205,1.2663283348083496,411.00011663167714,1724.9937119483948,9.971914872397464e-05
206,1.4801557064056396,413.00011663167714,1734.1037726402283,9.979032014892666e-05
207,1.2605397701263428,415.00011663167714,1740.467304944992,9.985112950335809e-05
208,1.495833158493042,417.00011663167714,1747.6576204299927,9.990156360236415e-05
209,1.2659002542495728,419.00011663167714,1754.5284705162048,9.994161151064064e-05
210,1.095937728881836,421.00011663167714,1759.4423563480377,9.997126454485484e-05
211,1.1736907958984375,423.00011663167714,1769.9385356903076,9.999051627552833e-05
212,1.3427976369857788,425.00011663167714,1778.5640797615051,9.999936252843106e-05
213,1.3646492958068848,427.00011663167714,1785.427725315094,9.999999371492387e-05
214,1.0571222305297852,429.00011663167714,1791.8663356304169,9.99999595003128e-05
215,1.3110949993133545,431.00011663167714,1799.6641163825989,9.999989553388694e-05
216,1.431161880493164,433.00011663167714,1807.5905022621155,9.999980181568438e-05
217,1.3811635971069336,435.00011663167714,1818.0604445934296,9.999967834576087e-05
218,1.279365062713623,437.00011663167714,1826.7375082969666,9.999952512418988e-05
219,1.465397596359253,439.00011663167714,1832.6857030391693,9.999934215106257e-05
220,1.2565741539001465,441.00011663167714,1838.9432501792908,9.999912942648784e-05
221,1.3307161331176758,443.00011663167714,1847.4683647155762,9.999888695059226e-05
222,1.2914679050445557,445.00011663167714,1854.892424106598,9.999861472352011e-05
223,1.1446459293365479,447.00011663167714,1863.2715618610382,9.999831274543337e-05
224,1.4170725345611572,449.00011663167714,1873.7739152908325,9.999798101651174e-05
225,1.260852575302124,451.00011663167714,1879.7328667640686,9.999761953695261e-05
226,1.2413533926010132,453.00011663167714,1888.8903093338013,9.999722830697106e-05
227,1.2555451393127441,455.00011663167714,1894.9255139827728,9.99968073267999e-05
228,1.2577192783355713,457.00011663167714,1905.4091336727142,9.999635659668965e-05
229,1.3987879753112793,459.00011663167714,1913.6906747817993,9.999587611690848e-05
230,1.1917800903320312,461.00011663167714,1922.2562375068665,9.99953658877423e-05
231,1.2544291019439697,463.00011663167714,1930.8007164001465,9.999482590949472e-05
232,1.2798466682434082,465.00011663167714,1937.7243797779083,9.999425618248705e-05
233,1.409569501876831,467.00011663167714,1946.5251491069794,9.999365670705831e-05
234,1.4021966457366943,469.00011663167714,1953.3949627876282,9.999302748356518e-05
235,1.450047492980957,471.00011663167714,1961.9340748786926,9.999236851238211e-05
236,1.3871781826019287,473.00011663167714,1972.428864955902,9.999167979390118e-05
237,1.4586272239685059,475.00011663167714,1981.4185953140259,9.999096132853225e-05
238,1.1103096008300781,477.00011663167714,1991.6616220474243,9.999021311670279e-05
239,1.2192808389663696,479.00011663167714,2000.3283994197845,9.998943515885801e-05
240,1.230985403060913,481.00011663167714,2006.0760827064514,9.998862745546089e-05
241,1.002925157546997,483.00011663167714,2012.2598123550415,9.998779000699197e-05
242,1.246497392654419,485.00011663167714,2018.7365353107452,9.99869228139496e-05
243,1.3403023481369019,487.00011663167714,2028.38236618042,9.99860258768498e-05
244,1.4417853355407715,489.00011663167714,2036.8130614757538,9.998509919622626e-05
245,1.2875404357910156,491.00011663167714,2043.77308344841,9.998414277263043e-05
246,1.5164402723312378,493.00011663167714,2052.4497697353363,9.998315660663138e-05
247,1.4888315200805664,495.00011663167714,2060.112674474716,9.998214069881593e-05
248,1.3639602661132812,497.00011663167714,2068.4322595596313,9.998109504978859e-05
249,1.3171498775482178,499.00011663167714,2076.207638978958,9.998001966017155e-05
250,1.1803280115127563,501.00011663167714,2081.2129814624786,9.997891453060473e-05
251,1.429732322692871,503.00011663167714,2091.678596496582,9.997777966174571e-05
252,1.106827735900879,505.00011663167714,2099.4609940052032,9.997661505426978e-05
253,1.2175440788269043,507.00011663167714,2107.7256422042847,9.997542070886993e-05
254,1.3284226655960083,509.00011663167714,2116.558436155319,9.997419662625685e-05
255,1.402280330657959,511.00011663167714,2125.4203402996063,9.997294280715889e-05
256,1.3621022701263428,513.0001166316772,2132.0037252902985,9.997165925232218e-05
257,1.3480541706085205,515.0001166316772,2138.646809577942,9.997034596251042e-05
258,1.3796467781066895,517.0001166316772,2147.505468606949,9.99690029385051e-05
259,1.368412733078003,519.0001166316772,2157.979534626007,9.996763018110538e-05
260,1.3471570014953613,521.0001166316772,2163.4922182559967,9.996622769112808e-05
261,1.2614731788635254,523.0001166316772,2172.2010881900787,9.996479546940776e-05
262,1.399501085281372,525.0001166316772,2179.902495622635,9.996333351679662e-05
263,1.319251537322998,527.0001166316772,2190.235589981079,9.996184183416461e-05
264,1.1856809854507446,529.0001166316772,2196.8904151916504,9.996032042239932e-05
265,1.3543405532836914,531.0001166316772,2206.557914018631,9.995876928240605e-05
266,1.3701894283294678,533.0001166316772,2215.267256498337,9.995718841510781e-05
267,1.321049451828003,535.0001166316772,2225.037396669388,9.995557782144525e-05
268,1.174661636352539,537.0001166316772,2232.329545021057,9.995393750237677e-05
269,1.3010828495025635,539.0001166316772,2240.579799413681,9.995226745887838e-05
270,1.3634345531463623,541.0001166316772,2249.708339691162,9.995056769194385e-05
271,1.3974831104278564,543.0001166316772,2258.072369337082,9.99488382025846e-05
272,1.3353164196014404,545.0001166316772,2268.197895050049,9.994707899182974e-05
273,1.1921178102493286,547.0001166316772,2275.458242893219,9.994529006072608e-05
274,1.1323446035385132,549.0001166316772,2284.2241497039795,9.994347141033811e-05
275,1.4829809665679932,551.0001166316772,2292.158190727234,9.994162304174797e-05
276,1.2372862100601196,553.0001166316772,2298.3519129753113,9.993974495605554e-05
277,1.224510908126831,555.0001166316772,2307.5571150779724,9.993783715437833e-05
278,1.338665246963501,557.0001166316772,2318.0039484500885,9.993589963785158e-05
279,1.252866506576538,559.0001166316772,2327.071172475815,9.993393240762819e-05
280,1.0578832626342773,561.0001166316772,2335.855391740799,9.993193546487873e-05
281,1.3410604000091553,563.0001166316772,2344.720640182495,9.992990881079143e-05
282,1.28109872341156,565.0001166316772,2351.2238204479218,9.992785244657227e-05
283,1.2325730323791504,567.0001166316772,2359.0630667209625,9.992576637344486e-05
284,1.3793408870697021,569.0001166316772,2366.2971065044403,9.992365059265047e-05
285,1.1886072158813477,571.0001166316772,2371.4319388866425,9.99215051054481e-05
286,1.4596161842346191,573.0001166316772,2380.0181181430817,9.99193299131144e-05
287,1.1699953079223633,575.0001166316772,2386.5293247699738,9.991712501694367e-05
288,1.4895453453063965,577.0001166316772,2395.7626535892487,9.991489041824792e-05
289,1.2748003005981445,579.0001166316772,2403.187571287155,9.991262611835683e-05
290,1.2618777751922607,581.0001166316772,2409.5663678646088,9.991033211861773e-05
291,1.4697723388671875,583.0001166316772,2417.5769789218903,9.990800842039567e-05
292,1.2555782794952393,585.0001166316772,2428.0676646232605,9.990565502507334e-05
293,1.3419334888458252,587.0001166316772,2436.0070242881775,9.990327193405106e-05
294,1.471937894821167,589.0001166316772,2444.9592258930206,9.99008591487469e-05
295,1.1787446737289429,591.0001166316772,2453.2548155784607,9.989841667059656e-05
296,1.5562963485717773,593.0001166316772,2462.6920392513275,9.989594450105338e-05
297,1.404939889907837,595.0001166316772,2469.212147474289,9.989344264158844e-05
298,1.104966163635254,597.0001166316772,2479.0670568943024,9.989091109369042e-05
299,1.4727473258972168,599.0001166316772,2488.070676088333,9.988834985886569e-05
300,1.2769708633422852,601.0001166316772,2498.128073453903,9.988575893863828e-05
301,1.2544310092926025,603.0001166316772,2505.6216094493866,9.988313833454992e-05
302,1.3339793682098389,605.0001166316772,2514.5789380073547,9.988048804815994e-05
303,1.4751845598220825,607.0001166316772,2524.91513466835,9.987780808104536e-05
304,1.2476038932800293,609.0001166316772,2534.567137002945,9.98750984348009e-05
305,1.1560884714126587,611.0001166316772,2543.961287498474,9.987235911103887e-05
306,1.3113367557525635,613.0001166316772,2554.4458162784576,9.98695901113893e-05
307,1.345709204673767,615.0001166316772,2560.1074900627136,9.986679143749983e-05
308,1.1906111240386963,617.0001166316772,2567.506774187088,9.98639630910358e-05
309,1.3162622451782227,619.0001166316772,2576.4751245975494,9.986110507368018e-05
310,1.4602372646331787,621.0001166316772,2582.8560876846313,9.985821738713361e-05
311,1.1855432987213135,623.0001166316772,2591.4196643829346,9.985530003311436e-05
312,1.5706441402435303,625.0001166316772,2598.898482322693,9.98523530133584e-05
313,1.2439806461334229,627.0001166316772,2607.981513977051,9.984937632961928e-05
314,1.3333373069763184,629.0001166316772,2615.658659696579,9.984636998366827e-05
315,1.149096131324768,631.0001166316772,2624.2297446727753,9.984333397729427e-05
316,1.2433714866638184,633.0001166316772,2630.5802931785583,9.984026831230379e-05
317,1.35308837890625,635.0001166316772,2637.583688735962,9.983717299052106e-05
318,1.193618655204773,637.0001166316772,2645.9716360569,9.983404801378788e-05
319,1.0959863662719727,639.0001166316772,2652.72762131691,9.983089338396378e-05
320,1.2751014232635498,641.0001166316772,2661.292233467102,9.982770910292584e-05
321,1.3508388996124268,643.0001166316772,2669.762740135193,9.982449517256885e-05
322,1.3712339401245117,645.0001166316772,2680.2497074604034,9.982125159480524e-05
323,1.3520941734313965,647.0001166316772,2689.370874643326,9.981797837156505e-05
324,1.396101713180542,649.0001166316772,2697.0310373306274,9.981467550479598e-05
325,1.1458320617675781,651.0001166316772,2705.464465379715,9.981134299646337e-05
326,1.202209711074829,653.0001166316772,2714.670898914337,9.980798084855018e-05
327,1.0636159181594849,655.0001166316772,2723.385824203491,9.980458906305702e-05
328,1.3965914249420166,657.0001166316772,2731.5444378852844,9.980116764200216e-05
329,1.2247859239578247,659.0001166316772,2739.733781337738,9.979771658742145e-05
330,1.1987463235855103,661.0001166316772,2747.5341470241547,9.979423590136843e-05
331,1.227687120437622,663.0001166316772,2757.406205892563,9.97907255859142e-05
332,1.3825993537902832,665.0001166316772,2765.209100008011,9.97871856431476e-05
333,1.2640907764434814,667.0001166316772,2773.094709634781,9.978361607517497e-05
334,1.2999274730682373,669.0001166316772,2783.218407392502,9.978001688412037e-05
335,1.2113137245178223,671.0001166316772,2793.645652770996,9.977638807212548e-05
336,1.3816173076629639,673.0001166316772,2802.7685282230377,9.977272964134956e-05
337,1.1609359979629517,675.0001166316772,2811.9826838970184,9.976904159396952e-05
338,1.2907800674438477,677.0001166316772,2820.2937598228455,9.97653239321799e-05
339,1.1030163764953613,679.0001166316772,2827.0606212615967,9.976157665819285e-05
340,1.1050570011138916,681.0001166316772,2833.8009996414185,9.975779977423814e-05
341,1.1775929927825928,683.0001166316772,2843.84450006485,9.97539932825632e-05
342,1.1153420209884644,685.0001166316772,2849.9008021354675,9.9750157185433e-05
343,1.304994821548462,687.0001166316772,2856.407222509384,9.974629148513017e-05
344,1.3801132440567017,689.0001166316772,2864.6752667427063,9.974239618395497e-05
345,1.3366961479187012,691.0001166316772,2872.7372138500214,9.973847128422524e-05
346,1.2485287189483643,693.0001166316772,2880.5073368549347,9.973451678827648e-05
347,1.2353358268737793,695.0001166316772,2889.317060470581,9.973053269846174e-05
348,1.3926399946212769,697.0001166316772,2897.76767373085,9.972651901715171e-05
349,1.245267391204834,699.0001166316772,2903.797796726227,9.972247574673471e-05
350,1.0364353656768799,701.0001166316772,2910.484418153763,9.971840288961663e-05
351,1.408612608909607,703.0001166316772,2918.4020376205444,9.971430044822098e-05
352,1.4485490322113037,705.0001166316772,2927.283212184906,9.971016842498886e-05
353,1.2203314304351807,707.0001166316772,2935.9810116291046,9.970600682237902e-05
354,1.2882306575775146,709.0001166316772,2946.2833199501038,9.970181564286774e-05
355,1.2709839344024658,711.0001166316772,2954.716906785965,9.969759488894895e-05
356,1.2674009799957275,713.0001166316772,2963.5833287239075,9.969334456313418e-05
357,1.2185258865356445,715.0001166316772,2972.431858062744,9.968906466795251e-05
358,1.1617488861083984,717.0001166316772,2977.8105642795563,9.968475520595068e-05
359,1.3353347778320312,719.0001166316772,2986.779993534088,9.968041617969296e-05
360,1.345874309539795,721.0001166316772,2994.1319148540497,9.967604759176125e-05
361,1.0724154710769653,723.0001166316772,3002.6676671504974,9.967164944475503e-05
362,1.3154866695404053,725.0001166316772,3010.8047864437103,9.966722174129136e-05
363,1.0950210094451904,727.0001166316772,3018.299672603607,9.966276448400492e-05
364,1.216606616973877,729.0001166316772,3024.4903016090393,9.965827767554793e-05
365,1.3489384651184082,731.0001166316772,3033.5003764629364,9.965376131859024e-05
366,1.4452096223831177,733.0001166316772,3042.4768862724304,9.964921541581925e-05
367,1.419246792793274,735.0001166316772,3050.950850248337,9.964463996993994e-05
368,1.428206443786621,737.0001166316772,3058.3629009723663,9.964003498367488e-05
369,1.2648956775665283,739.0001166316772,3066.7408967018127,9.963540045976423e-05
370,1.458991289138794,741.0001166316772,3073.9578137397766,9.96307364009657e-05
371,1.3771655559539795,743.0001166316772,3084.0361590385437,9.962604281005458e-05
372,1.3806326389312744,745.0001166316772,3092.627305984497,9.962131968982378e-05
373,1.1888967752456665,747.0001166316772,3103.0053589344025,9.961656704308371e-05
374,1.253792405128479,749.0001166316772,3111.386576652527,9.961178487266238e-05
375,1.4011025428771973,751.0001166316772,3120.9030215740204,9.960697318140538e-05
376,1.4277489185333252,753.0001166316772,3126.867001056671,9.960213197217585e-05
377,1.226590871810913,755.0001166316772,3133.167569875717,9.95972612478545e-05
378,1.318911075592041,757.0001166316772,3143.1542513370514,9.95923610113396e-05
379,1.1804803609848022,759.0001166316772,3149.3424186706543,9.958743126554698e-05
380,1.284501552581787,761.0001166316772,3155.9827888011932,9.958247201341004e-05
381,1.3794080018997192,763.0001166316772,3162.5831418037415,9.957748325787973e-05
382,1.3706386089324951,765.0001166316772,3170.058263540268,9.957246500192453e-05
383,1.297645092010498,767.0001166316772,3180.550780773163,9.956741724853053e-05
384,1.3125555515289307,769.0001166316772,3189.3502237796783,9.956234000070132e-05
385,1.2543262243270874,771.0001166316772,3198.8607800006866,9.955723326145809e-05
386,1.3658380508422852,773.0001166316772,3205.196181535721,9.955209703383953e-05
387,1.1799194812774658,775.0001166316772,3213.9071476459503,9.954693132090187e-05
388,1.0964184999465942,777.0001166316772,3224.3889014720917,9.954173612571895e-05
389,1.3234233856201172,779.0001166316772,3233.267231941223,9.953651145138212e-05
390,1.4422130584716797,781.0001166316772,3242.151232481003,9.953125730100023e-05
391,1.2133533954620361,783.0001166316772,3247.127162694931,9.952597367769973e-05
392,1.2281217575073242,785.0001166316772,3253.593391895294,9.952066058462457e-05
393,1.4805183410644531,787.0001166316772,3260.456806898117,9.951531802493625e-05
394,1.5236356258392334,789.0001166316772,3270.0520117282867,9.950994600181382e-05
395,1.3371307849884033,791.0001166316772,3277.7469522953033,9.950454451845383e-05
396,1.4600393772125244,793.0001166316772,3286.4521288871765,9.949911357807039e-05
397,1.236910104751587,795.0001166316772,3293.533477783203,9.949365318389508e-05
398,1.2387731075286865,797.0001166316772,3302.5550191402435,9.948816333917708e-05
399,1.2456164360046387,799.0001166316772,3312.5229659080505,9.948264404718306e-05
400,1.2360520362854004,801.0001166316772,3321.90469288826,9.947709531119723e-05
401,1.1969350576400757,803.0001166316772,3328.184534072876,9.947151713452126e-05
402,1.365792989730835,805.0001166316772,3336.9174461364746,9.946590952047443e-05
403,1.3008805513381958,807.0001166316772,3344.800527572632,9.946027247239348e-05
404,1.0866029262542725,809.0001166316772,3351.8971939086914,9.945460599363265e-05
405,1.4061686992645264,811.0001166316772,3360.693337917328,9.944891008756374e-05
406,1.3535765409469604,813.0001166316772,3368.981187105179,9.944318475757604e-05
407,1.4882103204727173,815.0001166316772,3377.5729546546936,9.943743000707632e-05
408,1.324080467224121,817.0001166316772,3387.7713255882263,9.943164583948891e-05
409,1.274465560913086,819.0001166316772,3395.9995262622833,9.942583225825559e-05
410,1.2019704580307007,821.0001166316772,3400.8830926418304,9.941998926683569e-05
411,1.487985610961914,823.0001166316772,3409.7019028663635,9.941411686870602e-05
412,1.3721075057983398,825.0001166316772,3418.0349555015564,9.940821506736086e-05
413,1.3205574750900269,827.0001166316772,3424.328025817871,9.940228386631206e-05
414,1.2272534370422363,829.0001166316772,3433.823809146881,9.939632326908885e-05
415,0.9588330388069153,831.0001166316772,3439.273203611374,9.939033327923808e-05
416,1.2160656452178955,833.0001166316772,3448.089791059494,9.9384313900324e-05
417,1.2397944927215576,835.0001166316772,3456.931764602661,9.937826513592837e-05
418,1.1746678352355957,837.0001166316772,3465.907877445221,9.937218698965047e-05
419,1.0330908298492432,839.0001166316772,3472.1388931274414,9.936607946510702e-05
420,1.3580979108810425,841.0001166316772,3479.1976747512817,9.935994256593221e-05
421,1.2043381929397583,843.0001166316772,3486.5977489948273,9.935377629577778e-05
422,1.2101826667785645,845.0001166316772,3493.063063621521,9.934758065831288e-05
423,1.3860738277435303,847.0001166316772,3501.2165739536285,9.934135565722414e-05
424,1.2732107639312744,849.0001166316772,3508.118767261505,9.933510129621572e-05
425,1.1618496179580688,851.0001166316772,3514.2258217334747,9.932881757900917e-05
426,1.1703050136566162,853.0001166316772,3522.0369477272034,9.932250450934357e-05
427,1.1887967586517334,855.0001166316772,3528.878278017044,9.931616209097544e-05
429,1.0929124355316162,859.0001166316772,3546.507749080658,9.930338922324502e-05
430,1.1526366472244263,861.0001166316772,3556.98614692688,9.929695878148307e-05
431,1.2283072471618652,863.0001166316772,3563.4284949302673,9.929049900621929e-05
432,1.3981083631515503,865.0001166316772,3572.0045137405396,9.928400990129751e-05
433,1.2090954780578613,867.0001166316772,3580.812853574753,9.9277491470579e-05
434,1.1507859230041504,869.0001166316772,3589.2779371738434,9.927094371794249e-05
435,1.451831579208374,871.0001166316772,3596.33686542511,9.926436664728412e-05
436,1.1177375316619873,873.0001166316772,3603.520458459854,9.925776026251753e-05
437,1.2746922969818115,875.0001166316772,3612.649027824402,9.925112456757377e-05
438,1.0671981573104858,877.0001166316772,3621.278566122055,9.924445956640135e-05
439,1.1939167976379395,879.0001166316772,3628.8245344161987,9.923776526296618e-05
440,1.281588077545166,881.0001166316772,3634.7097363471985,9.923104166125166e-05
441,1.476487159729004,883.0001166316772,3642.6463961601257,9.922428876525858e-05
442,1.3045819997787476,885.0001166316772,3652.5255041122437,9.92175065790052e-05
443,1.1433005332946777,887.0001166316772,3659.318523168564,9.921069510652714e-05
444,1.332610845565796,889.0001166316772,3667.7654728889465,9.920385435187754e-05
445,1.1371792554855347,891.0001166316772,3675.664637327194,9.919698431912689e-05
446,1.4484305381774902,893.0001166316772,3685.317673444748,9.919008501236316e-05
447,1.396289587020874,895.0001166316772,3693.8485095500946,9.918315643569166e-05
448,1.164973258972168,897.0001166316772,3701.1146466732025,9.917619859323519e-05
449,1.133620262145996,899.0001166316772,3709.6839168071747,9.916921148913396e-05
450,1.3646838665008545,901.0001166316772,3716.297595977783,9.916219512754552e-05
451,1.1746368408203125,903.0001166316772,3722.526896715164,9.915514951264492e-05
452,1.3002068996429443,905.0001166316772,3729.2964429855347,9.914807464862457e-05
453,1.456723928451538,907.0001166316772,3737.263922691345,9.914097053969428e-05
454,1.1318913698196411,909.0001166316772,3745.767966270447,9.913383719008129e-05
455,1.4228699207305908,911.0001166316772,3754.2422349452972,9.912667460403022e-05
456,1.1653175354003906,913.0001166316772,3761.281393289566,9.911948278580305e-05
457,1.3861409425735474,915.0001166316772,3770.563525915146,9.911226173967924e-05
458,1.5605517625808716,917.0001166316772,3779.4215862751007,9.910501146995557e-05
459,1.3601882457733154,919.0001166316772,3786.788172721863,9.909773198094626e-05
460,1.3413158655166626,921.0001166316772,3794.2009947299957,9.909042327698287e-05
461,1.3020882606506348,923.0001166316772,3804.66650557518,9.908308536241436e-05
462,1.2037348747253418,925.0001166316772,3811.8102192878723,9.907571824160711e-05
463,1.500318169593811,927.0001166316772,3820.1657938957214,9.90683219189448e-05
464,1.3016674518585205,929.0001166316772,3829.3475255966187,9.906089639882855e-05
465,1.2772024869918823,931.0001166316772,3838.276854991913,9.905344168567686e-05
466,1.2938066720962524,933.0001166316772,3846.790891647339,9.904595778392555e-05
467,1.3698663711547852,935.0001166316772,3855.2097544670105,9.903844469802783e-05
468,1.1547017097473145,937.0001166316772,3862.251211166382,9.90309024324543e-05
469,1.1612937450408936,939.0001166316772,3869.145358800888,9.902333099169288e-05
470,1.386638879776001,941.0001166316772,3877.6050481796265,9.901573038024889e-05
471,1.4744670391082764,943.0001166316772,3886.579390525818,9.9008100602645e-05
472,1.3884040117263794,945.0001166316772,3895.090404510498,9.90004416634212e-05
473,1.1202353239059448,947.0001166316772,3901.111387014389,9.89927535671349e-05
474,1.2925467491149902,949.0001166316772,3906.926849126816,9.898503631836076e-05
475,1.2992815971374512,951.0001166316772,3914.690382003784,9.897728992169089e-05
476,1.2577018737792969,953.0001166316772,3921.499536037445,9.896951438173468e-05
477,1.267234206199646,955.0001166316772,3929.7361583709717,9.89617097031189e-05
478,1.182861566543579,957.0001166316772,3938.4037940502167,9.895387589048762e-05
479,1.209765076637268,959.0001166316772,3945.324672460556,9.894601294850228e-05
480,1.3295581340789795,961.0001166316772,3951.818114042282,9.893812088184161e-05
481,1.211362361907959,963.0001166316772,3959.4939954280853,9.893019969520174e-05
482,1.540397047996521,965.0001166316772,3967.774087905884,9.892224939329605e-05
483,1.3780426979064941,967.0001166316772,3974.283613681793,9.891426998085531e-05
484,1.3181017637252808,969.0001166316772,3981.2369935512543,9.890626146262755e-05
485,1.3366668224334717,971.0001166316772,3988.4144535064697,9.889822384337819e-05
486,1.350226879119873,973.0001166316772,3996.0806379318237,9.88901571278899e-05
487,1.2599735260009766,975.0001166316772,4004.470400094986,9.88820613209627e-05
488,1.3617773056030273,977.0001166316772,4011.6270339488983,9.887393642741391e-05
489,1.398044466972351,979.0001166316772,4020.3022644519806,9.886578245207818e-05
490,1.3630993366241455,981.0001166316772,4030.158570766449,9.885759939980741e-05
491,1.0061222314834595,983.0001166316772,4039.0971698760986,9.884938727547086e-05
492,1.2492547035217285,985.0001166316772,4049.555690050125,9.884114608395506e-05
493,1.4448312520980835,987.0001166316772,4055.1434350013733,9.883287583016384e-05
494,1.1063933372497559,989.0001166316772,4064.7851169109344,9.882457651901833e-05
495,1.0601929426193237,991.0001166316772,4073.496152162552,9.881624815545693e-05
496,1.2261016368865967,993.0001166316772,4083.0903463363647,9.880789074443536e-05
497,1.3943748474121094,995.0001166316772,4092.200652360916,9.879950429092659e-05
498,1.1241083145141602,997.0001166316772,4100.122532129288,9.879108879992092e-05
499,1.194974660873413,999.0001166316772,4106.312557220459,9.878264427642586e-05
500,1.300816535949707,1001.0001166316772,4114.748794794083,9.877417072546626e-05
501,1.1309480667114258,1003.0001166316772,4122.15614771843,9.876566815208419e-05
502,1.2365458011627197,1005.0001166316772,4132.642529249191,9.875713656133904e-05
503,1.3031489849090576,1007.0001166316772,4141.090444803238,9.87485759583074e-05
504,1.2270081043243408,1009.0001166316772,4147.154182910919,9.87399863480832e-05
505,1.285354733467102,1011.0001166316772,4156.681135177612,9.87313677357776e-05
506,1.1523277759552002,1013.0001166316772,4163.470434188843,9.8722720126519e-05
507,1.2797584533691406,1015.0001166316772,4172.200866222382,9.871404352545303e-05
508,1.2629344463348389,1017.0001166316772,4179.005382299423,9.870533793774266e-05
509,1.2026898860931396,1019.0001166316772,4187.2012231349945,9.869660336856804e-05
510,1.4518280029296875,1021.0001166316772,4194.597309112549,9.868783982312658e-05
511,1.3358936309814453,1023.0001166316772,4203.594595909119,9.867904730663293e-05
512,1.3331974744796753,1025.0001166316772,4214.053517580032,9.867022582431896e-05
513,1.2952673435211182,1027.0001166316772,4222.6387155056,9.866137538143383e-05
514,1.0876314640045166,1029.0001166316772,4229.517240762711,9.86524959832439e-05
515,1.230008602142334,1031.0001166316772,4234.987171411514,9.864358763503275e-05
516,1.1075235605239868,1033.0001166316772,4242.977875947952,9.863465034210118e-05
517,1.1807193756103516,1035.0001166316772,4248.414792537689,9.862568410976723e-05
518,1.1594386100769043,1037.0001166316772,4258.6825432777405,9.86166889433662e-05
519,1.250763177871704,1039.0001166316772,4269.1828789711,9.860766484825052e-05
520,1.264604091644287,1041.0001166316772,4275.636392354965,9.859861182978992e-05
521,1.1038483381271362,1043.0001166316772,4284.656327962875,9.858952989337126e-05
522,1.005060076713562,1045.0001166316772,4291.400474309921,9.858041904439868e-05
523,1.331261396408081,1047.0001166316772,4299.406798839569,9.857127928829346e-05
524,1.2054595947265625,1049.0001166316772,4309.310461759567,9.856211063049414e-05
525,1.2914655208587646,1051.0001166316772,4315.5555238723755,9.855291307645644e-05
526,1.2839992046356201,1053.0001166316772,4321.601316690445,9.854368663165324e-05
527,1.3432011604309082,1055.0001166316772,4329.95419716835,9.853443130157462e-05
528,1.3722155094146729,1057.0001166316772,4337.522115945816,9.852514709172791e-05
529,1.3566824197769165,1059.0001166316772,4344.378397941589,9.851583400763756e-05
530,1.0749156475067139,1061.0001166316772,4350.451288223267,9.850649205484519e-05
531,1.1936712265014648,1063.0001166316772,4358.1706075668335,9.849712123890966e-05
532,1.0590167045593262,1065.0001166316772,4365.776041030884,9.848772156540697e-05
533,1.4023867845535278,1067.0001166316772,4374.270686149597,9.84782930399303e-05
534,0.9444481730461121,1069.0001166316772,4380.329290390015,9.846883566808998e-05
535,1.104034185409546,1071.0001166316772,4388.699616909027,9.845934945551349e-05
536,1.2354605197906494,1073.0001166316772,4395.017676353455,9.844983440784554e-05
537,1.173418402671814,1075.0001166316772,4404.156003952026,9.844029053074795e-05
538,1.2881524562835693,1077.0001166316772,4411.980826854706,9.843071782989969e-05
539,0.9867151975631714,1079.0001166316772,4420.124573707581,9.842111631099688e-05
540,1.063707947731018,1081.0001166316772,4430.646394729614,9.841148597975284e-05
541,1.1228846311569214,1083.0001166316772,4437.7031836509705,9.840182684189794e-05
542,1.5234222412109375,1085.0001166316772,4448.204689502716,9.839213890317977e-05
543,1.2399513721466064,1087.0001166316772,4458.692289829254,9.838242216936306e-05
544,1.3401579856872559,1089.0001166316772,4468.422171831131,9.837267664622962e-05
545,1.0593876838684082,1091.0001166316772,4477.835672855377,9.83629023395784e-05
546,1.16382896900177,1093.0001166316772,4486.340981960297,9.835309925522554e-05
547,1.3800519704818726,1095.0001166316772,4493.942515611649,9.834326739900421e-05
548,1.151810884475708,1097.0001166316772,4500.818149805069,9.833340677676479e-05
549,1.1095842123031616,1099.0001166316772,4506.888501405716,9.832351739437473e-05
550,1.2496833801269531,1101.0001166316772,4517.37374329567,9.831359925771857e-05
551,1.5336323976516724,1103.0001166316772,4527.873386144638,9.830365237269801e-05
552,1.4353852272033691,1105.0001166316772,4535.62189912796,9.829367674523185e-05
553,1.2746622562408447,1107.0001166316772,4542.2087371349335,9.828367238125596e-05
554,1.339227318763733,1109.0001166316772,4552.693564176559,9.827363928672333e-05
555,1.1494230031967163,1111.0001166316772,4560.961373567581,9.826357746760407e-05
556,1.217505931854248,1113.0001166316772,4571.449235200882,9.82534869298853e-05
557,1.301504135131836,1115.0001166316772,4579.359595537186,9.824336767957132e-05
558,1.1496021747589111,1117.0001166316772,4587.263134479523,9.823321972268351e-05
559,1.1310091018676758,1119.0001166316772,4597.7581198215485,9.822304306526025e-05
560,1.2073745727539062,1121.0001166316772,4606.309345960617,9.821283771335708e-05
561,1.4855585098266602,1123.0001166316772,4615.175811290741,9.820260367304657e-05
562,1.3210694789886475,1125.0001166316772,4623.708864927292,9.819234095041837e-05
563,1.2620108127593994,1127.0001166316772,4630.256346940994,9.818204955157922e-05
564,1.3170263767242432,1129.0001166316772,4637.712846755981,9.81717294826529e-05
565,1.273317813873291,1131.0001166316772,4645.737597942352,9.816138074978024e-05
566,1.0215535163879395,1133.0001166316772,4652.677108287811,9.815100335911916e-05
567,1.2133307456970215,1135.0001166316772,4660.965701341629,9.814059731684462e-05
568,1.1774468421936035,1137.0001166316772,4667.67288851738,9.81301626291486e-05
569,1.4317340850830078,1139.0001166316772,4678.178166389465,9.811969930224015e-05
570,1.294044852256775,1141.0001166316772,4685.037412881851,9.810920734234538e-05
571,1.506797194480896,1143.0001166316772,4695.533985137939,9.809868675570739e-05
572,1.158220887184143,1145.0001166316772,4703.9976806640625,9.808813754858636e-05
573,1.0725164413452148,1147.0001166316772,4714.211870670319,9.807755972725947e-05
574,1.113052487373352,1149.0001166316772,4723.1788465976715,9.806695329802095e-05
575,1.247922658920288,1151.0001166316772,4727.843369722366,9.805631826718203e-05
576,1.5786160230636597,1153.0001166316772,4736.093855381012,9.804565464107097e-05
577,1.1519190073013306,1155.0001166316772,4742.724013805389,9.803496242603306e-05
578,1.270153522491455,1157.0001166316772,4752.212948083878,9.802424162843057e-05
579,1.29949951171875,1159.0001166316772,4759.431443452835,9.801349225464281e-05
580,1.3484303951263428,1161.0001166316772,4768.007392883301,9.800271431106605e-05
581,1.1051298379898071,1163.0001166316772,4778.49657034874,9.799190780411361e-05
582,1.2828924655914307,1165.0001166316772,4787.592250108719,9.79810727402158e-05
583,1.2638814449310303,1167.0001166316772,4797.756032705307,9.797020912581986e-05
584,1.1914820671081543,1169.0001166316772,4805.898694992065,9.795931696739012e-05
585,1.2311363220214844,1171.0001166316772,4812.260956287384,9.794839627140781e-05
586,1.1370338201522827,1173.0001166316772,4820.468060731888,9.793744704437117e-05
587,1.1227251291275024,1175.0001166316772,4830.289643764496,9.792646929279543e-05
588,1.392662763595581,1177.0001166316772,4837.320868968964,9.791546302321278e-05
589,1.2774319648742676,1179.0001166316772,4847.792849302292,9.790442824217237e-05
590,1.3006577491760254,1181.0001166316772,4857.1608147621155,9.789336495624036e-05
591,1.3817944526672363,1183.0001166316772,4865.535259008408,9.788227317199981e-05
592,1.1491868495941162,1185.0001166316772,4875.026960134506,9.787115289605076e-05
593,1.226684808731079,1187.0001166316772,4883.09081363678,9.786000413501021e-05
594,1.2107393741607666,1189.0001166316772,4891.544184684753,9.784882689551213e-05
595,1.3699266910552979,1191.0001166316772,4898.421018362045,9.783762118420742e-05
596,1.1742093563079834,1193.0001166316772,4904.731715917587,9.78263870077639e-05
597,1.1272001266479492,1195.0001166316772,4912.937623739243,9.781512437286632e-05
598,1.1777195930480957,1197.0001166316772,4920.211594343185,9.780383328621643e-05
599,1.3223779201507568,1199.0001166316772,4926.329610824585,9.779251375453287e-05
600,1.336038589477539,1201.0001166316772,4935.303674221039,9.778116578455117e-05
601,1.399143934249878,1203.0001166316772,4945.017855882645,9.776978938302384e-05
602,0.980212926864624,1205.0001166316772,4951.492871761322,9.775838455672028e-05
603,1.3572181463241577,1207.0001166316772,4961.993250370026,9.77469513124268e-05
604,1.2470320463180542,1209.0001166316772,4970.8091785907745,9.773548965694666e-05
605,1.4842307567596436,1211.0001166316772,4979.147970914841,9.772399959709996e-05
606,1.2844834327697754,1213.0001166316772,4988.048355817795,9.771248113972373e-05
607,1.2064173221588135,1215.0001166316772,4996.084862947464,9.770093429167194e-05
608,1.3069849014282227,1217.0001166316772,5002.753084659576,9.768935905981537e-05
609,1.402177095413208,1219.0001166316772,5010.613385677338,9.767775545104178e-05
610,1.1388968229293823,1221.0001166316772,5021.109124422073,9.766612347225576e-05
611,1.246242880821228,1223.0001166316772,5029.983910322189,9.765446313037878e-05
612,1.4265518188476562,1225.0001166316772,5038.830487251282,9.764277443234919e-05
613,1.0664665699005127,1227.0001166316772,5047.1565284729,9.763105738512226e-05
614,1.3058613538742065,1229.0001166316772,5053.726300001144,9.761931199567006e-05
615,1.1382925510406494,1231.0001166316772,5059.9859409332275,9.760753827098157e-05
616,1.2116894721984863,1233.0001166316772,5066.504093170166,9.759573621806262e-05
617,1.1868197917938232,1235.0001166316772,5075.525900363922,9.758390584393588e-05
618,1.2316501140594482,1237.0001166316772,5081.6796634197235,9.757204715564092e-05
619,0.9500284194946289,1239.0001166316772,5089.527459621429,9.756016016023405e-05
620,1.2607380151748657,1241.0001166316772,5097.306283950806,9.754824486478858e-05
621,1.4755878448486328,1243.0001166316772,5104.232799053192,9.753630127639453e-05
622,1.24965500831604,1245.0001166316772,5111.154284000397,9.752432940215884e-05
623,0.9026522636413574,1247.0001166316772,5121.395511865616,9.75123292492052e-05
624,1.2091376781463623,1249.0001166316772,5131.890873432159,9.750030082467418e-05
625,1.2906928062438965,1251.0001166316772,5142.382383584976,9.74882441357232e-05
626,1.079190969467163,1253.0001166316772,5148.709058046341,9.747615918952643e-05
627,1.230689287185669,1255.0001166316772,5158.44894862175,9.746404599327488e-05
628,1.247199535369873,1257.0001166316772,5165.195365190506,9.745190455417641e-05
629,1.2938086986541748,1259.0001166316772,5172.648139953613,9.743973487945561e-05
630,1.199880599975586,1261.0001166316772,5183.134737253189,9.742753697635394e-05
631,1.2257487773895264,1263.0001166316772,5193.20791721344,9.741531085212963e-05
632,1.5316537618637085,1265.0001166316772,5203.455678224564,9.74030565140577e-05
633,1.3733617067337036,1267.0001166316772,5212.269093036652,9.739077396942994e-05
634,1.0612794160842896,1269.0001166316772,5218.572436332703,9.737846322555498e-05
635,1.0809316635131836,1271.0001166316772,5225.215673923492,9.736612428975816e-05
636,0.9583612680435181,1273.0001166316772,5235.682739973068,9.735375716938166e-05
637,1.1395626068115234,1275.0001166316772,5244.557587623596,9.734136187178438e-05
638,1.1636768579483032,1277.0001166316772,5253.729805231094,9.732893840434203e-05
639,1.153633952140808,1279.0001166316772,5260.904656410217,9.731648677444703e-05
640,1.393261194229126,1281.0001166316772,5269.4414875507355,9.730400698950861e-05
641,1.3970963954925537,1283.0001166316772,5276.689849615097,9.729149905695272e-05
642,1.2379381656646729,1285.0001166316772,5285.566013336182,9.727896298422208e-05
643,1.2988542318344116,1287.0001166316772,5293.852293729782,9.726639877877613e-05
644,1.169658899307251,1289.0001166316772,5300.828243970871,9.725380644809106e-05
645,1.0605733394622803,1291.0001166316772,5309.948235273361,9.724118599965982e-05
646,1.2339314222335815,1293.0001166316772,5319.025123357773,9.722853744099207e-05
647,1.3478736877441406,1295.0001166316772,5325.195699453354,9.721586077961418e-05
648,1.389026165008545,1297.0001166316772,5335.707947731018,9.720315602306927e-05
649,1.3550899028778076,1299.0001166316772,5342.935476064682,9.719042317891717e-05
650,1.2190001010894775,1301.0001166316772,5350.049509525299,9.717766225473442e-05
651,1.262633204460144,1303.0001166316772,5360.236857414246,9.716487325811426e-05
652,1.276050329208374,1305.0001166316772,5367.567134380341,9.715205619666666e-05
653,1.311765193939209,1307.0001166316772,5376.329969882965,9.713921107801827e-05
654,1.4933884143829346,1309.0001166316772,5384.795130252838,9.712633790981241e-05
655,1.1633226871490479,1311.0001166316772,5394.311405181885,9.711343669970917e-05
656,1.3090038299560547,1313.0001166316772,5403.433658123016,9.710050745538524e-05
657,1.1153368949890137,1315.0001166316772,5409.772788763046,9.708755018453403e-05
658,1.3317164182662964,1317.0001166316772,5418.938574790955,9.707456489486561e-05
659,1.153573989868164,1319.0001166316772,5429.365779876709,9.706155159410677e-05
660,0.9071173667907715,1321.0001166316772,5438.238002061844,9.704851029000092e-05
661,1.2955775260925293,1323.0001166316772,5446.381526470184,9.703544099030815e-05
662,1.368072748184204,1325.0001166316772,5456.875798225403,9.70223437028052e-05
663,1.200171947479248,1327.0001166316772,5463.901907682419,9.700921843528546e-05
664,1.1006767749786377,1329.0001166316772,5472.819625616074,9.699606519555897e-05
665,1.3815433979034424,1331.0001166316772,5483.322326421738,9.698288399145247e-05
666,1.0531108379364014,1333.0001166316772,5493.592694282532,9.696967483080925e-05
667,1.105812907218933,1335.0001166316772,5500.3782658576965,9.695643772148927e-05
668,1.267158031463623,1337.0001166316772,5507.3004269599915,9.694317267136917e-05
669,0.8765528202056885,1339.0001166316772,5512.256720542908,9.692987968834216e-05
670,1.2276667356491089,1341.0001166316772,5520.707552909851,9.691655878031804e-05
671,1.2439204454421997,1343.0001166316772,5530.4304292202,9.690320995522334e-05
672,1.2402615547180176,1345.0001166316772,5540.961453437805,9.688983322100109e-05
673,1.2690640687942505,1347.0001166316772,5548.226074695587,9.6876428585611e-05
674,1.1449329853057861,1349.0001166316772,5558.706853151321,9.68629960570293e-05
675,1.3445926904678345,1351.0001166316772,5565.923408031464,9.684953564324895e-05
676,0.952165961265564,1353.0001166316772,5574.315632820129,9.683604735227934e-05
677,1.1795217990875244,1355.0001166316772,5584.170583724976,9.68225311921466e-05
678,1.4683315753936768,1357.0001166316772,5594.112050771713,9.680898717089334e-05
679,1.3037219047546387,1359.0001166316772,5601.556139945984,9.67954152965788e-05
680,1.4202001094818115,1361.0001166316772,5610.9232442379,9.678181557727873e-05
681,1.3160855770111084,1363.0001166316772,5618.540040254593,9.676818802108555e-05
682,1.3104307651519775,1365.0001166316772,5626.645905017853,9.675453263610818e-05
683,1.3838932514190674,1367.0001166316772,5635.81618976593,9.67408494304721e-05
684,1.2033095359802246,1369.0001166316772,5642.173595905304,9.672713841231934e-05
685,1.1154619455337524,1371.0001166316772,5651.975996732712,9.67133995898085e-05
686,1.2464005947113037,1373.0001166316772,5659.839819192886,9.669963297111475e-05
687,1.1398124694824219,1375.0001166316772,5666.8167634010315,9.668583856442971e-05
688,1.3425705432891846,1377.0001166316772,5675.5233743190765,9.667201637796163e-05
689,1.2622898817062378,1379.0001166316772,5683.829871416092,9.665816641993527e-05
690,0.9527677297592163,1381.0001166316772,5690.726313114166,9.664428869859185e-05
691,1.1567332744598389,1383.0001166316772,5701.1051161289215,9.663038322218917e-05
692,1.1602580547332764,1385.0001166316772,5707.621931552887,9.661644999900156e-05
693,1.167306661605835,1387.0001166316772,5714.538810253143,9.66024890373198e-05
694,1.1657798290252686,1389.0001166316772,5720.350331068039,9.658850034545125e-05
695,1.3692502975463867,1391.0001166316772,5729.755564689636,9.657448393171968e-05
696,1.1578336954116821,1393.0001166316772,5734.125401735306,9.656043980446543e-05
697,1.431164264678955,1395.0001166316772,5742.901752710342,9.654636797204531e-05
698,1.1808620691299438,1397.0001166316772,5751.992175579071,9.65322684428326e-05
699,1.0867458581924438,1399.0001166316772,5761.9718334674835,9.65181412252171e-05
700,1.108435034751892,1401.0001166316772,5770.412104606628,9.6503986327605e-05
701,1.1726908683776855,1403.0001166316772,5778.317495584488,9.648980375841909e-05
702,1.289040207862854,1405.0001166316772,5787.333165884018,9.64755935260985e-05
703,1.1284607648849487,1407.0001166316772,5796.829981327057,9.64613556390989e-05
704,1.2603778839111328,1409.0001166316772,5805.538756132126,9.644709010589237e-05
705,1.2474029064178467,1411.0001166316772,5813.2662835121155,9.643279693496748e-05
706,1.1847517490386963,1413.0001166316772,5822.25833940506,9.641847613482922e-05
707,1.3155128955841064,1415.0001166316772,5831.616029262543,9.640412771399901e-05
708,1.3874094486236572,1417.0001166316772,5839.948076725006,9.638975168101477e-05
709,1.2295141220092773,1419.0001166316772,5850.421711206436,9.637534804443076e-05
710,1.1293888092041016,1421.0001166316772,5859.391969680786,9.636091681281771e-05
711,1.2431058883666992,1423.0001166316772,5867.504148006439,9.634645799476279e-05
712,1.3321921825408936,1425.0001166316772,5876.526793956757,9.633197159886955e-05
713,1.2953646183013916,1427.0001166316772,5887.00954413414,9.631745763375795e-05
714,1.1599071025848389,1429.0001166316772,5897.481255054474,9.63029161080644e-05
715,1.1672041416168213,1431.0001166316772,5905.932557344437,9.628834703044164e-05
716,1.3633044958114624,1433.0001166316772,5912.710446834564,9.627375040955886e-05
717,1.4703714847564697,1435.0001166316772,5921.096956014633,9.625912625410163e-05
718,1.0608274936676025,1437.0001166316772,5928.26565694809,9.624447457277188e-05
719,1.24652099609375,1439.0001166316772,5935.803018569946,9.622979537428795e-05
720,1.4060938358306885,1441.0001166316772,5944.529423952103,9.621508866738451e-05
721,1.0349063873291016,1443.0001166316772,5948.576501131058,9.620035446081266e-05
722,1.42887282371521,1445.0001166316772,5958.644089221954,9.61855927633398e-05
723,1.3866040706634521,1447.0001166316772,5967.6057007312775,9.617080358374975e-05
724,0.9896884560585022,1449.0001166316772,5973.866763114929,9.615598693084262e-05
725,1.4728496074676514,1451.0001166316772,5983.065540075302,9.614114281343492e-05
726,1.0891526937484741,1453.0001166316772,5990.881986141205,9.612627124035947e-05
727,1.2815532684326172,1455.0001166316772,6000.0834810733795,9.611137222046544e-05
728,1.1767573356628418,1457.0001166316772,6008.6582725048065,9.609644576261833e-05
729,1.35695481300354,1459.0001166316772,6016.462704896927,9.608149187569996e-05
730,1.1930921077728271,1461.0001166316772,6024.754259824753,9.606651056860851e-05
731,1.2149837017059326,1463.0001166316772,6031.26330780983,9.605150185025839e-05
732,1.3298125267028809,1465.0001166316772,6039.78369140625,9.603646572958044e-05
733,1.0521862506866455,1467.0001166316772,6050.268641710281,9.602140221552169e-05
734,1.129838228225708,1469.0001166316772,6060.124749183655,9.600631131704554e-05
735,1.3963717222213745,1471.0001166316772,6068.226397752762,9.599119304313165e-05
736,1.316611409187317,1473.0001166316772,6076.975925445557,9.5976047402776e-05
737,1.2071161270141602,1475.0001166316772,6084.447935819626,9.596087440499085e-05
738,1.3757904767990112,1477.0001166316772,6091.652607917786,9.594567405880471e-05
739,1.2358307838439941,1479.0001166316772,6100.432413816452,9.593044637326239e-05
740,1.151144027709961,1481.0001166316772,6109.115348100662,9.591519135742495e-05
741,1.3440110683441162,1483.0001166316772,6119.609261274338,9.589990902036973e-05
742,1.3870933055877686,1485.0001166316772,6127.378998756409,9.588459937119033e-05
743,1.1995313167572021,1487.0001166316772,6135.208070755005,9.586926241899655e-05
744,1.4156546592712402,1489.0001166316772,6144.949589729309,9.585389817291451e-05
745,1.153869390487671,1491.0001166316772,6153.775675296783,9.583850664208653e-05
746,1.1118252277374268,1493.0001166316772,6160.989281415939,9.582308783567118e-05
747,1.3262169361114502,1495.0001166316772,6167.756708621979,9.580764176284327e-05
748,1.032017469406128,1497.0001166316772,6173.814244031906,9.579216843279377e-05
749,1.2238184213638306,1499.0001166316772,6182.775199890137,9.577666785472995e-05
750,1.5840504169464111,1501.0001166316772,6189.462961435318,9.576114003787526e-05
751,1.3568534851074219,1503.0001166316772,6196.520996809006,9.574558499146935e-05
752,1.2372546195983887,1505.0001166316772,6206.034174442291,9.573000272476809e-05
753,1.120340347290039,1507.0001166316772,6212.344837188721,9.571439324704353e-05
754,1.139206886291504,1509.0001166316772,6220.83042216301,9.569875656758394e-05
755,1.2113280296325684,1511.0001166316772,6228.915277004242,9.568309269569373e-05
756,1.3774604797363281,1513.0001166316772,6235.8732213974,9.566740164069353e-05
757,1.1181509494781494,1515.0001166316772,6245.027597427368,9.565168341192012e-05
758,1.4025614261627197,1517.0001166316772,6253.845592260361,9.563593801872648e-05
759,1.2598562240600586,1519.0001166316772,6261.657835483551,9.562016547048174e-05
760,0.9153552055358887,1521.0001166316772,6270.085783958435,9.560436577657116e-05
761,1.1160988807678223,1523.0001166316772,6278.510192155838,9.558853894639619e-05
762,1.1641902923583984,1525.0001166316772,6285.052607297897,9.557268498937443e-05
763,1.1680799722671509,1527.0001166316772,6292.514515399933,9.555680391493957e-05
764,1.1818816661834717,1529.0001166316772,6302.997605085373,9.554089573254148e-05
765,1.1421016454696655,1531.0001166316772,6309.361297607422,9.552496045164618e-05
766,1.3212809562683105,1533.0001166316772,6318.349712371826,9.550899808173576e-05
767,1.1969854831695557,1535.0001166316772,6325.766101837158,9.549300863230847e-05
768,1.0984091758728027,1537.0001166316772,6333.997943878174,9.547699211287863e-05
769,1.261777400970459,1539.0001166316772,6343.032009363174,9.546094853297673e-05
770,1.4138648509979248,1541.0001166316772,6351.814115047455,9.54448779021493e-05
771,1.343620777130127,1543.0001166316772,6360.388522386551,9.542878022995903e-05
772,1.1017132997512817,1545.0001166316772,6367.999772071838,9.541265552598464e-05
773,1.3232643604278564,1547.0001166316772,6374.927064180374,9.539650379982095e-05
774,1.4473559856414795,1549.0001166316772,6383.610251426697,9.538032506107891e-05
775,1.2256391048431396,1551.0001166316772,6391.093262195587,9.536411931938546e-05
776,1.2498729228973389,1553.0001166316772,6399.994837522507,9.534788658438366e-05
777,1.2367119789123535,1555.0001166316772,6409.888847351074,9.533162686573265e-05
778,1.1877858638763428,1557.0001166316772,6416.248667001724,9.531534017310757e-05
779,1.104731798171997,1559.0001166316772,6424.831303834915,9.529902651619966e-05
780,1.0380347967147827,1561.0001166316772,6433.383798360825,9.528268590471616e-05
781,1.0465137958526611,1563.0001166316772,6443.468621730804,9.52663183483804e-05
782,1.0247471332550049,1565.0001166316772,6451.356955766678,9.52499238569317e-05
783,1.3342690467834473,1567.0001166316772,6458.619916915894,9.523350244012544e-05
784,1.3478972911834717,1569.0001166316772,6468.3290321826935,9.521705410773298e-05
785,0.9189209938049316,1571.0001166316772,6478.80185842514,9.520057886954175e-05
786,1.0461820363998413,1573.0001166316772,6487.582199811935,9.518407673535513e-05
787,0.9963704347610474,1575.0001166316772,6498.0651824474335,9.516754771499257e-05
788,1.2216153144836426,1577.0001166316772,6505.1946630477905,9.515099181828948e-05
789,1.071509838104248,1579.0001166316772,6513.630712032318,9.513440905509725e-05
790,1.3162901401519775,1581.0001166316772,6522.99994301796,9.511779943528328e-05
791,1.0526793003082275,1583.0001166316772,6532.067657709122,9.510116296873094e-05
792,1.131581425666809,1585.0001166316772,6540.699768781662,9.50844996653396e-05
793,1.1294828653335571,1587.0001166316772,6548.065104484558,9.506780953502454e-05
794,1.2334411144256592,1589.0001166316772,6556.350371599197,9.505109258771707e-05
795,1.2989356517791748,1591.0001166316772,6564.669932126999,9.503434883336443e-05
796,1.193461298942566,1593.0001166316772,6573.099388360977,9.501757828192979e-05
797,1.1289582252502441,1595.0001166316772,6581.039627790451,9.50007809433923e-05
798,1.3196017742156982,1597.0001166316772,6589.279172897339,9.498395682774703e-05
799,1.1386075019836426,1599.0001166316772,6597.806044340134,9.496710594500498e-05
800,1.0528850555419922,1601.0001166316772,6604.787139177322,9.49502283051931e-05
801,1.0633095502853394,1603.0001166316772,6611.478009462357,9.493332391835425e-05
802,1.1219980716705322,1605.0001166316772,6619.599916934967,9.491639279454718e-05
803,1.2890584468841553,1607.0001166316772,6628.333041906357,9.489943494384656e-05
804,1.3090364933013916,1609.0001166316772,6636.011589288712,9.488245037634304e-05
805,1.1430482864379883,1611.0001166316772,6645.368533611298,9.486543910214303e-05
806,1.360977292060852,1613.0001166316772,6655.8789694309235,9.484840113136895e-05
807,1.1373114585876465,1615.0001166316772,6662.181555271149,9.483133647415903e-05
808,0.971082866191864,1617.0001166316772,6671.594871759415,9.481424514066743e-05
809,1.0027670860290527,1619.0001166316772,6679.015798807144,9.479712714106416e-05
810,1.2476239204406738,1621.0001166316772,6689.522762298584,9.47799824855351e-05
811,0.9883479475975037,1623.0001166316772,6699.954228401184,9.476281118428198e-05
812,1.100357174873352,1625.0001166316772,6708.338347434998,9.47456132475224e-05
813,1.1632269620895386,1627.0001166316772,6718.431385040283,9.472838868548983e-05
814,1.2060465812683105,1629.0001166316772,6728.653162956238,9.471113750843352e-05
815,1.0816971063613892,1631.0001166316772,6736.849069595337,9.469385972661861e-05
816,1.4074851274490356,1633.0001166316772,6745.848776340485,9.467655535032608e-05
817,1.3156083822250366,1635.0001166316772,6754.667528390884,9.465922438985269e-05
818,0.9542849063873291,1637.0001166316772,6760.232320547104,9.464186685551104e-05
819,1.2871525287628174,1639.0001166316772,6769.107475042343,9.462448275762953e-05
820,1.249018907546997,1641.0001166316772,6779.57044005394,9.460707210655242e-05
821,1.1931521892547607,1643.0001166316772,6788.97377038002,9.458963491263971e-05
822,1.0118639469146729,1645.0001166316772,6796.1195595264435,9.457217118626718e-05
823,1.3949024677276611,1647.0001166316772,6806.626289367676,9.455468093782647e-05
824,1.0939325094223022,1649.0001166316772,6812.356117725372,9.453716417772496e-05
825,1.2285919189453125,1651.0001166316772,6821.782301664352,9.451962091638579e-05
826,1.3059487342834473,1653.0001166316772,6829.077396631241,9.45020511642479e-05
827,1.241847038269043,1655.0001166316772,6837.652416944504,9.448445493176596e-05
828,1.098210096359253,1657.0001166316772,6845.304264307022,9.446683222941047e-05
829,1.4146053791046143,1659.0001166316772,6855.799624681473,9.444918306766756e-05
830,1.0433273315429688,1661.0001166316772,6863.503534317017,9.443150745703922e-05
831,1.0070128440856934,1663.0001166316772,6871.935100078583,9.441380540804311e-05
832,1.1984161138534546,1665.0001166316772,6881.591811656952,9.439607693121266e-05
833,1.1812379360198975,1667.0001166316772,6888.767000675201,9.437832203709698e-05
834,1.2973538637161255,1669.0001166316772,6896.168168783188,9.436054073626095e-05
835,1.076372504234314,1671.0001166316772,6906.6367337703705,9.434273303928513e-05
836,1.0253044366836548,1673.0001166316772,6913.434146165848,9.43248989567658e-05
837,1.1953649520874023,1675.0001166316772,6922.2221620082855,9.430703849931495e-05
838,1.0692400932312012,1677.0001166316772,6931.714944601059,9.428915167756022e-05
839,1.206426978111267,1679.0001166316772,6939.600544691086,9.4271238502145e-05
840,0.9912104606628418,1681.0001166316772,6946.490958452225,9.42532989837283e-05
841,1.230533242225647,1683.0001166316772,6953.711992025375,9.423533313298488e-05
842,1.1270016431808472,1685.0001166316772,6964.179011821747,9.42173409606051e-05
843,1.2868016958236694,1687.0001166316772,6971.49217414856,9.4199322477295e-05
844,1.027592658996582,1689.0001166316772,6980.687104701996,9.418127769377627e-05
845,1.39066481590271,1691.0001166316772,6991.170118570328,9.416320662078632e-05
846,1.0798559188842773,1693.0001166316772,6997.701094150543,9.414510926907808e-05
847,1.1800553798675537,1695.0001166316772,7005.206206321716,9.412698564942024e-05
848,1.1399099826812744,1697.0001166316772,7014.363225221634,9.4108835772597e-05
849,1.1147269010543823,1699.0001166316772,7023.164790153503,9.40906596494083e-05
850,1.439488172531128,1701.0001166316772,7033.647039175034,9.407245729066964e-05
851,1.3332860469818115,1703.0001166316772,7040.299770116806,9.40542287072121e-05
852,1.058586835861206,1705.0001166316772,7050.786372423172,9.403597390988244e-05
853,1.3292152881622314,1707.0001166316772,7059.139842748642,9.401769290954295e-05
854,1.24528968334198,1709.0001166316772,7068.731162309647,9.399938571707157e-05
855,1.1202847957611084,1711.0001166316772,7076.3272449970245,9.398105234336179e-05
856,1.3159687519073486,1713.0001166316772,7082.742115497589,9.396269279932265e-05
858,1.2035725116729736,1717.0001166316772,7100.76700091362,9.392589524397057e-05
859,1.2507712841033936,1719.0001166316772,7109.8746654987335,9.390745725455358e-05
860,1.3687100410461426,1721.0001166316772,7116.327294826508,9.388899313859921e-05
861,1.308523178100586,1723.0001166316772,7126.126725196838,9.387050290709435e-05
862,1.2665094137191772,1725.0001166316772,7135.086378335953,9.385198657104141e-05
863,1.3623905181884766,1727.0001166316772,7145.597483158112,9.383344414145832e-05
864,1.265732765197754,1729.0001166316772,7153.185853242874,9.381487562937854e-05
865,1.103241205215454,1731.0001166316772,7161.004846572876,9.37962810458511e-05
866,1.410002589225769,1733.0001166316772,7170.203972578049,9.377766040194048e-05
867,1.3814489841461182,1735.0001166316772,7178.493699550629,9.37590137087267e-05
868,1.2503920793533325,1737.0001166316772,7187.418169736862,9.374034097730526e-05
869,1.2566896677017212,1739.0001166316772,7195.437347412109,9.372164221878718e-05
870,0.8947097063064575,1741.0001166316772,7202.17600774765,9.370291744429895e-05
871,1.261925220489502,1743.0001166316772,7210.952986955643,9.368416666498252e-05
872,1.3476457595825195,1745.0001166316772,7219.413735866547,9.366538989199539e-05
873,1.2822129726409912,1747.0001166316772,7228.353065252304,9.364658713651044e-05
874,1.2595653533935547,1749.0001166316772,7238.3319890499115,9.362775840971604e-05
875,1.3157362937927246,1751.0001166316772,7246.725284576416,9.360890372281604e-05
876,1.171895146369934,1753.0001166316772,7255.598942756653,9.35900230870297e-05
877,1.2773771286010742,1755.0001166316772,7264.229041337967,9.357111651359175e-05
878,1.280693769454956,1757.0001166316772,7272.404178380966,9.355218401375234e-05
879,1.1795697212219238,1759.0001166316772,7281.258294343948,9.353322559877705e-05
880,1.473876953125,1761.0001166316772,7289.933478832245,9.351424127994687e-05
881,1.172059416770935,1763.0001166316772,7298.934815406799,9.349523106855823e-05
882,1.333760380744934,1765.0001166316772,7306.009121417999,9.347619497592292e-05
883,1.2001299858093262,1767.0001166316772,7315.836360454559,9.345713301336819e-05
884,1.1255497932434082,1769.0001166316772,7321.942835092545,9.343804519223665e-05
885,1.2269245386123657,1771.0001166316772,7330.4256229400635,9.341893152388629e-05
886,1.1367058753967285,1773.0001166316772,7336.167324066162,9.339979201969049e-05
887,1.4102611541748047,1775.0001166316772,7345.154570102692,9.3380626691038e-05
888,1.1342421770095825,1777.0001166316772,7351.071821451187,9.336143554933297e-05
889,1.2668876647949219,1779.0001166316772,7358.253364562988,9.334221860599487e-05
890,1.1672579050064087,1781.0001166316772,7363.946556091309,9.332297587245851e-05
891,1.134544849395752,1783.0001166316772,7372.937987804413,9.330370736017408e-05
892,1.2694916725158691,1785.0001166316772,7381.207508802414,9.328441308060712e-05
893,0.9982901811599731,1787.0001166316772,7391.704663515091,9.326509304523846e-05
894,1.2043153047561646,1789.0001166316772,7399.404545307159,9.324574726556428e-05
895,1.1467121839523315,1791.0001166316772,7408.971014022827,9.32263757530961e-05
896,1.436065912246704,1793.0001166316772,7417.809546470642,9.320697851936069e-05
897,1.1843770742416382,1795.0001166316772,7424.595398426056,9.318755557590019e-05
898,1.2749606370925903,1797.0001166316772,7433.410134553909,9.3168106934272e-05
899,1.2792237997055054,1799.0001166316772,7441.055529117584,9.314863260604883e-05
900,1.0465350151062012,1801.0001166316772,7448.899104118347,9.312913260281865e-05
901,1.2843661308288574,1803.0001166316772,7456.2026472091675,9.310960693618476e-05
902,1.3667354583740234,1805.0001166316772,7466.682905435562,9.309005561776569e-05
903,1.1704297065734863,1807.0001166316772,7476.582422494888,9.307047865919521e-05
904,1.1954330205917358,1809.0001166316772,7483.291911363602,9.305087607212241e-05
905,1.4017211198806763,1811.0001166316772,7489.840010404587,9.303124786821156e-05
906,1.090253233909607,1813.0001166316772,7498.115607500076,9.301159405914225e-05
907,1.0899312496185303,1815.0001166316772,7507.603439331055,9.299191465660923e-05
908,1.2528040409088135,1817.0001166316772,7515.429013252258,9.297220967232254e-05
909,1.2736690044403076,1819.0001166316772,7523.017227888107,9.295247911800742e-05
910,1.3136448860168457,1821.0001166316772,7531.380100250244,9.29327230054043e-05
911,1.0324039459228516,1823.0001166316772,7537.918677330017,9.291294134626886e-05
912,1.2229831218719482,1825.0001166316772,7546.018479585648,9.289313415237196e-05
913,1.1167724132537842,1827.0001166316772,7553.980963945389,9.287330143549964e-05
914,1.1661102771759033,1829.0001166316772,7562.073503494263,9.285344320745316e-05
915,1.2078323364257812,1831.0001166316772,7572.555739402771,9.283355948004893e-05
916,1.3204718828201294,1833.0001166316772,7579.717574596405,9.281365026511856e-05
917,1.3618741035461426,1835.0001166316772,7588.578771114349,9.27937155745088e-05
918,1.1888082027435303,1837.0001166316772,7595.39152598381,9.277375542008159e-05
919,1.09521484375,1839.0001166316772,7602.333352088928,9.275376981371398e-05
920,1.1850171089172363,1841.0001166316772,7611.741925239563,9.27337587672982e-05
921,1.3652558326721191,1843.0001166316772,7619.168727874756,9.271372229274161e-05
922,1.2175078392028809,1845.0001166316772,7629.656371831894,9.26936604019667e-05
923,1.014940857887268,1847.0001166316772,7633.77671957016,9.267357310691106e-05
924,1.1088117361068726,1849.0001166316772,7643.577473402023,9.265346041952744e-05
925,1.0982639789581299,1851.0001166316772,7651.131462812424,9.263332235178366e-05
926,1.1306135654449463,1853.0001166316772,7658.609388113022,9.261315891566267e-05
927,1.0428080558776855,1855.0001166316772,7665.14256811142,9.259297012316248e-05
928,1.2371596097946167,1857.0001166316772,7671.595801115036,9.257275598629626e-05
929,1.3536090850830078,1859.0001166316772,7680.764912605286,9.255251651709218e-05
930,1.4091057777404785,1861.0001166316772,7691.112171173096,9.253225172759351e-05
931,1.0341293811798096,1863.0001166316772,7699.687930107117,9.251196162985861e-05
932,1.2101788520812988,1865.0001166316772,7706.825803756714,9.249164623596087e-05
933,1.177156925201416,1867.0001166316772,7713.735137224197,9.247130555798876e-05
934,1.179366111755371,1869.0001166316772,7720.804613828659,9.245093960804577e-05
935,1.0666766166687012,1871.0001166316772,7727.329571485519,9.243054839825044e-05
936,1.2366160154342651,1873.0001166316772,7735.465739965439,9.241013194073635e-05
937,1.329838752746582,1875.0001166316772,7745.936918735504,9.238969024765207e-05
938,1.2103841304779053,1877.0001166316772,7752.7712824344635,9.236922333116122e-05
939,0.9830660820007324,1879.0001166316772,7763.24764251709,9.234873120344242e-05
940,0.9793859720230103,1881.0001166316772,7769.023767232895,9.232821387668927e-05
941,1.1948174238204956,1883.0001166316772,7778.1847932338715,9.230767136311039e-05
942,1.229567289352417,1885.0001166316772,7787.603724241257,9.22871036749294e-05
943,1.1222021579742432,1887.0001166316772,7795.282002925873,9.226651082438487e-05
944,1.216400384902954,1889.0001166316772,7803.504048109055,9.224589282373033e-05
945,1.1126948595046997,1891.0001166316772,7813.235038280487,9.222524968523433e-05
946,0.9995894432067871,1893.0001166316772,7818.810708284378,9.220458142118033e-05
947,1.1196308135986328,1895.0001166316772,7826.751553535461,9.218388804386676e-05
948,1.0661864280700684,1897.0001166316772,7837.231911182404,9.216316956560698e-05
949,1.113656997680664,1899.0001166316772,7845.735301494598,9.21424259987293e-05
950,0.8958885669708252,1901.0001166316772,7854.113420724869,9.212165735557698e-05
951,1.3885047435760498,1903.0001166316772,7861.985970258713,9.210086364850813e-05
952,1.2284462451934814,1905.0001166316772,7872.493511199951,9.208004488989586e-05
953,1.0943188667297363,1907.0001166316772,7878.81405377388,9.205920109212812e-05
954,1.252647876739502,1909.0001166316772,7886.336466789246,9.20383322676078e-05
955,1.1294429302215576,1911.0001166316772,7894.851966142654,9.201743842875268e-05
956,1.0902080535888672,1913.0001166316772,7903.0184960365295,9.199651958799537e-05
957,1.1034893989562988,1915.0001166316772,7910.310694932938,9.197557575778344e-05
958,1.460068941116333,1917.0001166316772,7918.223271369934,9.195460695057927e-05
959,1.2118836641311646,1919.0001166316772,7927.041119337082,9.193361317886013e-05
960,1.2404048442840576,1921.0001166316772,7933.64138674736,9.191259445511813e-05
961,1.1953318119049072,1923.0001166316772,7941.908897161484,9.189155079186023e-05
962,1.2710390090942383,1925.0001166316772,7952.3967044353485,9.187048220160826e-05
963,1.1952807903289795,1927.0001166316772,7959.304092407227,9.184938869689881e-05
964,1.1154519319534302,1929.0001166316772,7968.81628537178,9.182827029028339e-05
965,1.262208342552185,1931.0001166316772,7977.207150697708,9.180712699432824e-05
966,1.1963602304458618,1933.0001166316772,7986.278247117996,9.178595882161447e-05
967,1.1608805656433105,1935.0001166316772,7994.85050868988,9.176476578473797e-05
968,1.3577637672424316,1937.0001166316772,8004.012167453766,9.174354789630944e-05
969,1.0736913681030273,1939.0001166316772,8010.969750404358,9.172230516895433e-05
970,1.203080177307129,1941.0001166316772,8019.250772714615,9.170103761531288e-05
971,1.0197008848190308,1943.0001166316772,8028.0817403793335,9.167974524804016e-05
972,1.1654239892959595,1945.0001166316772,8036.106724739075,9.165842807980595e-05
973,1.0614186525344849,1947.0001166316772,8045.80145573616,9.163708612329477e-05
974,1.122706651687622,1949.0001166316772,8056.2649755477905,9.161571939120594e-05
975,0.924195408821106,1951.0001166316772,8063.8117735385895,9.159432789625353e-05
976,1.2664730548858643,1953.0001166316772,8071.095903158188,9.157291165116627e-05
977,1.2062714099884033,1955.0001166316772,8077.2410407066345,9.155147066868769e-05
978,1.1190476417541504,1957.0001166316772,8084.769025564194,9.153000496157602e-05
979,1.2549285888671875,1959.0001166316772,8092.705402612686,9.150851454260417e-05
980,1.4167602062225342,1961.0001166316772,8101.185976266861,9.148699942455982e-05
981,1.3236207962036133,1963.0001166316772,8111.463776111603,9.146545962024526e-05
982,1.028011679649353,1965.0001166316772,8119.36828660965,9.144389514247756e-05
983,1.1447556018829346,1967.0001166316772,8127.87283873558,9.142230600408841e-05
984,1.2924072742462158,1969.0001166316772,8137.394671201706,9.140069221792419e-05
985,1.3566594123840332,1971.0001166316772,8145.2485337257385,9.137905379684593e-05
986,1.2867671251296997,1973.0001166316772,8152.356734991074,9.13573907537294e-05
987,1.197911262512207,1975.0001166316772,8160.771225690842,9.133570310146489e-05
988,1.1602784395217896,1977.0001166316772,8170.116079092026,9.131399085295745e-05
989,1.2639237642288208,1979.0001166316772,8177.397934436798,9.129225402112668e-05
990,1.389237642288208,1981.0001166316772,8186.111168861389,9.127049261890687e-05
991,1.15606689453125,1983.0001166316772,8196.585097551346,9.124870665924692e-05
992,1.2296887636184692,1985.0001166316772,8204.96695780754,9.122689615511028e-05
993,1.2943930625915527,1987.0001166316772,8211.998540878296,9.120506111947511e-05
994,1.1170313358306885,1989.0001166316772,8220.039644479752,9.118320156533408e-05
995,1.068871021270752,1991.0001166316772,8230.531172513962,9.116131750569448e-05
996,1.316619634628296,1993.0001166316772,8237.778858661652,9.113940895357822e-05
997,1.233391523361206,1995.0001166316772,8246.97179198265,9.111747592202168e-05
998,1.0825579166412354,1997.0001166316772,8257.182678937912,9.109551842407592e-05
999,1.4177815914154053,1999.0001166316772,8265.006334066391,9.10735364728065e-05
1000,1.457716464996338,2001.0001166316772,8272.775346755981,9.105153008129354e-05
1001,1.2886459827423096,2003.0001166316772,8279.473611593246,9.102949926263171e-05
1002,1.3702208995819092,2005.0001166316772,8287.359616279602,9.10074440299302e-05
1003,1.1469969749450684,2007.0001166316772,8295.501458644867,9.098536439631276e-05
1004,1.3837454319000244,2009.0001166316772,8305.349963188171,9.096326037491761e-05
1005,1.0067570209503174,2011.0001166316772,8313.228823661804,9.09411319788975e-05
1006,1.0685827732086182,2013.0001166316772,8321.01253604889,9.091897922141973e-05
1007,1.2832506895065308,2015.0001166316772,8329.32015323639,9.089680211566603e-05
1008,1.4060847759246826,2017.0001166316772,8339.784991979599,9.087460067483265e-05
1009,1.41548752784729,2019.0001166316772,8347.718033313751,9.085237491213034e-05
1010,1.193335771560669,2021.0001166316772,8357.810239315033,9.083012484078427e-05
1011,1.1264736652374268,2023.0001166316772,8364.792971849442,9.08078504740341e-05
1012,1.28529691696167,2025.0001166316772,8371.78201341629,9.078555182513399e-05
1013,1.0130621194839478,2027.0001166316772,8378.150161743164,9.076322890735246e-05
1014,1.0151311159133911,2029.0001166316772,8385.248793125153,9.074088173397255e-05
1015,1.1289818286895752,2031.0001166316772,8391.942937374115,9.07185103182917e-05
1016,1.335573434829712,2033.0001166316772,8400.480400562286,9.069611467362177e-05
1017,1.3597095012664795,2035.0001166316772,8410.30785369873,9.067369481328906e-05
1018,1.183983325958252,2037.0001166316772,8414.203771591187,9.065125075063427e-05
1019,1.0645471811294556,2039.0001166316772,8423.364908218384,9.062878249901246e-05
1020,1.0269898176193237,2041.0001166316772,8433.727762460709,9.060629007179313e-05
1021,1.3970569372177124,2043.0001166316772,8441.029392004013,9.058377348236019e-05
1022,1.0156422853469849,2045.0001166316772,8448.857958555222,9.056123274411187e-05
1023,1.374098539352417,2047.0001166316772,8459.37380695343,9.053866787046078e-05
1024,1.366072177886963,2049.000116631677,8467.526108503342,9.051607887483391e-05
1025,1.25749671459198,2051.000116631677,8475.39189362526,9.04934657706726e-05
1026,1.199902892112732,2053.000116631677,8485.473908901215,9.047082857143254e-05
1027,1.0605556964874268,2055.000116631677,8495.957155704498,9.044816729058374e-05
1028,1.403114914894104,2057.000116631677,8506.450985431671,9.042548194161056e-05
1029,1.2675795555114746,2059.000116631677,8513.380918741226,9.040277253801166e-05
1030,1.1588243246078491,2061.000116631677,8520.652596712112,9.038003909330002e-05
1031,1.2758774757385254,2063.000116631677,8527.334991931915,9.035728162100296e-05
1032,1.4281854629516602,2065.000116631677,8535.679156303406,9.033450013466202e-05
1033,1.254734754562378,2067.000116631677,8543.43774676323,9.031169464783312e-05
1034,1.3035590648651123,2069.000116631677,8550.91124033928,9.028886517408639e-05
1035,1.3924788236618042,2071.000116631677,8559.841292858124,9.026601172700625e-05
1036,1.1277527809143066,2073.000116631677,8569.251321077347,9.024313432019145e-05
1037,1.076375961303711,2075.000116631677,8576.12087392807,9.022023296725489e-05
1038,1.231268048286438,2077.000116631677,8585.27768611908,9.01973076818238e-05
1039,1.206688642501831,2079.000116631677,8595.74991106987,9.017435847753961e-05
1040,1.3103935718536377,2081.000116631677,8602.137186527252,9.015138536805799e-05
1041,1.1922812461853027,2083.000116631677,8609.6754591465,9.012838836704886e-05
1042,1.2293810844421387,2085.000116631677,8618.600310564041,9.010536748819633e-05
1043,1.0938845872879028,2087.000116631677,8629.064115524292,9.00823227451987e-05
1044,1.2885775566101074,2089.000116631677,8639.540359973907,9.005925415176852e-05
1045,1.3135873079299927,2091.000116631677,8647.718487262726,9.00361617216325e-05
1046,1.0533066987991333,2093.000116631677,8655.3709359169,9.001304546853155e-05
1047,1.0851280689239502,2095.000116631677,8661.7197265625,8.998990540622071e-05
1048,1.100810170173645,2097.000116631677,8669.59849023819,8.996674154846926e-05
1049,0.9607211947441101,2099.000116631677,8676.382036685944,8.99435539090606e-05
1050,1.0152270793914795,2101.000116631677,8686.883157730103,8.992034250179227e-05
1051,1.2471580505371094,2103.000116631677,8696.732092380524,8.989710734047597e-05
1052,1.2551428079605103,2105.000116631677,8706.188925981522,8.987384843893753e-05
1053,1.1100506782531738,2107.000116631677,8712.642210483551,8.985056581101691e-05
1054,0.9731079339981079,2109.000116631677,8720.154580831528,8.982725947056817e-05
1055,0.9686884880065918,2111.000116631677,8727.98417544365,8.980392943145954e-05
1056,1.341139316558838,2113.000116631677,8736.226982831955,8.978057570757325e-05
1057,1.0388555526733398,2115.000116631677,8743.689935445786,8.975719831280571e-05
1058,1.2659964561462402,2117.000116631677,8752.627452135086,8.973379726106739e-05
1059,1.2910270690917969,2119.000116631677,8761.049180030823,8.971037256628282e-05
1060,1.166776418685913,2121.000116631677,8768.5448949337,8.968692424239061e-05
1061,1.1243280172348022,2123.000116631677,8775.384763002396,8.966345230334345e-05
1062,1.0334734916687012,2125.000116631677,8785.899159193039,8.963995676310803e-05
1063,1.3494718074798584,2127.000116631677,8795.699464797974,8.961643763566514e-05
1064,1.102278232574463,2129.000116631677,8805.264222621918,8.959289493500957e-05
1065,1.0403743982315063,2131.000116631677,8813.195621490479,8.956932867515016e-05
1066,1.479121208190918,2133.000116631677,8822.753164291382,8.954573887010976e-05
1067,1.309617042541504,2135.000116631677,8831.698339939117,8.952212553392522e-05
1068,1.1252038478851318,2137.000116631677,8840.238030910492,8.949848868064738e-05
1069,1.1688728332519531,2139.000116631677,8847.899356126785,8.947482832434113e-05
1070,1.2745704650878906,2141.000116631677,8857.348817110062,8.945114447908528e-05
1071,1.175908088684082,2143.000116631677,8866.54497218132,8.942743715897266e-05
1072,1.2002081871032715,2145.000116631677,8877.017534017563,8.940370637811006e-05
1073,1.121988296508789,2147.000116631677,8886.127887487411,8.937995215061821e-05
1074,1.2795493602752686,2149.000116631677,8895.049371004105,8.935617449063181e-05
1075,1.2238941192626953,2151.000116631677,8904.233833789825,8.93323734122995e-05
1076,1.245776891708374,2153.000116631677,8911.201934576035,8.930854892978385e-05
1077,1.305591106414795,2155.000116631677,8921.475917816162,8.928470105726136e-05
1078,1.0258373022079468,2157.000116631677,8929.22400522232,8.926082980892246e-05
1079,1.1771550178527832,2159.000116631677,8937.341604948044,8.923693519897146e-05
1080,1.1581034660339355,2161.000116631677,8946.29326224327,8.921301724162658e-05
1081,1.126327395439148,2163.000116631677,8954.834031820297,8.918907595111998e-05
1082,1.2247681617736816,2165.000116631677,8963.551130533218,8.916511134169764e-05
1083,1.087810754776001,2167.000116631677,8970.168736696243,8.914112342761945e-05
1084,1.2929205894470215,2169.000116631677,8978.972589731216,8.911711222315913e-05
1085,1.1593228578567505,2171.000116631677,8986.11308169365,8.909307774260433e-05
1086,1.2434983253479004,2173.000116631677,8995.926944732666,8.906902000025647e-05
1087,1.2189171314239502,2175.000116631677,9003.515897750854,8.904493901043089e-05
1088,1.06660795211792,2177.000116631677,9012.678156375885,8.902083478745667e-05
1089,1.3212559223175049,2179.000116631677,9021.861722946167,8.899670734567681e-05
1090,1.1913981437683105,2181.000116631677,9029.264218091965,8.897255669944806e-05
1091,1.1902821063995361,2183.000116631677,9037.349321365356,8.894838286314099e-05
1092,1.2494233846664429,2185.000116631677,9046.358622312546,8.892418585114001e-05
1093,0.8631419539451599,2187.000116631677,9054.42316198349,8.889996567784329e-05
1094,1.1590862274169922,2189.000116631677,9063.408671617508,8.887572235766275e-05
1095,1.2027764320373535,2191.000116631677,9070.469611167908,8.885145590502412e-05
1096,1.0598394870758057,2193.000116631677,9076.892272233963,8.882716633436692e-05
1097,1.322472095489502,2195.000116631677,9085.615896940231,8.880285366014436e-05
1098,1.0454835891723633,2197.000116631677,9094.422699213028,8.877851789682347e-05
1099,1.1508440971374512,2199.000116631677,9103.383804321289,8.875415905888494e-05
1100,1.3339214324951172,2201.000116631677,9112.980905294418,8.872977716082327e-05
1101,1.2671524286270142,2203.000116631677,9121.11290216446,8.870537221714663e-05
1102,1.0622918605804443,2205.000116631677,9128.357824802399,8.86809442423769e-05
1103,1.3088538646697998,2207.000116631677,9136.618200540543,8.865649325104972e-05
1104,1.4355331659317017,2209.000116631677,9146.215872526169,8.863201925771433e-05
1105,1.1746947765350342,2211.000116631677,9154.51155090332,8.860752227693378e-05
1106,1.3996031284332275,2213.000116631677,9162.278523683548,8.85830023232847e-05
1107,1.1836175918579102,2215.000116631677,9171.407541275024,8.85584594113574e-05
1108,1.2489516735076904,2217.000116631677,9179.991443634033,8.853389355575592e-05
1109,1.0538172721862793,2219.000116631677,9187.060660362244,8.850930477109787e-05
1110,1.4310457706451416,2221.000116631677,9193.832741260529,8.848469307201455e-05
1111,0.8301982879638672,2223.000116631677,9202.701943397522,8.84600584731509e-05
1112,0.8294806480407715,2225.000116631677,9210.250878810883,8.843540098916545e-05
1113,0.894267201423645,2227.000116631677,9217.746512413025,8.841072063473039e-05
1114,1.2270128726959229,2229.000116631677,9226.631563186646,8.838601742453147e-05
1115,1.3482000827789307,2231.000116631677,9234.945586204529,8.83612913732681e-05
1116,1.1490483283996582,2233.000116631677,9243.954003334045,8.83365424956532e-05
1117,1.2407701015472412,2235.000116631677,9253.065551757812,8.831177080641338e-05
1118,1.0187172889709473,2237.000116631677,9260.806618452072,8.828697632028874e-05
1119,1.1172926425933838,2239.000116631677,9268.27691936493,8.826215905203295e-05
1120,1.1350524425506592,2241.000116631677,9276.553916454315,8.823731901641328e-05
1121,1.270697832107544,2243.000116631677,9287.081165790558,8.821245622821051e-05
1122,1.0248407125473022,2245.000116631677,9295.457536935806,8.818757070221899e-05
1123,1.3639280796051025,2247.000116631677,9302.85757946968,8.816266245324658e-05
1124,1.156606912612915,2249.000116631677,9309.236941576004,8.813773149611464e-05
1125,1.1921730041503906,2251.000116631677,9319.106626033783,8.81127778456581e-05
1126,1.0761950016021729,2253.000116631677,9326.044625997543,8.808780151672533e-05
1127,1.4401495456695557,2255.000116631677,9334.635730266571,8.806280252417824e-05
1128,1.0816378593444824,2257.000116631677,9343.215107440948,8.803778088289219e-05
1129,1.157783031463623,2259.000116631677,9351.065551280975,8.801273660775606e-05
1130,1.1523897647857666,2261.000116631677,9361.529610157013,8.798766971367217e-05
1131,1.2914836406707764,2263.000116631677,9369.280821323395,8.796258021555629e-05
1132,1.2896593809127808,2265.000116631677,9378.277206420898,8.793746812833767e-05
1133,1.3996658325195312,2267.000116631677,9386.719847917557,8.791233346695897e-05
1134,1.31706702709198,2269.000116631677,9394.570324420929,8.78871762463763e-05
1135,1.1845003366470337,2271.000116631677,9403.52723646164,8.78619964815592e-05
1136,1.2936843633651733,2273.000116631677,9411.610054016113,8.783679418749062e-05
1137,1.0660685300827026,2275.000116631677,9419.39690566063,8.78115693791669e-05
1138,1.1711513996124268,2277.000116631677,9429.863921642303,8.77863220715978e-05
1139,0.96844482421875,2279.000116631677,9437.079151630402,8.776105227980645e-05
1140,1.370367169380188,2281.000116631677,9445.88343000412,8.773576001882936e-05
1141,1.0390952825546265,2283.000116631677,9455.295830011368,8.771044530371643e-05
1142,1.2828065156936646,2285.000116631677,9463.998585700989,8.768510814953087e-05
1143,1.1098817586898804,2287.000116631677,9472.37353682518,8.765974857134934e-05
1144,1.3011670112609863,2289.000116631677,9479.118285655975,8.763436658426175e-05
1145,1.2647793292999268,2291.000116631677,9486.208234786987,8.760896220337133e-05
1146,0.9940119981765747,2293.000116631677,9496.638069152832,8.758353544379476e-05
1147,1.0962945222854614,2295.000116631677,9506.432319402695,8.755808632066193e-05
1148,1.1414722204208374,2297.000116631677,9514.104721069336,8.753261484911605e-05
1149,0.993741512298584,2299.000116631677,9521.823446035385,8.750712104431365e-05
1150,1.3254899978637695,2301.000116631677,9532.294956445694,8.748160492142454e-05
1151,1.3193570375442505,2303.000116631677,9541.667109012604,8.745606649563183e-05
1152,1.270111083984375,2305.000116631677,9549.935770750046,8.743050578213187e-05
1153,1.3244723081588745,2307.000116631677,9559.542766332626,8.740492279613427e-05
1154,1.1630709171295166,2309.000116631677,9568.020136356354,8.737931755286193e-05
1155,1.2117708921432495,2311.000116631677,9578.515180826187,8.735369006755095e-05
1156,1.1315529346466064,2313.000116631677,9587.29041671753,8.732804035545074e-05
1157,1.0769227743148804,2315.000116631677,9597.77546453476,8.730236843182381e-05
1158,1.1063045263290405,2317.000116631677,9605.209287881851,8.727667431194601e-05
1159,1.3261494636535645,2319.000116631677,9615.640891551971,8.725095801110634e-05
1160,1.287330150604248,2321.000116631677,9624.999399900436,8.722521954460699e-05
1161,1.210242509841919,2323.000116631677,9634.396484613419,8.719945892776336e-05
1162,1.2937545776367188,2325.000116631677,9643.943595409393,8.717367617590405e-05
1163,1.1565896272659302,2327.000116631677,9652.077398777008,8.714787130437077e-05
1164,1.1581364870071411,2329.000116631677,9660.995033502579,8.712204432851845e-05
1165,1.0370628833770752,2331.000116631677,9666.5034096241,8.709619526371516e-05
1166,1.1333224773406982,2333.000116631677,9675.50863623619,8.707032412534208e-05
1167,1.0585623979568481,2335.000116631677,9682.13449883461,8.704443092879357e-05
1168,1.2744988203048706,2337.000116631677,9692.601949453354,8.701851568947711e-05
1169,1.0305962562561035,2339.000116631677,9698.77749657631,8.699257842281324e-05
1170,1.0891783237457275,2341.000116631677,9708.324308872223,8.696661914423567e-05
1171,1.0133376121520996,2343.000116631677,9714.891701221466,8.694063786919119e-05
1172,1.122162103652954,2345.000116631677,9720.024307012558,8.691463461313968e-05
1173,1.3711748123168945,2347.000116631677,9729.21616268158,8.68886093915541e-05
1174,1.377898931503296,2349.000116631677,9735.826393604279,8.686256221992045e-05
1175,1.3532800674438477,2351.000116631677,9743.00048160553,8.683649311373784e-05
1176,1.0432488918304443,2353.000116631677,9750.012816905975,8.681040208851842e-05
1177,1.031930685043335,2355.000116631677,9759.641194820404,8.678428915978733e-05
1178,0.9377340078353882,2357.000116631677,9766.845135688782,8.675815434308281e-05
1179,1.1096718311309814,2359.000116631677,9774.185215711594,8.67319976539561e-05
1180,1.3914331197738647,2361.000116631677,9783.320518016815,8.670581910797149e-05
1181,1.154275894165039,2363.000116631677,9790.589845180511,8.667961872070615e-05
1182,1.0860422849655151,2365.000116631677,9796.336041927338,8.665339650775043e-05
1183,1.3305310010910034,2367.000116631677,9805.01148724556,8.662715248470751e-05
1184,1.0325716733932495,2369.000116631677,9813.80195260048,8.660088666719365e-05
1185,1.1837172508239746,2371.000116631677,9824.289676189423,8.657459907083801e-05
1186,1.2686609029769897,2373.000116631677,9831.884935617447,8.654828971128277e-05
1187,1.2458956241607666,2375.000116631677,9838.922828435898,8.6521958604183e-05
1188,1.1872410774230957,2377.000116631677,9847.757875204086,8.649560576520675e-05
1189,1.3170273303985596,2379.000116631677,9855.249609947205,8.6469231210035e-05
1190,1.1334655284881592,2381.000116631677,9865.737231731415,8.644283495436163e-05
1191,1.2949331998825073,2383.000116631677,9874.78210735321,8.641641701389348e-05
1192,1.040637493133545,2385.000116631677,9885.26270198822,8.63899774043502e-05
1193,1.140393853187561,2387.000116631677,9894.377625465393,8.636351614146443e-05
1194,1.0118827819824219,2389.000116631677,9903.329354763031,8.633703324098165e-05
1195,1.198468565940857,2391.000116631677,9911.927005290985,8.631052871866024e-05
1196,1.0757830142974854,2393.000116631677,9919.341139554977,8.62840025902714e-05
1197,1.3006885051727295,2395.000116631677,9929.855391740799,8.625745487159923e-05
1198,1.029058814048767,2397.000116631677,9939.419571399689,8.623088557844066e-05
1199,1.2926678657531738,2399.000116631677,9947.808553695679,8.620429472660547e-05
1200,1.406296730041504,2401.000116631677,9958.30433511734,8.617768233191623e-05
1201,0.9503810405731201,2403.000116631677,9968.095876932144,8.61510484102084e-05
1202,1.179013967514038,2405.000116631677,9976.614760637283,8.612439297733018e-05
1203,1.4523730278015137,2407.000116631677,9986.400604009628,8.609771604914257e-05
1204,1.2127187252044678,2409.000116631677,9996.878123521805,8.607101764151944e-05
1205,1.170737862586975,2411.000116631677,10005.848267793655,8.604429777034737e-05
1206,1.1149355173110962,2413.000116631677,10014.077729463577,8.60175564515257e-05
1207,1.1643799543380737,2415.000116631677,10022.167057037354,8.59907937009666e-05
1208,0.9407602548599243,2417.000116631677,10029.329648256302,8.596400953459492e-05
1209,1.270946741104126,2419.000116631677,10038.862247943878,8.593720396834833e-05
1210,1.0569252967834473,2421.000116631677,10047.810604810715,8.591037701817714e-05
1211,0.9914898872375488,2423.000116631677,10056.283937454224,8.58835287000445e-05
1212,1.2518210411071777,2425.000116631677,10064.812122106552,8.585665902992616e-05
1213,1.2412781715393066,2427.000116631677,10075.10459280014,8.582976802381064e-05
1214,1.1544954776763916,2429.000116631677,10083.336583137512,8.580285569769914e-05
1215,1.0762667655944824,2431.000116631677,10093.817489385605,8.577592206760555e-05
1216,1.1886036396026611,2433.000116631677,10102.604529619217,8.574896714955644e-05
1217,1.2273647785186768,2435.000116631677,10111.163160085678,8.572199095959102e-05
1218,1.0725762844085693,2437.000116631677,10118.02856373787,8.56949935137612e-05
1219,1.1113382577896118,2439.000116631677,10123.880648612976,8.566797482813154e-05
1220,1.051385521888733,2441.000116631677,10129.693684577942,8.564093491877917e-05
1221,1.2443716526031494,2443.000116631677,10136.145056009293,8.561387380179391e-05
1222,1.0820876359939575,2445.000116631677,10143.219856739044,8.55867914932782e-05
1223,1.0727487802505493,2447.000116631677,10149.627508163452,8.555968800934704e-05
1224,1.206636905670166,2449.000116631677,10159.006804943085,8.553256336612811e-05
1225,1.2539362907409668,2451.000116631677,10167.684271335602,8.55054175797616e-05
1226,1.273881435394287,2453.000116631677,10173.354628562927,8.547825066640034e-05
1227,1.2773771286010742,2455.000116631677,10179.992712020874,8.545106264220968e-05
1228,1.0519944429397583,2457.000116631677,10190.47805929184,8.54238535233676e-05
1229,1.313065528869629,2459.000116631677,10197.330030441284,8.539662332606452e-05
1230,1.121471881866455,2461.000116631677,10207.806331396103,8.536937206650356e-05
1231,1.168057918548584,2463.000116631677,10214.620301008224,8.534209976090022e-05
1232,1.1758291721343994,2465.000116631677,10223.558590650558,8.531480642548263e-05
1233,1.0272263288497925,2467.000116631677,10231.21442747116,8.528749207649137e-05
1234,1.1942105293273926,2469.000116631677,10241.015806913376,8.526015673017956e-05
1235,1.3030078411102295,2471.000116631677,10249.54058933258,8.523280040281278e-05
1236,1.3057632446289062,2473.000116631677,10259.340764284134,8.520542311066916e-05
1237,1.334641456604004,2475.000116631677,10267.398045063019,8.517802487003922e-05
1238,1.1326930522918701,2477.000116631677,10274.40184545517,8.5150605697226e-05
1239,1.2800350189208984,2479.000116631677,10282.99231505394,8.512316560854498e-05
1240,1.1969208717346191,2481.000116631677,10291.058328151703,8.50957046203241e-05
1241,0.8805516958236694,2483.000116631677,10299.920042991638,8.506822274890369e-05
1242,1.3422291278839111,2485.000116631677,10307.121909856796,8.504072001063657e-05
1243,1.1559193134307861,2487.000116631677,10317.586442947388,8.501319642188793e-05
1244,0.9703734517097473,2489.000116631677,10325.167638540268,8.498565199903541e-05
1245,1.278422474861145,2491.000116631677,10334.137120246887,8.495808675846899e-05
1246,1.0009616613388062,2493.000116631677,10342.88264131546,8.493050071659108e-05
1247,1.1159770488739014,2495.000116631677,10351.468817472458,8.490289388981646e-05
1248,1.4585392475128174,2497.000116631677,10360.474822759628,8.487526629457225e-05
1249,1.2922794818878174,2499.000116631677,10369.588167905807,8.484761794729798e-05
1250,1.2987439632415771,2501.000116631677,10376.577777147293,8.481994886444549e-05
1251,1.3694918155670166,2503.000116631677,10383.396736860275,8.479225906247896e-05
1252,1.2641253471374512,2505.000116631677,10389.755921840668,8.476454855787491e-05
1253,1.2908700704574585,2507.000116631677,10398.168405532837,8.473681736712218e-05
1254,0.9706606268882751,2509.000116631677,10404.950806856155,8.47090655067219e-05
1255,1.0766897201538086,2511.000116631677,10414.023225069046,8.468129299318752e-05
1256,1.168966293334961,2513.000116631677,10420.709912061691,8.465349984304481e-05
1257,1.0957508087158203,2515.000116631677,10430.81882572174,8.462568607283171e-05
1258,1.4101508855819702,2517.000116631677,10441.292163133621,8.459785169909857e-05
1259,1.2931450605392456,2519.000116631677,10450.398735523224,8.456999673840788e-05
1260,1.2133808135986328,2521.000116631677,10457.454265117645,8.454212120733448e-05
1261,1.2145293951034546,2523.000116631677,10467.916013479233,8.451422512246537e-05
1262,1.0520530939102173,2525.000116631677,10474.903013944626,8.448630850039983e-05
1263,1.1710047721862793,2527.000116631677,10481.424219846725,8.445837135774933e-05
1264,1.0435919761657715,2529.000116631677,10490.593910217285,8.443041371113756e-05
1265,1.1564712524414062,2531.000116631677,10498.64273738861,8.440243557720044e-05
1266,1.0747973918914795,2533.000116631677,10506.655787229538,8.437443697258603e-05
1267,1.4009579420089722,2535.000116631677,10516.36565709114,8.43464179139546e-05
1268,0.9969081878662109,2537.000116631677,10526.86858701706,8.431837841797861e-05
1269,1.0898854732513428,2539.000116631677,10537.019364118576,8.429031850134262e-05
1270,1.2665373086929321,2541.000116631677,10545.570638418198,8.426223818074341e-05
1271,1.1170094013214111,2543.000116631677,10556.062130689621,8.423413747288985e-05
1272,1.0408273935317993,2545.000116631677,10563.024066925049,8.420601639450298e-05
1273,1.0764786005020142,2547.000116631677,10569.465765714645,8.417787496231596e-05
1274,1.1869125366210938,2549.000116631677,10577.226819038391,8.414971319307398e-05
1275,1.0928157567977905,2551.000116631677,10587.641277074814,8.412153110353445e-05
1276,1.4371336698532104,2553.000116631677,10597.160549879074,8.40933287104668e-05
1277,1.195541501045227,2555.000116631677,10606.269205331802,8.406510603065255e-05
1278,1.2322819232940674,2557.000116631677,10614.624763727188,8.403686308088532e-05
1279,0.9439929723739624,2559.000116631677,10621.333946704865,8.400859987797074e-05
1280,1.2370234727859497,2561.000116631677,10628.235559940338,8.398031643872657e-05
1281,1.1997852325439453,2563.000116631677,10636.926196098328,8.395201277998253e-05
1282,1.2225265502929688,2565.000116631677,10644.877158403397,8.392368891858039e-05
1283,1.2552565336227417,2567.000116631677,10653.850548028946,8.389534487137398e-05
1284,1.2373080253601074,2569.000116631677,10660.332268238068,8.386698065522914e-05
1285,1.3138585090637207,2571.000116631677,10668.849903345108,8.383859628702364e-05
1287,1.2706153392791748,2575.000116631677,10686.188154697418,8.378176716200199e-05
1288,1.3911290168762207,2577.000116631677,10695.56935596466,8.375332243900138e-05
1289,1.0389257669448853,2579.000116631677,10703.144177675247,8.372485763157123e-05
1290,1.170536994934082,2581.000116631677,10711.700173854828,8.369637275664918e-05
1291,1.265817642211914,2583.000116631677,10720.373987197876,8.36678678311849e-05
1292,1.1879618167877197,2585.000116631677,10728.931610584259,8.36393428721399e-05
1293,1.067368984222412,2587.000116631677,10737.4637799263,8.361079789648767e-05
1294,1.184880256652832,2589.000116631677,10743.366374969482,8.358223292121357e-05
1295,1.257555603981018,2591.000116631677,10752.855838537216,8.355364796331488e-05
1296,1.1452373266220093,2593.000116631677,10760.998857021332,8.352504303980079e-05
1297,1.1443082094192505,2595.000116631677,10769.790905952454,8.349641816769234e-05
1298,1.1044795513153076,2597.000116631677,10775.773347139359,8.346777336402244e-05
1299,1.0117985010147095,2599.000116631677,10782.287367105484,8.343910864583587e-05
1300,1.1721718311309814,2601.000116631677,10790.17336153984,8.341042403018927e-05
1301,1.138213038444519,2603.000116631677,10798.060224533081,8.338171953415109e-05
1302,1.3195068836212158,2605.000116631677,10804.445249557495,8.335299517480167e-05
1303,1.2377724647521973,2607.000116631677,10814.93784570694,8.332425096923308e-05
1304,1.2667720317840576,2609.000116631677,10825.45744752884,8.329548693454928e-05
1305,1.2252875566482544,2611.000116631677,10833.913724184036,8.326670308786598e-05
1306,1.2311551570892334,2613.000116631677,10842.439419746399,8.32378994463107e-05
1307,1.1957131624221802,2615.000116631677,10850.07299876213,8.320907602702275e-05
1308,1.1444525718688965,2617.000116631677,10858.375641822815,8.318023284715318e-05
1309,1.2982876300811768,2619.000116631677,10868.057062387466,8.31513699238648e-05
1310,0.9593156576156616,2621.000116631677,10878.524693250656,8.312248727433222e-05
1311,1.2156524658203125,2623.000116631677,10886.9614880085,8.30935849157417e-05
1312,1.334909439086914,2625.000116631677,10895.926563978195,8.306466286529128e-05
1313,1.4107847213745117,2627.000116631677,10903.630695581436,8.303572114019074e-05
1314,1.2467339038848877,2629.000116631677,10913.046990394592,8.300675975766153e-05
1315,1.3868801593780518,2631.000116631677,10921.79338812828,8.29777787349368e-05
1316,1.2059216499328613,2633.000116631677,10932.31833767891,8.29487780892614e-05
1317,1.1647535562515259,2635.000116631677,10941.009447336197,8.291975783789183e-05
1318,0.9368478059768677,2637.000116631677,10949.458145141602,8.289071799809632e-05
1319,1.2333228588104248,2639.000116631677,10957.863819599152,8.286165858715467e-05
1320,1.410029411315918,2641.000116631677,10966.869612455368,8.283257962235838e-05
1321,1.0767624378204346,2643.000116631677,10973.28961634636,8.280348112101057e-05
1322,1.391516923904419,2645.000116631677,10980.045724391937,8.277436310042599e-05
1323,1.2393622398376465,2647.000116631677,10988.592081546783,8.274522557793102e-05
1324,1.2482829093933105,2649.000116631677,10995.872242212296,8.271606857086361e-05
1325,1.0981931686401367,2651.000116631677,11004.392367124557,8.268689209657332e-05
1326,1.339942455291748,2653.000116631677,11012.880147457123,8.265769617242128e-05
1327,1.3252651691436768,2655.000116631677,11021.626502275467,8.262848081578024e-05
1328,1.2952563762664795,2657.000116631677,11032.143657445908,8.259924604403448e-05
1329,1.2908878326416016,2659.000116631677,11041.535062789917,8.25699918745798e-05
1330,1.1719250679016113,2661.000116631677,11050.344221115112,8.254071832482359e-05
1331,1.1390039920806885,2663.000116631677,11060.815815925598,8.251142541218479e-05
1332,1.274998426437378,2665.000116631677,11068.464671373367,8.24821131540938e-05
1333,1.1173371076583862,2667.000116631677,11077.216564655304,8.245278156799254e-05
1334,1.157564401626587,2669.000116631677,11083.653933286667,8.24234306713345e-05
1335,1.117215871810913,2671.000116631677,11093.989010334015,8.23940604815846e-05
1336,1.20436692237854,2673.000116631677,11104.478865146637,8.236467101621922e-05
1337,1.3542934656143188,2675.000116631677,11113.27183842659,8.233526229272628e-05
1338,1.2417893409729004,2677.000116631677,11122.086551427841,8.23058343286051e-05
1339,1.2464821338653564,2679.000116631677,11130.934616804123,8.227638714136649e-05
1340,1.0682895183563232,2681.000116631677,11139.458209753036,8.224692074853267e-05
1341,1.2766673564910889,2683.000116631677,11149.012159824371,8.221743516763729e-05
1342,1.216823697090149,2685.000116631677,11157.442463636398,8.218793041622545e-05
1343,1.4430835247039795,2687.000116631677,11167.934026002884,8.215840651185359e-05
1344,1.1080886125564575,2689.000116631677,11176.436243534088,8.212886347208963e-05
1345,1.037815809249878,2691.000116631677,11184.344401359558,8.209930131451282e-05
1346,0.8879024386405945,2693.000116631677,11189.586148738861,8.20697200567138e-05
1347,1.2669403553009033,2695.000116631677,11198.784593343735,8.204011971629458e-05
1348,1.396021842956543,2697.000116631677,11206.299509048462,8.201050031086851e-05
1349,1.3852176666259766,2699.000116631677,11214.48004436493,8.198086185806031e-05
1350,1.1300766468048096,2701.000116631677,11221.372311115265,8.195120437550602e-05
1351,1.147693395614624,2703.000116631677,11228.301104068756,8.192152788085299e-05
1352,1.3747320175170898,2705.000116631677,11237.476047754288,8.189183239175991e-05
1353,1.1440443992614746,2707.000116631677,11243.720519542694,8.186211792589675e-05
1354,1.260042428970337,2709.000116631677,11254.21894955635,8.18323845009448e-05
1355,1.2537176609039307,2711.000116631677,11262.676131010056,8.180263213459658e-05
1356,1.122156023979187,2713.000116631677,11270.855678319931,8.177286084455592e-05
1357,1.1385594606399536,2715.000116631677,11279.677415847778,8.174307064853793e-05
1358,1.0278346538543701,2717.000116631677,11286.245354890823,8.171326156426894e-05
1359,1.2721290588378906,2719.000116631677,11294.521661043167,8.168343360948648e-05
1360,1.1918864250183105,2721.000116631677,11305.04121875763,8.16535868019394e-05
1361,1.156317949295044,2723.000116631677,11314.4748005867,8.162372115938769e-05
1362,0.9853570461273193,2725.000116631677,11320.101540327072,8.159383669960259e-05
1363,1.4707000255584717,2727.000116631677,11329.640840291977,8.156393344036651e-05
1364,1.3767998218536377,2729.000116631677,11336.9362449646,8.153401139947309e-05
1365,1.3262189626693726,2731.000116631677,11347.132726192474,8.150407059472707e-05
1366,1.0461270809173584,2733.000116631677,11355.936715126038,8.147411104394445e-05
1367,1.227237582206726,2735.000116631677,11364.455874681473,8.14441327649523e-05
1368,1.2747933864593506,2737.000116631677,11374.569383859634,8.141413577558888e-05
1369,1.135327935218811,2739.000116631677,11381.405294179916,8.138412009370358e-05
1370,1.1242188215255737,2741.000116631677,11388.805244922638,8.13540857371569e-05
1371,1.205489158630371,2743.000116631677,11396.035594701767,8.132403272382048e-05
1372,1.3894696235656738,2745.000116631677,11404.758133649826,8.1293961071577e-05
1373,1.116757869720459,2747.000116631677,11413.290474176407,8.126387079832029e-05
1374,1.3171882629394531,2749.000116631677,11422.090206861496,8.123376192195524e-05
1375,1.2845336198806763,2751.000116631677,11432.286003828049,8.120363446039782e-05
1376,1.014219880104065,2753.000116631677,11440.721574306488,8.117348843157504e-05
1377,1.1669902801513672,2755.000116631677,11449.287953853607,8.114332385342497e-05
1378,1.0954301357269287,2757.000116631677,11453.940404891968,8.111314074389673e-05
1379,1.2867001295089722,2759.000116631677,11464.433581590652,8.108293912095042e-05
1380,1.217827558517456,2761.000116631677,11472.193144321442,8.10527190025572e-05
1381,1.2408382892608643,2763.000116631677,11480.760463476181,8.102248040669923e-05
1382,1.1674432754516602,2765.000116631677,11491.209200382233,8.099222335136967e-05
1383,1.146422028541565,2767.000116631677,11498.385417938232,8.096194785457261e-05
1384,1.1591110229492188,2769.000116631677,11507.269630670547,8.093165393432322e-05
1385,1.203430414199829,2771.000116631677,11514.573700428009,8.090134160864751e-05
1386,1.2812923192977905,2773.000116631677,11523.050691843033,8.087101089558254e-05
1387,1.3170920610427856,2775.000116631677,11531.167246580124,8.084066181317626e-05
1388,1.0396535396575928,2777.000116631677,11540.033546686172,8.081029437948754e-05
1389,0.993649959564209,2779.000116631677,11548.889744281769,8.077990861258623e-05
1390,1.1018697023391724,2781.000116631677,11557.967569351196,8.074950453055302e-05
1391,1.142635464668274,2783.000116631677,11564.235993862152,8.071908215147955e-05
1392,1.2726569175720215,2785.000116631677,11571.635072231293,8.068864149346831e-05
1393,1.1687979698181152,2787.000116631677,11582.114401340485,8.065818257463271e-05
1394,1.2508094310760498,2789.000116631677,11589.586262226105,8.062770541309698e-05
1395,1.3425488471984863,2791.000116631677,11598.732317209244,8.059721002699622e-05
1396,1.106318712234497,2793.000116631677,11609.208315134048,8.056669643447637e-05
1397,1.10646653175354,2795.000116631677,11617.090871572495,8.053616465369425e-05
1398,1.1600145101547241,2797.000116631677,11627.595818042755,8.050561470281743e-05
1399,1.1593635082244873,2799.000116631677,11638.089647769928,8.047504660002435e-05
1400,1.0614407062530518,2801.000116631677,11643.770645141602,8.044446036350421e-05
1401,1.1194190979003906,2803.000116631677,11653.606070041656,8.041385601145703e-05
1402,1.2436723709106445,2805.000116631677,11661.99867939949,8.03832335620936e-05
1403,1.1625258922576904,2807.000116631677,11670.304809093475,8.035259303363547e-05
1404,1.268093228340149,2809.000116631677,11677.934041976929,8.032193444431494e-05
1405,1.190631628036499,2811.000116631677,11688.425818443298,8.029125781237511e-05
1406,1.289841651916504,2813.000116631677,11695.261903762817,8.026056315606973e-05
1407,1.1680908203125,2815.000116631677,11704.156563282013,8.022985049366336e-05
1408,0.917405903339386,2817.000116631677,11712.466941356659,8.019911984343122e-05
1409,1.1403439044952393,2819.000116631677,11722.962313175201,8.016837122365926e-05
1410,1.5168476104736328,2821.000116631677,11732.293976783752,8.013760465264408e-05
1411,0.8983467817306519,2823.000116631677,11739.53455710411,8.010682014869304e-05
1412,1.0939867496490479,2825.000116631677,11748.420917272568,8.007601773012412e-05
1413,1.2929930686950684,2827.000116631677,11757.11160492897,8.004519741526592e-05
1414,1.049858808517456,2829.000116631677,11764.553377866745,8.001435922245778e-05
1415,1.2360410690307617,2831.000116631677,11772.667702913284,7.998350317004962e-05
1416,1.2392246723175049,2833.000116631677,11779.56119465828,7.9952629276402e-05
1417,1.1443955898284912,2835.000116631677,11787.571207523346,7.992173755988607e-05
1418,1.3298909664154053,2837.000116631677,11796.100050210953,7.989082803888366e-05
1419,1.280855655670166,2839.000116631677,11806.580501794815,7.98599007317871e-05
1420,1.1135125160217285,2841.000116631677,11815.5369951725,7.982895565699937e-05
1421,1.2596018314361572,2843.000116631677,11826.021482944489,7.979799283293401e-05
1422,0.9436705708503723,2845.000116631677,11833.900831460953,7.97670122780151e-05
1423,1.0828816890716553,2847.000116631677,11843.451872110367,7.973601401067729e-05
1424,1.246065616607666,2849.000116631677,11852.289706230164,7.970499804936575e-05
1425,1.056622862815857,2851.000116631677,11861.873331069946,7.967396441253618e-05
1426,1.1845588684082031,2853.000116631677,11870.07815003395,7.964291311865485e-05
1427,1.1573395729064941,2855.000116631677,11878.496306657791,7.961184418619846e-05
1428,1.269230604171753,2857.000116631677,11887.526674747467,7.958075763365427e-05
1429,1.1771897077560425,2859.000116631677,11896.7121052742,7.954965347951999e-05
1430,1.3449511528015137,2861.000116631677,11906.276407957077,7.951853174230377e-05
1431,1.2222025394439697,2863.000116631677,11913.881123304367,7.948739244052432e-05
1432,0.9820175170898438,2865.000116631677,11922.870373249054,7.945623559271071e-05
1433,1.122283935546875,2867.000116631677,11928.694199562073,7.942506121740248e-05
1434,0.9630445241928101,2869.000116631677,11936.13105225563,7.939386933314963e-05
1435,1.116263747215271,2871.000116631677,11946.620208740234,7.936265995851254e-05
1436,1.2319540977478027,2873.000116631677,11955.259605884552,7.933143311206199e-05
1437,1.211652398109436,2875.000116631677,11962.925536632538,7.930018881237921e-05
1438,1.053312063217163,2877.000116631677,11971.693272829056,7.926892707805578e-05
1439,1.37633216381073,2879.000116631677,11980.275278806686,7.923764792769362e-05
1440,1.1774349212646484,2881.000116631677,11989.157090187073,7.920635137990507e-05
1441,1.2747247219085693,2883.000116631677,11996.55901837349,7.91750374533128e-05
1442,1.1305280923843384,2885.000116631677,12004.979852676392,7.914370616654985e-05
1443,1.327643871307373,2887.000116631677,12015.257706403732,7.911235753825952e-05
1444,1.1959402561187744,2889.000116631677,12023.825913667679,7.90809915870955e-05
1445,1.1463267803192139,2891.000116631677,12033.416906356812,7.904960833172174e-05
1446,1.219547152519226,2893.000116631677,12043.748676300049,7.901820779081253e-05
1447,0.9573332071304321,2895.000116631677,12050.314979076385,7.898678998305238e-05
1448,1.1333767175674438,2897.000116631677,12059.202764511108,7.895535492713615e-05
1449,1.0299396514892578,2899.000116631677,12067.67606472969,7.892390264176892e-05
1450,1.0913277864456177,2901.000116631677,12075.59509921074,7.889243314566607e-05
1451,1.2175040245056152,2903.000116631677,12084.16745519638,7.88609464575531e-05
1452,0.9422073364257812,2905.000116631677,12093.94864821434,7.882944259616588e-05
1453,1.2539221048355103,2907.000116631677,12103.381554365158,7.879792158025044e-05
1454,1.2008411884307861,2909.000116631677,12110.464757204056,7.876638342856299e-05
1455,1.195834994316101,2911.000116631677,12118.672855138779,7.873482815987e-05
1456,1.242674708366394,2913.000116631677,12125.780833244324,7.870325579294806e-05
1457,1.206648588180542,2915.000116631677,12133.619677782059,7.867166634658397e-05
1458,1.1976135969161987,2917.000116631677,12142.451541662216,7.864005983957471e-05
1459,1.0036932229995728,2919.000116631677,12148.48178076744,7.860843629072737e-05
1460,1.43540620803833,2921.000116631677,12156.578682661057,7.85767957188592e-05
1461,1.195941686630249,2923.000116631677,12164.481806993484,7.854513814279759e-05
1462,1.0689752101898193,2925.000116631677,12171.554891586304,7.851346358138003e-05
1463,1.0094234943389893,2927.000116631677,12178.74780511856,7.848177205345412e-05
1464,1.2367496490478516,2929.000116631677,12189.24518108368,7.845006357787758e-05
1465,1.1224794387817383,2931.000116631677,12198.124816894531,7.841833817351817e-05
1466,1.1465545892715454,2933.000116631677,12207.49647307396,7.838659585925376e-05
1467,1.2270135879516602,2935.000116631677,12214.297827482224,7.835483665397226e-05
1468,1.0502378940582275,2937.000116631677,12223.255124092102,7.832306057657166e-05
1469,1.3322174549102783,2939.000116631677,12232.297365903854,7.829126764595995e-05
1470,1.2542729377746582,2941.000116631677,12239.688195943832,7.825945788105519e-05
1471,1.2970857620239258,2943.000116631677,12247.255017757416,7.82276313007854e-05
1472,1.156158208847046,2945.000116631677,12254.124049901962,7.819578792408868e-05
1473,1.3472108840942383,2947.000116631677,12262.665544509888,7.816392776991308e-05
1474,1.1997406482696533,2949.000116631677,12271.519718408585,7.813205085721662e-05
1475,1.0655956268310547,2951.000116631677,12280.889119625092,7.810015720496732e-05
1476,1.1282496452331543,2953.000116631677,12290.4018201828,7.806824683214316e-05
1477,0.8423749208450317,2955.000116631677,12297.803808689117,7.803631975773203e-05
1478,1.0957555770874023,2957.000116631677,12306.647243976593,7.800437600073185e-05
1479,1.0837352275848389,2959.000116631677,12315.436588048935,7.797241558015035e-05
1480,1.182183861732483,2961.000116631677,12323.706817626953,7.794043851500525e-05
1481,1.3651626110076904,2963.000116631677,12332.247358083725,7.790844482432419e-05
1482,1.1061475276947021,2965.000116631677,12342.442468166351,7.787643452714461e-05
1483,1.2553006410598755,2967.000116631677,12350.742111444473,7.78444076425139e-05
1484,1.3314778804779053,2969.000116631677,12359.565408945084,7.781236418948935e-05
1485,1.191873550415039,2971.000116631677,12367.076496362686,7.778030418713803e-05
1486,1.0521719455718994,2973.000116631677,12373.273986577988,7.774822765453693e-05
1487,1.1352922916412354,2975.000116631677,12381.389024496078,7.771613461077283e-05
1488,1.2949206829071045,2977.000116631677,12388.82427239418,7.768402507494234e-05
1489,1.4653517007827759,2979.000116631677,12398.665132045746,7.76518990661519e-05
1490,1.067068099975586,2981.000116631677,12407.252875089645,7.761975660351773e-05
1491,1.0864737033843994,2983.000116631677,12417.749149084091,7.758759770616585e-05
1492,1.2219817638397217,2985.000116631677,12426.949003219604,7.75554223932321e-05
1493,1.103899359703064,2987.000116631677,12434.522267103195,7.752323068386202e-05
1494,1.1009206771850586,2989.000116631677,12444.769842863083,7.749102259721095e-05
1495,1.208418846130371,2991.000116631677,12453.822393417358,7.745879815244395e-05
1496,1.4511687755584717,2993.000116631677,12462.951516151428,7.742655736873583e-05
1497,1.099412441253662,2995.000116631677,12471.645714759827,7.739430026527111e-05
1498,1.3002252578735352,2997.000116631677,12478.437334299088,7.736202686124407e-05
1499,1.0846686363220215,2999.000116631677,12488.756913661957,7.732973717585861e-05
1500,1.2949259281158447,3001.000116631677,12498.403327941895,7.729743122832836e-05
1501,0.9688903093338013,3003.000116631677,12506.862142086029,7.726510903787664e-05
1502,1.2008731365203857,3005.000116631677,12513.856045484543,7.723277062373642e-05
1503,1.0106712579727173,3007.000116631677,12524.30102443695,7.720041600515031e-05
1504,0.8578078746795654,3009.000116631677,12532.633662700653,7.716804520137056e-05
1505,1.085526943206787,3011.000116631677,12540.681623458862,7.713565823165912e-05
1506,1.2172389030456543,3013.000116631677,12551.154237985611,7.710325511528744e-05
1507,0.8894040584564209,3015.000116631677,12556.495790958405,7.707083587153668e-05
1508,1.177394151687622,3017.000116631677,12565.001683235168,7.703840051969756e-05
1509,1.2105555534362793,3019.000116631677,12570.919013261795,7.700594907907036e-05
1510,1.2409441471099854,3021.000116631677,12579.78432059288,7.6973481568965e-05
1511,1.241033911705017,3023.000116631677,12586.044548273087,7.694099800870087e-05
1512,1.0122077465057373,3025.000116631677,12594.92505455017,7.690849841760701e-05
1513,0.8012806177139282,3027.000116631677,12601.213063240051,7.687598281502191e-05
1514,1.0019898414611816,3029.000116631677,12610.087497472763,7.684345122029364e-05
1515,1.1898002624511719,3031.000116631677,12617.683007717133,7.681090365277979e-05
1516,1.297382116317749,3033.000116631677,12624.506147384644,7.677834013184741e-05
1517,1.3659305572509766,3035.000116631677,12633.592583656311,7.674576067687308e-05
1518,1.2436671257019043,3037.000116631677,12640.622059583664,7.671316530724285e-05
1519,1.2749130725860596,3039.000116631677,12648.554347276688,7.668055404235224e-05
1520,1.0833275318145752,3041.000116631677,12657.586589097977,7.664792690160624e-05
1521,0.859024703502655,3043.000116631677,12666.252521753311,7.661528390441927e-05
1522,1.0173810720443726,3045.000116631677,12675.964069128036,7.65826250702152e-05
1523,1.3234148025512695,3047.000116631677,12682.48489522934,7.65499504184273e-05
1524,1.0830576419830322,3049.000116631677,12690.720763206482,7.651725996849827e-05
1525,1.3156605958938599,3051.000116631677,12701.23006939888,7.64845537398802e-05
1526,1.1766376495361328,3053.000116631677,12710.676119327545,7.645183175203461e-05
1527,1.3555855751037598,3055.000116631677,12719.267711162567,7.641909402443234e-05
1528,1.265496850013733,3057.000116631677,12728.064249515533,7.638634057655362e-05
1529,1.2977672815322876,3059.000116631677,12736.694271564484,7.635357142788803e-05
1530,1.156165599822998,3061.000116631677,12746.920145988464,7.632078659793451e-05
1531,1.1873624324798584,3063.000116631677,12756.066814184189,7.62879861062013e-05
1532,1.0955471992492676,3065.000116631677,12764.563859939575,7.6255169972206e-05
1533,1.1837892532348633,3067.000116631677,12772.572450876236,7.622233821547547e-05
1534,1.2551724910736084,3069.000116631677,12780.21355009079,7.618949085554592e-05
1535,1.2101463079452515,3071.000116631677,12789.070156097412,7.615662791196279e-05
1536,1.2035011053085327,3073.000116631677,12797.584968328476,7.612374940428082e-05
1537,1.2877616882324219,3075.000116631677,12807.319879293442,7.609085535206402e-05
1538,1.3417508602142334,3077.000116631677,12815.114637851715,7.605794577488565e-05
1539,1.1145343780517578,3079.000116631677,12824.056269168854,7.602502069232817e-05
1540,1.1956020593643188,3081.000116631677,12829.650387525558,7.59920801239833e-05
1541,1.2185450792312622,3083.000116631677,12838.297196149826,7.595912408945198e-05
1542,1.1447161436080933,3085.000116631677,12847.660505533218,7.592615260834433e-05
1543,0.8422890901565552,3087.000116631677,12856.403835773468,7.589316570027968e-05
1544,1.0563318729400635,3089.000116631677,12865.34204530716,7.586016338488653e-05
1545,1.1510405540466309,3091.000116631677,12874.026062011719,7.582714568180256e-05
1546,0.9200878739356995,3093.000116631677,12884.50547003746,7.579411261067458e-05
1547,1.1777262687683105,3095.000116631677,12894.13565659523,7.576106419115857e-05
1548,1.3620799779891968,3097.000116631677,12900.121178150177,7.572800044291962e-05
1549,1.09978187084198,3099.000116631677,12909.927743911743,7.569492138563196e-05
1550,1.0377254486083984,3101.000116631677,12920.386184453964,7.566182703897895e-05
1551,1.3887836933135986,3103.000116631677,12929.397436618805,7.562871742265298e-05
1552,1.2690811157226562,3105.000116631677,12937.13268661499,7.55955925563556e-05
1553,1.0846275091171265,3107.000116631677,12945.370421409607,7.556245245979739e-05
1554,1.0721408128738403,3109.000116631677,12951.743578195572,7.552929715269801e-05
1555,0.9919597506523132,3111.000116631677,12961.974040031433,7.549612665478617e-05
1556,1.2412135601043701,3113.000116631677,12970.82806134224,7.546294098579958e-05
1557,1.1321783065795898,3115.000116631677,12977.72933459282,7.542974016548508e-05
1558,1.0924286842346191,3117.000116631677,12985.165843486786,7.53965242135984e-05
1559,1.2632170915603638,3119.000116631677,12995.639909744263,7.536329314990435e-05
1560,1.1452248096466064,3121.000116631677,13004.65122294426,7.533004699417672e-05
1561,1.1504595279693604,3123.000116631677,13012.041560649872,7.529678576619828e-05
1562,1.0922696590423584,3125.000116631677,13022.524595022202,7.526350948576074e-05
1563,1.1767497062683105,3127.000116631677,13030.063566923141,7.52302181726648e-05
1564,0.8167983889579773,3129.000116631677,13037.958791017532,7.51969118467201e-05
1565,0.870437741279602,3131.000116631677,13043.47401881218,7.51635905277452e-05
1566,1.06989586353302,3133.000116631677,13051.538188457489,7.513025423556761e-05
1567,1.087306022644043,3135.000116631677,13057.823061227798,7.50969029900237e-05
1568,1.3065733909606934,3137.000116631677,13064.298860788345,7.506353681095881e-05
1569,1.0013176202774048,3139.000116631677,13071.657155275345,7.503015571822707e-05
1570,1.2517731189727783,3141.000116631677,13082.156054258347,7.499675973169156e-05
1571,1.0058813095092773,3143.000116631677,13090.591664791107,7.496334887122422e-05
1572,1.0130116939544678,3145.000116631677,13098.955156087875,7.492992315670578e-05
1573,1.0400772094726562,3147.000116631677,13107.39020872116,7.48964826080259e-05
1574,1.236240029335022,3149.000116631677,13113.969234466553,7.486302724508296e-05
1575,1.4028832912445068,3151.000116631677,13122.929612398148,7.482955708778424e-05
1576,1.1841022968292236,3153.000116631677,13130.744910955429,7.479607215604581e-05
1577,0.9366762638092041,3155.000116631677,13137.570700883865,7.476257246979248e-05
1578,1.0602878332138062,3157.000116631677,13143.862979650497,7.472905804895792e-05
1579,1.1928434371948242,3159.000116631677,13152.554878950119,7.469552891348446e-05
1580,1.249363899230957,3161.000116631677,13160.319031715393,7.466198508332331e-05
1581,1.0857141017913818,3163.000116631677,13167.205489873886,7.462842657843432e-05
1582,1.156329870223999,3165.000116631677,13175.575216054916,7.459485341878613e-05
1583,1.3325481414794922,3167.000116631677,13183.850033283234,7.456126562435611e-05
1584,0.9953296184539795,3169.000116631677,13192.830229997635,7.452766321513028e-05
1585,1.2314646244049072,3171.000116631677,13203.32064986229,7.449404621110338e-05
1586,1.1694729328155518,3173.000116631677,13213.785778045654,7.446041463227887e-05
1587,1.2849878072738647,3175.000116631677,13224.276756763458,7.442676849866886e-05
1588,1.157467246055603,3177.000116631677,13231.740491628647,7.439310783029408e-05
1589,1.2625017166137695,3179.000116631677,13240.295278787613,7.435943264718399e-05
1590,0.8316529393196106,3181.000116631677,13246.903617858887,7.432574296937663e-05
1591,1.2241692543029785,3183.000116631677,13255.819339752197,7.429203881691866e-05
1592,1.2362513542175293,3185.000116631677,13265.394929409027,7.42583202098654e-05
1593,1.2313549518585205,3187.000116631677,13271.60871386528,7.422458716828068e-05
1594,0.9223286509513855,3189.000116631677,13280.140162467957,7.419083971223706e-05
1595,1.2388062477111816,3191.000116631677,13287.145377635956,7.415707786181555e-05
1596,1.3944509029388428,3193.000116631677,13295.565677165985,7.412330163710579e-05
1597,1.0712798833847046,3195.000116631677,13303.54961180687,7.408951105820594e-05
1598,1.1252455711364746,3197.000116631677,13310.756169319153,7.405570614522273e-05
1599,1.1810071468353271,3199.000116631677,13318.793481111526,7.402188691827141e-05
1600,1.3095111846923828,3201.000116631677,13327.300049304962,7.398805339747574e-05
1601,1.1799570322036743,3203.000116631677,13334.010655641556,7.395420560296799e-05
1602,1.2563791275024414,3205.000116631677,13342.994134664536,7.392034355488892e-05
1603,1.1365001201629639,3207.000116631677,13349.12983250618,7.388646727338778e-05
1604,1.061715841293335,3209.000116631677,13357.212624788284,7.385257677862228e-05
1605,1.1568307876586914,3211.000116631677,13364.012112140656,7.381867209075859e-05
1606,1.1806056499481201,3213.000116631677,13373.117130041122,7.378475322997134e-05
1607,1.2486116886138916,3215.000116631677,13382.214552640915,7.375082021644356e-05
1608,1.0780279636383057,3217.000116631677,13389.052122592926,7.371687307036673e-05
1609,1.0990934371948242,3219.000116631677,13399.274804830551,7.368291181194073e-05
1610,0.9740374088287354,3221.000116631677,13405.167799949646,7.364893646137386e-05
1611,1.2461953163146973,3223.000116631677,13415.702980279922,7.361494703888274e-05
1612,1.2243719100952148,3225.000116631677,13424.799846172333,7.358094356469245e-05
1613,1.1245338916778564,3227.000116631677,13432.676903486252,7.354692605903637e-05
1614,0.9387599229812622,3229.000116631677,13441.694745779037,7.351289454215625e-05
1615,1.2677226066589355,3231.000116631677,13450.470288991928,7.347884903430218e-05
1616,1.2246941328048706,3233.000116631677,13459.182417869568,7.344478955573256e-05
1617,1.223996639251709,3235.000116631677,13467.028548717499,7.34107161267141e-05
1618,1.2528467178344727,3237.000116631677,13475.831759214401,7.337662876752184e-05
1619,1.255986213684082,3239.000116631677,13483.525819301605,7.334252749843911e-05
1620,1.3895351886749268,3241.000116631677,13493.687852621078,7.33084123397575e-05
1621,1.0625463724136353,3243.000116631677,13499.832666873932,7.327428331177685e-05
1622,1.2763874530792236,3245.000116631677,13508.963829278946,7.324014043480526e-05
1623,1.133225679397583,3247.000116631677,13516.883031129837,7.320598372915909e-05
1624,0.8646339178085327,3249.000116631677,13523.432405233383,7.317181321516291e-05
1625,1.0585782527923584,3251.000116631677,13532.392803192139,7.313762891314953e-05
1626,1.0770163536071777,3253.000116631677,13541.194409132004,7.310343084345994e-05
1627,1.1382062435150146,3255.000116631677,13547.561337709427,7.306921902644332e-05
1628,1.0888049602508545,3257.000116631677,13553.195127248764,7.303499348245705e-05
1629,1.1956737041473389,3259.000116631677,13558.767738580704,7.300075423186666e-05
1630,1.3259402513504028,3261.000116631677,13567.795405387878,7.296650129504587e-05
1631,1.1863157749176025,3263.000116631677,13576.814292907715,7.29322346923765e-05
1632,1.1009782552719116,3265.000116631677,13584.130872964859,7.28979544442485e-05
1633,0.9883408546447754,3267.000116631677,13594.590960025787,7.286366057106e-05
1634,1.166449785232544,3269.000116631677,13601.072415351868,7.282935309321718e-05
1635,1.223873257637024,3271.000116631677,13610.47668504715,7.279503203113435e-05
1636,1.2387409210205078,3273.000116631677,13617.830739974976,7.276069740523385e-05
1637,1.5002987384796143,3275.000116631677,13626.962938308716,7.272634923594615e-05
1638,1.0957307815551758,3277.000116631677,13632.761120319366,7.269198754370974e-05
1639,1.1273467540740967,3279.000116631677,13639.477724552155,7.265761234897119e-05
1640,1.1595377922058105,3281.000116631677,13648.3460688591,7.262322367218507e-05
1641,1.057780385017395,3283.000116631677,13656.55697607994,7.258882153381402e-05
1642,1.2560203075408936,3285.000116631677,13663.176948308945,7.255440595432863e-05
1643,1.27017080783844,3287.000116631677,13670.020262479782,7.251997695420753e-05
1644,1.1651904582977295,3289.000116631677,13679.01057934761,7.248553455393731e-05
1645,1.2512092590332031,3291.000116631677,13688.436920166016,7.245107877401257e-05
1646,1.1269862651824951,3293.000116631677,13698.277611970901,7.241660963493581e-05
1647,1.04604172706604,3295.000116631677,13708.00682759285,7.238212715721758e-05
1648,1.1448771953582764,3297.000116631677,13716.918758153915,7.234763136137623e-05
1649,1.312246561050415,3299.000116631677,13725.814958810806,7.231312226793816e-05
1650,1.3068699836730957,3301.000116631677,13734.10651397705,7.227859989743762e-05
1651,1.060575246810913,3303.000116631677,13740.902889728546,7.224406427041676e-05
1652,1.3489739894866943,3305.000116631677,13747.691254377365,7.220951540742565e-05
1653,1.054660439491272,3307.000116631677,13754.930435180664,7.217495332902221e-05
1654,1.1531084775924683,3309.000116631677,13763.70032119751,7.214037805577223e-05
1655,1.2478166818618774,3311.000116631677,13774.187581300735,7.210578960824934e-05
1656,1.2205729484558105,3313.000116631677,13783.141596794128,7.207118800703504e-05
1657,0.9386880397796631,3315.000116631677,13793.598707437515,7.203657327271862e-05
1658,0.8887389302253723,3317.000116631677,13801.158919334412,7.20019454258972e-05
1659,1.0460710525512695,3319.000116631677,13806.840576171875,7.196730448717572e-05
1660,1.261889934539795,3321.000116631677,13815.250752925873,7.19326504771669e-05
1661,1.2235418558120728,3323.000116631677,13825.045447826385,7.18979834164912e-05
1662,1.3988969326019287,3325.000116631677,13835.524609804153,7.18633033257769e-05
1663,1.131168246269226,3327.000116631677,13845.849432706833,7.182861022566003e-05
1664,1.238304853439331,3329.000116631677,13853.69993019104,7.179390413678432e-05
1665,1.1912999153137207,3331.000116631677,13862.580579280853,7.175918507980127e-05
1666,1.1685636043548584,3333.000116631677,13868.99204492569,7.172445307537005e-05
1667,1.0968841314315796,3335.000116631677,13877.272387504578,7.168970814415758e-05
1668,1.2950124740600586,3337.000116631677,13885.503206729889,7.165495030683846e-05
1669,1.2116371393203735,3339.000116631677,13894.502036571503,7.162017958409495e-05
1670,1.1125835180282593,3341.000116631677,13899.918958187103,7.1585395996617e-05
1671,0.9645208120346069,3343.000116631677,13908.718510627747,7.155059956510221e-05
1672,1.0836366415023804,3345.000116631677,13916.173320293427,7.15157903102558e-05
1673,1.21327805519104,3347.000116631677,13923.768296957016,7.148096825279066e-05
1674,1.2265970706939697,3349.000116631677,13934.212718009949,7.144613341342729e-05
1675,1.0832552909851074,3351.000116631677,13943.713673591614,7.141128581289375e-05
1676,1.1757557392120361,3353.000116631677,13951.742763996124,7.137642547192573e-05
1677,1.1470764875411987,3355.000116631677,13960.885787725449,7.134155241126653e-05
1678,1.1799418926239014,3357.000116631677,13966.348794460297,7.130666665166697e-05
1679,1.210907220840454,3359.000116631677,13973.403767108917,7.127176821388544e-05
1680,1.155928373336792,3361.000116631677,13980.755446910858,7.123685711868787e-05
1681,1.1248157024383545,3363.000116631677,13988.213004112244,7.120193338684774e-05
1682,1.3314900398254395,3365.000116631677,13997.590414047241,7.116699703914602e-05
1683,1.0172572135925293,3367.000116631677,14006.332792758942,7.113204809637123e-05
1684,1.3807400465011597,3369.000116631677,14016.805134773254,7.109708657931933e-05
1685,0.9761307239532471,3371.000116631677,14024.60250544548,7.106211250879383e-05
1686,1.1118087768554688,3373.000116631677,14034.129915714264,7.102712590560565e-05
1687,0.9414365887641907,3375.000116631677,14043.812643051147,7.09921267905732e-05
1688,1.2000887393951416,3377.000116631677,14054.300459623337,7.095711518452229e-05
1689,1.1407886743545532,3379.000116631677,14064.770506381989,7.092209110828624e-05
1690,1.1585891246795654,3381.000116631677,14073.146556138992,7.088705458270572e-05
1691,1.3846198320388794,3383.000116631677,14082.14520907402,7.085200562862883e-05
1692,1.169980764389038,3385.000116631677,14088.294606924057,7.08169442669111e-05
1693,1.352961540222168,3387.000116631677,14096.878137350082,7.07818705184154e-05
1694,1.1380072832107544,3389.000116631677,14107.348831176758,7.074678440401196e-05
1695,1.2541476488113403,3391.000116631677,14114.527155637741,7.071168594457841e-05
1696,1.3365302085876465,3393.000116631677,14123.937176465988,7.067657516099972e-05
1697,1.4456455707550049,3395.000116631677,14131.048632860184,7.064145207416817e-05
1698,1.1965672969818115,3397.000116631677,14137.794877529144,7.060631670498336e-05
1699,1.2039227485656738,3399.000116631677,14145.041996717453,7.057116907435226e-05
1700,0.99958336353302,3401.000116631677,14151.86050438881,7.053600920318901e-05
1701,1.043344259262085,3403.000116631677,14160.716751098633,7.050083711241516e-05
1702,1.0942634344100952,3405.000116631677,14167.681842565536,7.046565282295947e-05
1703,1.3787587881088257,3407.000116631677,14173.55733180046,7.043045635575797e-05
1704,1.011805772781372,3409.000116631677,14179.236141204834,7.039524773175394e-05
1705,0.9190120697021484,3411.000116631677,14182.77155327797,7.036002697189788e-05
1706,1.2175042629241943,3413.000116631677,14191.8117582798,7.032479409714752e-05
1707,1.0539190769195557,3415.000116631677,14201.452933073044,7.028954912846783e-05
1708,1.3009564876556396,3417.000116631677,14209.236485481262,7.025429208683093e-05
1709,1.1859827041625977,3419.000116631677,14219.707259654999,7.02190229932161e-05
1710,1.068791151046753,3421.000116631677,14228.689769983292,7.01837418686099e-05
1711,1.1643422842025757,3423.000116631677,14237.378749132156,7.014844873400592e-05
1712,1.1196820735931396,3425.000116631677,14244.056430339813,7.0113143610405e-05
1713,1.0892276763916016,3427.000116631677,14252.633561611176,7.007782651881506e-05
1714,1.422107219696045,3429.000116631677,14263.125496387482,7.004249748025114e-05
1716,1.1611900329589844,3433.000116631677,14280.644634962082,6.997180364629712e-05
1717,1.161324381828308,3435.000116631677,14287.45096039772,6.993643889297261e-05
1718,0.8154004812240601,3437.000116631677,14292.30285358429,6.990106227680533e-05
1719,1.1367493867874146,3439.000116631677,14300.982805728912,6.98656738188457e-05
1720,1.4167087078094482,3441.000116631677,14311.462797641754,6.983027354015128e-05
1721,1.1714054346084595,3443.000116631677,14318.806968927383,6.979486146178659e-05
1722,1.3549888134002686,3445.000116631677,14327.58515381813,6.975943760482322e-05
1723,1.3696889877319336,3447.000116631677,14337.242186784744,6.972400199033976e-05
1724,1.2481995820999146,3449.000116631677,14345.156261444092,6.968855463942177e-05
1725,1.0599671602249146,3451.000116631677,14355.646929740906,6.96530955731618e-05
1726,0.9722369909286499,3453.000116631677,14364.019931316376,6.961762481265942e-05
1727,1.152091383934021,3455.000116631677,14374.496939659119,6.95821423790211e-05
1728,1.1600642204284668,3457.000116631677,14381.808151245117,6.954664829336028e-05
1729,0.8860775232315063,3459.000116631677,14392.27768945694,6.951114257679734e-05
1730,1.192478895187378,3461.000116631677,14398.734812021255,6.947562525045954e-05
1731,1.2975248098373413,3463.000116631677,14407.342356443405,6.944009633548114e-05
1732,1.3862165212631226,3465.000116631677,14416.467122554779,6.940455585300315e-05
1733,1.2080106735229492,3467.000116631677,14424.322890996933,6.936900382417364e-05
1734,0.9939901828765869,3469.000116631677,14431.914261102676,6.933344027014741e-05
1735,1.0355331897735596,3471.000116631677,14442.39549946785,6.929786521208616e-05
1736,0.876904308795929,3473.000116631677,14449.151124715805,6.926227867115847e-05
1737,1.1459879875183105,3475.000116631677,14458.283367156982,6.92266806685397e-05
1738,0.9858008623123169,3477.000116631677,14465.484327793121,6.919107122541207e-05
1739,1.1169689893722534,3479.000116631677,14473.022077560425,6.91554503629646e-05
1740,1.2137916088104248,3481.000116631677,14480.095324516296,6.911981810239308e-05
1741,1.0303713083267212,3483.000116631677,14488.300304889679,6.908417446490012e-05
1742,1.289630651473999,3485.000116631677,14495.699717760086,6.904851947169505e-05
1743,0.9425272941589355,3487.000116631677,14503.603017091751,6.901285314399402e-05
1744,1.3217954635620117,3489.000116631677,14511.681211471558,6.897717550301987e-05
1745,1.0394295454025269,3491.000116631677,14521.970249652863,6.894148657000221e-05
1746,1.0605287551879883,3493.000116631677,14527.97028040886,6.890578636617734e-05
1747,1.1176321506500244,3495.000116631677,14536.665317773819,6.887007491278828e-05
1748,1.0440151691436768,3497.000116631677,14545.809200525284,6.883435223108472e-05
1749,1.1144647598266602,3499.000116631677,14554.928527832031,6.879861834232312e-05
1750,1.1798796653747559,3501.000116631677,14562.214040279388,6.876287326776649e-05
1751,1.2245712280273438,3503.000116631677,14571.869261026382,6.872711702868456e-05
1752,1.155462622642517,3505.000116631677,14581.02531671524,6.869134964635371e-05
1753,1.0480403900146484,3507.000116631677,14586.197041034698,6.865557114205689e-05
1754,1.2591831684112549,3509.000116631677,14594.84630060196,6.861978153708378e-05
1755,1.0982627868652344,3511.000116631677,14605.200020313263,6.858398085273052e-05
1756,1.143770456314087,3513.000116631677,14612.965070724487,6.854816911029996e-05
1757,0.9777461290359497,3515.000116631677,14620.792635917664,6.85123463311015e-05
1758,1.2919496297836304,3517.000116631677,14630.866745471954,6.847651253645107e-05
1759,1.2511286735534668,3519.000116631677,14639.076124191284,6.844066774767118e-05
1760,1.2457183599472046,3521.000116631677,14649.171640634537,6.84048119860909e-05
1761,1.147688627243042,3523.000116631677,14658.397693872452,6.83689452730458e-05
1762,1.1627767086029053,3525.000116631677,14666.256468057632,6.8333067629878e-05
1763,1.0329816341400146,3527.000116631677,14675.616211891174,6.829717907793609e-05
1764,0.7240275144577026,3529.000116631677,14683.40372133255,6.826127963857514e-05
1765,1.2405431270599365,3531.000116631677,14691.617418766022,6.822536933315677e-05
1766,0.986931324005127,3533.000116631677,14699.139130830765,6.818944818304899e-05
1767,1.1141111850738525,3535.000116631677,14707.920118808746,6.815351620962627e-05
1768,1.2816181182861328,3537.000116631677,14717.023328781128,6.811757343426958e-05
1769,1.3176243305206299,3539.000116631677,14726.143596887589,6.808161987836625e-05
1770,1.0837149620056152,3541.000116631677,14732.591288805008,6.804565556331006e-05
1771,1.0194993019104004,3543.000116631677,14738.632116317749,6.80096805105012e-05
1772,1.2129837274551392,3545.000116631677,14746.283720731735,6.797369474134622e-05
1773,1.4096251726150513,3547.000116631677,14753.281662225723,6.793769827725807e-05
1774,1.1909246444702148,3549.000116631677,14762.485878705978,6.790169113965608e-05
1775,1.0870040655136108,3551.000116631677,14768.765595197678,6.786567334996585e-05
1776,0.8689672946929932,3553.000116631677,14774.775940179825,6.782964492961942e-05
1777,1.0686522722244263,3555.000116631677,14782.645936727524,6.779360590005508e-05
1778,1.3628435134887695,3557.000116631677,14790.499024152756,6.77575562827175e-05
1779,1.298513650894165,3559.000116631677,14799.485587358475,6.77214960990576e-05
1780,0.9657216668128967,3561.000116631677,14806.67588186264,6.76854253705326e-05
1781,1.2238571643829346,3563.000116631677,14813.456199407578,6.764934411860595e-05
1782,1.0585637092590332,3565.000116631677,14820.19311761856,6.761325236474749e-05
1783,1.0356265306472778,3567.000116631677,14827.176832199097,6.757715013043316e-05
1784,1.1515483856201172,3569.000116631677,14837.647572517395,6.754103743714524e-05
1785,1.1623954772949219,3571.000116631677,14846.139133691788,6.750491430637219e-05
1786,1.0101113319396973,3573.000116631677,14854.962148189545,6.746878075960868e-05
1787,1.2039397954940796,3575.000116631677,14862.905353784561,6.74326368183556e-05
1788,1.1599984169006348,3577.000116631677,14868.605070352554,6.739648250411998e-05
1789,1.2291128635406494,3579.000116631677,14873.718045473099,6.736031783841508e-05
1790,1.2474665641784668,3581.000116631677,14882.81122994423,6.732414284276028e-05
1791,1.1167874336242676,3583.000116631677,14889.821959972382,6.728795753868114e-05
1792,1.2312572002410889,3585.000116631677,14897.176625013351,6.72517619477093e-05
1793,1.3485724925994873,3587.000116631677,14905.75821352005,6.721555609138256e-05
1794,1.042205810546875,3589.000116631677,14915.569096326828,6.717933999124485e-05
1795,1.0945037603378296,3591.000116631677,14924.29143333435,6.714311366884615e-05
1796,1.0683815479278564,3593.000116631677,14931.822955846786,6.710687714574253e-05
1797,1.0411345958709717,3595.000116631677,14942.297634363174,6.707063044349616e-05
1798,1.0640876293182373,3597.000116631677,14947.654613733292,6.703437358367522e-05
1799,1.0780930519104004,3599.000116631677,14954.592180967331,6.6998106587854e-05
1800,1.0961427688598633,3601.000116631677,14962.683184146881,6.696182947761275e-05
1801,1.1312000751495361,3603.000116631677,14973.012693405151,6.692554227453779e-05
1802,1.0629011392593384,3605.000116631677,14981.385207176208,6.688924500022141e-05
1803,1.0358054637908936,3607.000116631677,14989.61164188385,6.685293767626192e-05
1804,1.060096025466919,3609.000116631677,14995.64415884018,6.681662032426359e-05
1805,1.0801150798797607,3611.000116631677,15003.717630147934,6.67802929658367e-05
1806,1.3527562618255615,3613.000116631677,15011.178639650345,6.674395562259739e-05
1807,1.0418621301651,3615.000116631677,15020.739964008331,6.670760831616788e-05
1808,1.1368225812911987,3617.000116631677,15028.40838098526,6.667125106817618e-05
1809,0.8453881740570068,3619.000116631677,15034.679246425629,6.663488390025628e-05
1810,1.0641894340515137,3621.000116631677,15043.403741836548,6.65985068340481e-05
1811,1.1866743564605713,3623.000116631677,15053.934891223907,6.656211989119738e-05
1812,1.0925248861312866,3625.000116631677,15061.950544834137,6.652572309335583e-05
1813,1.0333669185638428,3627.000116631677,15071.125370025635,6.648931646218093e-05
1814,1.1768579483032227,3629.000116631677,15078.389908075333,6.645290001933603e-05
1815,1.247619867324829,3631.000116631677,15087.262074708939,6.64164737864904e-05
1816,1.4067617654800415,3633.000116631677,15093.78816485405,6.638003778531902e-05
1817,1.1684348583221436,3635.000116631677,15100.755438804626,6.634359203750277e-05
1818,1.10296630859375,3637.000116631677,15109.461176633835,6.63071365647283e-05
1819,1.1711077690124512,3639.000116631677,15118.003262281418,6.627067138868803e-05
1820,1.2834855318069458,3641.000116631677,15128.040600776672,6.623419653108016e-05
1821,1.2387089729309082,3643.000116631677,15138.534519195557,6.619771201360868e-05
1822,1.1042089462280273,3645.000116631677,15145.821952342987,6.616121785798329e-05
1823,1.248084306716919,3647.000116631677,15154.773552894592,6.612471408591944e-05
1824,1.055077314376831,3649.000116631677,15162.877654075623,6.608820071913831e-05
1825,1.0728447437286377,3651.000116631677,15168.758335113525,6.605167777936679e-05
1826,1.1878865957260132,3653.000116631677,15179.236790180206,6.601514528833744e-05
1827,0.9778585433959961,3655.000116631677,15186.876915931702,6.597860326778855e-05
1828,1.0227010250091553,3657.000116631677,15194.70555305481,6.594205173946402e-05
1829,0.9164847135543823,3659.000116631677,15201.157947778702,6.590549072511349e-05
1830,1.272925615310669,3661.000116631677,15209.911912679672,6.586892024649213e-05
1831,1.1348505020141602,3663.000116631677,15215.754769086838,6.583234032536087e-05
1832,1.1770620346069336,3665.000116631677,15224.784006595612,6.579575098348613e-05
1833,1.1190106868743896,3667.000116631677,15235.274034023285,6.575915224264008e-05
1834,1.182163953781128,3669.000116631677,15242.221144914627,6.572254412460034e-05
1835,0.9753075838088989,3671.000116631677,15248.804079532623,6.568592665115019e-05
1836,1.3921544551849365,3673.000116631677,15257.629103899002,6.564929984407846e-05
1837,1.3488136529922485,3675.000116631677,15266.03025841713,6.561266372517956e-05
1838,1.2054579257965088,3677.000116631677,15274.249095916748,6.557601831625338e-05
1839,1.3089678287506104,3679.000116631677,15283.231300115585,6.55393636391054e-05
1840,1.1754884719848633,3681.000116631677,15293.731070280075,6.550269971554657e-05
1841,1.3304576873779297,3683.000116631677,15303.11535358429,6.546602656739337e-05
1842,0.9661034345626831,3685.000116631677,15313.173482179642,6.542934421646776e-05
1843,1.514974594116211,3687.000116631677,15321.70902132988,6.539265268459716e-05
1844,1.2737250328063965,3689.000116631677,15330.2796459198,6.535595199361449e-05
1845,1.3089351654052734,3691.000116631677,15338.475472927094,6.53192421653581e-05
1846,1.3642609119415283,3693.000116631677,15348.948198795319,6.528252322167173e-05
1847,1.0658397674560547,3695.000116631677,15355.548450231552,6.524579518440463e-05
1848,1.0768117904663086,3697.000116631677,15361.938257694244,6.520905807541143e-05
1849,1.1348657608032227,3699.000116631677,15368.37925195694,6.517231191655212e-05
1850,1.0687024593353271,3701.000116631677,15374.69983792305,6.513555672969212e-05
1851,0.769015908241272,3703.000116631677,15380.194014549255,6.509879253670219e-05
1852,1.153924822807312,3705.000116631677,15389.892832517624,6.506201935945849e-05
1853,1.0565297603607178,3707.000116631677,15397.271832704544,6.502523721984248e-05
1854,1.3306059837341309,3709.000116631677,15406.351190805435,6.498844613974099e-05
1855,1.1403778791427612,3711.000116631677,15414.493521928787,6.495164614104613e-05
1856,1.0982221364974976,3713.000116631677,15422.556928634644,6.491483724565533e-05
1857,1.2013492584228516,3715.000116631677,15430.985305547714,6.487801947547138e-05
1858,1.1115012168884277,3717.000116631677,15437.14058470726,6.484119285240223e-05
1859,1.162627935409546,3719.000116631677,15443.992047309875,6.480435739836122e-05
1860,1.1028006076812744,3721.000116631677,15452.78368473053,6.476751313526685e-05
1861,1.184659719467163,3723.000116631677,15460.444488286972,6.47306600850429e-05
1862,1.047664761543274,3725.000116631677,15469.660110235214,6.469379826961842e-05
1863,1.1163129806518555,3727.000116631677,15476.688345193863,6.465692771092758e-05
1864,0.9908977150917053,3729.000116631677,15485.068397760391,6.462004843090982e-05
1865,1.1328239440917969,3731.000116631677,15493.500824451447,6.458316045150979e-05
1866,1.2904384136199951,3733.000116631677,15502.55329465866,6.454626379467725e-05
1867,1.1573588848114014,3735.000116631677,15511.177092313766,6.450935848236714e-05
1868,0.9115270972251892,3737.000116631677,15519.72386431694,6.447244453653959e-05
1869,1.2315268516540527,3739.000116631677,15528.654495477676,6.443552197915986e-05
1870,0.9802553653717041,3741.000116631677,15535.19605255127,6.439859083219829e-05
1871,1.2792809009552002,3743.000116631677,15541.039660215378,6.436165111763037e-05
1872,0.9512742757797241,3745.000116631677,15549.215388298035,6.432470285743666e-05
1873,1.260514736175537,3747.000116631677,15557.447800159454,6.428774607360286e-05
1874,0.9369739890098572,3749.000116631677,15562.908872365952,6.425078078811965e-05
1875,1.1480014324188232,3751.000116631677,15573.002219676971,6.421380702298288e-05
1876,1.210660696029663,3753.000116631677,15582.082788228989,6.417682480019336e-05
1877,1.116455078125,3755.000116631677,15590.184293270111,6.413983414175693e-05
1878,1.0857179164886475,3757.000116631677,15598.39714217186,6.410283506968453e-05
1879,1.1547572612762451,3759.000116631677,15607.425243139267,6.406582760599203e-05
1880,1.2126662731170654,3761.000116631677,15617.920273542404,6.402881177270032e-05
1881,1.1208559274673462,3763.000116631677,15628.397507667542,6.399178759183529e-05
1882,1.0882021188735962,3765.000116631677,15634.633165836334,6.395475508542774e-05
1883,0.8653083443641663,3767.000116631677,15643.726071119308,6.391771427551351e-05
1884,1.1804991960525513,3769.000116631677,15653.817831516266,6.388066518413333e-05
1885,1.1686921119689941,3771.000116631677,15662.824287891388,6.38436078333328e-05
1886,1.1011576652526855,3773.000116631677,15671.071793556213,6.380654224516255e-05
1887,1.3746960163116455,3775.000116631677,15678.866953611374,6.376946844167803e-05
1888,1.2746593952178955,3777.000116631677,15687.962229967117,6.373238644493963e-05
1889,1.014543056488037,3779.000116631677,15695.851065635681,6.369529627701257e-05
1890,1.1226786375045776,3781.000116631677,15704.752265691757,6.365819795996693e-05
1891,1.1973388195037842,3783.000116631677,15712.722003936768,6.362109151587771e-05
1892,1.3154215812683105,3785.000116631677,15718.52208328247,6.358397696682468e-05
1893,1.1309539079666138,3787.000116631677,15727.111179590225,6.354685433489244e-05
1894,1.4169466495513916,3789.000116631677,15734.214609146118,6.350972364217041e-05
1895,1.2394299507141113,3791.000116631677,15743.245366334915,6.347258491075283e-05
1896,1.1771255731582642,3793.000116631677,15750.98170375824,6.343543816273865e-05
1897,1.1664713621139526,3795.000116631677,15761.433302164078,6.339828342023169e-05
1898,1.0825350284576416,3797.000116631677,15768.31363606453,6.336112070534045e-05
1899,1.3077682256698608,3799.000116631677,15777.3069794178,6.332395004017822e-05
1900,0.8901045322418213,3801.000116631677,15785.725774288177,6.328677144686299e-05
1901,1.2209173440933228,3803.000116631677,15794.818476200104,6.324958494751746e-05
1902,1.2329599857330322,3805.000116631677,15804.324173927307,6.321239056426907e-05
1903,1.2022428512573242,3807.000116631677,15814.8287191391,6.317518831924994e-05
1904,1.2722375392913818,3809.000116631677,15823.411411046982,6.313797823459687e-05
1905,1.1489536762237549,3811.000116631677,15830.568830013275,6.31007603324513e-05
1906,1.150222659111023,3813.000116631677,15836.426694631577,6.306353463495933e-05
1907,1.2811161279678345,3815.000116631677,15844.23504948616,6.302630116427173e-05
1908,1.173120141029358,3817.000116631677,15850.977380752563,6.298905994254388e-05
1909,1.0880309343338013,3819.000116631677,15861.386617660522,6.295181099193573e-05
1910,1.2312211990356445,3821.000116631677,15869.853810310364,6.29145543346119e-05
1911,0.9962549805641174,3823.000116631677,15878.35039305687,6.287728999274155e-05
1912,1.0633938312530518,3825.000116631677,15887.803519487381,6.28400179884984e-05
1913,1.0756579637527466,3827.000116631677,15896.380784034729,6.280273834406076e-05
1914,1.3097063302993774,3829.000116631677,15905.11369228363,6.27654510816115e-05
1915,1.34024977684021,3831.000116631677,15913.369767904282,6.272815622333799e-05
1916,0.9625200033187866,3833.000116631677,15919.550880908966,6.269085379143214e-05
1917,1.2948557138442993,3835.000116631677,15928.622235298157,6.265354380809033e-05
1918,1.334737777709961,3837.000116631677,15937.06678366661,6.26162262955135e-05
1919,1.0482475757598877,3839.000116631677,15944.520540952682,6.257890127590698e-05
1920,1.0160914659500122,3841.000116631677,15951.999580144882,6.254156877148066e-05
1921,1.0725898742675781,3843.000116631677,15960.93062210083,6.250422880444884e-05
1922,1.1030224561691284,3845.000116631677,15967.04721403122,6.246688139703024e-05
1923,1.1927173137664795,3847.000116631677,15975.930384159088,6.242952657144805e-05
1924,1.2889879941940308,3849.000116631677,15983.217046499252,6.239216434992985e-05
1925,1.1517058610916138,3851.000116631677,15992.998366832733,6.23547947547076e-05
1926,1.1324703693389893,3853.000116631677,16000.525167942047,6.231741780801771e-05
1927,1.0361661911010742,3855.000116631677,16011.015108823776,6.22800335321009e-05
1928,1.0652494430541992,3857.000116631677,16017.913578987122,6.22426419492023e-05
1929,1.3953617811203003,3859.000116631677,16028.41045165062,6.220524308157136e-05
1930,1.2755844593048096,3861.000116631677,16035.827119112015,6.216783695146185e-05
1931,1.391103744506836,3863.000116631677,16046.332765817642,6.21304235811319e-05
1932,1.1985034942626953,3865.000116631677,16054.916646718979,6.209300299284393e-05
1933,1.0961477756500244,3867.000116631677,16063.37200140953,6.205557520886466e-05
1934,1.2894625663757324,3869.000116631677,16070.689117193222,6.201814025146507e-05
1935,1.2484991550445557,3871.000116631677,16079.239880084991,6.198069814292043e-05
1936,1.0920675992965698,3873.000116631677,16087.619554281235,6.194324890551028e-05
1937,1.2411952018737793,3875.000116631677,16095.075728654861,6.190579256151837e-05
1938,1.0262715816497803,3877.000116631677,16104.26331782341,6.186832913323267e-05
1939,0.8839206099510193,3879.000116631677,16111.146636247635,6.183085864294544e-05
1940,1.1986348628997803,3881.000116631677,16116.853766918182,6.179338111295303e-05
1941,1.148543357849121,3883.000116631677,16124.28180384636,6.175589656555607e-05
1942,1.2567176818847656,3885.000116631677,16133.08514380455,6.171840502305933e-05
1943,1.2666056156158447,3887.000116631677,16140.912115335464,6.168090650777174e-05
1944,1.2844271659851074,3889.000116631677,16149.286486148834,6.16434010420064e-05
1945,1.1571073532104492,3891.000116631677,16156.768556833267,6.16058886480805e-05
1946,1.0473124980926514,3893.000116631677,16164.921119451523,6.15683693483154e-05
1947,1.0918700695037842,3895.000116631677,16173.463767290115,6.153084316503659e-05
1948,1.266752004623413,3897.000116631677,16181.090757608414,6.149331012057354e-05
1949,0.9503520727157593,3899.000116631677,16188.003736495972,6.145577023725995e-05
1950,1.0035706758499146,3901.000116631677,16197.676276922226,6.14182235374335e-05
1951,1.2169743776321411,3903.000116631677,16204.381566524506,6.138067004343592e-05
1952,1.0248422622680664,3905.000116631677,16213.499175786972,6.134310977761305e-05
1953,1.0706000328063965,3907.000116631677,16218.385524511337,6.130554276231469e-05
1954,1.1721184253692627,3909.000116631677,16227.332207679749,6.12679690198947e-05
1955,1.0077803134918213,3911.000116631677,16233.872129917145,6.123038857271091e-05
1956,1.2674331665039062,3913.000116631677,16242.458380937576,6.11928014431252e-05
1957,1.1742496490478516,3915.000116631677,16249.09159874916,6.115520765350331e-05
1958,1.2164459228515625,3917.000116631677,16257.601866006851,6.11176072262151e-05
1959,1.2557554244995117,3919.000116631677,16266.775822401047,6.108000018363424e-05
1960,1.099015712738037,3921.000116631677,16274.737719774246,6.104238654813843e-05
1961,1.2662208080291748,3923.000116631677,16283.306633472443,6.100476634210922e-05
1962,1.2919631004333496,3925.000116631677,16289.80925655365,6.0967139587932136e-05
1963,1.1161034107208252,3927.000116631677,16295.797348976135,6.0929506307996545e-05
1964,1.2156777381896973,3929.000116631677,16306.195095300674,6.089186652469574e-05
1965,1.0676963329315186,3931.000116631677,16315.645131111145,6.0854220260426865e-05
1966,1.0749127864837646,3933.000116631677,16322.725650072098,6.08165675375909e-05
1967,1.236081838607788,3935.000116631677,16330.814749002457,6.077890837859271e-05
1968,1.1656608581542969,3937.000116631677,16341.277723550797,6.074124280584098e-05
1969,1.3373091220855713,3939.000116631677,16349.555979251862,6.070357084174818e-05
1970,1.3203108310699463,3941.000116631677,16356.19067621231,6.0665892508730607e-05
1971,0.9736157655715942,3943.000116631677,16366.66923213005,6.062820782920835e-05
1972,1.067745327949524,3945.000116631677,16373.595047950745,6.059051682560526e-05
1973,1.1539673805236816,3947.000116631677,16379.903882741928,6.0552819520348975e-05
1974,1.0073270797729492,3949.000116631677,16389.08338689804,6.0515115935870854e-05
1975,1.2162020206451416,3951.000116631677,16395.848442792892,6.0477406094606005e-05
1976,1.2275347709655762,3953.000116631677,16403.509961128235,6.043969001899329e-05
1977,1.0551538467407227,3955.000116631677,16410.730055093765,6.04019677314752e-05
1978,0.9900410771369934,3957.000116631677,16418.93436026573,6.0364239254498e-05
1979,1.1977388858795166,3959.000116631677,16429.39285469055,6.032650461051164e-05
1980,1.1123470067977905,3961.000116631677,16437.60861468315,6.028876382196966e-05
1981,1.0624568462371826,3963.000116631677,16445.897331237793,6.0251016911329335e-05
1982,1.1958558559417725,3965.000116631677,16452.290739774704,6.021326390105154e-05
1983,1.0934734344482422,3967.000116631677,16462.771111249924,6.017550481360081e-05
1984,1.1114885807037354,3969.000116631677,16470.546116113663,6.013773967144529e-05
1985,1.2245140075683594,3971.000116631677,16481.028186559677,6.009996849705669e-05
1986,1.2749152183532715,3973.000116631677,16489.127623558044,6.006219131291035e-05
1987,1.169465184211731,3975.000116631677,16497.082862138748,6.002440814148518e-05
1988,0.9426795244216919,3977.000116631677,16504.884629249573,5.998661900526363e-05
1989,1.2082760334014893,3979.000116631677,16515.353746175766,5.994882392673173e-05
1990,1.266602873802185,3981.000116631677,16523.909832000732,5.991102292837902e-05
1991,1.000364065170288,3983.000116631677,16530.394053697586,5.987321603269861e-05
1992,1.1967308521270752,3985.000116631677,16538.547307014465,5.9835403262187036e-05
1993,1.2097883224487305,3987.000116631677,16546.02642416954,5.979758463934439e-05
1994,1.3179861307144165,3989.000116631677,16555.108428955078,5.975976018667426e-05
1995,1.3092352151870728,3991.000116631677,16564.91014647484,5.972192992668365e-05
1996,1.3557560443878174,3993.000116631677,16573.744029521942,5.9684093881883055e-05
1997,1.097156286239624,3995.000116631677,16581.559365272522,5.9646252074786396e-05
1998,1.1004536151885986,3997.000116631677,16592.031320095062,5.9608404527911036e-05
1999,1.2559621334075928,3999.000116631677,16598.957190036774,5.957055126377776e-05
2000,1.3194406032562256,4001.000116631677,16608.48343038559,5.9532692304910704e-05
2001,1.0922455787658691,4003.000116631677,16617.57239818573,5.949482767383746e-05
2002,1.0377953052520752,4005.000116631677,16626.566216230392,5.9456957393088976e-05
2003,1.2107657194137573,4007.000116631677,16632.199974298477,5.941908148519953e-05
2004,1.3253169059753418,4009.000116631677,16640.940441846848,5.938119997270679e-05
2005,1.4264094829559326,4011.000116631677,16650.929153442383,5.9343312878151716e-05
2006,1.1262084245681763,4013.000116631677,16661.449317216873,5.930542022407863e-05
2007,1.0150259733200073,4015.000116631677,16670.590344905853,5.926752203303515e-05
2008,1.0415436029434204,4017.000116631677,16679.656413078308,5.922961832757216e-05
2009,1.0449515581130981,4019.000116631677,16685.314908504486,5.919170913024385e-05
2010,1.2872579097747803,4021.000116631677,16693.876334667206,5.91537944636077e-05
2011,1.2828270196914673,4023.000116631677,16703.086550712585,5.911587435022442e-05
2012,1.242153286933899,4025.000116631677,16711.633329868317,5.907794881265794e-05
2013,1.0801950693130493,4027.000116631677,16718.6217982769,5.904001787347546e-05
2014,1.4549827575683594,4029.000116631677,16725.265224695206,5.9002081555247366e-05
2015,1.0998070240020752,4031.000116631677,16732.05009317398,5.896413988054726e-05
2016,1.2336676120758057,4033.000116631677,16739.50155854225,5.8926192871951914e-05
2017,1.079969882965088,4035.000116631677,16748.159666776657,5.888824055204129e-05
2018,1.25371253490448,4037.000116631677,16755.31934094429,5.885028294339849e-05
2019,1.192179799079895,4039.000116631677,16765.807487010956,5.88123200686098e-05
2020,1.3897173404693604,4041.000116631677,16774.676166057587,5.87743519502646e-05
2021,1.2986007928848267,4043.000116631677,16784.118985652924,5.8736378610955414e-05
2022,1.254338264465332,4045.000116631677,16791.615079402924,5.8698400073277864e-05
2023,1.2276277542114258,4047.000116631677,16798.75184249878,5.8660416359830684e-05
2024,1.3281688690185547,4049.000116631677,16807.799293279648,5.862242749321564e-05
2025,1.1058738231658936,4051.000116631677,16813.904672384262,5.858443349603762e-05
2026,1.2508509159088135,4053.000116631677,16823.27498793602,5.854643439090453e-05
2027,1.0940548181533813,4055.000116631677,16829.772386550903,5.850843020042732e-05
2028,1.1768417358398438,4057.000116631677,16838.696644067764,5.847042094721999e-05
2029,1.3270142078399658,4059.000116631677,16846.758407831192,5.8432406653899525e-05
2030,1.0075722932815552,4061.000116631677,16853.1893055439,5.83943873430859e-05
2031,1.273280143737793,4063.000116631677,16860.24530029297,5.835636303740212e-05
2032,1.1710588932037354,4065.000116631677,16869.106820106506,5.8318333759474105e-05
2033,1.2317501306533813,4067.000116631677,16876.347496509552,5.82802995319308e-05
2034,1.1037555932998657,4069.000116631677,16884.647661209106,5.824226037740404e-05
2035,1.225062370300293,4071.000116631677,16893.68548965454,5.820421631852861e-05
2036,1.188248872756958,4073.000116631677,16902.406698465347,5.8166167377942234e-05
2037,1.169006109237671,4075.000116631677,16910.120307207108,5.8128113578285506e-05
2038,1.2527443170547485,4077.000116631677,16916.43040251732,5.809005494220192e-05
2039,1.4732574224472046,4079.000116631677,16925.25373029709,5.805199149233787e-05
2040,1.154510259628296,4081.000116631677,16932.501395225525,5.801392325134259e-05
2041,1.1649187803268433,4083.000116631677,16940.575453042984,5.7975850241868176e-05
2042,1.1961991786956787,4085.000116631677,16949.51671218872,5.793777248656956e-05
2043,1.124639630317688,4087.000116631677,16958.52477836609,5.7899690008104496e-05
2044,1.216982126235962,4089.000116631677,16968.850234270096,5.786160282913354e-05
2045,1.1189507246017456,4091.000116631677,16976.178038597107,5.782351097232008e-05
2046,1.2471897602081299,4093.000116631677,16984.40067410469,5.778541446033025e-05
2047,1.068140983581543,4095.000116631677,16990.74893641472,5.774731331583297e-05
2048,1.0658133029937744,4097.000116631677,16998.142792224884,5.770920756149989e-05
2049,1.2421181201934814,4099.000116631677,17006.26197385788,5.767109722000546e-05
2050,1.2120084762573242,4101.000116631677,17014.96139383316,5.763298231402681e-05
2051,1.0999633073806763,4103.000116631677,17023.891790151596,5.759486286624379e-05
2052,1.0224238634109497,4105.000116631677,17029.010053396225,5.755673889933899e-05
2053,0.9631304740905762,4107.000116631677,17035.119463205338,5.751861043599762e-05
2054,1.2286921739578247,4109.000116631677,17045.60658979416,5.748047749890767e-05
2055,1.1644976139068604,4111.000116631677,17051.881260871887,5.7442340110759675e-05
2056,1.01682710647583,4113.000116631677,17062.382952213287,5.7404198294246896e-05
2057,1.209050178527832,4115.000116631677,17072.031401395798,5.736605207206522e-05
2058,1.0511926412582397,4117.000116631677,17082.25067949295,5.732790146691313e-05
2059,1.3116648197174072,4119.000116631677,17090.45748758316,5.728974650149173e-05
2060,1.1943168640136719,4121.000116631677,17097.467997312546,5.725158719850472e-05
2061,1.0908706188201904,4123.000116631677,17104.654968738556,5.721342358065837e-05
2062,0.9186007976531982,4125.000116631677,17110.896176815033,5.717525567066155e-05
2063,1.1957337856292725,4127.000116631677,17120.71531844139,5.713708349122566e-05
2064,1.2656662464141846,4129.000116631677,17128.953613996506,5.7098907065064594e-05
2065,1.090664029121399,4131.000116631677,17138.659690618515,5.706072641489487e-05
2066,1.347095012664795,4133.000116631677,17148.08715748787,5.7022541563435465e-05
2067,1.233347773551941,4135.000116631677,17154.958697795868,5.698435253340783e-05
2068,1.1049587726593018,4137.000116631677,17161.57442522049,5.694615934753597e-05
2069,1.103485345840454,4139.000116631677,17169.134388923645,5.6907962028546305e-05
2070,1.1735352277755737,4141.000116631677,17179.62089252472,5.6869760599167755e-05
2071,1.1130796670913696,4143.000116631677,17188.32438492775,5.683155508213164e-05
2072,1.2226059436798096,4145.000116631677,17197.576322555542,5.679334550017175e-05
2073,1.2976807355880737,4147.000116631677,17205.165583372116,5.6755131876024296e-05
2074,1.1548740863800049,4149.000116631677,17214.333183050156,5.671691423242785e-05
2075,1.1759865283966064,4151.000116631677,17222.90755534172,5.667869259212344e-05
2076,1.1159933805465698,4153.000116631677,17229.33421230316,5.66404669778544e-05
2077,1.1715526580810547,4155.000116631677,17238.044296741486,5.6602237412366504e-05
2078,1.1812556982040405,4157.000116631677,17243.19326353073,5.656400391840783e-05
2079,1.0086629390716553,4159.000116631677,17249.106683254242,5.652576651872882e-05
2080,1.2105947732925415,4161.000116631677,17259.580085754395,5.648752523608217e-05
2081,1.1921472549438477,4163.000116631677,17265.68069410324,5.6449280093223e-05
2082,1.0342402458190918,4165.000116631677,17273.656883716583,5.641103111290863e-05
2083,0.6009620428085327,4167.000116631677,17278.386838674545,5.637277831789872e-05
2084,1.4564337730407715,4169.000116631677,17287.97492146492,5.633452173095518e-05
2085,1.0930979251861572,4171.000116631677,17298.191779851913,5.6296261374842164e-05
2086,1.0130990743637085,4173.000116631677,17305.515648126602,5.62579972723261e-05
2087,1.154084324836731,4175.000116631677,17313.731478214264,5.62197294461756e-05
2088,1.1280213594436646,4177.000116631677,17321.40572118759,5.618145791916154e-05
2089,1.2042464017868042,4179.000116631677,17330.3951420784,5.614318271405699e-05
2090,1.0924007892608643,4181.000116631677,17340.886222839355,5.6104903853637175e-05
2091,1.0351834297180176,4183.000116631677,17351.38549900055,5.6066621360679524e-05
2092,1.0744683742523193,4185.000116631677,17360.597843647003,5.6028335257963616e-05
2093,0.9337615370750427,4187.000116631677,17371.091866970062,5.599004556827117e-05
2094,1.0758183002471924,4189.000116631677,17381.131110429764,5.595175231438607e-05
2095,1.1518235206604004,4191.000116631677,17389.956535100937,5.59134555190943e-05
2096,1.2002569437026978,4193.000116631677,17399.110664367676,5.587515520518394e-05
2097,1.1633343696594238,4195.000116631677,17409.178220510483,5.583685139544518e-05
2098,1.0994915962219238,4197.000116631677,17418.162952184677,5.5798544112670295e-05
2099,1.278914213180542,4199.000116631677,17424.88733100891,5.57602333796536e-05
2100,1.2546489238739014,4201.000116631677,17433.70207285881,5.572191921919151e-05
2101,1.203984022140503,4203.000116631677,17442.091969013214,5.568360165408243e-05
2102,1.1185855865478516,4205.000116631677,17452.54802083969,5.564528070712682e-05
2103,1.048305630683899,4207.000116631677,17460.000911712646,5.5606956401127134e-05
2104,1.308380126953125,4209.000116631677,17467.076752901077,5.556862875888785e-05
2105,1.1583333015441895,4211.000116631677,17473.061058044434,5.5530297803215416e-05
2106,1.1069303750991821,4213.000116631677,17481.484924554825,5.5491963556918215e-05
2107,0.8757196664810181,4215.000116631677,17488.053104877472,5.545362604280668e-05
2108,1.3632802963256836,4217.000116631677,17495.8006169796,5.541528528369309e-05
2109,0.9571235179901123,4219.000116631677,17504.22638320923,5.537694130239171e-05
2110,1.247119665145874,4221.000116631677,17513.03439426422,5.533859412171873e-05
2111,0.9574667811393738,4223.000116631677,17522.70224380493,5.5300243764492196e-05
2112,0.9948652982711792,4225.000116631677,17529.787614107132,5.526189025353209e-05
2113,1.2144770622253418,4227.000116631677,17537.940407276154,5.5223533611660266e-05
2114,0.7730192542076111,4229.000116631677,17542.4438560009,5.518517386170038e-05
2115,1.3094589710235596,4231.000116631677,17552.913250923157,5.5146811026478035e-05
2116,1.0970402956008911,4233.000116631677,17561.693993330002,5.5108445128820585e-05
2117,1.3178610801696777,4235.000116631677,17568.717923402786,5.507007619155726e-05
2118,1.146754503250122,4237.000116631677,17576.2137863636,5.5031704237519085e-05
2119,1.0362696647644043,4239.000116631677,17583.300805807114,5.499332928953885e-05
2120,1.2894690036773682,4241.000116631677,17593.769055843353,5.495495137045118e-05
2121,0.7548952102661133,4243.000116631677,17601.203862190247,5.491657050309242e-05
2122,1.1096930503845215,4245.000116631677,17610.23535847664,5.487818671030071e-05
2123,1.099518895149231,4247.000116631677,17618.96324300766,5.483980001491589e-05
2124,1.1143395900726318,4249.000116631677,17626.954605579376,5.480141043977955e-05
2125,1.1191256046295166,4251.000116631677,17637.431671142578,5.476301800773499e-05
2126,1.0894452333450317,4253.000116631677,17646.218964338303,5.472462274162723e-05
2127,1.3500289916992188,4255.000116631677,17654.591387987137,5.4686224664302927e-05
2128,0.937981367111206,4257.000116631677,17661.77221083641,5.4647823798610464e-05
2129,1.1790894269943237,4259.000116631677,17672.244335889816,5.4609420167399854e-05
2130,1.0974522829055786,4261.000116631677,17679.456104040146,5.4571013793522744e-05
2131,1.1298283338546753,4263.000116631677,17689.937265634537,5.453260469983245e-05
2132,1.1818336248397827,4265.000116631677,17696.357639551163,5.449419290918387e-05
2133,1.3245720863342285,4267.000116631677,17704.94302201271,5.4455778444433554e-05
2134,1.1492353677749634,4269.000116631677,17713.020627260208,5.441736132843959e-05
2135,1.1716161966323853,4271.000116631677,17722.980548381805,5.4378941584061656e-05
2136,1.0806388854980469,4273.000116631677,17730.90236401558,5.434051923416104e-05
2137,1.0712288618087769,4275.000116631677,17738.778668880463,5.4302094301600514e-05
2138,1.1717596054077148,4277.000116631677,17747.44122982025,5.426366680924441e-05
2139,1.3664617538452148,4279.000116631677,17755.187594890594,5.422523677995863e-05
2140,1.3230468034744263,4281.000116631677,17764.371303081512,5.418680423661051e-05
2141,1.079380989074707,4283.000116631677,17772.663345098495,5.4148369202068946e-05
2142,1.0793218612670898,4285.000116631677,17780.015734672546,5.410993169920425e-05
2143,1.2152214050292969,4287.000116631677,17787.916167259216,5.407149175088827e-05
2145,1.1503238677978516,4291.000116631677,17805.453421115875,5.3994604609397004e-05
2146,1.0588619709014893,4293.000116631677,17814.432330608368,5.395615746197257e-05
2147,1.3719130754470825,4295.000116631677,17822.52698302269,5.391770796059854e-05
2148,1.0448664426803589,4297.000116631677,17833.001861572266,5.387925612815386e-05
2149,1.4002225399017334,4299.000116631677,17841.46232676506,5.38408019875189e-05
2150,1.1774275302886963,4301.000116631677,17849.8518178463,5.3802345561575364e-05
2151,0.863836407661438,4303.000116631677,17858.05929708481,5.3763886873206344e-05
2152,1.3063652515411377,4305.000116631677,17864.82637000084,5.372542594529623e-05
2153,1.0986876487731934,4307.000116631677,17874.06253194809,5.368696280073084e-05
2154,1.0798490047454834,4309.000116631677,17881.789670228958,5.36484974623972e-05
2155,1.1381139755249023,4311.000116631677,17890.04897236824,5.361002995318372e-05
2156,1.137730598449707,4313.000116631677,17898.60618710518,5.3571560295980055e-05
2157,1.1237056255340576,4315.000116631677,17907.46436238289,5.3533088513677186e-05
2158,1.2445650100708008,4317.000116631677,17915.603904247284,5.3494614629167304e-05
2159,1.1738625764846802,4319.000116631677,17926.067758083344,5.345613866534387e-05
2160,1.2297577857971191,4321.000116631677,17933.64972782135,5.341766064510163e-05
2161,1.4757659435272217,4323.000116631677,17942.70017004013,5.337918059133646e-05
2162,1.2054188251495361,4325.000116631677,17950.294531822205,5.3340698526945536e-05
2163,1.160280466079712,4327.000116631677,17958.83406686783,5.330221447482717e-05
2164,1.2633416652679443,4329.000116631677,17967.50271320343,5.32637284578809e-05
2165,1.0401437282562256,4331.000116631677,17977.985664606094,5.322524049900742e-05
2166,1.070664405822754,4333.000116631677,17983.380629062653,5.318675062110855e-05
2167,1.2210755348205566,4335.000116631677,17989.26252603531,5.314825884708727e-05
2168,1.1087043285369873,4337.000116631677,17996.529472112656,5.3109765199847715e-05
2169,0.9718356132507324,4339.000116631677,18002.823175668716,5.3071269702295105e-05
2170,1.1981958150863647,4341.000116631677,18009.830450057983,5.303277237733576e-05
2171,1.0287446975708008,4343.000116631677,18018.751935958862,5.299427324787712e-05
2172,1.1155927181243896,4345.000116631677,18026.487616539,5.295577233682763e-05
2173,1.1406855583190918,4347.000116631677,18034.741284370422,5.291726966709688e-05
2174,1.1192433834075928,4349.000116631677,18043.741981506348,5.287876526159545e-05
2175,1.09980046749115,4351.000116631677,18051.225959300995,5.284025914323497e-05
2176,0.9938236474990845,4353.000116631677,18058.51234936714,5.280175133492809e-05
2177,1.1344108581542969,4355.000116631677,18064.315482616425,5.276324185958846e-05
2178,1.136246919631958,4357.000116631677,18070.50700378418,5.272473074013074e-05
2179,1.1882429122924805,4359.000116631677,18079.180510520935,5.268621799947054e-05
2180,1.053709864616394,4361.000116631677,18089.363006830215,5.264770366052444e-05
2181,0.9633177518844604,4363.000116631677,18098.745747327805,5.2609187746210015e-05
2182,1.1619893312454224,4365.000116631677,18107.529628753662,5.2570670279445696e-05
2183,1.06102454662323,4367.000116631677,18115.656756401062,5.2532151283150915e-05
2184,1.0108022689819336,4369.000116631677,18124.115837574005,5.249363078024597e-05
2185,1.2476117610931396,4371.000116631677,18131.240466833115,5.245510879365209e-05
2186,0.9999294281005859,4373.000116631677,18140.612717151642,5.241658534629133e-05
2187,1.1498668193817139,4375.000116631677,18149.443019390106,5.2378060461086684e-05
2188,1.1198170185089111,4377.000116631677,18156.01872229576,5.2339534160961944e-05
2189,1.3206250667572021,4379.000116631677,18164.909024715424,5.230100646884178e-05
2190,1.1478667259216309,4381.000116631677,18172.213195085526,5.226247740765167e-05
2191,1.3265185356140137,4383.000116631677,18180.631489753723,5.222394700031792e-05
2192,1.2420783042907715,4385.000116631677,18190.838648080826,5.2185415269767625e-05
2193,0.8364606499671936,4387.000116631677,18197.867923259735,5.2146882238928666e-05
2194,1.0353673696517944,4389.000116631677,18208.18536567688,5.2108347930729735e-05
2195,0.8444115519523621,4391.000116631677,18216.071710824966,5.206981236810022e-05
2196,0.9168304204940796,4393.000116631677,18223.38973760605,5.2031275573970304e-05
2197,1.2485272884368896,4395.000116631677,18232.422273397446,5.19927375712709e-05
2198,1.2663599252700806,4397.000116631677,18241.13026046753,5.1954198382933606e-05
2199,1.3027729988098145,4399.000116631677,18249.670372486115,5.191565803189078e-05
2200,1.2243062257766724,4401.000116631677,18258.671555519104,5.1877116541075406e-05
2201,1.1880700588226318,4403.000116631677,18266.092131137848,5.18385739334212e-05
2202,1.1596460342407227,4405.000116631677,18275.24863266945,5.180003023186252e-05
2203,1.3119693994522095,4407.000116631677,18284.789293527603,5.176148545933436e-05
2204,0.990453839302063,4409.000116631677,18292.000945091248,5.172293963877239e-05
2205,0.9040791988372803,4411.000116631677,18299.478395462036,5.1684392793112884e-05
2206,1.0490868091583252,4413.000116631677,18306.58686351776,5.1645844945292706e-05
2207,1.0776677131652832,4415.000116631677,18313.754202365875,5.160729611824935e-05
2208,1.1439054012298584,4417.000116631677,18322.866719722748,5.156874633492088e-05
2209,1.0806591510772705,4419.000116631677,18332.3208091259,5.153019561824591e-05
2210,1.0909125804901123,4421.000116631677,18341.09272837639,5.149164399116365e-05
2211,1.0677239894866943,4423.000116631677,18347.455174684525,5.14530914766138e-05
2212,1.3379642963409424,4425.000116631677,18354.26073908806,5.1414538097536634e-05
2213,1.4236252307891846,4427.000116631677,18364.747443437576,5.1375983876872926e-05
2214,1.1401407718658447,4429.000116631677,18373.526131629944,5.133742883756392e-05
2215,1.1924777030944824,4431.000116631677,18384.021113872528,5.12988730025514e-05
2216,1.1230040788650513,4433.000116631677,18393.426331996918,5.12603163947776e-05
2217,1.260345697402954,4435.000116631677,18400.68869805336,5.12217590371852e-05
2218,0.9845713973045349,4437.000116631677,18409.23851466179,5.118320095271733e-05
2219,1.25339937210083,4439.000116631677,18419.721393823624,5.114464216431757e-05
2220,1.0262820720672607,4441.000116631677,18430.24073624611,5.110608269492992e-05
2221,1.0218080282211304,4443.000116631677,18438.55139517784,5.106752256749876e-05
2222,1.1026639938354492,4445.000116631677,18449.06660938263,5.102896180496887e-05
2223,1.3058991432189941,4447.000116631677,18459.595301389694,5.0990400430285424e-05
2224,1.2628536224365234,4449.000116631677,18467.22357082367,5.095183846639395e-05
2225,1.2458688020706177,4451.000116631677,18477.717154979706,5.0913275936240334e-05
2226,1.2932100296020508,4453.000116631677,18486.311630249023,5.087471286277078e-05
2227,0.8709590435028076,4455.000116631677,18495.30984568596,5.0836149268931816e-05
2228,1.1059225797653198,4457.000116631677,18504.73005270958,5.0797585177670306e-05
2229,1.24073326587677,4459.000116631677,18515.213560581207,5.075902061193339e-05
2230,1.079618215560913,4461.000116631677,18524.195360183716,5.072045559466849e-05
2231,1.2012994289398193,4463.000116631677,18534.251475572586,5.068189014882333e-05
2232,1.1307334899902344,4465.000116631677,18544.72664833069,5.0643324297345816e-05
2233,1.3378304243087769,4467.000116631677,18553.02507829666,5.0604758063184184e-05
2234,1.1826143264770508,4469.000116631677,18560.521600723267,5.056619146928682e-05
2235,1.069770336151123,4471.000116631677,18570.99598455429,5.052762453860237e-05
2236,1.4183573722839355,4473.000116631677,18578.714203119278,5.048905729407967e-05
2237,1.066569447517395,4475.000116631677,18587.64465713501,5.045048975866774e-05
2238,1.1854009628295898,4477.000116631677,18594.415688991547,5.041192195531575e-05
2239,1.190476417541504,4479.000116631677,18604.743771076202,5.0373353906973084e-05
2240,1.2295401096343994,4481.000116631677,18613.133892774582,5.0334785636589235e-05
2241,1.2564642429351807,4483.000116631677,18623.23570728302,5.029621716711383e-05
2242,1.1273524761199951,4485.000116631677,18633.723689556122,5.0257648521496626e-05
2243,1.3026914596557617,4487.000116631677,18640.464404582977,5.021907972268746e-05
2244,1.1897209882736206,4489.000116631677,18650.928385972977,5.01805107936363e-05
2245,1.0100165605545044,4491.000116631677,18658.287157535553,5.014194175729315e-05
2246,1.2392550706863403,4493.000116631677,18666.4424366951,5.0103372636608105e-05
2247,1.1135640144348145,4495.000116631677,18671.798466205597,5.006480345453131e-05
2248,1.2054386138916016,4497.000116631677,18680.61447906494,5.002623423401291e-05
2249,1.0342891216278076,4499.000116631677,18688.550345420837,4.9987664998003144e-05
2250,1.2374188899993896,4501.000116631677,18697.570523262024,4.994909576945217e-05
2251,1.0834953784942627,4503.000116631677,18706.935441732407,4.991052657131024e-05
2252,1.2495007514953613,4505.000116631677,18712.591087579727,4.9871957426527495e-05
2253,1.1853283643722534,4507.000116631677,18722.00381708145,4.98333883580541e-05
2254,1.2153189182281494,4509.000116631677,18731.11273741722,4.979481938884018e-05
2255,1.2447526454925537,4511.000116631677,18738.28414273262,4.9756250541835755e-05
2256,1.1961233615875244,4513.000116631677,18746.647703886032,4.9717681839990805e-05
2257,1.370807409286499,4515.000116631677,18754.142201185226,4.9679113306255224e-05
2258,1.1526315212249756,4517.000116631677,18764.269555091858,4.964054496357882e-05
2259,1.1952641010284424,4519.000116631677,18774.75685763359,4.9601976834911226e-05
2260,1.0913516283035278,4521.000116631677,18783.06206345558,4.956340894320201e-05
2261,1.06281316280365,4523.000116631677,18791.94220662117,4.952484131140059e-05
2262,1.3246607780456543,4525.000116631677,18802.44231247902,4.948627396245618e-05
2263,0.9346122741699219,4527.000116631677,18808.578715324402,4.94477069193179e-05
2264,1.3951022624969482,4529.000116631677,18819.05594754219,4.9409140204934645e-05
2265,1.2164037227630615,4531.000116631677,18826.765830516815,4.93705738422551e-05
2266,0.9581878185272217,4533.000116631677,18834.831446170807,4.9332007854227774e-05
2267,1.2781963348388672,4535.000116631677,18844.54530930519,4.9293442263800964e-05
2268,1.105351448059082,4537.000116631677,18852.543127536774,4.925487709392265e-05
2269,1.2873427867889404,4539.000116631677,18861.11540555954,4.921631236754066e-05
2270,1.175952672958374,4541.000116631677,18869.276816368103,4.9177748107602505e-05
2271,1.3118000030517578,4543.000116631677,18879.796198368073,4.913918433705545e-05
2272,1.0893691778182983,4545.000116631677,18885.026878595352,4.910062107884641e-05
2273,1.3626117706298828,4547.000116631677,18893.752485990524,4.9062058355922056e-05
2274,1.1099681854248047,4549.000116631677,18904.08995771408,4.9023496191228725e-05
2275,1.0217852592468262,4551.000116631677,18909.486536741257,4.898493460771239e-05
2276,1.1876671314239502,4553.000116631677,18918.23456430435,4.894637362831872e-05
2277,1.251793622970581,4555.000116631677,18928.019937992096,4.8907813275993036e-05
2278,1.0807254314422607,4557.000116631677,18936.93298792839,4.88692535736802e-05
2279,1.2530901432037354,4559.000116631677,18946.09185552597,4.883069454432477e-05
2280,1.1967933177947998,4561.000116631677,18955.615560770035,4.879213621087091e-05
2281,1.3003261089324951,4563.000116631677,18966.109542131424,4.8753578596262284e-05
2282,1.0713027715682983,4565.000116631677,18971.72460460663,4.871502172344221e-05
2283,1.0913740396499634,4567.000116631677,18981.439856529236,4.8676465615353544e-05
2284,1.1870965957641602,4569.000116631677,18988.818455934525,4.863791029493866e-05
2285,1.3185657262802124,4571.000116631677,18997.236131191254,4.8599355785139495e-05
2286,1.0843230485916138,4573.000116631677,19005.935436964035,4.856080210889749e-05
2287,1.231593132019043,4575.000116631677,19014.24311041832,4.8522249289153624e-05
2288,1.0905629396438599,4577.000116631677,19023.89959192276,4.848369734884827e-05
2289,1.4219117164611816,4579.000116631677,19032.33352971077,4.844514631092138e-05
2290,1.1881022453308105,4581.000116631677,19041.503859996796,4.8406596198312355e-05
2291,1.1684317588806152,4583.000116631677,19048.737298965454,4.8368047033959974e-05
2292,1.1623561382293701,4585.000116631677,19057.144329309464,4.832949884080251e-05
2293,1.1889984607696533,4587.000116631677,19065.377407073975,4.829095164177767e-05
2294,1.1355476379394531,4589.000116631677,19073.116702079773,4.825240545982253e-05
2295,1.2731692790985107,4591.000116631677,19083.609473228455,4.821386031787357e-05
2296,1.0533788204193115,4593.000116631677,19093.25236082077,4.8175316238866696e-05
2297,1.4364373683929443,4595.000116631677,19102.651839733124,4.8136773245737095e-05
2298,1.0954508781433105,4597.000116631677,19112.08472585678,4.809823136141938e-05
2299,1.3500416278839111,4599.000116631677,19119.731184244156,4.805969060884749e-05
2300,1.2127859592437744,4601.000116631677,19127.224484205246,4.802115101095469e-05
2301,1.136042833328247,4603.000116631677,19134.28266429901,4.79826125906735e-05
2302,1.2200238704681396,4605.000116631677,19143.460785865784,4.794407537093584e-05
2303,1.0552310943603516,4607.000116631677,19149.205540418625,4.790553937467286e-05
2304,1.3009042739868164,4609.000116631677,19158.392151117325,4.7867004624814957e-05
2305,1.2106884717941284,4611.000116631677,19166.748168945312,4.782847114429183e-05
2306,1.213146686553955,4613.000116631677,19175.44371986389,4.7789938956032425e-05
2307,1.3188539743423462,4615.000116631677,19183.428820371628,4.775140808296488e-05
2308,1.131598711013794,4617.000116631677,19191.927030086517,4.771287854801658e-05
2309,0.9381535053253174,4619.000116631677,19197.08527636528,4.767435037411413e-05
2310,1.0808141231536865,4621.000116631677,19204.05535054207,4.763582358418327e-05
2311,1.357520341873169,4623.000116631677,19213.63348555565,4.759729820114895e-05
2312,1.266524076461792,4625.000116631677,19224.087386608124,4.755877424793532e-05
2313,1.2619810104370117,4627.000116631677,19234.56077647209,4.752025174746559e-05
2314,1.124380350112915,4629.000116631677,19242.420077562332,4.748173072266218e-05
2315,1.161221981048584,4631.000116631677,19249.373629570007,4.744321119644661e-05
2316,0.99677973985672,4633.000116631677,19254.613437652588,4.740469319173951e-05
2317,1.1833360195159912,4635.000116631677,19261.143252134323,4.736617673146059e-05
2318,0.9842011332511902,4637.000116631677,19268.04675936699,4.7327661838528646e-05
2319,0.9832888841629028,4639.000116631677,19275.993794441223,4.728914853586159e-05
2320,1.1718904972076416,4641.000116631677,19285.390693187714,4.725063684637628e-05
2321,1.3252317905426025,4643.000116631677,19295.17755007744,4.7212126792988734e-05
2322,0.9420760869979858,4645.000116631677,19299.519876003265,4.717361839861392e-05
2323,1.3806378841400146,4647.000116631677,19306.95598435402,4.713511168616584e-05
2324,1.2941786050796509,4649.000116631677,19317.44903945923,4.709660667855748e-05
2325,1.014944076538086,4651.000116631677,19326.25894331932,4.7058103398700866e-05
2326,1.0204451084136963,4653.000116631677,19335.070098876953,4.701960186950692e-05
2327,1.2757141590118408,4655.000116631677,19343.216918706894,4.698110211388559e-05
2328,1.0738961696624756,4657.000116631677,19348.45809531212,4.69426041547457e-05
2329,1.3647085428237915,4659.000116631677,19357.53100013733,4.690410801499509e-05
2330,1.271308183670044,4661.000116631677,19366.346772670746,4.686561371754044e-05
2331,1.2090423107147217,4663.000116631677,19374.87672138214,4.682712128528736e-05
2332,1.0489803552627563,4665.000116631677,19385.36627650261,4.678863074114039e-05
2333,1.194725751876831,4667.000116631677,19395.43949365616,4.675014210800287e-05
2334,1.2321021556854248,4669.000116631677,19405.03625202179,4.671165540877705e-05
2335,1.0852138996124268,4671.000116631677,19413.41863131523,4.667317066636406e-05
2336,1.0190180540084839,4673.000116631677,19423.907002449036,4.663468790366379e-05
2337,1.2832167148590088,4675.000116631677,19434.41785287857,4.659620714357499e-05
2338,1.2176166772842407,4677.000116631677,19441.585253953934,4.655772840899525e-05
2339,1.2462868690490723,4679.000116631677,19449.246472597122,4.651925172282089e-05
2340,1.1713032722473145,4681.000116631677,19457.110503911972,4.6480777107947066e-05
2341,1.2344038486480713,4683.000116631677,19466.469134569168,4.644230458726767e-05
2342,1.264050006866455,4685.000116631677,19475.49132180214,4.640383418367539e-05
2343,1.1438727378845215,4687.000116631677,19482.62601995468,4.636536592006158e-05
2344,1.158653736114502,4689.000116631677,19490.49944281578,4.632689981931637e-05
2345,1.0963915586471558,4691.000116631677,19496.20765209198,4.628843590432863e-05
2346,1.3564144372940063,4693.000116631677,19506.687784433365,4.624997419798585e-05
2347,1.3880693912506104,4695.000116631677,19513.06191110611,4.6211514723174275e-05
2348,1.2196669578552246,4697.000116631677,19523.50543475151,4.61730575027788e-05
2349,1.1958277225494385,4699.000116631677,19532.183429718018,4.6134602559682965e-05
2350,1.048205018043518,4701.000116631677,19540.867839813232,4.6096149916768975e-05
2351,1.0239529609680176,4703.000116631677,19548.95235466957,4.605769959691768e-05
2352,0.9095258712768555,4705.000116631677,19556.115526914597,4.601925162300848e-05
2353,1.2843949794769287,4707.000116631677,19565.149846553802,4.598080601791946e-05
2354,1.3445631265640259,4709.000116631677,19570.18725156784,4.5942362804527254e-05
2355,1.0790119171142578,4711.000116631677,19579.931804418564,4.5903922005707064e-05
2356,1.2586238384246826,4713.000116631677,19588.817368984222,4.586548364433268e-05
2357,1.160163164138794,4715.000116631677,19597.865996837616,4.582704774327643e-05
2358,1.1956415176391602,4717.000116631677,19604.383466482162,4.578861432540921e-05
2359,1.0921292304992676,4719.000116631677,19610.77049612999,4.575018341360036e-05
2360,1.2047686576843262,4721.000116631677,19617.428983926773,4.5711755030717794e-05
2361,1.0495561361312866,4723.000116631677,19626.774875879288,4.5673329199627933e-05
2362,1.355197548866272,4725.000116631677,19635.931549072266,4.5634905943195615e-05
2363,0.970746636390686,4727.000116631677,19644.25156879425,4.559648528428419e-05
2364,1.3613375425338745,4729.000116631677,19651.146440267563,4.555806724575548e-05
2365,1.1710283756256104,4731.000116631677,19657.934363365173,4.551965185046968e-05
2366,1.1156501770019531,4733.000116631677,19668.403834581375,4.548123912128548e-05
2367,1.4138493537902832,4735.000116631677,19678.52368092537,4.544282908105998e-05
2368,1.1114370822906494,4737.000116631677,19686.982384443283,4.5404421752648614e-05
2369,1.1784162521362305,4739.000116631677,19693.46855545044,4.536601715890526e-05
2370,1.044276475906372,4741.000116631677,19701.376690387726,4.532761532268216e-05
2371,1.3438971042633057,4743.000116631677,19711.106739282608,4.5289216266829924e-05
2372,1.1424986124038696,4745.000116631677,19720.468735694885,4.525082001419746e-05
2373,1.1322290897369385,4747.000116631677,19729.313102960587,4.5212426587632074e-05
2374,1.2669799327850342,4749.000116631677,19739.784212589264,4.5174036009979366e-05
2375,1.0196248292922974,4751.000116631677,19750.285212278366,4.513564830408319e-05
2376,1.166794776916504,4753.000116631677,19759.72069478035,4.5097263492785756e-05
2377,1.2668969631195068,4755.000116631677,19767.67378115654,4.5058881598927556e-05
2378,1.2592958211898804,4757.000116631677,19777.022225618362,4.502050264534727e-05
2379,1.1711788177490234,4759.000116631677,19785.969209194183,4.4982126654881906e-05
2380,1.1208469867706299,4761.000116631677,19794.813385486603,4.494375365036669e-05
2381,1.2747058868408203,4763.000116631677,19802.6277179718,4.490538365463504e-05
2382,1.3014739751815796,4765.000116631677,19810.76288676262,4.486701669051863e-05
2383,1.2928006649017334,4767.000116631677,19817.768805980682,4.482865278084729e-05
2384,1.1474618911743164,4769.000116631677,19827.60316681862,4.4790291948449035e-05
2385,1.127945899963379,4771.000116631677,19836.3077545166,4.475193421615009e-05
2386,1.1570990085601807,4773.000116631677,19845.745802879333,4.471357960677479e-05
2387,1.2282829284667969,4775.000116631677,19854.901002168655,4.467522814314565e-05
2388,1.2606446743011475,4777.000116631677,19862.875580072403,4.463687984808327e-05
2389,1.2021772861480713,4779.000116631677,19870.297069072723,4.459853474440639e-05
2390,1.376054286956787,4781.000116631677,19877.565227746964,4.4560192854931874e-05
2391,1.3735146522521973,4783.000116631677,19884.74905705452,4.452185420247461e-05
2392,1.1872917413711548,4785.000116631677,19893.05021739006,4.4483518809847616e-05
2393,1.319029688835144,4787.000116631677,19901.29421567917,4.4445186699861956e-05
2394,1.3157613277435303,4789.000116631677,19911.759288072586,4.4406857895326726e-05
2395,1.1489641666412354,4791.000116631677,19920.056196689606,4.436853241904907e-05
2396,1.0806831121444702,4793.000116631677,19928.39753627777,4.433021029383416e-05
2397,1.0689440965652466,4795.000116631677,19936.544019460678,4.4291891542485135e-05
2398,0.9589568376541138,4797.000116631677,19946.3624689579,4.425357618780316e-05
2399,1.2597734928131104,4799.000116631677,19954.29994702339,4.421526425258739e-05
2400,1.1206674575805664,4801.000116631677,19964.015115499496,4.417695575963493e-05
2401,1.2792282104492188,4803.000116631677,19973.529804229736,4.4138650731740794e-05
2402,1.23511803150177,4805.000116631677,19980.551500558853,4.4100349191698e-05
2403,1.112887978553772,4807.000116631677,19989.097583770752,4.4062051162297475e-05
2404,1.140584111213684,4809.000116631677,19997.65815925598,4.402375666632802e-05
2405,1.0839388370513916,4811.000116631677,20004.536007881165,4.398546572657636e-05
2406,0.8403002023696899,4813.000116631677,20013.505742311478,4.394717836582715e-05
2407,1.1669964790344238,4815.000116631677,20019.020304441452,4.390889460686281e-05
2408,0.8935356736183167,4817.000116631677,20026.06495833397,4.387061447246371e-05
2409,1.2455241680145264,4819.000116631677,20032.62318921089,4.383233798540803e-05
2410,1.1283342838287354,4821.000116631677,20038.808318138123,4.379406516847175e-05
2411,1.2788933515548706,4823.000116631677,20046.78737092018,4.375579604442871e-05
2412,0.8306186199188232,4825.000116631677,20054.207745552063,4.3717530636050537e-05
2413,1.247713565826416,4827.000116631677,20063.02449941635,4.367926896610666e-05
2414,1.1578177213668823,4829.000116631677,20071.738355398178,4.364101105736428e-05
2415,1.1562950611114502,4831.000116631677,20080.158452749252,4.36027569325883e-05
2416,1.2967615127563477,4833.000116631677,20087.927773475647,4.356450661454148e-05
2417,0.8667776584625244,4835.000116631677,20096.755195856094,4.352626012598421e-05
2418,1.075453758239746,4837.000116631677,20104.55580329895,4.3488017489674674e-05
2419,1.112884283065796,4839.000116631677,20113.916566848755,4.344977872836876e-05
2420,1.067812204360962,4841.000116631677,20120.829224824905,4.341154386481997e-05
2421,1.1522109508514404,4843.000116631677,20129.52628827095,4.3373312921779586e-05
2422,1.031482219696045,4845.000116631677,20139.241504192352,4.3335085921996525e-05
2423,1.2391157150268555,4847.000116631677,20148.642439603806,4.329686288821731e-05
2424,1.2487627267837524,4849.000116631677,20157.655333042145,4.325864384318616e-05
2425,1.2993030548095703,4851.000116631677,20166.13480424881,4.322042880964492e-05
2426,1.0126090049743652,4853.000116631677,20174.68469953537,4.3182217810333e-05
2427,1.1833689212799072,4855.000116631677,20182.62458896637,4.314401086798748e-05
2428,1.117593765258789,4857.000116631677,20191.628626823425,4.310580800534295e-05
2429,1.1259434223175049,4859.000116631677,20201.11831665039,4.306760924513165e-05
2430,1.110902190208435,4861.000116631677,20209.346467494965,4.30294146100833e-05
2431,1.1739609241485596,4863.000116631677,20219.859088897705,4.2991224122925204e-05
2432,1.0247414112091064,4865.000116631677,20229.00866985321,4.295303780638224e-05
2433,1.0605077743530273,4867.000116631677,20236.555968761444,4.291485568317671e-05
2434,1.1808059215545654,4869.000116631677,20244.918965101242,4.2876677776028485e-05
2435,1.101693868637085,4871.000116631677,20253.72734117508,4.2838504107654944e-05
2436,1.4077506065368652,4873.000116631677,20264.23562169075,4.280033470077088e-05
2437,1.3295392990112305,4875.000116631677,20273.075731277466,4.27621695780886e-05
2438,1.1650763750076294,4877.000116631677,20281.142513036728,4.272400876231787e-05
2439,1.2122308015823364,4879.000116631677,20289.51372408867,4.268585227616583e-05
2440,1.2647714614868164,4881.000116631677,20297.168785333633,4.2647700142337085e-05
2441,1.264227271080017,4883.000116631677,20304.984629631042,4.260955238353367e-05
2442,1.1494059562683105,4885.000116631677,20311.921311616898,4.2571409022455e-05
2443,1.204756736755371,4887.000116631677,20322.17320394516,4.253327008179785e-05
2444,1.0254279375076294,4889.000116631677,20330.059824228287,4.249513558425638e-05
2445,1.4073710441589355,4891.000116631677,20336.74397969246,4.245700555252214e-05
2446,1.0311707258224487,4893.000116631677,20345.88591170311,4.241888000928395e-05
2447,1.1390621662139893,4895.000116631677,20352.805490016937,4.238075897722802e-05
2448,1.0525705814361572,4897.000116631677,20360.016112327576,4.234264247903787e-05
2449,1.2937065362930298,4899.000116631677,20368.59086203575,4.2304530537394283e-05
2450,1.0267761945724487,4901.000116631677,20379.062477588654,4.226642317497538e-05
2451,1.1021761894226074,4903.000116631677,20386.53427886963,4.222832041445654e-05
2452,1.2742515802383423,4905.000116631677,20394.342373132706,4.219022227851036e-05
2453,1.0947515964508057,4907.000116631677,20404.795089244843,4.2152128789806747e-05
2454,1.0113366842269897,4909.000116631677,20411.7911298275,4.211403997101284e-05
2455,1.4108713865280151,4911.000116631677,20420.052499771118,4.207595584479292e-05
2456,1.2239210605621338,4913.000116631677,20429.82701277733,4.203787643380858e-05
2457,1.2755777835845947,4915.000116631677,20438.354948282242,4.199980176071855e-05
2458,1.32069730758667,4917.000116631677,20447.717688322067,4.196173184817875e-05
2459,1.025644063949585,4919.000116631677,20456.896552085876,4.192366671884227e-05
2460,1.180687665939331,4921.000116631677,20465.698946475983,4.1885606395359344e-05
2461,1.1634610891342163,4923.000116631677,20475.71372103691,4.184755090037738e-05
2462,1.161421298980713,4925.000116631677,20486.21193742752,4.1809500256540855e-05
2463,0.9229238629341125,4927.000116631677,20492.434331655502,4.177145448649141e-05
2464,1.0713801383972168,4929.000116631677,20502.912893533707,4.173341361286777e-05
2465,1.4022784233093262,4931.000116631677,20513.365958690643,4.169537765830573e-05
2466,1.0914771556854248,4933.000116631677,20521.417239189148,4.1657346645438175e-05
2467,1.0308820009231567,4935.000116631677,20530.23362803459,4.161932059689506e-05
2468,0.9331803917884827,4937.000116631677,20535.978468179703,4.158129953530337e-05
2469,1.287009596824646,4939.000116631677,20542.511684179306,4.1543283483287116e-05
2470,1.1250965595245361,4941.000116631677,20548.437688827515,4.150527246346734e-05
2471,1.079993486404419,4943.000116631677,20557.56851387024,4.14672664984621e-05
2472,1.1295113563537598,4945.000116631677,20562.73251414299,4.142926561088641e-05
2473,1.1200616359710693,4947.000116631677,20570.818857192993,4.13912698233523e-05
2474,1.014995813369751,4949.000116631677,20579.534667253494,4.135327915846878e-05
2475,1.295107126235962,4951.000116631677,20590.026801347733,4.1315293638841724e-05
2476,1.2792338132858276,4953.000116631677,20598.61067342758,4.1277313287074036e-05
2477,1.2816987037658691,4955.000116631677,20607.747373580933,4.1239338125765535e-05
2478,1.3027414083480835,4957.000116631677,20616.900634527206,4.120136817751288e-05
2479,1.2273919582366943,4959.000116631677,20622.495626926422,4.11634034649097e-05
2480,1.076648235321045,4961.000116631677,20632.0138964653,4.11254440105465e-05
2481,1.3584935665130615,4963.000116631677,20642.272669553757,4.1087489837010615e-05
2482,1.3439226150512695,4965.000116631677,20649.629032611847,4.1049540966886276e-05
2483,1.2961502075195312,4967.000116631677,20660.153069257736,4.1011597422754555e-05
2484,1.2082358598709106,4969.000116631677,20670.656141757965,4.0973659227193364e-05
2485,1.124262809753418,4971.000116631677,20679.72639131546,4.0935726402777366e-05
2486,1.2031162977218628,4973.000116631677,20687.385844230652,4.0897798972078105e-05
2487,1.231154441833496,4975.000116631677,20696.948476314545,4.08598769576639e-05
2488,1.0778388977050781,4977.000116631677,20705.32470846176,4.08219603820998e-05
2489,1.1950979232788086,4979.000116631677,20712.780123710632,4.0784049267947674e-05
2490,1.270164966583252,4981.000116631677,20719.384041786194,4.074614363776612e-05
2491,1.212239384651184,4983.000116631677,20727.143544197083,4.070824351411047e-05
2492,1.239881157875061,4985.000116631677,20735.596339941025,4.0670348919532775e-05
2493,1.2811779975891113,4987.000116631677,20746.095804691315,4.063245987658183e-05
2494,1.143676519393921,4989.000116631677,20753.443016767502,4.059457640780306e-05
2495,1.1768040657043457,4991.000116631677,20761.528263568878,4.055669853573863e-05
2496,0.9929884076118469,4993.000116631677,20768.83947110176,4.051882628292737e-05
2497,1.1693178415298462,4995.000116631677,20779.322628498077,4.048095967190472e-05
2498,1.1694724559783936,4997.000116631677,20787.86248731613,4.044309872520282e-05
2499,1.073439121246338,4999.000116631677,20797.57451081276,4.0405243465350416e-05
2500,1.1334943771362305,5001.000116631677,20808.00308251381,4.036739391487288e-05
2501,1.0362991094589233,5003.000116631677,20818.493272304535,4.032955009629215e-05
2502,1.2925820350646973,5005.000116631677,20825.873745679855,4.0291712032126786e-05
2503,1.1432406902313232,5007.000116631677,20834.8694729805,4.025387974489194e-05
2504,1.2813057899475098,5009.000116631677,20842.510137081146,4.021605325709929e-05
2505,0.9989492893218994,5011.000116631677,20851.316960334778,4.017823259125705e-05
2506,1.2396657466888428,5013.000116631677,20861.103217363358,4.014041776987007e-05
2507,1.508601188659668,5015.000116631677,20868.789997577667,4.0102608815439574e-05
2508,1.1408958435058594,5017.000116631677,20878.59784269333,4.0064805750463395e-05
2509,1.0944867134094238,5019.000116631677,20887.757547855377,4.002700859743586e-05
2510,1.3630629777908325,5021.000116631677,20894.192624092102,3.998921737884772e-05
2511,1.0689482688903809,5023.000116631677,20900.563908815384,3.9951432117186255e-05
2512,1.1034269332885742,5025.000116631677,20908.308961629868,3.9913652834935154e-05
2513,1.020796775817871,5027.000116631677,20916.85373735428,3.987587955457461e-05
2514,1.14149808883667,5029.000116631677,20923.839431524277,3.983811229858114e-05
2515,1.3321714401245117,5031.000116631677,20931.19810271263,3.980035108942779e-05
2516,1.1831109523773193,5033.000116631677,20940.557593345642,3.976259594958397e-05
2517,1.3115864992141724,5035.000116631677,20950.6884829998,3.9724846901515416e-05
2518,1.104767084121704,5037.000116631677,20959.04108929634,3.968710396768432e-05
2519,1.2413749694824219,5039.000116631677,20966.514308214188,3.9649367170549206e-05
2520,0.9980238080024719,5041.000116631677,20974.449020147324,3.9611636532564936e-05
2521,1.0218479633331299,5043.000116631677,20982.755389928818,3.957391207618271e-05
2522,1.080381155014038,5045.000116631677,20989.506173849106,3.953619382385008e-05
2523,1.1992099285125732,5047.000116631677,20998.32130265236,3.949848179801087e-05
2524,0.9898046851158142,5049.000116631677,21008.16087126732,3.94607760211052e-05
2525,1.108619213104248,5051.000116631677,21016.030983924866,3.942307651556953e-05
2526,1.2790358066558838,5053.000116631677,21023.009714126587,3.938538330383648e-05
2527,1.0247055292129517,5055.000116631677,21030.744835853577,3.934769640833502e-05
2528,1.3845046758651733,5057.000116631677,21038.6709485054,3.931001585149032e-05
2529,0.9556826949119568,5059.000116631677,21047.24942588806,3.927234165572382e-05
2530,1.4303439855575562,5061.000116631677,21055.80336046219,3.9234673843453086e-05
2531,1.1676130294799805,5063.000116631677,21064.670938253403,3.9197012437091976e-05
2532,1.0588102340698242,5065.000116631677,21073.383152723312,3.915935745905051e-05
2533,1.1728851795196533,5067.000116631677,21082.490698814392,3.9121708931734836e-05
2534,1.2826696634292603,5069.000116631677,21090.84732580185,3.9084066877547324e-05
2535,1.1047310829162598,5071.000116631677,21100.004953622818,3.904643131888648e-05
2536,1.0923510789871216,5073.000116631677,21105.951455116272,3.9008802278146914e-05
2537,1.111145257949829,5075.000116631677,21114.792988061905,3.89711797777194e-05
2538,1.185260534286499,5077.000116631677,21120.827469348907,3.8933563839990805e-05
2539,1.1102888584136963,5079.000116631677,21128.581461429596,3.889595448734404e-05
2540,0.9252537488937378,5081.000116631677,21137.805332660675,3.885835174215818e-05
2541,1.2762951850891113,5083.000116631677,21145.63259458542,3.882075562680832e-05
2542,1.1514804363250732,5085.000116631677,21156.11363863945,3.878316616366565e-05
2543,1.143073320388794,5087.000116631677,21162.504603147507,3.8745583375097316e-05
2544,0.9203653335571289,5089.000116631677,21170.304000854492,3.8708007283466584e-05
2545,1.1947365999221802,5091.000116631677,21180.64314723015,3.867043791113271e-05
2546,1.22267746925354,5093.000116631677,21189.86061644554,3.863287528045091e-05
2547,1.308319330215454,5095.000116631677,21200.35680770874,3.8595319413772435e-05
2548,0.9583730697631836,5097.000116631677,21208.027508735657,3.855777033344452e-05
2549,1.1596115827560425,5099.000116631677,21216.54538989067,3.852022806181029e-05
2550,1.0746726989746094,5101.000116631677,21224.483565330505,3.84826926212089e-05
2551,0.865626335144043,5103.000116631677,21229.56578874588,3.8445164033975424e-05
2552,1.4051225185394287,5105.000116631677,21240.05380010605,3.840764232244079e-05
2553,1.2433210611343384,5107.000116631677,21250.33646583557,3.837012750893191e-05
2554,1.1093058586120605,5109.000116631677,21258.65025496483,3.833261961577158e-05
2555,1.0910719633102417,5111.000116631677,21268.678760051727,3.829511866527844e-05
2556,1.0205636024475098,5113.000116631677,21274.120530366898,3.825762467976706e-05
2557,1.1161859035491943,5115.000116631677,21281.8212556839,3.8220137681547786e-05
2558,1.1429970264434814,5117.000116631677,21289.66130542755,3.818265769292688e-05
2559,0.9202269315719604,5119.000116631677,21297.566053390503,3.8145184736206396e-05
2560,1.2980296611785889,5121.000116631677,21306.79436659813,3.81077188336842e-05
2561,1.0741260051727295,5123.000116631677,21317.292823076248,3.807026000765401e-05
2562,1.2098302841186523,5125.000116631677,21326.042968034744,3.803280828040524e-05
2563,1.222719430923462,5127.000116631677,21333.145060300827,3.799536367422315e-05
2564,1.219361424446106,5129.000116631677,21341.05410003662,3.7957926211388784e-05
2565,1.0558390617370605,5131.000116631677,21351.127089738846,3.792049591417885e-05
2566,1.041046142578125,5133.000116631677,21357.664363861084,3.788307280486586e-05
2567,1.0094972848892212,5135.000116631677,21365.054641008377,3.7845656905718035e-05
2568,1.2755234241485596,5137.000116631677,21372.97355413437,3.780824823899929e-05
2569,1.1996434926986694,5139.000116631677,21383.03822541237,3.777084682696925e-05
2570,1.1301519870758057,5141.000116631677,21392.47131252289,3.7733452691883226e-05
2571,1.0192605257034302,5143.000116631677,21397.88153219223,3.769606585599221e-05
2572,0.9860380291938782,5145.000116631677,21404.77724123001,3.765868634154278e-05
2574,1.1986463069915771,5149.000116631677,21418.640894174576,3.758394936593353e-05
2575,1.3055832386016846,5151.000116631677,21427.13779401779,3.754659194924511e-05
2576,1.2272523641586304,5153.000116631677,21434.21955180168,3.750924194294114e-05
2577,1.0015851259231567,5155.000116631677,21440.74957036972,3.747189936924634e-05
2578,1.1604619026184082,5157.000116631677,21450.18069076538,3.7434564250380985e-05
2579,1.1255704164505005,5159.000116631677,21457.394003868103,3.739723660856094e-05
2580,1.3191038370132446,5161.000116631677,21467.887599229813,3.735991646599764e-05
2581,1.1166733503341675,5163.000116631677,21475.384978294373,3.732260384489798e-05
2582,1.2285569906234741,5165.000116631677,21485.85964870453,3.728529876746446e-05
2583,1.0042710304260254,5167.000116631677,21491.240948200226,3.7248001255895066e-05
2584,1.375084400177002,5169.000116631677,21498.46835398674,3.721071133238329e-05
2585,1.393276572227478,5171.000116631677,21508.850922107697,3.7173429019118054e-05
2586,1.3101184368133545,5173.000116631677,21517.800796985626,3.713615433828382e-05
2587,1.2084321975708008,5175.000116631677,21526.216057538986,3.70988873120605e-05
2588,0.8986256122589111,5177.000116631677,21536.58505320549,3.70616279626234e-05
2589,1.0554018020629883,5179.000116631677,21544.313897371292,3.70243763121433e-05
2590,1.1757619380950928,5181.000116631677,21551.682803869247,3.6987132382786404e-05
2591,1.264448881149292,5183.000116631677,21560.622135162354,3.69498961967143e-05
2592,0.9425023794174194,5185.000116631677,21568.580884456635,3.691266777608398e-05
2593,1.3114686012268066,5187.000116631677,21576.133806705475,3.687544714304783e-05
2594,1.3092564344406128,5189.000116631677,21583.1869161129,3.6838234319753544e-05
2595,1.2006168365478516,5191.000116631677,21590.883065223694,3.6801029328344226e-05
2596,1.3243026733398438,5193.000116631677,21601.38869524002,3.6763832190958336e-05
2597,1.1526274681091309,5195.000116631677,21610.135079860687,3.672664292972957e-05
2598,1.2790465354919434,5197.000116631677,21618.00309729576,3.668946156678702e-05
2599,1.055159330368042,5199.000116631677,21626.506141901016,3.665228812425506e-05
2600,1.1457808017730713,5201.000116631677,21632.560051441193,3.6615122624253356e-05
2601,1.0393067598342896,5203.000116631677,21638.55114722252,3.65779650888968e-05
2602,1.0331363677978516,5205.000116631677,21646.31781053543,3.654081554029561e-05
2603,1.2140331268310547,5207.000116631677,21656.053671121597,3.650367400055522e-05
2604,0.9089415073394775,5209.000116631677,21661.05770087242,3.646654049177628e-05
2605,0.9706054925918579,5211.000116631677,21671.56929588318,3.642941503605469e-05
2606,1.1326534748077393,5213.000116631677,21678.947565555573,3.639229765548158e-05
2607,1.2700517177581787,5215.000116631677,21685.690296649933,3.63551883721432e-05
2608,1.1659722328186035,5217.000116631677,21694.100749015808,3.6318087208121035e-05
2609,1.0287516117095947,5219.000116631677,21704.224645376205,3.628099418549176e-05
2610,1.2297731637954712,5221.000116631677,21714.21555376053,3.6243909326327146e-05
2611,1.1970727443695068,5223.000116631677,21723.630348682404,3.6206832652694154e-05
2612,1.1461008787155151,5225.000116631677,21731.1816573143,3.6169764186654845e-05
2613,1.1727006435394287,5227.000116631677,21740.747569322586,3.6132703950266425e-05
2614,1.38023042678833,5229.000116631677,21748.82664012909,3.609565196558116e-05
2615,1.037859559059143,5231.000116631677,21757.295347690582,3.605860825464644e-05
2616,1.1139880418777466,5233.000116631677,21765.870366573334,3.602157283950475e-05
2617,1.04352605342865,5235.000116631677,21774.872871637344,3.598454574219358e-05
2618,1.0654312372207642,5237.000116631677,21785.348917007446,3.5947526984745514e-05
2619,1.2335584163665771,5239.000116631677,21794.36198568344,3.5910516589188175e-05
2620,1.1877143383026123,5241.000116631677,21802.06560564041,3.587351457754417e-05
2621,1.1564942598342896,5243.000116631677,21811.07761001587,3.583652097183116e-05
2622,1.3771483898162842,5245.000116631677,21819.915271043777,3.579953579406179e-05
2623,0.7454501986503601,5247.000116631677,21827.062350273132,3.576255906624369e-05
2624,1.1496868133544922,5249.000116631677,21837.54918408394,3.5725590810379455e-05
2625,0.8761847615242004,5251.000116631677,21845.4039914608,3.5688631048466663e-05
2626,1.2703273296356201,5253.000116631677,21853.089806079865,3.565167980249779e-05
2627,1.3005902767181396,5255.000116631677,21862.13335585594,3.561473709446029e-05
2628,1.1081011295318604,5257.000116631677,21869.533544063568,3.557780294633652e-05
2629,1.1914712190628052,5259.000116631677,21873.974986076355,3.554087738010376e-05
2630,1.0550740957260132,5261.000116631677,21884.4584171772,3.550396041773414e-05
2631,1.2104625701904297,5263.000116631677,21893.078482866287,3.546705208119471e-05
2632,1.2268829345703125,5265.000116631677,21900.50894999504,3.543015239244739e-05
2633,1.193149209022522,5267.000116631677,21910.073843955994,3.5393261373448904e-05
2634,0.9627500772476196,5269.000116631677,21919.614874601364,3.5356379046150876e-05
2635,0.9880761504173279,5271.000116631677,21930.087190389633,3.531950543249976e-05
2636,0.8528791069984436,5273.000116631677,21936.435921430588,3.5282640554436755e-05
2637,1.1117852926254272,5275.000116631677,21943.68879175186,3.524578443389792e-05
2638,1.0901899337768555,5277.000116631677,21952.62912940979,3.5208937092814125e-05
2639,1.1055409908294678,5279.000116631677,21960.43169569969,3.5172098553110925e-05
2640,1.1206555366516113,5281.000116631677,21969.308804512024,3.513526883670872e-05
2641,1.054642915725708,5283.000116631677,21977.467914819717,3.509844796552263e-05
2642,1.156911849975586,5285.000116631677,21986.19936108589,3.506163596146254e-05
2643,1.2235937118530273,5287.000116631677,21994.623947381973,3.5024832846433e-05
2644,0.9788986444473267,5289.000116631677,22003.98867702484,3.4988038642333316e-05
2645,1.3021202087402344,5291.000116631677,22011.50287461281,3.495125337105749e-05
2646,1.2526893615722656,5293.000116631677,22019.43429517746,3.491447705449418e-05
2647,0.9812156558036804,5295.000116631677,22026.02609848976,3.487770971452675e-05
2648,1.081413984298706,5297.000116631677,22032.911306381226,3.4840951373033215e-05
2649,1.0651962757110596,5299.000116631677,22040.79371714592,3.4804202051886196e-05
2650,0.6993550658226013,5301.000116631677,22049.204588890076,3.4767461772952986e-05
2651,1.3247275352478027,5303.000116631677,22058.020208358765,3.473073055809553e-05
2652,1.2487735748291016,5305.000116631677,22065.36197566986,3.4694008429170295e-05
2653,1.286745548248291,5307.000116631677,22074.324577093124,3.465729540802839e-05
2654,1.139933705329895,5309.000116631677,22082.547020196915,3.462059151651552e-05
2655,0.9728405475616455,5311.000116631677,22090.732184410095,3.4583896776471926e-05
2656,0.9879988431930542,5313.000116631677,22099.810000419617,3.4547211209732415e-05
2657,1.1544268131256104,5315.000116631677,22108.745630264282,3.4510534838126336e-05
2658,1.0551018714904785,5317.000116631677,22117.5538520813,3.4473867683477585e-05
2659,1.152992844581604,5319.000116631677,22126.012004375458,3.443720976760452e-05
2660,1.20425283908844,5321.000116631677,22136.504208803177,3.4400561112320056e-05
2661,0.9610589146614075,5323.000116631677,22144.77920937538,3.436392173943159e-05
2662,1.3020753860473633,5325.000116631677,22150.899387836456,3.432729167074095e-05
2663,1.3530431985855103,5327.000116631677,22159.464154958725,3.429067092804449e-05
2664,1.555156946182251,5329.000116631677,22168.844980239868,3.425405953313298e-05
2665,0.9609462022781372,5331.000116631677,22176.05125784874,3.421745750779162e-05
2666,1.1084058284759521,5333.000116631677,22185.459797859192,3.418086487380007e-05
2667,1.3575363159179688,5335.000116631677,22193.34399819374,3.414428165293238e-05
2668,1.1428773403167725,5337.000116631677,22201.700164556503,3.410770786695696e-05
2669,1.0682231187820435,5339.000116631677,22210.452078342438,3.4071143537636685e-05
2670,1.1865010261535645,5341.000116631677,22220.285894155502,3.4034588686728745e-05
2671,1.1617323160171509,5343.000116631677,22228.963676691055,3.399804333598473e-05
2672,0.996384859085083,5345.000116631677,22237.048428058624,3.396150750715052e-05
2673,1.251392126083374,5347.000116631677,22246.029750585556,3.3924981221966386e-05
2674,1.1156731843948364,5349.000116631677,22251.216141700745,3.388846450216691e-05
2675,0.9528495073318481,5351.000116631677,22258.91436648369,3.385195736948094e-05
2676,1.0801758766174316,5353.000116631677,22268.78803229332,3.381545984563165e-05
2677,1.116278052330017,5355.000116631677,22275.562317848206,3.377897195233653e-05
2678,1.2745614051818848,5357.000116631677,22284.138077020645,3.3742493711307266e-05
2679,0.9659422636032104,5359.000116631677,22290.72093963623,3.370602514424986e-05
2680,1.0350395441055298,5361.000116631677,22297.963668107986,3.366956627286456e-05
2681,1.271572232246399,5363.000116631677,22306.411235809326,3.363311711884578e-05
2682,1.1928426027297974,5365.000116631677,22316.008033037186,3.3596677703882204e-05
2683,1.2491636276245117,5367.000116631677,22323.848017930984,3.356024804965672e-05
2684,1.1109809875488281,5369.000116631677,22333.70175242424,3.352382817784642e-05
2685,1.338960886001587,5371.000116631677,22340.392827033997,3.3487418110122506e-05
2686,1.1186150312423706,5373.000116631677,22348.675184965134,3.345101786815043e-05
2687,1.0987403392791748,5375.000116631677,22358.760893583298,3.3414627473589745e-05
2688,1.2480390071868896,5377.000116631677,22366.60660481453,3.337824694809417e-05
2689,0.7729037404060364,5379.000116631677,22373.86559200287,3.334187631331153e-05
2690,1.2449617385864258,5381.000116631677,22380.912904024124,3.33055155908838e-05
2691,1.1917486190795898,5383.000116631677,22389.473979234695,3.3269164802447015e-05
2692,0.9525477886199951,5385.000116631677,22395.046058893204,3.323282396963131e-05
2693,0.9047102928161621,5387.000116631677,22401.240136146545,3.319649311406094e-05
2694,1.1236765384674072,5389.000116631677,22410.218252658844,3.316017225735414e-05
2695,1.180358648300171,5391.000116631677,22419.08872318268,3.312386142112326e-05
2696,1.1749544143676758,5393.000116631677,22427.542768478394,3.3087560626974684e-05
2697,1.3056199550628662,5395.000116631677,22436.051433324814,3.3051269896508794e-05
2698,1.2564970254898071,5397.000116631677,22442.41632437706,3.301498925132e-05
2699,1.2203023433685303,5399.000116631677,22449.923427820206,3.297871871299669e-05
2700,1.1443190574645996,5401.000116631677,22460.37672972679,3.294245830312128e-05
2701,1.2332813739776611,5403.000116631677,22467.330426692963,3.290620804327011e-05
2702,1.1010596752166748,5405.000116631677,22474.600528001785,3.286996795501352e-05
2703,0.8863867521286011,5407.000116631677,22481.378583669662,3.28337380599158e-05
2704,1.147570252418518,5409.000116631677,22491.236263036728,3.2797518379535096e-05
2705,1.2154896259307861,5411.000116631677,22501.72207427025,3.276130893542359e-05
2706,0.9707377552986145,5413.000116631677,22508.80242729187,3.2725109749127323e-05
2707,1.1383411884307861,5415.000116631677,22517.08266186714,3.2688920842186183e-05
2708,1.1601735353469849,5417.000116631677,22524.441910028458,3.265274223613401e-05
2709,1.1564059257507324,5419.000116631677,22534.9000351429,3.261657395249851e-05
2710,1.0605196952819824,5421.000116631677,22545.29396390915,3.2580416012801196e-05
2711,1.3123737573623657,5423.000116631677,22554.731275320053,3.254426843855747e-05
2712,0.9555579423904419,5425.000116631677,22562.687611341476,3.2508131251276565e-05
2713,0.9341357946395874,5427.000116631677,22570.358153104782,3.247200447246153e-05
2714,1.0684810876846313,5429.000116631677,22576.89982676506,3.243588812360917e-05
2715,0.9768718481063843,5431.000116631677,22583.811457395554,3.239978222621017e-05
2716,1.1095786094665527,5433.000116631677,22594.277864694595,3.236368680174895e-05
2717,0.9939579963684082,5435.000116631677,22602.711215257645,3.2327601871703664e-05
2718,1.3647279739379883,5437.000116631677,22611.58451938629,3.229152745754629e-05
2719,1.034803867340088,5439.000116631677,22620.471559286118,3.2255463580742514e-05
2720,0.9588600993156433,5441.000116631677,22628.39391565323,3.221941026275175e-05
2721,1.0223610401153564,5443.000116631677,22637.319071769714,3.218336752502712e-05
2722,1.2096410989761353,5445.000116631677,22647.787301063538,3.214733538901551e-05
2723,1.1678338050842285,5447.000116631677,22655.509186029434,3.21113138761574e-05
2724,1.1518166065216064,5449.000116631677,22665.994668722153,3.207530300788701e-05
2725,1.137608528137207,5451.000116631677,22676.21738409996,3.203930280563226e-05
2726,1.0897481441497803,5453.000116631677,22682.673892974854,3.200331329081462e-05
2727,1.2420868873596191,5455.000116631677,22692.250722408295,3.19673344848493e-05
2728,1.1836237907409668,5457.000116631677,22700.323263645172,3.193136640914508e-05
2729,1.2130632400512695,5459.000116631677,22707.036150932312,3.18954090851044e-05
2730,1.082871437072754,5461.000116631677,22715.88055896759,3.1859462534123233e-05
2731,1.1955825090408325,5463.000116631677,22726.37002801895,3.182352677759121e-05
2732,0.9910843372344971,5465.000116631677,22736.823479413986,3.178760183689152e-05
2733,1.1573330163955688,5467.000116631677,22745.759528160095,3.175168773340089e-05
2734,1.285871148109436,5469.000116631677,22754.975908756256,3.1715784488489635e-05
2735,1.241702675819397,5471.000116631677,22763.674020051956,3.16798921235216e-05
2736,0.9283781051635742,5473.000116631677,22768.00948047638,3.1644010659854114e-05
2737,1.31190025806427,5475.000116631677,22776.89179301262,3.160814011883807e-05
2738,1.0058248043060303,5477.000116631677,22785.01619720459,3.1572280521817874e-05
2739,1.2243809700012207,5479.000116631677,22793.701972961426,3.153643189013133e-05
2740,0.8612470626831055,5481.000116631677,22798.66533279419,3.150059424510982e-05
2741,0.8419014811515808,5483.000116631677,22805.522643089294,3.146476760807813e-05
2742,1.4295647144317627,5485.000116631677,22816.018639564514,3.142895200035453e-05
2743,1.1463738679885864,5487.000116631677,22824.536677122116,3.1393147443250686e-05
2744,1.2162784337997437,5489.000116631677,22834.99705004692,3.135735395807172e-05
2745,1.0911693572998047,5491.000116631677,22845.424082517624,3.132157156611619e-05
2746,1.173646092414856,5493.000116631677,22854.566422700882,3.128580028867596e-05
2747,1.0887517929077148,5495.000116631677,22860.75397324562,3.125004014703637e-05
2748,1.1528798341751099,5497.000116631677,22869.04263496399,3.121429116247613e-05
2749,1.172866702079773,5499.000116631677,22876.99375486374,3.117855335626724e-05
2750,1.1457809209823608,5501.000116631677,22883.705211877823,3.1142826749675116e-05
2751,1.1581053733825684,5503.000116631677,22891.895550489426,3.1107111363958506e-05
2752,0.8874108195304871,5505.000116631677,22899.64791202545,3.1071407220369426e-05
2753,0.9930660724639893,5507.000116631677,22907.975737810135,3.1035714340153256e-05
2754,0.9652262330055237,5509.000116631677,22918.098320007324,3.100003274454867e-05
2755,1.1398420333862305,5511.000116631677,22926.206946849823,3.096436245478761e-05
2756,1.1472593545913696,5513.000116631677,22932.412247419357,3.092870349209527e-05
2757,1.0592141151428223,5515.000116631677,22939.231753587723,3.0893055877690154e-05
2758,1.1306849718093872,5517.000116631677,22945.35224866867,3.0857419632784006e-05
2759,0.9651845693588257,5519.000116631677,22952.66700553894,3.0821794778581735e-05
2760,1.2218056917190552,5521.000116631677,22960.287918806076,3.0786181336281555e-05
2761,1.060522437095642,5523.000116631677,22969.2669069767,3.075057932707488e-05
2762,1.0969494581222534,5525.000116631677,22979.355170965195,3.071498877214625e-05
2763,0.9223395586013794,5527.000116631677,22987.63469195366,3.067940969267347e-05
2764,1.1248488426208496,5529.000116631677,22992.685467243195,3.06438421098275e-05
2765,1.1217527389526367,5531.000116631677,22999.443159103394,3.06082860447724e-05
2766,1.1051926612854004,5533.000116631677,23008.93051290512,3.057274151866545e-05
2767,1.1842284202575684,5535.000116631677,23017.908626317978,3.053720855265705e-05
2768,1.0063531398773193,5537.000116631677,23025.109088659286,3.0501687167890676e-05
2769,1.1254780292510986,5539.000116631677,23033.90366625786,3.0466177385502943e-05
2770,1.105804681777954,5541.000116631677,23038.2490503788,3.043067922662358e-05
2771,1.3420469760894775,5543.000116631677,23045.465844869614,3.0395192712375395e-05
2772,1.3495376110076904,5545.000116631677,23054.34747815132,3.0359717863874205e-05
2773,1.0513241291046143,5547.000116631677,23059.51119017601,3.0324254702228966e-05
2774,0.9564342498779297,5549.000116631677,23070.02855205536,3.0288803248541658e-05
2775,1.2273187637329102,5551.000116631677,23077.757762908936,3.025336352390726e-05
2776,1.180983543395996,5553.000116631677,23086.01624250412,3.0217935549413796e-05
2777,1.1509678363800049,5555.000116631677,23093.16938352585,3.018251934614234e-05
2778,1.301555871963501,5557.000116631677,23099.140783786774,3.0147114935166864e-05
2779,1.0133883953094482,5559.000116631677,23106.047879457474,3.0111722337554395e-05
2780,1.0657635927200317,5561.000116631677,23114.47566962242,3.007634157436495e-05
2781,1.2386631965637207,5563.000116631677,23122.056534528732,3.0040972666651422e-05
2782,1.1351069211959839,5565.000116631677,23128.953807353973,3.000561563545971e-05
2783,1.3292183876037598,5567.000116631677,23137.545432806015,2.9970270501828642e-05
2784,1.1780400276184082,5569.000116631677,23143.43737745285,2.9934937286789955e-05
2785,1.1448729038238525,5571.000116631677,23152.445767879486,2.9899616011368298e-05
2786,1.293941855430603,5573.000116631677,23162.90842151642,2.9864306696581194e-05
2787,1.1939775943756104,5575.000116631677,23171.873988628387,2.982900936343909e-05
2788,0.9926154613494873,5577.000116631677,23181.29360485077,2.979372403294526e-05
2789,1.3155239820480347,5579.000116631677,23188.862190246582,2.9758450726095876e-05
2790,1.2737619876861572,5581.000116631677,23195.248017311096,2.9723189463879945e-05
2791,1.0679750442504883,5583.000116631677,23204.353727579117,2.9687940267279265e-05
2792,1.002336025238037,5585.000116631677,23213.526915311813,2.9652703157268505e-05
2793,1.273922085762024,5587.000116631677,23220.349361896515,2.9617478154815158e-05
2794,1.1333723068237305,5589.000116631677,23228.88418841362,2.9582265280879423e-05
2795,1.0790841579437256,5591.000116631677,23238.46963596344,2.954706455641436e-05
2796,0.9748603105545044,5593.000116631677,23245.07534790039,2.95118760023658e-05
2797,1.0935899019241333,5595.000116631677,23253.354788064957,2.947669963967228e-05
2798,1.148677110671997,5597.000116631677,23259.4814081192,2.9441535489265128e-05
2799,1.216427206993103,5599.000116631677,23267.7099776268,2.9406383572068394e-05
2800,1.3275799751281738,5601.000116631677,23276.585034132004,2.937124390899886e-05
2801,1.1608872413635254,5603.000116631677,23287.07355093956,2.933611652096596e-05
2802,1.1610263586044312,5605.000116631677,23293.627502202988,2.930100142887189e-05
2803,1.3057656288146973,5607.000116631677,23304.133494853973,2.9265898653611515e-05
2804,1.244485855102539,5609.000116631677,23311.857801437378,2.923080821607234e-05
2805,1.3328863382339478,5611.000116631677,23319.947001695633,2.919573013713455e-05
2806,1.0486087799072266,5613.000116631677,23327.069085597992,2.916066443767101e-05
2807,1.0460231304168701,5615.000116631677,23337.571501016617,2.9125611138547134e-05
2808,0.9839472770690918,5617.000116631677,23346.00918316841,2.909057026062103e-05
2809,1.3347499370574951,5619.000116631677,23356.506564855576,2.905554182474342e-05
2810,1.0754483938217163,5621.000116631677,23361.809213399887,2.9020525851757544e-05
2811,1.026610016822815,5623.000116631677,23371.316992282867,2.89855223624993e-05
2812,1.0464770793914795,5625.000116631677,23379.631227970123,2.895053137779714e-05
2813,0.9700546264648438,5627.000116631677,23388.614379882812,2.8915552918472065e-05
2814,1.2087815999984741,5629.000116631677,23396.175217866898,2.8880587005337636e-05
2815,1.27238130569458,5631.000116631677,23402.34060525894,2.884563365919993e-05
2816,0.9688154458999634,5633.000116631677,23411.130162239075,2.8810692900857578e-05
2817,0.9754048585891724,5635.000116631677,23417.910361766815,2.8775764751101663e-05
2818,1.1744203567504883,5637.000116631677,23427.061875104904,2.8740849230715825e-05
2819,1.233062744140625,5639.000116631677,23435.765866994858,2.870594636047618e-05
2820,1.0881450176239014,5641.000116631677,23443.962613344193,2.8671056161151264e-05
2821,1.0288808345794678,5643.000116631677,23451.40399122238,2.8636178653502133e-05
2822,1.1866341829299927,5645.000116631677,23460.527246952057,2.8601313858282286e-05
2823,0.9609827995300293,5647.000116631677,23469.664922475815,2.856646179623761e-05
2824,0.8832401037216187,5649.000116631677,23475.613105535507,2.8531622488106456e-05
2825,1.0645145177841187,5651.000116631677,23481.341290950775,2.8496795954619583e-05
2826,1.183398962020874,5653.000116631677,23488.875180482864,2.846198221650016e-05
2827,1.0092990398406982,5655.000116631677,23499.112135648727,2.842718129446369e-05
2828,1.251226544380188,5657.000116631677,23508.692732334137,2.8392393209218097e-05
2829,0.9384058713912964,5659.000116631677,23515.37421131134,2.8357617981463674e-05
2830,0.9967002868652344,5661.000116631677,23521.274861335754,2.832285563189301e-05
2831,1.1212553977966309,5663.000116631677,23531.77836918831,2.8288106181191072e-05
2832,1.0391767024993896,5665.000116631677,23540.49711871147,2.8253369650035176e-05
2833,1.2573964595794678,5667.000116631677,23547.288691282272,2.821864605909488e-05
2834,0.9204142093658447,5669.000116631677,23555.19322657585,2.818393542903209e-05
2835,1.2204740047454834,5671.000116631677,23564.164314985275,2.8149237780500992e-05
2836,1.3081214427947998,5673.000116631677,23572.529579639435,2.8114553134148052e-05
2837,1.2104535102844238,5675.000116631677,23580.118698120117,2.807988151061199e-05
2838,1.2321155071258545,5677.000116631677,23586.381084918976,2.804522293052379e-05
2839,1.2496261596679688,5679.000116631677,23596.87117934227,2.801057741450664e-05
2840,1.138462781906128,5681.000116631677,23605.296080827713,2.797594498317599e-05
2841,0.9827362298965454,5683.000116631677,23614.7143368721,2.794132565713949e-05
2842,1.0304255485534668,5685.000116631677,23623.83543395996,2.790671945699702e-05
2843,1.450977087020874,5687.000116631677,23632.132572174072,2.787212640334059e-05
2844,1.043759822845459,5689.000116631677,23640.828501462936,2.783754651675443e-05
2845,1.253411889076233,5691.000116631677,23651.027336359024,2.780297981781495e-05
2846,1.1898159980773926,5693.000116631677,23659.167955875397,2.776842632709065e-05
2847,1.234039545059204,5695.000116631677,23667.125813007355,2.7733886065142235e-05
2848,1.2306849956512451,5697.000116631677,23677.605494976044,2.7699359052522523e-05
2849,1.167076587677002,5699.000116631677,23687.3917593956,2.7664845309776405e-05
2850,1.2016277313232422,5701.000116631677,23696.825617551804,2.7630344857440935e-05
2851,1.1745058298110962,5703.000116631677,23706.249972343445,2.7595857716045238e-05
2852,1.0672351121902466,5705.000116631677,23716.729283571243,2.7561383906110487e-05
2853,1.3588593006134033,5707.000116631677,23724.990304470062,2.7526923448149966e-05
2854,1.4306399822235107,5709.000116631677,23735.496712207794,2.749247636266899e-05
2855,0.8222860097885132,5711.000116631677,23745.0968875885,2.7458042670164935e-05
2856,1.2178585529327393,5713.000116631677,23753.25785470009,2.7423622391127207e-05
2857,1.3406600952148438,5715.000116631677,23762.28529405594,2.7389215546037184e-05
2858,0.9680379629135132,5717.000116631677,23771.37417769432,2.7354822155368304e-05
2859,1.0177907943725586,5719.000116631677,23777.008807897568,2.732044223958598e-05
2860,0.9772514700889587,5721.000116631677,23785.243860960007,2.7286075819147614e-05
2861,1.295976161956787,5723.000116631677,23792.108803749084,2.7251722914502593e-05
2862,1.1018834114074707,5725.000116631677,23800.816692352295,2.7217383546092185e-05
2863,1.1439342498779297,5727.000116631677,23808.14464378357,2.7183057734349698e-05
2864,1.1774330139160156,5729.000116631677,23814.650722503662,2.7148745499700344e-05
2865,1.0378384590148926,5731.000116631677,23825.15419983864,2.711444686256121e-05
2866,1.382188320159912,5733.000116631677,23832.219549894333,2.7080161843341346e-05
2867,1.077101707458496,5735.000116631677,23840.580684661865,2.7045890462441694e-05
2868,1.3680667877197266,5737.000116631677,23849.180123329163,2.701163274025504e-05
2869,1.2406213283538818,5739.000116631677,23858.071142673492,2.6977388697166087e-05
2870,1.295893669128418,5741.000116631677,23867.164360761642,2.6943158353551378e-05
2871,1.273571491241455,5743.000116631677,23873.988160848618,2.6908941729779323e-05
2872,1.129319429397583,5745.000116631677,23880.906158447266,2.6874738846210125e-05
2873,0.923790454864502,5747.000116631677,23886.155478477478,2.6840549723195855e-05
2874,1.3247122764587402,5749.000116631677,23895.053649187088,2.6806374381080398e-05
2875,1.2640684843063354,5751.000116631677,23903.568539381027,2.6772212840199374e-05
2876,1.2268366813659668,5753.000116631677,23912.46426320076,2.673806512088027e-05
2877,1.2078776359558105,5755.000116631677,23919.19675564766,2.6703931243442316e-05
2878,1.098247766494751,5757.000116631677,23928.35492706299,2.666981122819649e-05
2879,1.1792346239089966,5759.000116631677,23935.082300424576,2.6635705095445553e-05
2880,1.051119089126587,5761.000116631677,23944.49417233467,2.6601612865484007e-05
2881,0.8518468141555786,5763.000116631677,23951.024887800217,2.6567534558598014e-05
2882,1.3705148696899414,5765.000116631677,23958.875581502914,2.653347019506554e-05
2883,0.8222219347953796,5767.000116631677,23965.98920893669,2.6499419795156185e-05
2884,1.2043235301971436,5769.000116631677,23975.49008011818,2.646538337913132e-05
2885,1.1626825332641602,5771.000116631677,23980.797390460968,2.6431360967243893e-05
2886,1.2046303749084473,5773.000116631677,23989.134143829346,2.639735257973859e-05
2887,0.9962599873542786,5775.000116631677,23999.620139837265,2.6363358236851758e-05
2888,1.0165600776672363,5777.000116631677,24008.75249147415,2.6329377958811318e-05
2889,1.1587576866149902,5779.000116631677,24018.45696592331,2.629541176583688e-05
2890,1.3668549060821533,5781.000116631677,24028.946803569794,2.6261459678139697e-05
2891,1.1633930206298828,5783.000116631677,24037.529301166534,2.622752171592254e-05
2892,1.0173678398132324,5785.000116631677,24046.484553813934,2.6193597899379835e-05
2893,0.9585611820220947,5787.000116631677,24054.09472990036,2.6159688248697618e-05
2894,1.4169721603393555,5789.000116631677,24062.45303416252,2.6125792784053413e-05
2895,1.246235728263855,5791.000116631677,24069.47597002983,2.6091911525616368e-05
2896,1.223294973373413,5793.000116631677,24079.969099521637,2.6058044493547176e-05
2897,1.091894268989563,5795.000116631677,24088.761733055115,2.6024191707998014e-05
2898,1.0704187154769897,5797.000116631677,24097.313437461853,2.5990353189112634e-05
2899,1.2491698265075684,5799.000116631677,24104.77758860588,2.595652895702627e-05
2900,1.1417162418365479,5801.000116631677,24113.65021467209,2.5922719031865675e-05
2901,1.2409340143203735,5803.000116631677,24121.381945848465,2.5888923433749074e-05
2902,1.0623342990875244,5805.000116631677,24130.16073513031,2.5855142182786167e-05
2903,1.0395305156707764,5807.000116631677,24140.65226125717,2.5821375299078157e-05
2904,1.1575627326965332,5809.000116631677,24146.846761226654,2.57876228027176e-05
2905,1.1545332670211792,5811.000116631677,24154.47208762169,2.5753884713788587e-05
2906,1.1510941982269287,5813.000116631677,24163.170611858368,2.5720161052366624e-05
2907,1.170933485031128,5815.000116631677,24170.708086013794,2.5686451838518557e-05
2908,1.1524088382720947,5817.000116631677,24176.900279283524,2.5652757092302727e-05
2909,1.1771502494812012,5819.000116631677,24183.10760974884,2.561907683376883e-05
2910,1.280344009399414,5821.000116631677,24191.62853360176,2.5585411082957906e-05
2911,1.0697407722473145,5823.000116631677,24198.462587594986,2.555175985990242e-05
2912,1.1852600574493408,5825.000116631677,24205.888261795044,2.5518123184626157e-05
2913,1.2897729873657227,5827.000116631677,24216.37553691864,2.548450107714428e-05
2914,1.0447616577148438,5829.000116631677,24224.23778271675,2.5450893557463226e-05
2915,1.0520435571670532,5831.000116631677,24233.797094106674,2.5417300645580796e-05
2916,1.239778757095337,5833.000116631677,24242.89664697647,2.5383722361486112e-05
2917,0.9946038722991943,5835.000116631677,24250.70725250244,2.5350158725159524e-05
2918,1.0932533740997314,5837.000116631677,24255.73855996132,2.5316609756572738e-05
2919,0.9624265432357788,5839.000116631677,24264.181515216827,2.528307547568872e-05
2920,1.2157326936721802,5841.000116631677,24273.018212795258,2.5249555902461635e-05
2921,1.139897108078003,5843.000116631677,24281.558112621307,2.5216051056836964e-05
2922,1.2418434619903564,5845.000116631677,24289.025203943253,2.5182560958751415e-05
2923,1.1560900211334229,5847.000116631677,24296.81912970543,2.5149085628132893e-05
2924,1.3001923561096191,5849.000116631677,24305.851327180862,2.5115625084900534e-05
2925,1.130521535873413,5851.000116631677,24316.343012332916,2.5082179348964673e-05
2926,0.9884481430053711,5853.000116631677,24324.449723243713,2.5048748440226846e-05
2927,1.1705650091171265,5855.000116631677,24332.712668657303,2.501533237857972e-05
2928,1.105323314666748,5857.000116631677,24339.542637586594,2.4981931183907184e-05
2929,1.0951004028320312,5859.000116631677,24346.77333188057,2.4948544876084267e-05
2930,1.0634182691574097,5861.000116631677,24355.05307507515,2.4915173474977097e-05
2931,1.1193211078643799,5863.000116631677,24361.644968271255,2.488181700044298e-05
2932,1.1413168907165527,5865.000116631677,24369.65203166008,2.4848475472330345e-05
2933,1.0726813077926636,5867.000116631677,24376.803931474686,2.4815148910478666e-05
2934,1.1468428373336792,5869.000116631677,24387.287157535553,2.4781837334718576e-05
2935,1.1223664283752441,5871.000116631677,24394.07357430458,2.4748540764871786e-05
2936,0.9539285898208618,5873.000116631677,24399.210629463196,2.4715259220751018e-05
2937,1.0940552949905396,5875.000116631677,24408.187690019608,2.4681992722160114e-05
2938,0.9261901378631592,5877.000116631677,24415.470160722733,2.4648741288893962e-05
2939,1.018364429473877,5879.000116631677,24421.28650689125,2.4615504940738423e-05
2940,1.3199293613433838,5881.000116631677,24431.542565584183,2.458228369747046e-05
2941,1.228672742843628,5883.000116631677,24439.227815389633,2.4549077578857995e-05
2942,1.123368263244629,5885.000116631677,24447.093770742416,2.451588660465998e-05
2943,1.2581350803375244,5887.000116631677,24455.55828309059,2.4482710794626368e-05
2944,1.176559329032898,5889.000116631677,24466.026698589325,2.444955016849801e-05
2945,1.3820997476577759,5891.000116631677,24473.549236297607,2.4416404746006816e-05
2946,1.1772443056106567,5893.000116631677,24480.531794071198,2.4383274546875597e-05
2947,1.2451190948486328,5895.000116631677,24488.193611621857,2.4350159590818122e-05
2948,1.1521897315979004,5897.000116631677,24498.672896385193,2.431705989753911e-05
2949,1.0390260219573975,5899.000116631677,24506.3518576622,2.4283975486734122e-05
2950,1.3060733079910278,5901.000116631677,24514.918210983276,2.425090637808972e-05
2951,0.9157662391662598,5903.000116631677,24522.77267765999,2.421785259128332e-05
2952,1.128134846687317,5905.000116631677,24529.18392753601,2.418481414598318e-05
2953,1.1221771240234375,5907.000116631677,24538.127945423126,2.4151791061848503e-05
2954,1.3164827823638916,5909.000116631677,24548.52535533905,2.4118783358529308e-05
2955,1.2873384952545166,5911.000116631677,24556.330168247223,2.4085791055666485e-05
2956,1.0628585815429688,5913.000116631677,24564.86767554283,2.405281417289172e-05
2957,1.139495849609375,5915.000116631677,24572.660549640656,2.401985272982756e-05
2958,1.0248688459396362,5917.000116631677,24582.65100979805,2.398690674608737e-05
2959,0.9753472208976746,5919.000116631677,24588.43003821373,2.395397624127527e-05
2960,1.1795456409454346,5921.000116631677,24597.631119966507,2.3921061234986222e-05
2961,1.104378581047058,5923.000116631677,24604.23217010498,2.3888161746805954e-05
2962,1.1057924032211304,5925.000116631677,24609.47949361801,2.3855277796310916e-05
2963,1.0714445114135742,5927.000116631677,24617.1752743721,2.382240940306836e-05
2964,1.2731835842132568,5929.000116631677,24625.30333328247,2.3789556586636276e-05
2965,1.2390718460083008,5931.000116631677,24635.319853544235,2.375671936656337e-05
2966,1.1780961751937866,5933.000116631677,24643.997001886368,2.372389776238907e-05
2967,0.9604080319404602,5935.000116631677,24652.127647399902,2.3691091793643545e-05
2968,1.1642258167266846,5937.000116631677,24660.82497692108,2.365830147984759e-05
2969,0.8893755674362183,5939.000116631677,24667.787296772003,2.3625526840512735e-05
2970,1.0402159690856934,5941.000116631677,24676.05838227272,2.3592767895141192e-05
2971,1.142240047454834,5943.000116631677,24684.92817044258,2.3560024663225816e-05
2972,1.347669243812561,5945.000116631677,24693.688836097717,2.352729716425009e-05
2973,0.954086422920227,5947.000116631677,24700.413193702698,2.349458541768816e-05
2974,1.117992639541626,5949.000116631677,24709.860117435455,2.3461889443004835e-05
2975,1.0381819009780884,5951.000116631677,24717.48744249344,2.342920925965544e-05
2976,1.3276264667510986,5953.000116631677,24724.812014579773,2.3396544887086e-05
2977,1.129577398300171,5955.000116631677,24733.80512547493,2.336389634473311e-05
2978,1.365029215812683,5957.000116631677,24741.23422384262,2.3331263652023896e-05
2979,1.0303086042404175,5959.000116631677,24749.9484872818,2.3298646828376095e-05
2980,1.0037263631820679,5961.000116631677,24757.294014930725,2.3266045893198025e-05
2981,1.2325456142425537,5963.000116631677,24766.419245243073,2.3233460865888478e-05
2982,1.1356955766677856,5965.000116631677,24775.507355451584,2.320089176583684e-05
2983,1.047168493270874,5967.000116631677,24784.253876447678,2.3168338612423e-05
2984,1.2285058498382568,5969.000116631677,24792.82836318016,2.3135801425017378e-05
2985,1.050544261932373,5971.000116631677,24802.249792575836,2.310328022298084e-05
2986,1.1952166557312012,5973.000116631677,24810.69290113449,2.3070775025664788e-05
2987,1.0447828769683838,5975.000116631677,24818.421396255493,2.303828585241109e-05
2988,1.2214429378509521,5977.000116631677,24826.00177550316,2.3005812722552076e-05
2989,0.9994946718215942,5979.000116631677,24834.648919820786,2.2973355655410533e-05
2990,1.139326810836792,5981.000116631677,24842.137428998947,2.29409146702997e-05
2991,1.0956062078475952,5983.000116631677,24850.964779615402,2.29084897865232e-05
2992,1.2756097316741943,5985.000116631677,24858.298778772354,2.2876081023375122e-05
2993,1.3485548496246338,5987.000116631677,24866.830032348633,2.284368840013998e-05
2994,1.197192907333374,5989.000116631677,24873.533010721207,2.2811311936092603e-05
2995,1.159151315689087,5991.000116631677,24880.706244707108,2.2778951650498277e-05
2996,1.1170272827148438,5993.000116631677,24887.524089574814,2.2746607562612642e-05
2997,1.356623649597168,5995.000116631677,24896.07712173462,2.271427969168171e-05
2998,1.0476638078689575,5997.000116631677,24906.554782152176,2.2681968056941803e-05
2999,1.1986768245697021,5999.000116631677,24916.84494829178,2.2649672677619617e-05
3000,1.2141491174697876,6001.000116631677,24925.782331705093,2.2617393572932197e-05
3001,1.089958906173706,6003.000116631677,24935.298748731613,2.2585130762086822e-05
3003,1.2660828828811646,6007.000116631677,24952.656373500824,2.2520654098703147e-05
3004,1.0733633041381836,6009.000116631677,24961.145977973938,2.2488440284530967e-05
3005,1.0371288061141968,6011.000116631677,24969.71299791336,2.2456242840933112e-05
3006,1.1994112730026245,6013.000116631677,24979.28069806099,2.2424061787068345e-05
3007,0.8703808784484863,6015.000116631677,24985.86102104187,2.2391897142085616e-05
3008,1.4079645872116089,6017.000116631677,24996.341705083847,2.235974892512416e-05
3009,1.172760248184204,6019.000116631677,25005.56816625595,2.2327617155313438e-05
3010,0.9927108287811279,6021.000116631677,25014.683928012848,2.22955018517731e-05
3011,1.1817805767059326,6023.000116631677,25025.218346834183,2.2263403033613008e-05
3012,1.1455265283584595,6025.000116631677,25034.93633031845,2.223132071993322e-05
3013,1.2686644792556763,6027.000116631677,25041.892926216125,2.219925492982399e-05
3014,1.2876832485198975,6029.000116631677,25048.571327209473,2.216720568236568e-05
3015,1.1153349876403809,6031.000116631677,25059.067457199097,2.213517299662887e-05
3016,1.190410852432251,6033.000116631677,25066.70551943779,2.210315689167427e-05
3017,0.9611049890518188,6035.000116631677,25073.2751455307,2.2071157386552686e-05
3018,1.0561262369155884,6037.000116631677,25081.34175181389,2.2039174500305092e-05
3019,1.1364610195159912,6039.000116631677,25091.819901943207,2.2007208251962578e-05
3020,1.1557855606079102,6041.000116631677,25098.298191547394,2.1975258660546282e-05
3021,1.0661158561706543,6043.000116631677,25104.00757932663,2.194332574506747e-05
3022,1.1419403553009033,6045.000116631677,25113.84998345375,2.1911409524527504e-05
3023,1.0693511962890625,6047.000116631677,25121.75291466713,2.1879510017917742e-05
3024,1.2204980850219727,6049.000116631677,25130.847427606583,2.184762724421966e-05
3025,0.9759094715118408,6051.000116631677,25139.80799150467,2.1815761222404762e-05
3026,1.4224978685379028,6053.000116631677,25148.660613536835,2.1783911971434586e-05
3027,1.0399322509765625,6055.000116631677,25157.624273061752,2.1752079510260664e-05
3028,1.1403234004974365,6057.000116631677,25165.561636447906,2.172026385782456e-05
3029,1.238932728767395,6059.000116631677,25172.40168070793,2.1688465033057855e-05
3030,1.1255693435668945,6061.000116631677,25180.365900993347,2.1656683054882055e-05
3031,1.334263801574707,6063.000116631677,25190.823887586594,2.162491794220871e-05
3032,1.1354693174362183,6065.000116631677,25200.030243873596,2.1593169713939298e-05
3033,1.2226979732513428,6067.000116631677,25210.444988965988,2.1561438388965265e-05
3034,1.0571229457855225,6069.000116631677,25217.827453136444,2.152972398616798e-05
3035,1.3475635051727295,6071.000116631677,25228.3262963295,2.1498026524418783e-05
3036,0.9825694561004639,6073.000116631677,25235.197607278824,2.1466346022578867e-05
3037,1.1758732795715332,6075.000116631677,25244.21141076088,2.1434682499499382e-05
3038,1.2972793579101562,6077.000116631677,25254.69292140007,2.140303597402139e-05
3039,1.1062710285186768,6079.000116631677,25265.171590328217,2.137140646497578e-05
3040,1.108115792274475,6081.000116631677,25274.298966169357,2.1339793991183355e-05
3041,1.0995292663574219,6083.000116631677,25282.03688287735,2.130819857145478e-05
3042,1.2823078632354736,6085.000116631677,25289.35325574875,2.127662022459059e-05
3043,1.407743215560913,6087.000116631677,25299.869624376297,2.1245058969381096e-05
3044,1.0671406984329224,6089.000116631677,25305.79788684845,2.12135148246065e-05
3045,0.7901732325553894,6091.000116631677,25311.175513267517,2.1181987809036824e-05
3046,1.04947030544281,6093.000116631677,25318.984214305878,2.1150477941431836e-05
3047,1.193768858909607,6095.000116631677,25327.330465316772,2.1118985240541163e-05
3048,1.397003412246704,6097.000116631677,25334.931597471237,2.108750972510421e-05
3049,1.2314774990081787,6099.000116631677,25341.28427672386,2.105605141385011e-05
3050,1.245687484741211,6101.000116631677,25348.552986860275,2.10246103254978e-05
3051,1.2336103916168213,6103.000116631677,25357.563646793365,2.0993186478755967e-05
3052,1.0497002601623535,6105.000116631677,25366.741143465042,2.0961779892323025e-05
3053,1.2007434368133545,6107.000116631677,25376.16656446457,2.093039058488713e-05
3054,1.126978874206543,6109.000116631677,25384.676948308945,2.0899018575126156e-05
3055,0.9316267967224121,6111.000116631677,25392.80779147148,2.0867663881707653e-05
3056,1.1708593368530273,6113.000116631677,25400.71218729019,2.0836326523288898e-05
3057,1.1565223932266235,6115.000116631677,25410.393124580383,2.080500651851685e-05
3058,0.9473194479942322,6117.000116631677,25418.179114103317,2.0773703886028164e-05
3059,1.1850221157073975,6119.000116631677,25427.2630109787,2.0742418644449086e-05
3060,1.0633879899978638,6121.000116631677,25437.61374950409,2.0711150812395584e-05
3061,1.0084120035171509,6123.000116631677,25445.2380092144,2.067990040847326e-05
3062,0.9593106508255005,6125.000116631677,25455.206306695938,2.0648667451277288e-05
3063,0.9086690545082092,6127.000116631677,25463.210768461227,2.0617451959392518e-05
3064,1.123083233833313,6129.000116631677,25469.526582956314,2.0586253951393418e-05
3065,1.2796833515167236,6131.000116631677,25478.38113093376,2.055507344584398e-05
3066,1.1393537521362305,6133.000116631677,25486.233852148056,2.0523910461297842e-05
3067,1.325662612915039,6135.000116631677,25495.347607135773,2.0492765016298217e-05
3068,1.2042407989501953,6137.000116631677,25504.28606247902,2.046163712937784e-05
3069,1.1520540714263916,6139.000116631677,25511.040389060974,2.0430526819059032e-05
3070,0.8287179470062256,6141.000116631677,25521.487076044083,2.0399434103853645e-05
3071,1.2591848373413086,6143.000116631677,25528.583708524704,2.036835900226308e-05
3072,1.1236425638198853,6145.000116631677,25534.876800775528,2.033730153277821e-05
3073,1.293531894683838,6147.000116631677,25543.30785226822,2.030626171387946e-05
3074,1.1494414806365967,6149.000116631677,25552.09333896637,2.0275239564036728e-05
3075,1.1990303993225098,6151.000116631677,25560.78897333145,2.0244235101709423e-05
3076,1.039609670639038,6153.000116631677,25568.575372695923,2.0213248345346408e-05
3077,1.0823572874069214,6155.000116631677,25578.634122133255,2.018227931338603e-05
3078,1.0735790729522705,6157.000116631677,25585.813571691513,2.015132802425605e-05
3079,1.0669662952423096,6159.000116631677,25596.30325627327,2.0120394496373702e-05
3080,1.0425794124603271,6161.000116631677,25605.095098257065,2.0089478748145674e-05
3081,1.0977747440338135,6163.000116631677,25613.85846734047,2.0058580797968008e-05
3082,1.168958306312561,6165.000116631677,25624.09044265747,2.002770066422621e-05
3083,1.2712903022766113,6167.000116631677,25633.00427341461,1.9996838365295178e-05
3084,1.0432603359222412,6169.000116631677,25643.51149559021,1.996599391953919e-05
3085,0.9760779142379761,6171.000116631677,25652.09011244774,1.9935167345311875e-05
3086,1.2771000862121582,6173.000116631677,25660.08771800995,1.990435866095627e-05
3087,1.1385499238967896,6175.000116631677,25668.65472149849,1.9873567884804764e-05
3088,1.0040912628173828,6177.000116631677,25674.748765945435,1.9842795035179036e-05
3089,1.0228211879730225,6179.000116631677,25684.474108695984,1.9812040130390153e-05
3090,1.241995930671692,6181.000116631677,25694.96898293495,1.9781303188738512e-05
3091,1.0858092308044434,6183.000116631677,25701.676919937134,1.975058422851376e-05
3092,1.313314437866211,6185.000116631677,25710.760972499847,1.9719883267994896e-05
3093,1.1195584535598755,6187.000116631677,25715.698459625244,1.9689200325450215e-05
3094,1.1898491382598877,6189.000116631677,25724.214952468872,1.9658535419137226e-05
3095,1.3161678314208984,6191.000116631677,25733.208511829376,1.9627888567302776e-05
3096,1.3182616233825684,6193.000116631677,25740.637311697006,1.959725978818294e-05
3097,1.3485846519470215,6195.000116631677,25751.118820667267,1.9566649100003038e-05
3098,1.1716089248657227,6197.000116631677,25761.590798139572,1.9536056520977627e-05
3099,1.0484910011291504,6199.000116631677,25769.96084165573,1.9505482069310493e-05
3100,1.48146390914917,6201.000116631677,25778.941125392914,1.9474925763194653e-05
3101,1.0730398893356323,6203.000116631677,25785.863899469376,1.9444387620812257e-05
3102,1.1985788345336914,6205.000116631677,25792.977870702744,1.941386766033473e-05
3103,1.3697956800460815,6207.000116631677,25799.59298300743,1.938336589992265e-05
3104,1.0470423698425293,6209.000116631677,25809.21273112297,1.9352882357725724e-05
3105,1.1491262912750244,6211.000116631677,25816.809650421143,1.932241705188288e-05
3106,0.9894596338272095,6213.000116631677,25825.043798208237,1.9291970000522174e-05
3107,1.413306713104248,6215.000116631677,25831.95573616028,1.9261541221760765e-05
3108,1.1316063404083252,6217.000116631677,25839.002735614777,1.9231130733704986e-05
3109,0.925222635269165,6219.000116631677,25848.404047250748,1.9200738554450276e-05
3110,1.1264307498931885,6221.000116631677,25857.233755111694,1.917036470208115e-05
3111,1.2082961797714233,6223.000116631677,25863.844952344894,1.9140009194671252e-05
3112,0.9973019361495972,6225.000116631677,25872.203350782394,1.91096720502833e-05
3113,1.1837453842163086,6227.000116631677,25880.753652334213,1.9079353286969095e-05
3114,1.1060240268707275,6229.000116631677,25890.885555267334,1.9049052922769455e-05
3115,1.1691014766693115,6231.000116631677,25897.28774881363,1.9018770975714304e-05
3116,1.0762073993682861,6233.000116631677,25903.17638015747,1.89885074638226e-05
3117,1.1668319702148438,6235.000116631677,25912.689042568207,1.895826240510228e-05
3118,1.1694812774658203,6237.000116631677,25920.25937819481,1.8928035817550368e-05
3119,1.2271108627319336,6239.000116631677,25930.7567987442,1.889782771915285e-05
3120,1.1631560325622559,6241.000116631677,25940.131828546524,1.8867638127884742e-05
3121,1.033194661140442,6243.000116631677,25949.518953561783,1.8837467061710027e-05
3122,1.2675025463104248,6245.000116631677,25958.74650335312,1.8807314538581692e-05
3123,1.0391925573349,6247.000116631677,25969.212338209152,1.8777180576441624e-05
3124,1.1351649761199951,6249.000116631677,25979.698447942734,1.874706519322074e-05
3125,1.1571274995803833,6251.000116631677,25988.2323884964,1.8716968406838862e-05
3126,1.0674080848693848,6253.000116631677,25997.427311182022,1.868689023520478e-05
3127,1.2785041332244873,6255.000116631677,26005.892567396164,1.8656830696216152e-05
3128,1.1719019412994385,6257.000116631677,26014.43728041649,1.862678980775959e-05
3129,1.4291021823883057,6259.000116631677,26022.804636001587,1.859676758771062e-05
3130,1.2474652528762817,6261.000116631677,26033.260062217712,1.85667640539336e-05
3131,1.2035017013549805,6263.000116631677,26040.806101322174,1.853677922428184e-05
3132,1.2230308055877686,6265.000116631677,26049.17266559601,1.8506813116597483e-05
3133,1.3225719928741455,6267.000116631677,26057.746867656708,1.847686574871152e-05
3134,1.2457261085510254,6269.000116631677,26066.790470838547,1.8446937138443814e-05
3135,1.0985355377197266,6271.000116631677,26075.018087625504,1.8417027303603084e-05
3136,1.064740777015686,6273.000116631677,26085.49671149254,1.8387136261986817e-05
3137,0.991028368473053,6275.000116631677,26093.78597855568,1.8357264031381367e-05
3138,1.1637556552886963,6277.000116631677,26104.300943613052,1.832741062956188e-05
3139,1.3949469327926636,6279.000116631677,26112.595680713654,1.8297576074292304e-05
3140,1.0898091793060303,6281.000116631677,26120.381546974182,1.826776038332538e-05
3141,1.3087666034698486,6283.000116631677,26130.104927778244,1.8237963574402582e-05
3142,1.038484811782837,6285.000116631677,26136.670625686646,1.8208185665254193e-05
3143,0.914426326751709,6287.000116631677,26146.21898317337,1.817842667359924e-05
3144,1.1076802015304565,6289.000116631677,26155.300102233887,1.814868661714548e-05
3145,1.0604225397109985,6291.000116631677,26164.19388985634,1.8118965513589427e-05
3146,1.2417019605636597,6293.000116631677,26174.658526182175,1.808926338061628e-05
3147,1.1696181297302246,6295.000116631677,26182.183971643448,1.8059580235899974e-05
3148,1.210914134979248,6297.000116631677,26191.124703645706,1.802991609710317e-05
3149,1.4128559827804565,6299.000116631677,26197.006996631622,1.8000270981877156e-05
3150,0.885293185710907,6301.000116631677,26204.715411663055,1.7970644907861948e-05
3151,1.197723150253296,6303.000116631677,26213.815688610077,1.7941037892686242e-05
3152,1.3328906297683716,6305.000116631677,26224.322004318237,1.791144995396733e-05
3153,1.0690972805023193,6307.000116631677,26233.026790618896,1.7881881109311222e-05
3154,1.2257388830184937,6309.000116631677,26242.463767766953,1.785233137631253e-05
3155,0.9431864619255066,6311.000116631677,26249.68021631241,1.782280077255453e-05
3156,0.9269106388092041,6313.000116631677,26257.59802365303,1.7793289315609038e-05
3157,1.036085844039917,6315.000116631677,26264.46230864525,1.7763797023036555e-05
3158,1.172875165939331,6317.000116631677,26272.757086277008,1.7734323912386168e-05
3159,1.247284173965454,6319.000116631677,26281.155633687973,1.770487000119549e-05
3160,1.1930608749389648,6321.000116631677,26291.650464773178,1.767543530699077e-05
3161,0.9885414838790894,6323.000116631677,26298.93648171425,1.764601984728681e-05
3162,0.9249615669250488,6325.000116631677,26305.907166481018,1.761662363958695e-05
3163,1.1346524953842163,6327.000116631677,26314.62052297592,1.7587246701383097e-05
3164,1.2202484607696533,6329.000116631677,26322.617513418198,1.7557889050155684e-05
3165,1.020954966545105,6331.000116631677,26332.057017087936,1.7528550703373642e-05
3166,1.0779380798339844,6333.000116631677,26341.08777141571,1.7499231678494443e-05
3167,1.3743987083435059,6335.000116631677,26348.834690332413,1.7469931992964058e-05
3168,1.093893051147461,6337.000116631677,26357.63251185417,1.7440651664216962e-05
3169,1.1334161758422852,6339.000116631677,26365.11833667755,1.7411390709676075e-05
3170,1.1885100603103638,6341.000116631677,26375.60689663887,1.738214914675281e-05
3171,1.0215626955032349,6343.000116631677,26384.779495954514,1.7352926992847073e-05
3172,1.0326368808746338,6345.000116631677,26391.412863492966,1.7323724265347146e-05
3173,1.059096097946167,6347.000116631677,26400.402997016907,1.729454098162982e-05
3174,0.9618821144104004,6349.000116631677,26410.395119428635,1.7265377159060302e-05
3175,1.1165144443511963,6351.000116631677,26418.211333036423,1.723623281499218e-05
3176,1.0449213981628418,6353.000116631677,26428.50819826126,1.7207107966767494e-05
3177,1.100442886352539,6355.000116631677,26435.875138044357,1.7178002631716683e-05
3178,1.1289117336273193,6357.000116631677,26446.334427833557,1.7148916827158537e-05
3179,1.2189058065414429,6359.000116631677,26453.874491930008,1.711985057040026e-05
3180,1.1689338684082031,6361.000116631677,26461.617742300034,1.7090803878737425e-05
3181,1.1871510744094849,6363.000116631677,26471.373469114304,1.706177676945392e-05
3182,1.2745604515075684,6365.000116631677,26480.316668987274,1.7032769259822036e-05
3183,1.1761020421981812,6367.000116631677,26489.530109882355,1.7003781367102364e-05
3184,1.104943037033081,6369.000116631677,26499.59827542305,1.6974813108543848e-05
3185,1.1768903732299805,6371.000116631677,26505.809372901917,1.6945864501383726e-05
3186,1.048382043838501,6373.000116631677,26514.74676322937,1.6916935562847566e-05
3187,1.1085474491119385,6375.000116631677,26525.22397994995,1.688802631014922e-05
3188,1.1057837009429932,6377.000116631677,26531.685282468796,1.6859136760490796e-05
3189,1.466256022453308,6379.000116631677,26540.504108428955,1.6830266931062736e-05
3190,1.3170998096466064,6381.000116631677,26549.356664657593,1.680141683904372e-05
3191,1.3505189418792725,6383.000116631677,26557.92335319519,1.677258650160066e-05
3192,1.2112045288085938,6385.000116631677,26568.43925333023,1.6743775935888745e-05
3193,1.3103504180908203,6387.000116631677,26576.894239664078,1.671498515905142e-05
3194,1.0073024034500122,6389.000116631677,26587.372612953186,1.668621418822027e-05
3195,0.9057222604751587,6391.000116631677,26595.99646449089,1.665746304051518e-05
3196,1.3398618698120117,6393.000116631677,26605.012520074844,1.6628731733044204e-05
3197,1.116058111190796,6395.000116631677,26613.198459148407,1.660002028290362e-05
3198,1.1779766082763672,6397.000116631677,26621.022380828857,1.6571328707177814e-05
3199,1.1400318145751953,6399.000116631677,26630.454463243484,1.6542657022939433e-05
3200,1.0971004962921143,6401.000116631677,26636.844259500504,1.651400524724926e-05
3201,1.090833067893982,6403.000116631677,26646.67698574066,1.648537339715619e-05
3202,1.1817295551300049,6405.000116631677,26654.30495119095,1.6456761489697307e-05
3203,1.1067339181900024,6407.000116631677,26662.4820728302,1.6428169541897847e-05
3204,1.2728192806243896,6409.000116631677,26668.995379447937,1.6399597570771095e-05
3205,1.0029367208480835,6411.000116631677,26675.347337961197,1.6371045593318505e-05
3206,1.1096783876419067,6413.000116631677,26685.824174404144,1.634251362652963e-05
3207,1.357096791267395,6415.000116631677,26694.630000829697,1.6314001687382103e-05
3208,1.0799721479415894,6417.000116631677,26702.775461912155,1.6285509792841646e-05
3209,1.3712222576141357,6419.000116631677,26712.183207035065,1.6257037959862074e-05
3210,1.1270406246185303,6421.000116631677,26719.643174409866,1.62285862053852e-05
3211,1.0466201305389404,6423.000116631677,26727.863995075226,1.6200154546340952e-05
3212,0.9288332462310791,6425.000116631677,26736.089953660965,1.6171742999647283e-05
3213,1.223740577697754,6427.000116631677,26744.65472984314,1.6143351582210188e-05
3214,1.1133095026016235,6429.000116631677,26755.145879268646,1.611498031092364e-05
3215,1.0232179164886475,6431.000116631677,26763.909247875214,1.6086629202669677e-05
3216,1.2444145679473877,6433.000116631677,26772.601891040802,1.605829827431833e-05
3217,1.1056623458862305,6435.000116631677,26781.00489473343,1.6029987542727584e-05
3218,1.040685772895813,6437.000116631677,26788.835391044617,1.6001697024743443e-05
3219,1.3213298320770264,6439.000116631677,26797.655956029892,1.5973426737199892e-05
3220,1.2200291156768799,6441.000116631677,26808.13778614998,1.5945176696918826e-05
3221,1.0935615301132202,6443.000116631677,26813.94335436821,1.591694692071014e-05
3222,1.162827491760254,6445.000116631677,26824.438585042953,1.5888737425371676e-05
3223,1.3267335891723633,6447.000116631677,26831.876219034195,1.5860548227689154e-05
3224,1.224358081817627,6449.000116631677,26841.620675086975,1.5832379344436265e-05
3225,0.9703739881515503,6451.000116631677,26850.80029129982,1.58042307923746e-05
3226,1.092717170715332,6453.000116631677,26861.295742988586,1.5776102588253653e-05
3227,0.9689939022064209,6455.000116631677,26868.443604946136,1.5747994748810816e-05
3228,1.08085298538208,6457.000116631677,26877.300832509995,1.5719907290771324e-05
3229,1.5019105672836304,6459.000116631677,26886.024856328964,1.5691840230848334e-05
3230,1.1136856079101562,6461.000116631677,26896.487137317657,1.566379358574284e-05
3231,1.2145973443984985,6463.000116631677,26904.98322582245,1.56357673721437e-05
3232,1.294723629951477,6465.000116631677,26915.459102392197,1.5607761606727616e-05
3233,1.0306187868118286,6467.000116631677,26923.177216768265,1.5579776306159094e-05
3234,1.1953167915344238,6469.000116631677,26930.35129094124,1.5551811487090493e-05
3235,1.059500813484192,6471.000116631677,26938.88698720932,1.5523867166161988e-05
3236,1.1927309036254883,6473.000116631677,26948.842995882034,1.5495943360001525e-05
3237,1.141042947769165,6475.000116631677,26958.894520759583,1.5468040085224865e-05
3238,1.1605143547058105,6477.000116631677,26965.638940811157,1.544015735843556e-05
3239,1.1547951698303223,6479.000116631677,26972.993252277374,1.541229519622493e-05
3240,1.0618858337402344,6481.000116631677,26979.128992795944,1.5384453615172023e-05
3241,1.325096845626831,6483.000116631677,26987.84953379631,1.5356632631843687e-05
3242,1.028847575187683,6485.000116631677,26993.809718847275,1.532883226279452e-05
3243,0.9022591710090637,6487.000116631677,27001.066017627716,1.5301052524566793e-05
3244,1.1827657222747803,6489.000116631677,27008.618617534637,1.527329343369054e-05
3245,1.1030809879302979,6491.000116631677,27017.427906751633,1.5245555006683544e-05
3246,1.2976491451263428,6493.000116631677,27025.51162624359,1.5217837260051219e-05
3247,1.2081832885742188,6495.000116631677,27035.98797059059,1.5190140210286713e-05
3248,1.0612550973892212,6497.000116631677,27045.628714084625,1.5162463873870869e-05
3249,1.2893197536468506,6499.000116631677,27053.669632911682,1.5134808267272185e-05
3250,1.2995933294296265,6501.000116631677,27062.442189455032,1.5107173406946831e-05
3251,1.3004087209701538,6503.000116631677,27070.846081972122,1.5079559309338645e-05
3252,1.2519347667694092,6505.000116631677,27079.09576511383,1.5051965990879066e-05
3253,0.9904152750968933,6507.000116631677,27087.1819396019,1.5024393467987215e-05
3254,1.0628691911697388,6509.000116631677,27095.537425518036,1.4996841757069823e-05
3255,1.3217873573303223,6511.000116631677,27106.064213514328,1.4969310874521252e-05
3256,1.154106616973877,6513.000116631677,27113.186500549316,1.4941800836723421e-05
3257,0.9957308769226074,6515.000116631677,27121.465620040894,1.4914311660045905e-05
3258,0.8059943914413452,6517.000116631677,27131.94813656807,1.4886843360845841e-05
3259,1.319540023803711,6519.000116631677,27141.16019463539,1.485939595546793e-05
3260,1.2036657333374023,6521.000116631677,27147.958827018738,1.483196946024445e-05
3261,0.8947172164916992,6523.000116631677,27158.44816851616,1.4804563891495264e-05
3262,1.2124366760253906,6525.000116631677,27168.93552327156,1.4777179265527731e-05
3263,1.1286346912384033,6527.000116631677,27177.55654501915,1.4749815598636787e-05
3264,1.3502752780914307,6529.000116631677,27185.94034218788,1.4722472907104905e-05
3265,1.0980157852172852,6531.000116631677,27192.16363310814,1.4695151207202013e-05
3266,1.143843173980713,6533.000116631677,27199.20847940445,1.4667850515185626e-05
3267,0.8295303583145142,6535.000116631677,27206.31398677826,1.4640570847300708e-05
3268,1.0174765586853027,6537.000116631677,27215.339752197266,1.4613312219779758e-05
3269,1.1000165939331055,6539.000116631677,27224.8593814373,1.458607464884269e-05
3270,1.32450270652771,6541.000116631677,27233.867515087128,1.4558858150696943e-05
3271,1.345627784729004,6543.000116631677,27244.23490190506,1.4531662741537395e-05
3272,1.0827395915985107,6545.000116631677,27253.21571969986,1.4504488437546382e-05
3273,1.2378594875335693,6547.000116631677,27261.307778835297,1.4477335254893685e-05
3274,0.9724695682525635,6549.000116631677,27269.536223888397,1.445020320973651e-05
3275,1.1455276012420654,6551.000116631677,27279.395129203796,1.4423092318219472e-05
3276,1.05662202835083,6553.000116631677,27287.075461387634,1.4396002596474628e-05
3277,0.9071187376976013,6555.000116631677,27292.63233780861,1.4368934060621422e-05
3278,0.9693640470504761,6557.000116631677,27300.76555109024,1.4341886726766682e-05
3279,1.444277286529541,6559.000116631677,27307.566578388214,1.4314860611004628e-05
3280,1.3426058292388916,6561.000116631677,27316.01154780388,1.4287855729416887e-05
3281,1.1494348049163818,6563.000116631677,27324.694970607758,1.4260872098072388e-05
3282,1.1764768362045288,6565.000116631677,27332.241490125656,1.4233909733027453e-05
3283,1.224483609199524,6567.000116631677,27341.066817760468,1.420696865032576e-05
3284,1.1483371257781982,6569.000116631677,27349.75990462303,1.418004886599831e-05
3285,1.0404932498931885,6571.000116631677,27357.263512134552,1.4153150396063406e-05
3286,1.018364667892456,6573.000116631677,27365.851097106934,1.4126273256526701e-05
3287,1.0172924995422363,6575.000116631677,27373.135179281235,1.409941746338117e-05
3288,1.0424576997756958,6577.000116631677,27380.101360082626,1.407258303260702e-05
3289,1.306511640548706,6579.000116631677,27388.68187570572,1.4045769980171814e-05
3290,1.1892664432525635,6581.000116631677,27397.483372449875,1.4018978322030372e-05
3291,0.9815748929977417,6583.000116631677,27403.09959435463,1.399220807412476e-05
3292,1.104557991027832,6585.000116631677,27411.601475954056,1.3965459252384332e-05
3293,1.158247947692871,6587.000116631677,27420.532165527344,1.3938731872725683e-05
3294,1.091944932937622,6589.000116631677,27428.71282172203,1.391202595105266e-05
3295,1.036719560623169,6591.000116631677,27438.824305295944,1.3885341503256322e-05
3296,1.116112470626831,6593.000116631677,27447.6941716671,1.3858678545214965e-05
3297,1.1309454441070557,6595.000116631677,27456.074798822403,1.3832037092794106e-05
3298,1.1031407117843628,6597.000116631677,27463.794571876526,1.3805417161846424e-05
3299,1.200519323348999,6599.000116631677,27474.34713077545,1.3778818768211839e-05
3300,0.8990474939346313,6601.000116631677,27483.97319793701,1.3752241927717444e-05
3301,1.1962599754333496,6603.000116631677,27492.491032123566,1.3725686656177472e-05
3302,1.2668828964233398,6605.000116631677,27503.017469882965,1.3699152969393373e-05
3303,1.2963154315948486,6607.000116631677,27510.631148815155,1.3672640883153728e-05
3304,1.0612506866455078,6609.000116631677,27520.128665447235,1.3646150413234256e-05
3305,1.1783223152160645,6611.000116631677,27528.110583782196,1.3619681575397825e-05
3306,1.1471219062805176,6613.000116631677,27537.51506280899,1.3593234385394445e-05
3307,1.0491769313812256,6615.000116631677,27545.89495229721,1.3566808858961211e-05
3308,1.302005648612976,6617.000116631677,27556.393429756165,1.354040501182235e-05
3309,1.2111998796463013,6619.000116631677,27566.87107539177,1.3514022859689203e-05
3310,1.1507813930511475,6621.000116631677,27575.680304288864,1.3487662418260155e-05
3311,1.2432548999786377,6623.000116631677,27581.85942196846,1.3461323703220714e-05
3312,1.139430284500122,6625.000116631677,27587.804649353027,1.3435006730243447e-05
3313,1.1503818035125732,6627.000116631677,27597.88633608818,1.3408711514987988e-05
3314,1.1799525022506714,6629.000116631677,27607.411821126938,1.3382438073101027e-05
3315,1.196296215057373,6631.000116631677,27615.746205091476,1.3356186420216265e-05
3316,1.2879619598388672,6633.000116631677,27626.007979631424,1.3329956571954484e-05
3317,1.1924501657485962,6635.000116631677,27634.6895070076,1.3303748543923461e-05
3318,1.1002440452575684,6637.000116631677,27642.117275238037,1.3277562351718001e-05
3319,1.2198561429977417,6639.000116631677,27650.00208592415,1.3251398010919933e-05
3320,1.3831214904785156,6641.000116631677,27658.266082763672,1.3225255537098032e-05
3321,1.0585029125213623,6643.000116631677,27666.016382694244,1.3199134945808109e-05
3322,1.1757502555847168,6645.000116631677,27675.16275882721,1.3173036252592952e-05
3323,0.8972193002700806,6647.000116631677,27685.63183760643,1.3146959472982274e-05
3324,1.2614784240722656,6649.000116631677,27694.526834964752,1.3120904622492801e-05
3325,1.1635313034057617,6651.000116631677,27702.405014038086,1.309487171662819e-05
3326,1.158482313156128,6653.000116631677,27709.133818149567,1.3068860770879044e-05
3327,0.9188271760940552,6655.000116631677,27714.825131893158,1.304287180072287e-05
3328,1.1065495014190674,6657.000116631677,27725.334652662277,1.3016904821624142e-05
3329,1.0845444202423096,6659.000116631677,27735.516587734222,1.2990959849034243e-05
3330,1.1505070924758911,6661.000116631677,27746.00276041031,1.2965036898391413e-05
3331,1.1881036758422852,6663.000116631677,27754.44735479355,1.293913598512084e-05
3332,1.1461069583892822,6665.000116631677,27761.796867847443,1.2913257124634594e-05
3333,1.2925622463226318,6667.000116631677,27770.2285425663,1.2887400332331586e-05
3334,1.0965559482574463,6669.000116631677,27777.163686275482,1.2861565623597633e-05
3335,1.1698702573776245,6671.000116631677,27785.221504449844,1.2835753013805392e-05
3336,1.2308766841888428,6673.000116631677,27792.121104002,1.2809962518314389e-05
3337,1.2991199493408203,6675.000116631677,27799.660520792007,1.2784194152470968e-05
3338,1.297283411026001,6677.000116631677,27807.889314889908,1.2758447931608331e-05
3339,1.089616298675537,6679.000116631677,27817.981407880783,1.2732723871046467e-05
3340,0.8932244181632996,6681.000116631677,27826.561138153076,1.2707021986092208e-05
3341,1.2315537929534912,6683.000116631677,27834.942086935043,1.268134229203918e-05
3342,1.2142488956451416,6685.000116631677,27843.08586215973,1.2655684804167826e-05
3343,1.1140894889831543,6687.000116631677,27852.25511240959,1.2630049537745324e-05
3344,1.2518770694732666,6689.000116631677,27862.054133415222,1.2604436508025672e-05
3345,1.1234110593795776,6691.000116631677,27871.039306879044,1.2578845730249645e-05
3346,1.006442666053772,6693.000116631677,27881.51195168495,1.2553277219644735e-05
3347,1.1172617673873901,6695.000116631677,27889.9980096817,1.2527730991425204e-05
3348,1.1954017877578735,6697.000116631677,27898.856758594513,1.250220706079209e-05
3349,1.256767988204956,6699.000116631677,27908.229073524475,1.2476705442933095e-05
3350,1.2114534378051758,6701.000116631677,27916.81626224518,1.2451226153022694e-05
3351,1.1596468687057495,6703.000116631677,27923.990078687668,1.242576920622208e-05
3352,1.4092504978179932,6705.000116631677,27933.54065680504,1.2400334617679102e-05
3353,1.0855293273925781,6707.000116631677,27943.07916212082,1.2374922402528347e-05
3354,1.098041296005249,6709.000116631677,27953.560014486313,1.2349532575891082e-05
3355,0.9684986472129822,6711.000116631677,27960.326481580734,1.2324165152875265e-05
3356,0.9913896322250366,6713.000116631677,27969.955995321274,1.2298820148575474e-05
3357,1.0206286907196045,6715.000116631677,27980.21053814888,1.227349757807299e-05
3358,1.0309251546859741,6717.000116631677,27989.163775205612,1.2248197456435744e-05
3359,1.3779160976409912,6719.000116631677,27998.300620555878,1.222291979871829e-05
3360,1.220728874206543,6721.000116631677,28006.834837198257,1.2197664619961829e-05
3361,1.3607447147369385,6723.000116631677,28015.996408700943,1.217243193519419e-05
3362,1.3219904899597168,6725.000116631677,28024.810747146606,1.2147221759429783e-05
3363,1.1378505229949951,6727.000116631677,28033.68886947632,1.2122034107669668e-05
3364,1.1868541240692139,6729.000116631677,28041.96506667137,1.2096868994901493e-05
3365,0.9259350299835205,6731.000116631677,28052.35394501686,1.2071726436099463e-05
3366,1.2247849702835083,6733.000116631677,28059.414390802383,1.2046606446224389e-05
3367,0.8835033774375916,6735.000116631677,28063.994695663452,1.2021509040223661e-05
3368,1.3584240674972534,6737.000116631677,28073.830243587494,1.1996434233031224e-05
3369,1.2592883110046387,6739.000116631677,28084.369015216827,1.1971382039567543e-05
3370,1.2995069026947021,6741.000116631677,28092.392174243927,1.1946352474739666e-05
3371,1.0136137008666992,6743.000116631677,28100.225687980652,1.192134555344119e-05
3372,1.1762640476226807,6745.000116631677,28108.517862558365,1.1896361290552172e-05
3373,0.9470844268798828,6747.000116631677,28116.692726373672,1.1871399700939246e-05
3374,1.1817834377288818,6749.000116631677,28124.91134619713,1.1846460799455547e-05
3375,0.9864417314529419,6751.000116631677,28132.787554502487,1.1821544600940666e-05
3376,1.0456972122192383,6753.000116631677,28143.263058185577,1.1796651120220744e-05
3377,1.2771694660186768,6755.000116631677,28152.090693712234,1.1771780372108375e-05
3378,1.1567522287368774,6757.000116631677,28158.457154512405,1.1746932371402612e-05
3379,1.398917317390442,6759.000116631677,28167.0283203125,1.1722107132888998e-05
3380,1.199495553970337,6761.000116631677,28175.595420122147,1.1697304671339518e-05
3381,1.1658129692077637,6763.000116631677,28184.475956439972,1.1672525001512618e-05
3382,1.2411047220230103,6765.000116631677,28194.94823861122,1.164776813815316e-05
3383,1.3109338283538818,6767.000116631677,28205.43278360367,1.1623034095992458e-05
3384,1.3019969463348389,6769.000116631677,28211.73670077324,1.1598322889748238e-05
3385,1.2822482585906982,6771.000116631677,28218.28188943863,1.157363453412462e-05
3386,1.2268750667572021,6773.000116631677,28227.99636077881,1.1548969043812148e-05
3387,1.2210712432861328,6775.000116631677,28238.494719982147,1.1524326433487768e-05
3388,1.1844193935394287,6777.000116631677,28247.892088651657,1.1499706717814775e-05
3389,1.2246863842010498,6779.000116631677,28255.695806980133,1.1475109911442877e-05
3390,0.9578269720077515,6781.000116631677,28264.09372997284,1.1450536029008148e-05
3391,1.2058544158935547,6783.000116631677,28271.584082841873,1.1425985085132982e-05
3392,1.0631814002990723,6785.000116631677,28279.372455120087,1.1401457094426172e-05
3393,1.112737774848938,6787.000116631677,28287.61656856537,1.1376952071482837e-05
3394,1.3582613468170166,6789.000116631677,28294.557059049606,1.1352470030884408e-05
3395,1.2822465896606445,6791.000116631677,28302.380789279938,1.1328010987198665e-05
3396,0.969849705696106,6793.000116631677,28307.843351364136,1.1303574954979695e-05
3397,1.3113924264907837,6795.000116631677,28318.061202049255,1.1279161948767915e-05
3398,1.0688364505767822,6797.000116631677,28325.32727575302,1.125477198308999e-05
3399,1.1919357776641846,6799.000116631677,28333.910735607147,1.1230405072458916e-05
3400,0.9648627042770386,6801.000116631677,28340.43414902687,1.120606123137396e-05
3401,0.6414299011230469,6803.000116631677,28345.424036741257,1.118174047432067e-05
3402,1.053682804107666,6805.000116631677,28354.82712817192,1.1157442815770829e-05
3403,1.17523193359375,6807.000116631677,28363.62159371376,1.1133168270182505e-05
3404,1.2556750774383545,6809.000116631677,28374.076413869858,1.1108916852000004e-05
3405,1.2911760807037354,6811.000116631677,28383.604831457138,1.108468857565387e-05
3406,1.0053095817565918,6813.000116631677,28391.62306547165,1.1060483455560891e-05
3407,1.3497672080993652,6815.000116631677,28400.10645890236,1.1036301506124025e-05
3408,0.9112629890441895,6817.000116631677,28407.995475292206,1.1012142741732507e-05
3409,1.167985200881958,6819.000116631677,28415.86994957924,1.0988007176761739e-05
3410,1.1929199695587158,6821.000116631677,28422.898171901703,1.0963894825573337e-05
3411,1.1911972761154175,6823.000116631677,28432.05211663246,1.0939805702515074e-05
3412,1.241294503211975,6825.000116631677,28441.257113933563,1.0915739821920937e-05
3413,1.185100793838501,6827.000116631677,28450.06809401512,1.0891697198111074e-05
3414,1.3099660873413086,6829.000116631677,28457.541789770126,1.0867677845391761e-05
3415,1.1080851554870605,6831.000116631677,28465.327602624893,1.0843681778055475e-05
3416,1.1684134006500244,6833.000116631677,28472.889533519745,1.0819709010380823e-05
3417,1.0833327770233154,6835.000116631677,28481.481446027756,1.0795759556632511e-05
3418,0.9708213806152344,6837.000116631677,28490.869935274124,1.0771833431061419e-05
3419,1.2198901176452637,6839.000116631677,28497.548670053482,1.0747930647904539e-05
3420,1.0777817964553833,6841.000116631677,28505.0526907444,1.0724051221384943e-05
3421,1.1781368255615234,6843.000116631677,28511.179839611053,1.0700195165711836e-05
3422,1.0797113180160522,6845.000116631677,28519.51095890999,1.06763624950805e-05
3423,0.9457836151123047,6847.000116631677,28528.87167572975,1.0652553223672306e-05
3424,1.221265435218811,6849.000116631677,28539.395009994507,1.0628767365654715e-05
3425,0.9333778619766235,6851.000116631677,28548.389642238617,1.0605004935181242e-05
3426,1.0445951223373413,6853.000116631677,28556.83341860771,1.058126594639145e-05
3427,1.077820062637329,6855.000116631677,28567.325996875763,1.0557550413410971e-05
3428,1.2194344997406006,6857.000116631677,28576.099481344223,1.0533858350351481e-05
3429,1.1952745914459229,6859.000116631677,28583.472647190094,1.05101897713107e-05
3430,1.3277406692504883,6861.000116631677,28590.97989654541,1.0486544690372326e-05
3432,1.1754156351089478,6865.000116631677,28607.61342740059,1.043932507906787e-05
3433,1.3356878757476807,6867.000116631677,28616.76111650467,1.0415750576799294e-05
3434,1.0691251754760742,6869.000116631677,28626.481223344803,1.0392199628828157e-05
3435,1.210125207901001,6871.000116631677,28633.406361103058,1.0368672249168216e-05
3436,1.098943829536438,6873.000116631677,28642.4972782135,1.0345168451819147e-05
3437,1.3539466857910156,6875.000116631677,28651.665693044662,1.0321688250766656e-05
3438,1.148537039756775,6877.000116631677,28660.678466558456,1.029823165998237e-05
3439,0.9354931116104126,6879.000116631677,28668.943151474,1.02747986934239e-05
3440,1.150385856628418,6881.000116631677,28677.416347026825,1.0251389365034745e-05
3441,1.332810640335083,6883.000116631677,28686.19886994362,1.0228003688744396e-05
3442,0.8944723010063171,6885.000116631677,28694.965021133423,1.020464167846825e-05
3443,1.2258214950561523,6887.000116631677,28703.44297504425,1.0181303348107597e-05
3444,1.2885503768920898,6889.000116631677,28712.166833639145,1.0157988711549664e-05
3445,1.3229460716247559,6891.000116631677,28721.526209115982,1.0134697782667578e-05
3446,1.2434136867523193,6893.000116631677,28729.147177696228,1.0111430575320355e-05
3447,1.1205132007598877,6895.000116631677,28736.982654571533,1.0088187103352887e-05
3448,1.2228848934173584,6897.000116631677,28745.84838104248,1.0064967380595973e-05
3449,1.1541320085525513,6899.000116631677,28751.79830431938,1.0041771420866226e-05
3450,0.8639892339706421,6901.000116631677,28757.663689613342,1.0018599237966166e-05
3451,1.1399216651916504,6903.000116631677,28767.77849960327,9.995450845684155e-06
3452,1.1604318618774414,6905.000116631677,28775.13496851921,9.972326257794373e-06
3453,1.2633450031280518,6907.000116631677,28782.344658136368,9.949225488056865e-06
3454,1.134326457977295,6909.000116631677,28790.87727689743,9.926148550217501e-06
3455,1.1402313709259033,6911.000116631677,28796.117285490036,9.903095458007967e-06
3456,1.289183497428894,6913.000116631677,28803.579210996628,9.880066225145732e-06
3457,1.23160719871521,6915.000116631677,28813.098860502243,9.857060865334104e-06
3458,0.9316364526748657,6917.000116631677,28819.233689308167,9.834079392262193e-06
3459,1.06516432762146,6919.000116631677,28827.213395118713,9.811121819604835e-06
3460,1.2016668319702148,6921.000116631677,28837.32607293129,9.788188161022714e-06
3461,1.2973875999450684,6923.000116631677,28845.617715597153,9.765278430162254e-06
3462,1.2469689846038818,6925.000116631677,28852.93941807747,9.74239264065563e-06
3463,1.1075127124786377,6927.000116631677,28861.454362392426,9.71953080612078e-06
3464,1.0862904787063599,6929.000116631677,28869.67842721939,9.696692940161414e-06
3465,0.9588278532028198,6931.000116631677,28877.946551799774,9.67387905636693e-06
3466,1.2003055810928345,6933.000116631677,28885.648525714874,9.651089168312492e-06
3467,1.286853551864624,6935.000116631677,28894.63977408409,9.628323289558976e-06
3468,1.1894718408584595,6937.000116631677,28903.40270590782,9.605581433652974e-06
3469,1.3027523756027222,6939.000116631677,28911.949436426163,9.582863614126776e-06
3470,1.3827080726623535,6941.000116631677,28922.43734741211,9.560169844498385e-06
3471,1.1846168041229248,6943.000116631677,28931.2347779274,9.537500138271477e-06
3472,1.2108304500579834,6945.000116631677,28941.724638462067,9.514854508935411e-06
3473,1.1147061586380005,6947.000116631677,28949.31339931488,9.49223296996522e-06
3474,1.1598553657531738,6949.000116631677,28957.681644678116,9.469635534821621e-06
3475,1.1735804080963135,6951.000116631677,28966.359758138657,9.447062216950953e-06
3476,1.2997146844863892,6953.000116631677,28975.352167367935,9.424513029785236e-06
3477,1.2457051277160645,6955.000116631677,28983.88662457466,9.401987986742126e-06
3478,1.233482003211975,6957.000116631677,28992.856112241745,9.379487101224884e-06
3479,1.0818802118301392,6959.000116631677,29002.20626425743,9.357010386622428e-06
3480,1.2139816284179688,6961.000116631677,29011.860593557358,9.334557856309299e-06
3481,1.2728394269943237,6963.000116631677,29022.05873441696,9.31212952364561e-06
3482,1.154081106185913,6965.000116631677,29031.209382772446,9.2897254019771e-06
3483,1.2947500944137573,6967.000116631677,29040.057557582855,9.267345504635111e-06
3484,1.130303144454956,6969.000116631677,29048.59645295143,9.244989844936558e-06
3485,1.2249648571014404,6971.000116631677,29059.07701230049,9.222658436183918e-06
3486,1.0827109813690186,6973.000116631677,29066.49954557419,9.200351291665267e-06
3487,1.156815767288208,6975.000116631677,29074.90337753296,9.17806842465423e-06
3488,1.1926963329315186,6977.000116631677,29085.38253211975,9.155809848409973e-06
3489,1.1273465156555176,6979.000116631677,29095.787272691727,9.133575576177232e-06
3490,1.2517476081848145,6981.000116631677,29105.950360536575,9.111365621186257e-06
3491,1.2661123275756836,6983.000116631677,29115.04690003395,9.089179996652857e-06
3492,1.2697221040725708,6985.000116631677,29122.6961414814,9.06701871577834e-06
3493,1.1319466829299927,6987.000116631677,29128.491116523743,9.044881791749545e-06
3494,1.1579015254974365,6989.000116631677,29135.223254203796,9.02276923773879e-06
3495,1.2508161067962646,6991.000116631677,29144.3328332901,9.000681066903919e-06
3496,1.2110928297042847,6993.000116631677,29154.82050037384,8.97861729238826e-06
3497,1.2327942848205566,6995.000116631677,29161.866904258728,8.956577927320636e-06
3498,1.4224045276641846,6997.000116631677,29172.375496149063,8.934562984815311e-06
3499,1.2135040760040283,6999.000116631677,29181.89747428894,8.912572477972042e-06
3500,1.0721882581710815,7001.000116631677,29191.70341539383,8.890606419876054e-06
3501,1.062042474746704,7003.000116631677,29199.568668603897,8.868664823597994e-06
3502,1.2083913087844849,7005.000116631677,29206.980889320374,8.846747702193982e-06
3503,0.940943717956543,7007.000116631677,29213.11790037155,8.824855068705576e-06
3504,1.2545666694641113,7009.000116631677,29220.45790219307,8.802986936159716e-06
3505,1.059651255607605,7011.000116631677,29229.129300117493,8.781143317568822e-06
3506,1.30319344997406,7013.000116631677,29237.579682826996,8.759324225930709e-06
3507,1.2772966623306274,7015.000116631677,29244.53724527359,8.73752967422857e-06
3508,1.3616386651992798,7017.000116631677,29251.0547850132,8.715759675431021e-06
3509,1.0808736085891724,7019.000116631677,29261.498759031296,8.69401424249207e-06
3510,1.2900166511535645,7021.000116631677,29267.382596969604,8.672293388351102e-06
3511,0.8296405076980591,7023.000116631677,29276.124684095383,8.650597125932872e-06
3512,1.0757108926773071,7025.000116631677,29283.937500953674,8.628925468147522e-06
3513,1.1703298091888428,7027.000116631677,29292.19082546234,8.607278427890504e-06
3514,0.8535330295562744,7029.000116631677,29296.845079660416,8.58565601804268e-06
3515,1.1686105728149414,7031.000116631677,29305.10561990738,8.56405825147022e-06
3516,1.0518786907196045,7033.000116631677,29315.594797849655,8.542485141024656e-06
3517,1.1187193393707275,7035.000116631677,29324.00897026062,8.520936699542809e-06
3518,0.8542964458465576,7037.000116631677,29331.592846155167,8.49941293984686e-06
3519,1.30148446559906,7039.000116631677,29338.990201473236,8.4779138747443e-06
3520,1.1548230648040771,7041.000116631677,29348.109137296677,8.456439517027885e-06
3521,1.0768563747406006,7043.000116631677,29358.581243753433,8.434989879475722e-06
3522,1.0808383226394653,7045.000116631677,29367.268513441086,8.41356497485119e-06
3523,1.0341289043426514,7047.000116631677,29374.58789038658,8.392164815902917e-06
3524,1.240966796875,7049.000116631677,29381.85391163826,8.370789415364857e-06
3525,1.1342628002166748,7051.000116631677,29390.694650173187,8.349438785956207e-06
3526,1.0873725414276123,7053.000116631677,29401.154739379883,8.328112940381442e-06
3527,1.220807433128357,7055.000116631677,29410.924280166626,8.306811891330243e-06
3528,1.2402973175048828,7057.000116631677,29418.105360031128,8.28553565147759e-06
3529,1.145716905593872,7059.000116631677,29426.449966192245,8.264284233483683e-06
3530,0.912222683429718,7061.000116631677,29434.164135932922,8.243057649993932e-06
3531,1.2245903015136719,7063.000116631677,29440.992307901382,8.22185591363899e-06
3532,1.1870098114013672,7065.000116631677,29451.50573325157,8.200679037034722e-06
3533,0.9318960905075073,7067.000116631677,29461.967158079147,8.179527032782202e-06
3534,0.9419951438903809,7069.000116631677,29467.265080451965,8.158399913467698e-06
3535,1.142296314239502,7071.000116631677,29476.214859724045,8.137297691662686e-06
3536,1.4295589923858643,7073.000116631677,29486.72731399536,8.116220379923791e-06
3537,1.2572920322418213,7075.000116631677,29495.51496720314,8.095167990792851e-06
3538,1.2742291688919067,7077.000116631677,29506.0013859272,8.07414053679686e-06
3539,0.8205755949020386,7079.000116631677,29511.475598812103,8.05313803044799e-06
3540,0.9549028277397156,7081.000116631677,29519.674664258957,8.032160484243528e-06
3541,0.971435546875,7083.000116631677,29530.128702402115,8.01120791066595e-06
3542,0.9747053384780884,7085.000116631677,29538.349849939346,7.990280322182874e-06
3543,0.9735114574432373,7087.000116631677,29546.14748287201,7.969377731246997e-06
3544,1.2978110313415527,7089.000116631677,29556.669647932053,7.94850015029621e-06
3545,1.1249735355377197,7091.000116631677,29563.836981773376,7.927647591753489e-06
3546,1.1586154699325562,7093.000116631677,29571.57261610031,7.906820068026902e-06
3547,1.2930562496185303,7095.000116631677,29579.890330076218,7.886017591509657e-06
3548,1.195051670074463,7097.000116631677,29586.903297424316,7.865240174580053e-06
3549,1.2560240030288696,7099.000116631677,29595.898627758026,7.844487829601435e-06
3550,1.2823638916015625,7101.000116631677,29605.97052359581,7.823760568922286e-06
3551,1.1693871021270752,7103.000116631677,29614.284860610962,7.803058404876138e-06
3552,1.5104396343231201,7105.000116631677,29621.506287574768,7.782381349781573e-06
3553,1.2182433605194092,7107.000116631677,29630.4710624218,7.761729415942252e-06
3554,1.1428725719451904,7109.000116631677,29640.283844470978,7.741102615646895e-06
3555,1.1146904230117798,7111.000116631677,29648.726320505142,7.720500961169253e-06
3556,1.2340984344482422,7113.000116631677,29657.03044486046,7.699924464768108e-06
3557,0.9925309419631958,7115.000116631677,29664.48153591156,7.67937313868729e-06
3558,1.107950210571289,7117.000116631677,29670.453040361404,7.658846995155656e-06
3559,1.0543628931045532,7119.000116631677,29680.944546937943,7.638346046387034e-06
3560,1.113996982574463,7121.000116631677,29689.468905687332,7.61787030458031e-06
3561,1.0964248180389404,7123.000116631677,29696.92891716957,7.597419781919359e-06
3562,1.0847742557525635,7125.000116631677,29702.41731452942,7.576994490573024e-06
3563,1.0799548625946045,7127.000116631677,29709.494959831238,7.5565944426951605e-06
3564,1.2537509202957153,7129.000116631677,29717.713968992233,7.53621965042461e-06
3565,1.2153327465057373,7131.000116631677,29726.52534031868,7.515870125885147e-06
3566,1.1961143016815186,7133.000116631677,29736.993119955063,7.495545881185545e-06
3567,1.189942717552185,7135.000116631677,29746.989846229553,7.4752469284195295e-06
3568,1.2002363204956055,7137.000116631677,29756.80085659027,7.454973279665786e-06
3569,1.1329392194747925,7139.000116631677,29765.021894216537,7.4347249469878986e-06
3570,1.0884634256362915,7141.000116631677,29775.359784841537,7.414501942434437e-06
3571,0.9823583364486694,7143.000116631677,29782.24692749977,7.394304278038883e-06
3572,1.3453822135925293,7145.000116631677,29790.27965259552,7.3741319658196256e-06
3573,1.114285945892334,7147.000116631677,29797.168989658356,7.3539850177799865e-06
3574,1.3654357194900513,7149.000116631677,29806.109599351883,7.333863445908205e-06
3575,1.1468074321746826,7151.000116631677,29816.60972046852,7.313767262177369e-06
3576,1.1348638534545898,7153.000116631677,29824.926790714264,7.293696478545519e-06
3577,0.8923860192298889,7155.000116631677,29834.03061413765,7.273651106955554e-06
3578,1.1495431661605835,7157.000116631677,29842.783985614777,7.253631159335253e-06
3579,1.2069964408874512,7159.000116631677,29853.29515480995,7.23363664759727e-06
3580,1.0553574562072754,7161.000116631677,29862.029468774796,7.21366758363912e-06
3581,1.0697166919708252,7163.000116631677,29870.269349575043,7.19372397934319e-06
3582,1.1931430101394653,7165.000116631677,29879.07804751396,7.173805846576688e-06
3583,1.2743158340454102,7167.000116631677,29887.94465303421,7.153913197191687e-06
3584,1.4520477056503296,7169.000116631677,29896.24898147583,7.1340460430251095e-06
3585,1.2235496044158936,7171.000116631677,29905.436562538147,7.1142043958986625e-06
3586,1.0197405815124512,7173.000116631677,29914.209321022034,7.094388267618917e-06
3587,0.9559485912322998,7175.000116631677,29921.080797433853,7.074597669977258e-06
3588,1.2795730829238892,7177.000116631677,29928.698699951172,7.054832614749843e-06
3589,1.1777149438858032,7179.000116631677,29935.324459075928,7.035093113697661e-06
3590,0.9901626110076904,7181.000116631677,29943.68495941162,7.015379178566501e-06
3591,1.1459450721740723,7183.000116631677,29952.635055541992,6.995690821086907e-06
3592,0.982947826385498,7185.000116631677,29960.5075135231,6.976028052974237e-06
3593,1.0517598390579224,7187.000116631677,29966.804941892624,6.956390885928608e-06
3594,1.120028018951416,7189.000116631677,29974.945286273956,6.936779331634887e-06
3595,1.1410406827926636,7191.000116631677,29982.482743263245,6.917193401762732e-06
3596,1.0569980144500732,7193.000116631677,29989.253318548203,6.897633107966529e-06
3597,1.2081224918365479,7195.000116631677,29996.029597759247,6.878098461885432e-06
3598,0.8733521699905396,7197.000116631677,30001.11307811737,6.858589475143319e-06
3599,1.268984317779541,7199.000116631677,30007.660150766373,6.839106159348784e-06
3600,1.1003371477127075,7201.000116631677,30014.832863092422,6.81964852609517e-06
3601,1.4620628356933594,7203.000116631677,30021.894291639328,6.800216586960535e-06
3602,1.334557294845581,7205.000116631677,30031.04226541519,6.780810353507644e-06
3603,0.912354588508606,7207.000116631677,30036.97783923149,6.761429837283975e-06
3604,1.1946890354156494,7209.000116631677,30047.10619544983,6.742075049821675e-06
3605,1.2470481395721436,7211.000116631677,30054.71376991272,6.722746002637606e-06
3606,1.257190465927124,7213.000116631677,30063.314586639404,6.703442707233323e-06
3607,1.0542536973953247,7215.000116631677,30073.55237340927,6.684165175095024e-06
3608,1.012815237045288,7217.000116631677,30084.02402305603,6.664913417693594e-06
3609,1.2217450141906738,7219.000116631677,30091.203278064728,6.645687446484595e-06
3610,1.1505248546600342,7221.000116631677,30099.641107082367,6.6264872729082425e-06
3611,1.1895065307617188,7223.000116631677,30107.7457549572,6.607312908389361e-06
3612,1.1372002363204956,7225.000116631677,30115.798911571503,6.588164364337463e-06
3613,1.2160475254058838,7227.000116631677,30122.167287111282,6.5690416521466985e-06
3614,1.1780130863189697,7229.000116631677,30131.58482193947,6.5499447831958045e-06
3615,0.9114388823509216,7231.000116631677,30142.058964967728,6.5308737688481774e-06
3616,1.084938645362854,7233.000116631677,30149.37138557434,6.511828620451824e-06
3617,1.2517411708831787,7235.000116631677,30155.99388384819,6.492809349339338e-06
3618,1.1043572425842285,7237.000116631677,30162.81477379799,6.473815966827933e-06
3619,1.3429694175720215,7239.000116631677,30171.338182210922,6.454848484219428e-06
3620,1.1734380722045898,7241.000116631677,30179.85443711281,6.435906912800206e-06
3621,0.9020007252693176,7243.000116631677,30190.321816444397,6.41699126384125e-06
3622,0.9831394553184509,7245.000116631677,30200.31348490715,6.398101548598118e-06
3623,1.3918347358703613,7247.000116631677,30208.647899627686,6.379237778310917e-06
3624,0.8131511807441711,7249.000116631677,30214.990813732147,6.36039996420433e-06
3625,1.134795904159546,7251.000116631677,30223.558631658554,6.3415881174876e-06
3626,1.2836254835128784,7253.000116631677,30231.78450703621,6.322802249354523e-06
3627,0.9535614252090454,7255.000116631677,30240.333054304123,6.304042370983401e-06
3628,1.2566770315170288,7257.000116631677,30247.786306381226,6.285308493537111e-06
3629,1.0605872869491577,7259.000116631677,30255.80257511139,6.266600628163053e-06
3630,1.182370662689209,7261.000116631677,30266.304265737534,6.247918785993114e-06
3631,1.3457963466644287,7263.000116631677,30276.548576831818,6.229262978143737e-06
3632,0.9795303344726562,7265.000116631677,30285.702701091766,6.21063321571587e-06
3633,1.029280424118042,7267.000116631677,30294.51814198494,6.192029509794929e-06
3634,1.338955283164978,7269.000116631677,30304.09059405327,6.173451871450853e-06
3635,1.3147426843643188,7271.000116631677,30312.896418571472,6.154900311738083e-06
3636,1.0357844829559326,7273.000116631677,30321.715701580048,6.136374841695494e-06
3637,1.3997682332992554,7275.000116631677,30330.86526942253,6.11787547234648e-06
3638,1.0079495906829834,7277.000116631677,30338.31822013855,6.099402214698893e-06
3639,1.1942757368087769,7279.000116631677,30347.759580373764,6.08095507974505e-06
3640,1.2301931381225586,7281.000116631677,30358.236392259598,6.062534078461705e-06
3641,0.9772224426269531,7283.000116631677,30365.55833339691,6.044139221810079e-06
3642,1.1140720844268799,7285.000116631677,30374.45059490204,6.025770520735834e-06
3643,1.3103256225585938,7287.000116631677,30382.926129102707,6.007427986169066e-06
3644,0.9933425188064575,7289.000116631677,30393.395871162415,5.989111629024307e-06
3645,1.0639252662658691,7291.000116631677,30403.853330135345,5.9708214602005046e-06
3646,1.161941409111023,7293.000116631677,30412.539454221725,5.952557490581017e-06
3647,1.120668649673462,7295.000116631677,30422.413026332855,5.934319731033629e-06
3648,1.4550683498382568,7297.000116631677,30431.255451202393,5.916108192410526e-06
3649,1.1394078731536865,7299.000116631677,30437.33740592003,5.89792288554827e-06
3650,1.0302178859710693,7301.000116631677,30445.8069794178,5.8797638212678386e-06
3651,1.276472568511963,7303.000116631677,30456.292761325836,5.8616310103746016e-06
3652,1.2713892459869385,7305.000116631677,30463.068908929825,5.843524463658268e-06
3653,1.149360179901123,7307.000116631677,30473.53192615509,5.825444191892948e-06
3654,1.0960845947265625,7309.000116631677,30480.46617794037,5.807390205837121e-06
3655,1.1759412288665771,7311.000116631677,30489.682391881943,5.789362516233617e-06
3656,1.138128399848938,7313.000116631677,30494.824258327484,5.7713611338096016e-06
3657,1.0428638458251953,7315.000116631677,30500.868210077286,5.753386069276612e-06
3658,1.1110352277755737,7317.000116631677,30508.4090051651,5.735437333330524e-06
3659,1.0193312168121338,7319.000116631677,30518.483971357346,5.717514936651517e-06
3660,1.1838796138763428,7321.000116631677,30525.264479637146,5.699618889904135e-06
3661,1.3450881242752075,7323.000116631677,30535.754213809967,5.681749203737226e-06
3662,1.1178441047668457,7325.000116631677,30544.580325126648,5.663905888783945e-06
3663,1.0115141868591309,7327.000116631677,30554.696357011795,5.6460889556617656e-06
3664,0.985643208026886,7329.000116631677,30563.200070619583,5.628298414972459e-06
3665,1.2161014080047607,7331.000116631677,30572.12501525879,5.6105342773021e-06
3666,1.1572705507278442,7333.000116631677,30580.95251250267,5.592796553221045e-06
3667,1.1043078899383545,7335.000116631677,30589.218575000763,5.5750852532839305e-06
3668,1.257659912109375,7337.000116631677,30598.513528823853,5.557400388029686e-06
3669,1.0163381099700928,7339.000116631677,30608.02213382721,5.539741967981477e-06
3670,1.229597568511963,7341.000116631677,30617.10586333275,5.52211000364677e-06
3671,1.171195387840271,7343.000116631677,30624.818925380707,5.504504505517279e-06
3672,1.2298325300216675,7345.000116631677,30635.308019161224,5.486925484068944e-06
3673,1.0135166645050049,7347.000116631677,30642.159284353256,5.469372949761983e-06
3674,1.0492546558380127,7349.000116631677,30651.358458518982,5.451846913040855e-06
3675,1.2463665008544922,7351.000116631677,30660.741210460663,5.43434738433421e-06
3676,1.1029691696166992,7353.000116631677,30669.737558603287,5.416874374054972e-06
3677,0.9984205365180969,7355.000116631677,30680.194712400436,5.39942789260027e-06
3678,0.9392988681793213,7357.000116631677,30686.057797670364,5.38200795035143e-06
3679,1.0922645330429077,7359.000116631677,30695.45199751854,5.364614557673998e-06
3680,1.3659417629241943,7361.000116631677,30704.64425086975,5.347247724917732e-06
3681,0.9570003747940063,7363.000116631677,30712.75987482071,5.32990746241659e-06
3682,0.8995230197906494,7365.000116631677,30722.80086541176,5.312593780488682e-06
3683,1.072195053100586,7367.000116631677,30730.928022623062,5.295306689436338e-06
3684,1.1242039203643799,7369.000116631677,30739.43514227867,5.278046199546054e-06
3685,1.0305304527282715,7371.000116631677,30748.13860297203,5.260812321088514e-06
3686,1.2107398509979248,7373.000116631677,30756.72248339653,5.243605064318516e-06
3687,1.0476419925689697,7375.000116631677,30765.679784059525,5.226424439475074e-06
3688,1.0212252140045166,7377.000116631677,30774.796184301376,5.209270456781327e-06
3689,1.1291334629058838,7379.000116631677,30783.56974554062,5.192143126444572e-06
3690,1.2665042877197266,7381.000116631677,30792.08014845848,5.175042458656244e-06
3691,1.0949695110321045,7383.000116631677,30801.045117616653,5.1579684635918914e-06
3692,1.1460031270980835,7385.000116631677,30807.56853079796,5.140921151411225e-06
3693,1.313494086265564,7387.000116631677,30815.7918112278,5.1239005322580655e-06
3694,0.9556502103805542,7389.000116631677,30824.31942510605,5.1069066162603335e-06
3695,1.1719084978103638,7391.000116631677,30830.96924138069,5.089939413530083e-06
3696,1.3587068319320679,7393.000116631677,30838.39275932312,5.072998934163464e-06
3697,1.1459840536117554,7395.000116631677,30848.863606452942,5.056085188240739e-06
3698,1.3383386135101318,7397.000116631677,30857.769116163254,5.0391981858262184e-06
3699,1.0351169109344482,7399.000116631677,30868.237853050232,5.02233793696835e-06
3700,0.9072121977806091,7401.000116631677,30874.282737016678,5.0055044516996474e-06
3701,1.0964001417160034,7403.000116631677,30880.513163805008,4.988697740036675e-06
3702,1.001397728919983,7405.000116631677,30889.375898122787,4.971917811980098e-06
3703,1.0322387218475342,7407.000116631677,30897.000922203064,4.955164677514634e-06
3704,1.1729481220245361,7409.000116631677,30904.23074889183,4.938438346609035e-06
3705,1.26961350440979,7411.000116631677,30914.726293563843,4.921738829216134e-06
3706,1.2181522846221924,7413.000116631677,30921.808947324753,4.905066135272803e-06
3707,1.2045786380767822,7415.000116631677,30929.335238456726,4.88842027469994e-06
3708,1.146130084991455,7417.000116631677,30936.579060792923,4.871801257402487e-06
3709,1.1613545417785645,7419.000116631677,30943.74066543579,4.8552090932694085e-06
3710,1.2700934410095215,7421.000116631677,30952.04277420044,4.83864379217371e-06
3711,1.2736902236938477,7423.000116631677,30960.352105617523,4.822105363972359e-06
3712,1.0109355449676514,7425.000116631677,30967.50541830063,4.805593818506395e-06
3713,1.306074619293213,7427.000116631677,30976.29077386856,4.789109165600831e-06
3714,1.126929759979248,7429.000116631677,30984.959697008133,4.772651415064664e-06
3715,1.0454899072647095,7431.000116631677,30994.935339212418,4.756220576690917e-06
3716,1.1487746238708496,7433.000116631677,31004.016810655594,4.739816660256583e-06
3717,1.0690503120422363,7435.000116631677,31013.98986029625,4.723439675522617e-06
3718,1.3109456300735474,7437.000116631677,31022.990747451782,4.707089632233979e-06
3719,1.085249423980713,7439.000116631677,31033.3470287323,4.690766540119598e-06
3720,1.1699773073196411,7441.000116631677,31043.03192806244,4.674470408892326e-06
3721,1.2726103067398071,7443.000116631677,31051.99632501602,4.658201248249012e-06
3722,1.2203562259674072,7445.000116631677,31061.13617539406,4.641959067870451e-06
3723,1.289344072341919,7447.000116631677,31069.844997644424,4.625743877421364e-06
3724,1.176134467124939,7449.000116631677,31077.44642353058,4.609555686550424e-06
3725,1.3463400602340698,7451.000116631677,31084.383076667786,4.593394504890247e-06
3726,1.15252685546875,7453.000116631677,31092.762537956238,4.577260342057377e-06
3727,0.9379204511642456,7455.000116631677,31098.901381969452,4.5611532076522465e-06
3728,1.1165671348571777,7457.000116631677,31109.108237028122,4.545073111259251e-06
3729,1.3159449100494385,7459.000116631677,31118.326362848282,4.52902006244667e-06
3730,0.8898069858551025,7461.000116631677,31128.82115674019,4.512994070766697e-06
3731,1.481545329093933,7463.000116631677,31137.20261144638,4.496995145755426e-06
3732,1.102744460105896,7465.000116631677,31146.2987306118,4.481023296932855e-06
3733,1.2083649635314941,7467.000116631677,31156.80379676819,4.465078533802843e-06
3734,1.1651074886322021,7469.000116631677,31165.812185764313,4.449160865853151e-06
3735,1.2546968460083008,7471.000116631677,31173.05222940445,4.433270302555426e-06
3736,1.0731966495513916,7473.000116631677,31181.921724557877,4.417406853365156e-06
3737,1.0647763013839722,7475.000116631677,31189.00191807747,4.40157052772173e-06
3738,1.1483173370361328,7477.000116631677,31197.99391222,4.385761335048372e-06
3739,1.380794644355774,7479.000116631677,31204.250132083893,4.369979284752192e-06
3740,1.0596446990966797,7481.000116631677,31212.987936019897,4.354224386224095e-06
3741,0.9772329330444336,7483.000116631677,31222.07805776596,4.338496648838885e-06
3742,1.1591811180114746,7485.000116631677,31229.75770163536,4.322796081955183e-06
3743,1.0978904962539673,7487.000116631677,31236.901013612747,4.307122694915426e-06
3744,1.155254602432251,7489.000116631677,31244.360586166382,4.291476497045902e-06
3745,1.0754250288009644,7491.000116631677,31253.305612802505,4.27585749765672e-06
3746,1.0105036497116089,7493.000116631677,31262.019698619843,4.260265706041775e-06
3747,0.936278223991394,7495.000116631677,31270.44919013977,4.244701131478809e-06
3748,1.1985368728637695,7497.000116631677,31280.029685497284,4.229163783229354e-06
3749,1.147477626800537,7499.000116631677,31288.989392757416,4.213653670538732e-06
3750,1.1626994609832764,7501.000116631677,31297.566771268845,4.19817080263607e-06
3751,1.1536060571670532,7503.000116631677,31306.927290916443,4.182715188734282e-06
3752,1.0377373695373535,7505.000116631677,31315.14586162567,4.167286838030065e-06
3753,1.2292125225067139,7507.000116631677,31325.639069080353,4.1518857597038925e-06
3754,1.2323551177978516,7509.000116631677,31334.18020772934,4.136511962920004e-06
3755,1.2795605659484863,7511.000116631677,31343.13196516037,4.121165456826423e-06
3756,1.2871325016021729,7513.000116631677,31350.02563381195,4.105846250554907e-06
3757,1.1647274494171143,7515.000116631677,31360.520006656647,4.09055435322099e-06
3758,1.1391944885253906,7517.000116631677,31370.37627863884,4.075289773923952e-06
3759,0.9392713308334351,7519.000116631677,31375.81763100624,4.060052521746806e-06
3760,1.137471079826355,7521.000116631677,31382.28747367859,4.044842605756319e-06
3761,1.1831035614013672,7523.000116631677,31390.18066883087,4.029660035003e-06
3762,1.2976796627044678,7525.000116631677,31400.280745983124,4.014504818521051e-06
3763,1.1320979595184326,7527.000116631677,31410.786804914474,3.999376965328429e-06
3764,1.0962793827056885,7529.000116631677,31418.72623848915,3.984276484426802e-06
3765,1.0061345100402832,7531.000116631677,31424.28448009491,3.969203384801542e-06
3766,1.1254464387893677,7533.000116631677,31432.419064044952,3.954157675421732e-06
3767,1.242095947265625,7535.000116631677,31441.358204603195,3.939139365240164e-06
3768,1.1300188302993774,7537.000116631677,31449.2626183033,3.924148463193332e-06
3769,0.8823315501213074,7539.000116631677,31459.736032247543,3.909184978201381e-06
3770,1.244797945022583,7541.000116631677,31470.226699352264,3.894248919168186e-06
3771,1.1298670768737793,7543.000116631677,31480.695638656616,3.879340294981292e-06
3772,1.1098792552947998,7545.000116631677,31489.802411556244,3.864459114511917e-06
3773,1.1326794624328613,7547.000116631677,31498.385308265686,3.849605386614925e-06
3774,1.2479958534240723,7549.000116631677,31505.995352983475,3.834779120128883e-06
3775,1.244924783706665,7551.000116631677,31515.817219257355,3.819980323875994e-06
3776,1.1839942932128906,7553.000116631677,31526.015070915222,3.8052090066621268e-06
3777,0.8775860071182251,7555.000116631677,31533.12814760208,3.790465177276795e-06
3778,1.0041351318359375,7557.000116631677,31541.96000790596,3.775748844493145e-06
3779,1.0746628046035767,7559.000116631677,31552.423607826233,3.7610600170679706e-06
3780,1.0736825466156006,7561.000116631677,31558.346393823624,3.7463987037417056e-06
3781,1.148587703704834,7563.000116631677,31568.680980682373,3.7317649132384153e-06
3782,1.1870274543762207,7565.000116631677,31578.19176530838,3.71715865426576e-06
3783,1.3283158540725708,7567.000116631677,31585.136529922485,3.7025799355150414e-06
3784,1.332777976989746,7569.000116631677,31591.51228094101,3.6880287656611746e-06
3785,1.2519752979278564,7571.000116631677,31601.98480939865,3.6735051533626656e-06
3786,0.9641574621200562,7573.000116631677,31608.767229795456,3.6590091072616334e-06
3787,1.09810471534729,7575.000116631677,31617.788756370544,3.6445406359838048e-06
3788,1.3176385164260864,7577.000116631677,31626.186727762222,3.630099748138475e-06
3789,1.3259389400482178,7579.000116631677,31636.660502433777,3.6156864523185364e-06
3790,1.049659013748169,7581.000116631677,31644.11506843567,3.601300757100483e-06
3791,1.1860687732696533,7583.000116631677,31653.839767932892,3.5869426710443437e-06
3792,1.378878116607666,7585.000116631677,31663.588467359543,3.572612202693751e-06
3793,1.2083195447921753,7587.000116631677,31671.143157958984,3.5583093605758934e-06
3794,1.2405973672866821,7589.000116631677,31678.84677386284,3.544034153201524e-06
3795,0.9743257761001587,7591.000116631677,31685.340151548386,3.529786589064947e-06
3796,1.0502820014953613,7593.000116631677,31693.785977125168,3.515566676644036e-06
3797,1.1677056550979614,7595.000116631677,31700.124949216843,3.5013744244001774e-06
3798,1.123311996459961,7597.000116631677,31709.551423549652,3.487209840778321e-06
3799,1.3137789964675903,7599.000116631677,31717.18319249153,3.4730729342069523e-06
3800,1.2650954723358154,7601.000116631677,31726.27047085762,3.4589637130980862e-06
3801,1.1878540515899658,7603.000116631677,31736.49259495735,3.4448821858472573e-06
3802,1.1737672090530396,7605.000116631677,31745.900156259537,3.430828360833523e-06
3803,1.2748981714248657,7607.000116631677,31756.41872549057,3.4168022464194723e-06
3804,1.407503604888916,7609.000116631677,31765.19081068039,3.402803850951173e-06
3805,1.423715591430664,7611.000116631677,31773.91008234024,3.388833182758235e-06
3806,1.3875114917755127,7613.000116631677,31782.082166671753,3.3748902501537522e-06
3807,1.0362515449523926,7615.000116631677,31790.633850574493,3.3609750614342994e-06
3808,0.9486510157585144,7617.000116631677,31795.477927923203,3.3470876248799704e-06
3809,1.2235000133514404,7619.000116631677,31805.95202279091,3.333227948754338e-06
3810,1.1845228672027588,7621.000116631677,31813.908600330353,3.319396041304451e-06
3811,1.1767158508300781,7623.000116631677,31819.774518013,3.305591910760825e-06
3812,1.3345215320587158,7625.000116631677,31830.242815971375,3.2918155653374685e-06
3813,1.2648791074752808,7627.000116631677,31836.760989904404,3.2780670132318466e-06
3814,1.0555636882781982,7629.000116631677,31846.57088804245,3.264346262624877e-06
3815,1.0848838090896606,7631.000116631677,31855.221207618713,3.250653321680952e-06
3816,0.8833467960357666,7633.000116631677,31862.16398692131,3.236988198547904e-06
3817,1.1755090951919556,7635.000116631677,31870.566878080368,3.223350901357013e-06
3818,1.251434564590454,7637.000116631677,31878.1116437912,3.2097414382230116e-06
3819,1.1992063522338867,7639.000116631677,31886.608820199966,3.196159817244072e-06
3820,1.2633309364318848,7641.000116631677,31895.378519535065,3.1826060465017704e-06
3821,1.1117275953292847,7643.000116631677,31905.845987081528,3.169080134061139e-06
3822,1.014868974685669,7645.000116631677,31913.951884031296,3.1555820879706356e-06
3823,1.3397269248962402,7647.000116631677,31923.46998810768,3.142111916262114e-06
3824,1.2240592241287231,7649.000116631677,31932.345309972763,3.1286696269508478e-06
3825,1.4069886207580566,7651.000116631677,31941.8801074028,3.1152552280355397e-06
3826,1.0796258449554443,7653.000116631677,31950.161772489548,3.1018687274982896e-06
3827,0.9429993033409119,7655.000116631677,31959.563992023468,3.088510133304566e-06
3828,0.97962886095047,7657.000116631677,31968.125886917114,3.0751794534032615e-06
3829,0.942696750164032,7659.000116631677,31975.720823049545,3.0618766957266722e-06
3830,1.0713797807693481,7661.000116631677,31982.955312013626,3.0486018681904337e-06
3831,0.9832226634025574,7663.000116631677,31990.42231631279,3.035354978693608e-06
3832,1.1308059692382812,7665.000116631677,31999.249928951263,3.022136035118607e-06
3833,1.040506362915039,7667.000116631677,32007.847424030304,3.008945045331208e-06
3834,1.0352574586868286,7669.000116631677,32016.402975082397,2.9957820171805786e-06
3835,1.3398935794830322,7671.000116631677,32024.937255620956,2.9826469584992445e-06
3836,1.3463451862335205,7673.000116631677,32035.40795969963,2.969539877103055e-06
3837,0.9892283082008362,7675.000116631677,32042.308243989944,2.9564607807912575e-06
3838,1.2650957107543945,7677.000116631677,32050.979811668396,2.9434096773464173e-06
3839,1.1207290887832642,7679.000116631677,32059.530406713486,2.930386574534458e-06
3840,1.1282837390899658,7681.000116631677,32068.914978027344,2.9173914801046274e-06
3841,1.3167386054992676,7683.000116631677,32077.38708281517,2.9044244017895207e-06
3842,1.2707799673080444,7685.000116631677,32087.228360176086,2.891485347305068e-06
3843,0.9586421251296997,7687.000116631677,32094.143714666367,2.8785743243504903e-06
3844,1.0500257015228271,7689.000116631677,32103.254290819168,2.8656913406083677e-06
3845,1.184883713722229,7691.000116631677,32110.557919979095,2.852836403744587e-06
3846,1.1848950386047363,7693.000116631677,32118.887974739075,2.840009521408316e-06
3847,1.0793476104736328,7695.000116631677,32129.196524858475,2.827210701232063e-06
3848,1.0794144868850708,7697.000116631677,32137.89964556694,2.8144399508316385e-06
3849,1.2613835334777832,7699.000116631677,32144.241199970245,2.801697277806123e-06
3850,1.2790465354919434,7701.000116631677,32150.451403856277,2.788982689737909e-06
3851,1.3106966018676758,7703.000116631677,32159.55422282219,2.7762961941926813e-06
3852,0.9884291291236877,7705.000116631677,32168.100067853928,2.763637798719399e-06
3853,1.2193937301635742,7707.000116631677,32175.990616083145,2.7510075108502956e-06
3854,1.3154792785644531,7709.000116631677,32183.890930891037,2.738405338100896e-06
3855,0.888580322265625,7711.000116631677,32190.786462306976,2.725831287969988e-06
3856,1.1406891345977783,7713.000116631677,32199.47361946106,2.713285367939613e-06
3857,1.4092540740966797,7715.000116631677,32208.47541332245,2.700767585475091e-06
3858,1.3174477815628052,7717.000116631677,32216.713799715042,2.6882779480249953e-06
3859,1.196476936340332,7719.000116631677,32225.646379470825,2.6758164630211512e-06
3861,1.1673717498779297,7723.000116631677,32242.77402496338,2.6509779799957147e-06
3862,1.185788631439209,7725.000116631677,32252.307178735733,2.638600996754002e-06
3863,1.158329963684082,7727.000116631677,32262.798095941544,2.626252195518271e-06
3864,1.2488969564437866,7729.000116631677,32273.273636579514,2.6139315836365435e-06
3865,1.3079371452331543,7731.000116631677,32281.32334113121,2.601639168440053e-06
3866,1.1101975440979004,7733.000116631677,32289.608887195587,2.589374957243275e-06
3867,0.9125020503997803,7735.000116631677,32297.534499645233,2.577138957343898e-06
3868,1.3120570182800293,7737.000116631677,32304.35190653801,2.56493117602283e-06
3869,1.0597889423370361,7739.000116631677,32313.157254457474,2.5527516205441532e-06
3870,0.8080664873123169,7741.000116631677,32321.666531562805,2.540600298155203e-06
3871,1.0457756519317627,7743.000116631677,32328.96868610382,2.5284772160864884e-06
3872,1.0800999402999878,7745.000116631677,32336.279309749603,2.516382381551705e-06
3873,1.2555574178695679,7747.000116631677,32344.99125933647,2.5043158017477606e-06
3874,1.2271645069122314,7749.000116631677,32351.394525051117,2.4922774838547507e-06
3875,0.9671270847320557,7751.000116631677,32359.566111326218,2.480267435035933e-06
3876,1.2021408081054688,7753.000116631677,32368.74932217598,2.4682856624377623e-06
3877,1.1506481170654297,7755.000116631677,32378.125940084457,2.4563321731898733e-06
3878,1.318211317062378,7757.000116631677,32385.909910678864,2.444406974405037e-06
3879,1.0848033428192139,7759.000116631677,32394.380007505417,2.432510073179232e-06
3880,1.3449606895446777,7761.000116631677,32402.829175949097,2.420641476591568e-06
3881,1.3484089374542236,7763.000116631677,32413.31794500351,2.4088011917043387e-06
3882,1.3001264333724976,7765.000116631677,32422.636812210083,2.396989225562964e-06
3883,0.9393178820610046,7767.000116631677,32430.742280960083,2.385205585196043e-06
3884,1.1184394359588623,7769.000116631677,32439.317915916443,2.373450277615284e-06
3885,1.2483487129211426,7771.000116631677,32447.231487751007,2.361723309815563e-06
3886,1.3611963987350464,7773.000116631677,32456.186852693558,2.3500246887748875e-06
3887,1.2748968601226807,7775.000116631677,32464.715811014175,2.3383544214543994e-06
3888,1.2020528316497803,7777.000116631677,32473.543218135834,2.3267125147983505e-06
3889,0.9991883635520935,7779.000116631677,32482.768562078476,2.315098975734143e-06
3890,1.1035279035568237,7781.000116631677,32493.251784324646,2.3035138111722885e-06
3891,1.1296923160552979,7783.000116631677,32503.722176790237,2.2919570280064004e-06
3892,1.1661028861999512,7785.000116631677,32513.480840682983,2.280428633113228e-06
3893,1.1577503681182861,7787.000116631677,32521.886704921722,2.2689286333526185e-06
3894,1.3743250370025635,7789.000116631677,32531.689212083817,2.2574570355675143e-06
3895,1.106860876083374,7791.000116631677,32538.00105381012,2.2460138465839727e-06
3896,1.0435421466827393,7793.000116631677,32546.204056978226,2.234599073211136e-06
3897,1.1300209760665894,7795.000116631677,32551.98251056671,2.223212722241244e-06
3898,0.8109990954399109,7797.000116631677,32559.618039369583,2.2118548004496164e-06
3899,1.2250494956970215,7799.000116631677,32568.34240627289,2.200525314594659e-06
3900,1.2775821685791016,7801.000116631677,32577.071758508682,2.189224271417874e-06
3901,1.2574245929718018,7803.000116631677,32584.142218112946,2.177951677643812e-06
3902,1.1839419603347778,7805.000116631677,32592.81177854538,2.166707539980107e-06
3903,1.0751838684082031,7807.000116631677,32602.460498332977,2.155491865117465e-06
3904,1.129992961883545,7809.000116631677,32607.903945446014,2.1443046597296583e-06
3905,1.2276915311813354,7811.000116631677,32616.198513507843,2.1331459304734973e-06
3906,1.082332730293274,7813.000116631677,32624.376513957977,2.1220156839888826e-06
3907,1.0132923126220703,7815.000116631677,32632.828109502792,2.110913926898729e-06
3908,1.0631489753723145,7817.000116631677,32642.21120452881,2.09984066580902e-06
3909,1.1773873567581177,7819.000116631677,32647.76315331459,2.0887959073087866e-06
3910,1.310394048690796,7821.000116631677,32656.647805452347,2.07777965797009e-06
3911,1.19797682762146,7823.000116631677,32667.15759253502,2.0667919243480266e-06
3912,0.9185270071029663,7825.000116631677,32672.01518845558,2.055832712980729e-06
3913,1.022209644317627,7827.000116631677,32677.937834262848,2.0449020303893667e-06
3914,1.065693974494934,7829.000116631677,32685.55822944641,2.0339998830781045e-06
3915,1.363529920578003,7831.000116631677,32692.844618558884,2.023126277534161e-06
3916,1.094711184501648,7833.000116631677,32699.077712774277,2.012281220227757e-06
3917,1.265709638595581,7835.000116631677,32706.797070741653,2.0014647176121203e-06
3918,1.019222617149353,7837.000116631677,32715.17297410965,1.9906767761235e-06
3919,1.2649887800216675,7839.000116631677,32725.42595934868,1.9799174021811402e-06
3920,1.014594554901123,7841.000116631677,32732.158322811127,1.969186602187284e-06
3921,1.3295660018920898,7843.000116631677,32739.904626607895,1.958484382527186e-06
3922,1.0663554668426514,7845.000116631677,32748.043231725693,1.947810749569083e-06
3923,1.0577960014343262,7847.000116631677,32755.459205389023,1.9371657096642126e-06
3924,1.003208041191101,7849.000116631677,32762.223521709442,1.9265492691467726e-06
3925,1.1677829027175903,7851.000116631677,32769.010180950165,1.9159614343339724e-06
3926,1.0474538803100586,7853.000116631677,32779.48549890518,1.9054022115259923e-06
3927,0.7864052057266235,7855.000116631677,32788.0048494339,1.8948716070059698e-06
3928,1.1855049133300781,7857.000116631677,32798.114331007004,1.8843696270400396e-06
3929,1.2029635906219482,7859.000116631677,32806.79167318344,1.8738962778772944e-06
3930,1.0640835762023926,7861.000116631677,32817.2557413578,1.863451565749769e-06
3931,0.9914156794548035,7863.000116631677,32825.92962527275,1.853035496872489e-06
3932,0.8490897417068481,7865.000116631677,32833.56829357147,1.8426480774434217e-06
3933,1.065889596939087,7867.000116631677,32840.53573489189,1.832289313643487e-06
3934,1.1336684226989746,7869.000116631677,32851.04650473595,1.821959211636552e-06
3935,1.2190508842468262,7871.000116631677,32860.049479961395,1.811657777569442e-06
3936,1.191086769104004,7873.000116631677,32867.611958026886,1.801385017571901e-06
3937,1.2293602228164673,7875.000116631677,32872.59046959877,1.791140937756626e-06
3938,1.1968910694122314,7877.000116631677,32879.75275874138,1.7809255442192556e-06
3939,0.7827883362770081,7879.000116631677,32885.673453330994,1.7707388430383422e-06
3940,1.2141458988189697,7881.000116631677,32891.708582639694,1.7605808402753682e-06
3941,1.041466236114502,7883.000116631677,32899.117287397385,1.7504515419747468e-06
3942,1.2311959266662598,7885.000116631677,32906.98910164833,1.7403509541638099e-06
3943,1.281252145767212,7887.000116631677,32916.20616412163,1.7302790828527982e-06
3944,1.1110326051712036,7889.000116631677,32924.285351514816,1.7202359340348715e-06
3945,1.2954559326171875,7891.000116631677,32933.39486193657,1.7102215136860977e-06
3946,1.1964353322982788,7893.000116631677,32942.54021477699,1.7002358277654472e-06
3947,1.0834293365478516,7895.000116631677,32951.43032717705,1.690278882214788e-06
3948,1.3513505458831787,7897.000116631677,32959.94041132927,1.6803506829589068e-06
3949,0.857162594795227,7899.000116631677,32970.423538684845,1.6704512359054598e-06
3950,1.046181321144104,7901.000116631677,32978.98855757713,1.6605805469450063e-06
3951,1.1678998470306396,7903.000116631677,32989.482756614685,1.6507386219510017e-06
3952,1.120619297027588,7905.000116631677,32997.31966805458,1.6409254667797718e-06
3953,1.103952169418335,7907.000116631677,33006.022295713425,1.631141087270522e-06
3954,1.0256361961364746,7909.000116631677,33015.465617895126,1.6213854892453444e-06
3955,1.1888360977172852,7911.000116631677,33021.658806562424,1.611658678509211e-06
3956,1.136806607246399,7913.000116631677,33030.46743273735,1.6019606608499464e-06
3957,1.041820764541626,7915.000116631677,33039.02299308777,1.5922914420382449e-06
3958,1.1363561153411865,7917.000116631677,33045.29769587517,1.5826510278276867e-06
3959,1.0350236892700195,7919.000116631677,33052.37700986862,1.5730394239546826e-06
3960,1.0852794647216797,7921.000116631677,33058.43651008606,1.5634566361385176e-06
3961,0.8778253793716431,7923.000116631677,33062.54854416847,1.5539026700813302e-06
3962,1.3299400806427002,7925.000116631677,33073.02639126778,1.5443775314680944e-06
3963,0.9946368932723999,7927.000116631677,33083.49762582779,1.5348812259666428e-06
3964,0.8340086936950684,7929.000116631677,33090.09593296051,1.5254137592276603e-06
3965,1.2101085186004639,7931.000116631677,33096.59497332573,1.5159751368846459e-06
3966,1.085330843925476,7933.000116631677,33103.86840629578,1.5065653645539566e-06
3967,1.0797189474105835,7935.000116631677,33111.996327638626,1.4971844478347745e-06
3968,1.35188889503479,7937.000116631677,33120.987211704254,1.4878323923091121e-06
3969,1.0188132524490356,7939.000116631677,33130.09603238106,1.478509203541807e-06
3970,0.9395806789398193,7941.000116631677,33140.579937934875,1.4692148870805325e-06
3971,1.0751748085021973,7943.000116631677,33149.29695725441,1.4599494484557535e-06
3972,1.3193210363388062,7945.000116631677,33156.338670253754,1.450712893180777e-06
3973,1.2667404413223267,7947.000116631677,33162.70090842247,1.4415052267517174e-06
3974,1.2052850723266602,7949.000116631677,33172.04021835327,1.4323264546474983e-06
3975,1.2768118381500244,7951.000116631677,33179.73069882393,1.4231765823298397e-06
3976,1.2124106884002686,7953.000116631677,33188.41515350342,1.4140556152432816e-06
3977,0.8825554251670837,7955.000116631677,33197.00300145149,1.4049635588151551e-06
3978,1.2802634239196777,7957.000116631677,33205.90873003006,1.3959004184555831e-06
3979,1.049573540687561,7959.000116631677,33214.10348248482,1.3868661995574969e-06
3980,1.267209768295288,7961.000116631677,33224.584326028824,1.3778609074966137e-06
3981,0.9353300333023071,7963.000116631677,33231.40965604782,1.3688845476314257e-06
3982,1.190537929534912,7965.000116631677,33239.778218746185,1.3599371253032221e-06
3983,1.1228878498077393,7967.000116631677,33247.2286670208,1.3510186458360675e-06
3984,1.2767919301986694,7969.000116631677,33257.77101230621,1.342129114536812e-06
3985,1.1401065587997437,7971.000116631677,33265.70356631279,1.3332685366950702e-06
3986,1.2913813591003418,7973.000116631677,33276.19968223572,1.3244369175832308e-06
3987,1.0810000896453857,7975.000116631677,33283.436784505844,1.3156342624564639e-06
3988,1.0158178806304932,7977.000116631677,33291.053438425064,1.3068605765526808e-06
3989,1.0451388359069824,7979.000116631677,33298.450276851654,1.2981158650925733e-06
3990,1.2251613140106201,7981.000116631677,33308.269168138504,1.2894001332795914e-06
3991,1.3552021980285645,7983.000116631677,33318.758189201355,1.2807133862999273e-06
3992,1.1829233169555664,7985.000116631677,33327.12619829178,1.272055629322542e-06
3993,1.1293877363204956,7987.000116631677,33335.94105529785,1.263426867499144e-06
3994,1.0606207847595215,7989.000116631677,33346.42708516121,1.2548271059641778e-06
3995,1.182293176651001,7991.000116631677,33352.7691321373,1.2462563498348407e-06
3996,0.9641844034194946,7993.000116631677,33363.2514462471,1.237714604211066e-06
3997,1.2164316177368164,7995.000116631677,33371.72115731239,1.2292018741755347e-06
3998,1.0556015968322754,7997.000116631677,33378.777775764465,1.2207181647936407e-06
3999,1.079580307006836,7999.000116631677,33383.91214179993,1.2122634811135316e-06
4000,1.2215421199798584,8001.000116631677,33392.98310279846,1.2038378281660797e-06
4001,1.2169241905212402,8003.000116631677,33399.26392388344,1.1954412109648652e-06
4002,1.1333398818969727,8005.000116631677,33407.510081768036,1.1870736345062164e-06
4003,1.10768461227417,8007.000116631677,33413.71191239357,1.1787351037691692e-06
4004,1.1862475872039795,8009.000116631677,33421.766602277756,1.170425623715468e-06
4005,1.319861888885498,8011.000116631677,33430.17064285278,1.1621451992895769e-06
4006,1.0937556028366089,8013.000116631677,33438.66180706024,1.1538938354186901e-06
4007,1.2174103260040283,8015.000116631677,33448.34356570244,1.1456715370126666e-06
4008,1.0278534889221191,8017.000116631677,33457.6825170517,1.1374783089641168e-06
4009,1.0467277765274048,8019.000116631677,33464.34183216095,1.129314156148322e-06
4010,0.9691770672798157,8021.000116631677,33473.40628361702,1.121179083423282e-06
4011,1.0133812427520752,8023.000116631677,33480.25137782097,1.1130730956296721e-06
4012,1.0865793228149414,8025.000116631677,33488.31344628334,1.1049961975908759e-06
4013,1.094193696975708,8027.000116631677,33495.52162146568,1.0969483941129682e-06
4014,1.417283535003662,8029.000116631677,33504.610649347305,1.0889296899846994e-06
4015,1.1135962009429932,8031.000116631677,33512.80146980286,1.0809400899775226e-06
4016,1.155321717262268,8033.000116631677,33518.094871520996,1.0729795988455657e-06
4017,1.3085908889770508,8035.000116631677,33528.13758230209,1.0650482213256154e-06
4018,1.1723552942276,8037.000116631677,33534.93451046944,1.0571459621371608e-06
4019,1.2491710186004639,8039.000116631677,33545.04352283478,1.0492728259823605e-06
4020,0.9130458831787109,8041.000116631677,33551.79225587845,1.0414288175460319e-06
4021,1.037056565284729,8043.000116631677,33560.322078466415,1.0336139414956723e-06
4022,1.3048135042190552,8045.000116631677,33569.09778213501,1.0258282024814328e-06
4023,1.4595115184783936,8047.000116631677,33578.195328474045,1.0180716051361384e-06
4024,1.1644883155822754,8049.000116631677,33585.562044382095,1.010344154075268e-06
4025,1.0591620206832886,8051.000116631677,33594.23906111717,1.0026458538969523e-06
4026,1.295240879058838,8053.000116631677,33600.01577115059,9.94976709181987e-07
4027,1.256375789642334,8055.000116631677,33608.38513183594,9.873367244938089e-07
4028,1.0967799425125122,8057.000116631677,33616.75174856186,9.79725904378513e-07
4029,1.106393814086914,8059.000116631677,33624.54999279976,9.721442533648367e-07
4030,1.4319026470184326,8061.000116631677,33631.43122148514,9.64591775964153e-07
4031,1.3185417652130127,8063.000116631677,33637.96861386299,9.570684766704769e-07
4032,1.2430720329284668,8065.000116631677,33647.511945962906,9.495743599604872e-07
4033,1.042607069015503,8067.000116631677,33655.87998533249,9.421094302934493e-07
4034,1.1122190952301025,8069.000116631677,33665.67877006531,9.346736921113086e-07
4035,1.1450673341751099,8071.000116631677,33676.13481593132,9.272671498386138e-07
4036,1.17108154296875,8073.000116631677,33683.24875330925,9.19889807882544e-07
4037,1.03610360622406,8075.000116631677,33691.33662652969,9.125416706329147e-07
4038,1.284847617149353,8077.000116631677,33698.99208569527,9.052227424621497e-07
4039,1.0485539436340332,8079.000116631677,33707.51177120209,8.979330277253034e-07
4040,1.1641850471496582,8081.000116631677,33716.2714304924,8.90672530760033e-07
4041,1.035006046295166,8083.000116631677,33725.35531377792,8.834412558866211e-07
4042,1.0416409969329834,8085.000116631677,33732.32374167442,8.762392074079639e-07
4043,1.3780407905578613,8087.000116631677,33742.80711555481,8.690663896095607e-07
4044,1.0538311004638672,8089.000116631677,33749.60535907745,8.619228067595137e-07
4045,1.2797971963882446,8091.000116631677,33757.83326840401,8.548084631085445e-07
4046,1.0905866622924805,8093.000116631677,33765.457406044006,8.477233628899554e-07
4047,1.228567361831665,8095.000116631677,33772.97271490097,8.406675103196682e-07
4048,1.2531890869140625,8097.000116631677,33780.50516009331,8.336409095961854e-07
4049,1.1829849481582642,8099.000116631677,33789.98741602898,8.26643564900607e-07
4050,1.1421414613723755,8101.000116631677,33800.114601135254,8.1967548039663e-07
4051,1.012532353401184,8103.000116631677,33805.870861530304,8.127366602305379e-07
4052,1.0551177263259888,8105.000116631677,33814.61411380768,8.058271085312058e-07
4053,1.1800971031188965,8107.000116631677,33823.120800733566,7.989468294100784e-07
4054,1.2084879875183105,8109.000116631677,33830.70905804634,7.920958269611979e-07
4055,1.274452567100525,8111.000116631677,33839.28572201729,7.852741052611756e-07
4056,1.2391548156738281,8113.000116631677,33848.737313985825,7.784816683692041e-07
4057,1.2353160381317139,8115.000116631677,33856.86372041702,7.717185203270507e-07
4058,1.2007486820220947,8117.000116631677,33866.26058220863,7.649846651590468e-07
4059,1.2395049333572388,8119.000116631677,33875.380564689636,7.5828010687211e-07
4060,1.001634120941162,8121.000116631677,33883.77845644951,7.516048494557055e-07
4061,0.8843903541564941,8123.000116631677,33890.7222340107,7.449588968818788e-07
4062,1.1862225532531738,8125.000116631677,33899.02169775963,7.38342253105234e-07
4063,1.1114501953125,8127.000116631677,33907.45174765587,7.317549220629229e-07
4064,1.3929202556610107,8129.000116631677,33914.63528442383,7.251969076746774e-07
4065,1.1739590167999268,8131.000116631677,33922.335481882095,7.18668213842766e-07
4066,1.1339019536972046,8133.000116631677,33930.15907382965,7.121688444520211e-07
4067,1.108698844909668,8135.000116631677,33937.81488060951,7.056988033698117e-07
4068,1.3277862071990967,8137.000116631677,33947.042694330215,6.992580944460814e-07
4069,1.0542702674865723,8139.000116631677,33954.080394506454,6.928467215132937e-07
4070,0.7965352535247803,8141.000116631677,33961.16869163513,6.864646883864705e-07
4071,1.272156000137329,8143.000116631677,33970.6243057251,6.8011199886317e-07
4072,1.223008394241333,8145.000116631677,33979.166977882385,6.737886567234922e-07
4073,1.1753926277160645,8147.000116631677,33988.71843838692,6.674946657300677e-07
4074,1.3312550783157349,8149.000116631677,33996.27938961983,6.612300296280748e-07
4075,1.4014794826507568,8151.000116631677,34005.30171728134,6.549947521452165e-07
4076,1.2705168724060059,8153.000116631677,34012.0005171299,6.487888369917212e-07
4077,1.238254427909851,8155.000116631677,34022.3994204998,6.426122878603592e-07
4078,1.2352137565612793,8157.000116631677,34029.64271688461,6.364651084264147e-07
4079,1.177168846130371,8159.000116631677,34040.11912441254,6.303473023476972e-07
4080,1.2550904750823975,8161.000116631677,34049.65810704231,6.242588732645466e-07
4081,1.1697797775268555,8163.000116631677,34060.130533218384,6.181998247998173e-07
4082,1.2095094919204712,8165.000116631677,34069.337779045105,6.121701605588774e-07
4083,1.109584093093872,8167.000116631677,34076.04348921776,6.061698841296148e-07
4084,1.1234197616577148,8169.000116631677,34082.5397298336,6.001989990824259e-07
4085,1.133896827697754,8171.000116631677,34091.051174640656,5.942575089702211e-07
4086,1.2061043977737427,8173.000116631677,34101.27994656563,5.883454173284192e-07
4087,1.224825382232666,8175.000116631677,34109.37027049065,5.824627276749589e-07
4088,1.22666335105896,8177.000116631677,34116.56012868881,5.766094435102482e-07
4089,1.3997046947479248,8179.000116631677,34125.651555776596,5.707855683172371e-07
4090,1.0792436599731445,8181.000116631677,34133.73312139511,5.649911055613621e-07
4091,1.1914443969726562,8183.000116631677,34142.85148477554,5.5922605869054e-07
4092,1.1181470155715942,8185.000116631677,34151.432648181915,5.534904311352075e-07
4093,1.382667899131775,8187.000116631677,34158.91882252693,5.477842263082931e-07
4094,0.9055534601211548,8189.000116631677,34164.440220832825,5.421074476052062e-07
4095,1.2762575149536133,8191.000116631677,34172.52029514313,5.364600984038478e-07
4096,1.0804363489151,8193.000116631678,34181.62423849106,5.308421820646163e-07
4097,1.2482296228408813,8195.000116631678,34188.89221024513,5.252537019304022e-07
4098,1.1560485363006592,8197.000116631678,34197.48524785042,5.196946613265544e-07
4099,1.2337191104888916,8199.000116631678,34206.17171573639,5.141650635609246e-07
4100,1.1965935230255127,8201.000116631678,34212.176381111145,5.086649119238401e-07
4101,1.0707311630249023,8203.000116631678,34220.44046831131,5.031942096881085e-07
4102,1.1393847465515137,8205.000116631678,34226.573984861374,4.977529601090129e-07
4103,1.011620283126831,8207.000116631678,34233.62767767906,4.923411664243116e-07
4104,1.079249382019043,8209.000116631678,34242.081602334976,4.869588318542212e-07
4105,1.1150455474853516,8211.000116631678,34251.237787008286,4.81605959601456e-07
4106,1.067955493927002,8213.000116631678,34259.61548733711,4.76282552851183e-07
4107,1.2144604921340942,8215.000116631678,34267.08885502815,4.7098861477102806e-07
4108,1.1933660507202148,8217.000116631678,34275.13118505478,4.657241485110976e-07
4109,1.1960527896881104,8219.000116631678,34284.8540251255,4.6048915720395095e-07
4110,1.2055001258850098,8221.000116631678,34294.48370575905,4.5528364396462295e-07
4111,1.1440664529800415,8223.000116631678,34303.88616538048,4.5010761189059e-07
4112,1.1628100872039795,8225.000116631678,34311.59927344322,4.449610640617928e-07
4113,1.3651034832000732,8227.000116631678,34320.7568666935,4.3984400354064156e-07
4114,1.2891676425933838,8229.000116631678,34328.43152475357,4.3475643337196635e-07
4115,1.087073802947998,8231.000116631678,34334.38672566414,4.296983565830834e-07
4116,0.8886064291000366,8233.000116631678,34343.08533740044,4.246697761837509e-07
4117,1.156951665878296,8235.000116631678,34352.47579956055,4.196706951661634e-07
4118,1.2881968021392822,8237.000116631678,34361.04718375206,4.1470111650496827e-07
4119,1.2034187316894531,8239.000116631678,34368.46431303024,4.097610431572662e-07
4120,1.0762871503829956,8241.000116631678,34375.153235435486,4.048504780625884e-07
4121,1.062364101409912,8243.000116631678,34381.95952963829,3.999694241429191e-07
4122,1.416441798210144,8245.000116631678,34388.54384350777,3.951178843026679e-07
4123,0.949529767036438,8247.000116631678,34396.45558834076,3.9029586142869737e-07
4124,1.0183966159820557,8249.000116631678,34405.63970685005,3.855033583903007e-07
4125,1.0939297676086426,8251.000116631678,34414.27624630928,3.807403780392021e-07
4126,1.1746459007263184,8253.000116631678,34423.203254938126,3.7600692320956754e-07
4127,1.145074486732483,8255.000116631678,34430.67400074005,3.7130299671797717e-07
4128,0.9825502038002014,8257.000116631678,34440.420325517654,3.6662860136345856e-07
4129,1.1760756969451904,8259.000116631678,34448.627671957016,3.6198373992746447e-07
4130,1.011310338973999,8261.000116631678,34457.695217609406,3.573684151738564e-07
4131,0.979854166507721,8263.000116631678,34465.34662151337,3.5278262984894324e-07
4132,1.2473928928375244,8265.000116631678,34472.45744681358,3.482263866814423e-07
4133,1.1183792352676392,8267.000116631678,34480.8874566555,3.4369968838249633e-07
4134,1.1886396408081055,8269.000116631678,34491.3870549202,3.392025376456732e-07
4135,1.2279059886932373,8271.000116631678,34498.986510276794,3.347349371469495e-07
4136,1.165299892425537,8273.000116631678,34507.95110344887,3.3029688954472697e-07
4137,1.078826904296875,8275.000116631678,34516.49552178383,3.258883974798103e-07
4138,0.952619194984436,8277.000116631678,34526.95357084274,3.215094635754296e-07
4139,1.1420655250549316,8279.000116631678,34535.25417947769,3.1716009043721784e-07
4140,1.165006399154663,8281.000116631678,34541.630193948746,3.128402806532334e-07
4141,1.2880330085754395,8283.000116631678,34549.88230729103,3.0855003679391537e-07
4142,1.2766003608703613,8285.000116631678,34557.15044474602,3.0428936141214473e-07
4143,1.1938197612762451,8287.000116631678,34566.16220974922,3.0005825704317785e-07
4144,1.3003575801849365,8289.000116631678,34576.68010187149,2.9585672620469074e-07
4145,1.2379214763641357,8291.000116631678,34583.267152547836,2.9168477139675677e-07
4146,1.1499145030975342,8293.000116631678,34592.24058008194,2.875423951018581e-07
4147,1.1262009143829346,8295.000116631678,34602.4556992054,2.8342959978486864e-07
4148,1.075507402420044,8297.000116631678,34608.78984570503,2.793463878930599e-07
4149,1.187920331954956,8299.000116631678,34615.0398979187,2.752927618561064e-07
4150,1.0537011623382568,8301.000116631678,34622.08927965164,2.71268724086069e-07
4151,1.241161584854126,8303.000116631678,34629.14290070534,2.6727427697741174e-07
4152,1.0797450542449951,8305.000116631678,34638.63087630272,2.633094229069904e-07
4153,1.2059321403503418,8307.000116631678,34649.10947561264,2.5937416423404165e-07
4154,1.0559759140014648,8309.000116631678,34658.65947151184,2.554685033001997e-07
4155,1.0639491081237793,8311.000116631678,34668.19399023056,2.515924424294907e-07
4156,1.1601594686508179,8313.000116631678,34677.0556333065,2.477459839283215e-07
4157,1.290889859199524,8315.000116631678,34683.99626016617,2.4392913008548e-07
4158,1.1967895030975342,8317.000116631678,34693.3310649395,2.4014188317214577e-07
4159,1.1241095066070557,8319.000116631678,34702.343141555786,2.363842454418795e-07
4160,0.9606724977493286,8321.000116631678,34711.288771152496,2.3265621913062798e-07
4161,1.2966394424438477,8323.000116631678,34720.010597229004,2.2895780645670793e-07
4162,1.1197723150253296,8325.000116631678,34726.45901918411,2.2528900962082232e-07
4163,1.0189833641052246,8327.000116631678,34735.622164964676,2.2164983080603843e-07
4164,1.2883179187774658,8329.000116631678,34745.413009405136,2.1804027217782646e-07
4165,1.1581430435180664,8331.000116631678,34754.419743299484,2.1446033588400422e-07
4166,1.451339602470398,8333.000116631678,34763.425812006,2.1091002405477583e-07
4167,1.3359612226486206,8335.000116631678,34772.40772795677,2.0738933880272072e-07
4168,1.1943775415420532,8337.000116631678,34780.44117450714,2.0389828222278254e-07
4169,1.1185553073883057,8339.000116631678,34789.30311346054,2.0043685639226902e-07
4170,1.2817535400390625,8341.000116631678,34799.7770614624,1.9700506337087438e-07
4171,1.271378517150879,8343.000116631678,34808.9003534317,1.9360290520064026e-07
4172,1.0609480142593384,8345.000116631678,34814.84810614586,1.902303839059948e-07
4173,0.9389980435371399,8347.000116631678,34821.07376599312,1.8688750149371355e-07
4174,1.2158383131027222,8349.000116631678,34829.9629983902,1.8357425995294188e-07
4175,1.022918462753296,8351.000116631678,34839.931208372116,1.8029066125518927e-07
4176,1.2772194147109985,8353.000116631678,34847.346022844315,1.7703670735432941e-07
4177,0.8678096532821655,8355.000116631678,34853.8226852417,1.7381240018658907e-07
4178,1.0999579429626465,8357.000116631678,34864.29688549042,1.7061774167055362e-07
4179,1.0933136940002441,8359.000116631678,34871.61524581909,1.6745273370717822e-07
4180,0.9543800950050354,8361.000116631678,34877.333317518234,1.643173781797599e-07
4181,1.2435146570205688,8363.000116631678,34887.80851626396,1.6121167695395997e-07
4182,1.3073301315307617,8365.000116631678,34894.71313023567,1.581356318777872e-07
4183,1.2398717403411865,8367.000116631678,34901.97249484062,1.5508924478162012e-07
4184,1.1662864685058594,8369.000116631678,34910.43335270882,1.520725174781737e-07
4185,1.0266958475112915,8371.000116631678,34919.236186504364,1.4908545176251034e-07
4186,1.0571359395980835,8373.000116631678,34925.88788700104,1.4612804941206233e-07
4187,1.1904432773590088,8375.000116631678,34933.73010253906,1.432003121865982e-07
4188,1.3042538166046143,8377.000116631678,34942.826227903366,1.4030224182822859e-07
4189,1.2135424613952637,8379.000116631678,34951.39272618294,1.3743384006142827e-07
4190,1.3268532752990723,8381.000116631678,34961.37794446945,1.3459510859300289e-07
4191,1.367382526397705,8383.000116631678,34971.86919736862,1.3178604911210558e-07
4192,1.1560256481170654,8385.000116631678,34977.765642404556,1.2900666329024815e-07
4193,1.2086418867111206,8387.000116631678,34986.91252827644,1.262569527812622e-07
4194,1.196580171585083,8389.000116631678,34995.11047244072,1.235369192213434e-07
4195,1.0686163902282715,8391.000116631678,35002.667971134186,1.208465642290073e-07
4196,1.191627025604248,8393.000116631678,35012.837097644806,1.1818588940512804e-07
4197,0.9936825037002563,8395.000116631678,35023.31248855591,1.1555489633291061e-07
4198,1.0978584289550781,8397.000116631678,35031.45885634422,1.1295358657789646e-07
4199,1.0452252626419067,8399.000116631678,35039.55024981499,1.1038196168796898e-07
4200,1.1749718189239502,8401.000116631678,35050.00267291069,1.07840023193348e-07
4201,0.9411773085594177,8403.000116631678,35055.83519053459,1.0532777260657865e-07
4202,1.0432093143463135,8405.000116631678,35066.302139759064,1.028452114225536e-07
4203,0.9847925901412964,8407.000116631678,35073.5285654068,1.0039234111849641e-07
4204,1.1846323013305664,8409.000116631678,35082.05878806114,9.796916315395039e-08
4205,1.2353001832962036,8411.000116631678,35090.559309482574,9.557567897081746e-08
4206,1.2487050294876099,8413.000116631678,35099.11090803146,9.321188999330268e-08
4207,1.1322892904281616,8415.000116631678,35107.39632844925,9.087779762795308e-08
4208,1.3353101015090942,8417.000116631678,35117.90223622322,8.857340326365211e-08
4209,1.0186954736709595,8419.000116631678,35125.50273108482,8.629870827159742e-08
4210,1.2685890197753906,8421.000116631678,35135.757032871246,8.405371400532311e-08
4211,1.0194095373153687,8423.000116631678,35142.80005264282,8.183842180069414e-08
4212,0.885688304901123,8425.000116631678,35150.34913110733,7.965283297589525e-08
4213,1.1814942359924316,8427.000116631678,35160.84720802307,7.749694883143091e-08
4214,1.1836010217666626,8429.000116631678,35169.72832131386,7.537077065013652e-08
4215,0.9675418138504028,8431.000116631678,35178.09391951561,7.32742996971783e-08
4216,1.1034761667251587,8433.000116631678,35185.6803381443,7.12075372200367e-08
4217,1.2191274166107178,8435.000116631678,35192.891021966934,6.917048444851752e-08
4218,1.1463520526885986,8437.000116631678,35201.58950924873,6.716314259473521e-08
4219,1.2496905326843262,8439.000116631678,35207.83087062836,6.518551285315726e-08
4220,1.0950953960418701,8441.000116631678,35214.838619470596,6.323759640053213e-08
4221,1.1613050699234009,8443.000116631678,35222.985308647156,6.131939439595022e-08
4222,1.3018524646759033,8445.000116631678,35231.48500609398,5.9430907980827246e-08
4223,1.319798231124878,8447.000116631678,35239.702525138855,5.7572138278876504e-08
4224,0.9118360280990601,8449.000116631678,35246.29484009743,5.574308639614216e-08
4225,1.3483119010925293,8451.000116631678,35255.30292892456,5.3943753420982595e-08
4226,1.261634349822998,8453.000116631678,35263.698331832886,5.21741404240704e-08
4227,1.0465437173843384,8455.000116631678,35274.164132356644,5.0434248458392387e-08
4228,1.2744555473327637,8457.000116631678,35282.60089159012,4.8724078559255156e-08
4229,1.0479607582092285,8459.000116631678,35290.7041490078,4.7043631744273947e-08
4230,1.067929983139038,8461.000116631678,35300.14755010605,4.539290901338933e-08
4231,1.0771410465240479,8463.000116631678,35309.164263010025,4.37719113488339e-08
4232,1.1789469718933105,8465.000116631678,35317.70781183243,4.218063971517111e-08
4233,1.1926472187042236,8467.000116631678,35326.700785160065,4.061909505926753e-08
4234,1.167133092880249,8469.000116631678,35334.796525239944,3.908727831030395e-08
4235,1.2959203720092773,8471.000116631678,35343.02731561661,3.758519037977538e-08
4236,1.2171192169189453,8473.000116631678,35351.42315340042,3.611283216147439e-08
4237,1.371955394744873,8475.000116631678,35360.531866550446,3.467020453151888e-08
4238,1.1718209981918335,8477.000116631678,35368.31276679039,3.3257308348329856e-08
4239,1.0185632705688477,8479.000116631678,35376.90698170662,3.187414445263144e-08
4240,1.2159768342971802,8481.000116631678,35385.06013703346,3.052071366746198e-08
4241,1.2068639993667603,8483.000116631678,35393.45053076744,2.9197016798162927e-08
4242,1.2543680667877197,8485.000116631678,35403.23560833931,2.790305463238996e-08
4243,1.096740484237671,8487.000116631678,35413.73495912552,2.6638827940101873e-08
4244,1.2387864589691162,8489.000116631678,35422.28150844574,2.5404337473555023e-08
4245,1.0772521495819092,8491.000116631678,35430.67329645157,2.4199583967331085e-08
4246,1.3883644342422485,8493.000116631678,35439.24126434326,2.3024568138298203e-08
4247,1.1070178747177124,8495.000116631678,35447.78076720238,2.1879290685638727e-08
4248,1.0706572532653809,8497.000116631678,35455.60846543312,2.0763752290838136e-08
4249,0.9254529476165771,8499.000116631678,35460.919513463974,1.9677953617679468e-08
4250,1.2343482971191406,8501.000116631678,35468.77330946922,1.8621895312265528e-08
4251,1.2063181400299072,8503.000116631678,35475.641786813736,1.7595578002985585e-08
4252,1.1242873668670654,8505.000116631678,35484.21849679947,1.6599002300537576e-08
4253,1.213880181312561,8507.000116631678,35493.16743302345,1.5632168797933658e-08
4254,1.1690711975097656,8509.000116631678,35502.724069833755,1.4695078070461341e-08
4255,1.051459550857544,8511.000116631678,35511.705976486206,1.3787730675739014e-08
4256,0.9124436378479004,8513.000116631678,35520.171149492264,1.2910127153671523e-08
4257,1.1161425113677979,8515.000116631678,35529.25457906723,1.2062268026466837e-08
4258,1.0257768630981445,8517.000116631678,35537.44712948799,1.1244153798630477e-08
4259,0.7953400015830994,8519.000116631678,35543.37421345711,1.0455784956971096e-08
4260,1.2325611114501953,8521.000116631678,35553.7796292305,9.697161970605999e-09
4261,1.092200517654419,8523.000116631678,35561.25159788132,8.968285290944514e-09
4262,1.0368413925170898,8525.000116631678,35571.728682518005,8.26915535169353e-09
4263,1.4555273056030273,8527.000116631678,35581.0574798584,7.599772568863053e-09
4264,1.1503480672836304,8529.000116631678,35589.162501096725,6.960137340766205e-09
4265,1.2073739767074585,8531.000116631678,35598.84020781517,6.350250048008119e-09
4266,1.1055517196655273,8533.000116631678,35607.93734073639,5.770111053491497e-09
4267,1.1744273900985718,8535.000116631678,35615.39093661308,5.219720702427702e-09
4268,1.317644476890564,8537.000116631678,35625.395656108856,4.699079322314566e-09
4269,1.0754265785217285,8539.000116631678,35634.07066035271,4.208187222964134e-09
4270,1.0056326389312744,8541.000116631678,35642.310550928116,3.747044696463814e-09
4271,1.3630650043487549,8543.000116631678,35651.203246831894,3.3156520172207825e-09
4272,1.113500952720642,8545.000116631678,35660.624430179596,2.914009441928678e-09
4273,1.2761719226837158,8547.000116631678,35669.062423467636,2.5421172095787034e-09
4274,1.146049976348877,8549.000116631678,35678.60386824608,2.199975541465179e-09
4275,1.307321548461914,8551.000116631678,35686.90434193611,1.8875846411688854e-09
4276,1.2514441013336182,8553.000116631678,35695.49073767662,1.604944694579272e-09
4277,1.2073886394500732,8555.000116631678,35702.65470814705,1.352055869883351e-09
4278,0.9492806196212769,8557.000116631678,35711.611028671265,1.1289183175434972e-09
4279,1.140147089958191,8559.000116631678,35717.78081560135,9.355321703529546e-10
4280,1.1625686883926392,8561.000116631678,35728.2551510334,7.718975433747775e-10
4281,1.2140001058578491,8563.000116631678,35738.71954870224,6.380145339806867e-10
4282,1.102064609527588,8565.000116631678,35746.19103932381,5.338832218344167e-10
4283,1.208329439163208,8567.000116631678,35754.338039159775,4.5950366890281784e-10
4284,1.111304759979248,8569.000116631678,35762.50222969055,4.148759194392027e-10
4285,0.9342876672744751,8571.000116631678,35771.28047442436,3.9999999999999996e-10
4286,0.9830979108810425,8573.000116631678,35779.66848373413,4.148759194392027e-10
