step,training_loss,epoch,elapsed_time,lr_param_group_0
0,5.185380458831787,3.0000583158385816,7.844026803970337,4.005203767033154e-06
1,5.052984714508057,7.000058315838582,13.893620729446411,4.020813939832951e-06
2,5.015171527862549,11.000058315838581,22.411503314971924,4.046827133745131e-06
3,5.338201522827148,15.000058315838581,27.567501544952393,4.083237708494647e-06
4,5.227437496185303,19.000058315838583,33.659220457077026,4.130037769408643e-06
5,4.817885875701904,23.000058315838583,41.93557834625244,4.187217169128213e-06
6,5.135050296783447,27.000058315838583,46.907981634140015,4.254763509808549e-06
7,5.311710357666016,31.000058315838583,53.27372670173645,4.332662145807096e-06
8,4.793911457061768,35.00005831583858,58.67331337928772,4.420896186859127e-06
9,4.838479042053223,39.00005831583858,65.77325415611267,4.519446501739894e-06
10,5.0783610343933105,43.00005831583858,73.68756484985352,4.6282917224127164e-06
11,5.214177131652832,47.00005831583858,79.35746216773987,4.747408248662158e-06
12,5.132482051849365,51.00005831583858,86.62369537353516,4.876770253211038e-06
13,5.0849103927612305,55.00005831583858,93.45273184776306,5.0163496873203945e-06
14,5.2514214515686035,59.00005831583858,99.30938625335693,5.1661162868711755e-06
15,5.131878852844238,63.00005831583858,107.22617506980896,5.326037578926146e-06
16,5.198437213897705,67.00005831583859,112.75249457359314,5.496078888770844e-06
17,5.043985366821289,71.00005831583859,120.13088011741638,5.676203347431793e-06
18,5.018705368041992,75.00005831583859,126.58363485336304,5.866371899670701e-06
19,5.2719926834106445,79.00005831583859,132.6635491847992,6.0665433124524476e-06
20,4.996456146240234,83.00005831583859,140.08683824539185,6.276674183885387e-06
21,5.313268661499023,87.00005831583859,147.26187133789062,6.496718952632007e-06
22,4.980909824371338,91.00005831583859,155.46870374679565,6.7266299077875275e-06
23,5.01323127746582,95.00005831583859,162.49686670303345,6.966357199224952e-06
24,4.9330525398254395,99.00005831583859,168.9175271987915,7.2158488484036e-06
25,4.974261283874512,103.00005831583859,176.98427414894104,7.475050759639309e-06
26,5.186556816101074,107.00005831583859,182.82532501220703,7.743906731833765e-06
27,5.130909442901611,111.00005831583859,189.58202195167542,8.022358470660083e-06
28,4.872640132904053,115.00005831583859,197.48506450653076,8.310345601202475e-06
29,5.041412353515625,119.00005831583859,205.0868272781372,8.60780568104695e-06
30,5.250393390655518,123.00005831583859,210.74131560325623,8.914674213820301e-06
31,5.129955291748047,127.00005831583859,218.26232028007507,9.230884663174413e-06
32,5.279317378997803,131.00005831583857,224.56436562538147,9.556368467212973e-06
33,5.236685752868652,135.00005831583857,231.22060465812683,9.89105505335725e-06
34,5.042293071746826,139.00005831583857,238.0774049758911,1.023487185364795e-05
35,5.178162574768066,143.00005831583857,245.02476525306702,1.0587744320479599e-05
36,4.889101028442383,147.00005831583857,253.2461359500885,1.0949595942764327e-05
37,5.0659990310668945,151.00005831583857,261.41667580604553,1.1320348262521137e-05
38,5.0287251472473145,155.00005831583857,268.2988245487213,1.1699920891887564e-05
39,4.941749095916748,159.00005831583857,275.8439185619354,1.2088231530549693e-05
40,5.101420879364014,163.00005831583857,283.3119640350342,1.2485195983586632e-05
41,5.485862731933594,167.00005831583857,289.3611466884613,1.289072817972616e-05
42,5.030766010284424,171.00005831583857,297.80291509628296,1.3304740190006869e-05
43,5.282228469848633,175.00005831583857,305.5207781791687,1.3727142246843345e-05
44,4.958108901977539,179.00005831583857,311.73375272750854,1.415784276348982e-05
45,5.532242298126221,183.00005831583857,316.27891397476196,1.4596748353898416e-05
46,5.454108715057373,187.00005831583857,323.6046838760376,1.5043763852967354e-05
47,5.267223834991455,191.00005831583857,328.8307852745056,1.5498792337175084e-05
48,5.130214214324951,195.00005831583857,336.6947920322418,1.5961735145595567e-05
49,4.9582200050354,199.00005831583857,343.40737676620483,1.6432491901290257e-05
50,5.221947193145752,203.00005831583857,349.69400787353516,1.6910960533072242e-05
51,5.536697864532471,207.00005831583857,354.7960982322693,1.7397037297637685e-05
52,5.06987190246582,211.00005831583857,362.0934410095215,1.789061680205978e-05
53,5.112032890319824,215.00005831583857,368.8023066520691,1.8391592026640474e-05
54,5.212636947631836,219.00005831583857,376.5428023338318,1.8899854348114847e-05
55,5.075380802154541,223.00005831583857,382.2801594734192,1.941529356320321e-05
56,5.15069055557251,227.00005831583857,389.3715238571167,1.9937797912505757e-05
57,5.0037946701049805,231.00005831583857,395.5052020549774,2.0467254104734683e-05
58,5.110103607177734,235.00005831583857,404.1794888973236,2.1003547341278355e-05
59,5.226578235626221,239.00005831583857,411.02569603919983,2.1546561341092465e-05
60,5.257453918457031,243.00005831583857,417.5600564479828,2.2096178365912372e-05
61,4.932938098907471,247.00005831583857,423.9150507450104,2.265227924578162e-05
62,4.928041934967041,251.00005831583857,431.28954339027405,2.3214743404890826e-05
63,4.946169853210449,255.00005831583857,437.8438630104065,2.378344888772129e-05
64,5.153398513793945,259.0000583158386,445.4597532749176,2.435827238548789e-05
65,5.221638202667236,263.0000583158386,451.477600812912,2.4939089262875303e-05
66,5.045618534088135,267.0000583158386,459.0695791244507,2.5525773585061918e-05
67,5.392786026000977,271.0000583158386,464.89367961883545,2.611819814502545e-05
68,5.192753314971924,275.0000583158386,469.93902111053467,2.6716234491124455e-05
69,4.987007141113281,279.0000583158386,477.19961881637573,2.7319752954949652e-05
70,4.937136650085449,283.0000583158386,485.2945079803467,2.792862267943916e-05
71,5.2460174560546875,287.0000583158386,492.70406103134155,2.8542711647251272e-05
72,4.822690963745117,291.0000583158386,499.79945611953735,2.9161886709389115e-05
73,4.658005237579346,295.0000583158386,507.08868956565857,2.9786013614070336e-05
74,4.831092357635498,299.0000583158386,514.5725471973419,3.0414957035836116e-05
75,4.8582892417907715,303.0000583158386,520.907041311264,3.1048580604893e-05
76,5.150422096252441,307.0000583158386,527.4961395263672,3.1686746936680944e-05
77,5.080202579498291,311.0000583158386,535.4807415008545,3.232931766166167e-05
78,5.301460266113281,315.0000583158386,541.2194905281067,3.297615345532041e-05
79,5.119466781616211,319.0000583158386,548.038850069046,3.3627114068374655e-05
80,4.746155738830566,323.0000583158386,555.265212059021,3.4282058357183704e-05
81,4.995901107788086,327.0000583158386,562.1302058696747,3.494084431435175e-05
82,4.728497505187988,331.0000583158386,569.0216467380524,3.5603329099518556e-05
83,4.9457926750183105,335.0000583158386,575.3398094177246,3.6269369070330586e-05
84,5.149112224578857,339.0000583158386,582.8390164375305,3.6938819813586027e-05
85,4.874675750732422,343.0000583158386,590.5780735015869,3.761153617654708e-05
86,5.021196365356445,347.0000583158386,597.0772399902344,3.828737229841239e-05
87,4.846909523010254,351.0000583158386,603.74001121521,3.896618164194317e-05
88,5.127388000488281,355.0000583158386,609.1216163635254,3.9647817025235934e-05
89,4.852417945861816,359.0000583158386,615.1453754901886,4.033213065363502e-05
90,5.187248706817627,363.0000583158386,620.6037213802338,4.101897415177792e-05
91,4.937949180603027,367.0000583158386,626.8308851718903,4.170819859576661e-05
92,5.02336311340332,371.0000583158386,633.8094255924225,4.2399654545457763e-05
93,4.811540603637695,375.0000583158386,641.1325221061707,4.309319207686488e-05
94,5.000307083129883,379.0000583158386,648.4255468845367,4.378866081466537e-05
95,4.726911544799805,383.0000583158386,656.2181301116943,4.4485909964805484e-05
96,4.796709060668945,387.0000583158386,664.2974231243134,4.518478834719596e-05
97,5.195734977722168,391.0000583158386,670.511796951294,4.5885144428491565e-05
98,5.260634422302246,395.0000583158386,676.3735792636871,4.658682635494699e-05
99,4.921663284301758,399.0000583158386,683.5722613334656,4.7289681985342345e-05
100,4.752683162689209,403.0000583158386,690.9388480186462,4.799355892397106e-05
101,5.026449203491211,407.0000583158386,696.8746426105499,4.869830455368275e-05
102,5.0471415519714355,411.0000583158386,703.2932410240173,4.940376606897433e-05
103,4.839668273925781,415.0000583158386,709.9384338855743,5.0109790509121776e-05
104,5.028820991516113,419.0000583158386,716.3531610965729,5.081622479134563e-05
105,4.8426618576049805,423.0000583158386,724.0234889984131,5.152291574400305e-05
106,5.032720565795898,427.0000583158386,730.8713619709015,5.222971013979895e-05
107,4.979188919067383,431.0000583158386,737.2072961330414,5.293645472900932e-05
108,4.841801643371582,435.0000583158386,744.3716254234314,5.364299627270941e-05
109,5.018462181091309,439.0000583158386,752.061562538147,5.434918157599952e-05
110,5.0575714111328125,443.0000583158386,758.5017983913422,5.5054857521221286e-05
111,4.901976108551025,447.0000583158386,765.7473878860474,5.575987110115723e-05
112,5.097481727600098,451.0000583158386,772.7619678974152,5.64640694522063e-05
113,4.789582252502441,455.0000583158386,779.4714016914368,5.716729988752832e-05
114,4.861869812011719,459.0000583158386,787.8137743473053,5.7869409930150125e-05
115,4.6515936851501465,463.0000583158386,795.1427316665649,5.8570247346026165e-05
116,4.918715476989746,467.0000583158386,801.9200813770294,5.926966017704641e-05
117,4.690805435180664,471.0000583158386,810.3993806838989,5.996749677398452e-05
118,4.715383529663086,475.0000583158386,818.9554648399353,6.0663605829378904e-05
119,4.835772514343262,479.0000583158386,826.51123213768,6.135783641033984e-05
120,4.920598030090332,483.0000583158386,833.1754779815674,6.205003799127518e-05
121,4.859936714172363,487.0000583158386,839.9081425666809,6.2740060486528e-05
122,4.906876564025879,491.0000583158386,844.8457787036896,6.342775428291858e-05
123,5.096756458282471,495.0000583158386,851.2842307090759,6.411297027218416e-05
124,4.9629926681518555,499.0000583158386,857.2325608730316,6.479555988330905e-05
125,4.636126518249512,503.0000583158386,864.3560264110565,6.547537511473848e-05
126,4.981142044067383,507.0000583158386,872.1686820983887,6.615226856646868e-05
127,4.724422454833984,511.0000583158386,879.0381441116333,6.682609347200679e-05
128,4.605413436889648,515.0000583158386,886.381902217865,6.749670373019324e-05
129,5.023597717285156,519.0000583158386,892.1801867485046,6.816395393687992e-05
130,4.993325233459473,523.0000583158386,898.0640306472778,6.882769941645739e-05
131,4.77515172958374,527.0000583158386,904.6711699962616,6.948779625322371e-05
132,4.76167631149292,531.0000583158386,912.1513330936432,7.0144101322589e-05
133,4.70530891418457,535.0000583158386,918.6496043205261,7.07964723221081e-05
134,4.853849411010742,539.0000583158386,925.973846912384,7.144476780233515e-05
135,4.881832122802734,543.0000583158386,933.3097057342529,7.208884719749314e-05
136,4.622682571411133,547.0000583158386,939.9043900966644,7.272857085595199e-05
137,4.720069408416748,551.0000583158386,946.5787615776062,7.33638000705081e-05
138,5.019442558288574,555.0000583158386,953.1635558605194,7.399439710845969e-05
139,4.6950836181640625,559.0000583158386,960.9243628978729,7.462022524147016e-05
140,4.835535049438477,563.0000583158386,967.9694337844849,7.52411487752142e-05
141,4.792412757873535,567.0000583158386,973.9591791629791,7.585703307879954e-05
142,4.878776550292969,571.0000583158386,979.4428179264069,7.646774461395803e-05
143,4.845645904541016,575.0000583158386,986.596761226654,7.707315096399997e-05
144,4.926236152648926,579.0000583158386,993.6667160987854,7.76731208625251e-05
145,4.758864402770996,583.0000583158386,1000.9624178409576,7.826752422188429e-05
146,4.580610275268555,587.0000583158386,1008.6154458522797,7.885623216138563e-05
147,4.477484226226807,591.0000583158386,1015.2478358745575,7.943911703523881e-05
148,4.6464104652404785,595.0000583158386,1021.6465892791748,8.001605246023172e-05
149,5.058989524841309,599.0000583158386,1027.525654554367,8.05869133431333e-05
150,4.854371070861816,603.0000583158386,1033.7696931362152,8.11515759078168e-05
151,4.870046615600586,607.0000583158386,1040.1715168952942,8.170991772209725e-05
152,4.678445816040039,611.0000583158386,1047.4191212654114,8.22618177242777e-05
153,4.631814002990723,615.0000583158386,1054.1649084091187,8.280715624939828e-05
154,4.554973602294922,619.0000583158386,1060.791788816452,8.334581505518239e-05
155,4.723186492919922,623.0000583158386,1069.1037812232971,8.387767734767437e-05
156,4.7443928718566895,627.0000583158386,1076.0433087348938,8.440262780656322e-05
157,4.633493423461914,631.0000583158386,1082.4872393608093,8.492055261018676e-05
158,4.690282344818115,635.0000583158386,1087.431531906128,8.543133946021089e-05
159,4.721194267272949,639.0000583158386,1094.6781561374664,8.593487760597848e-05
160,4.579500198364258,643.0000583158386,1100.5211446285248,8.643105786852276e-05
161,4.271897792816162,647.0000583158386,1107.388337135315,8.691977266423983e-05
162,4.826974391937256,651.0000583158386,1112.9848699569702,8.740091602821545e-05
163,4.53981876373291,655.0000583158386,1121.79141497612,8.787438363720061e-05
164,4.619314193725586,659.0000583158386,1128.5404922962189,8.834007283223136e-05
165,4.4514360427856445,663.0000583158386,1136.0292253494263,8.879788264088769e-05
166,4.491754531860352,667.0000583158386,1143.5085451602936,8.924771379918668e-05
167,4.662983417510986,671.0000583158386,1149.2458531856537,8.968946877310532e-05
168,4.510117530822754,675.0000583158386,1154.834329366684,9.012305177972819e-05
169,4.696410655975342,679.0000583158386,1160.8581931591034,9.054836880801547e-05
170,4.608177661895752,683.0000583158386,1166.7975206375122,9.096532763918672e-05
171,4.584486961364746,687.0000583158386,1174.5734770298004,9.13738378667161e-05
172,4.537134170532227,691.0000583158386,1180.6833333969116,9.17738109159347e-05
173,4.764649391174316,695.0000583158386,1185.3771514892578,9.216516006323552e-05
174,4.414818286895752,699.0000583158386,1192.2982685565948,9.254780045487722e-05
175,4.658736228942871,703.0000583158386,1200.5101227760315,9.292164912538254e-05
176,4.703010082244873,707.0000583158386,1206.7579128742218,9.328662501552698e-05
177,4.42365837097168,711.0000583158386,1213.3614411354065,9.364264898991454e-05
178,4.573814392089844,715.0000583158386,1220.079391002655,9.398964385413598e-05
179,4.45985221862793,719.0000583158386,1225.2423572540283,9.432753437150651e-05
180,4.45523738861084,723.0000583158386,1232.1862680912018,9.465624727937885e-05
181,4.483215808868408,727.0000583158386,1240.2022156715393,9.497571130502827e-05
182,4.472858428955078,731.0000583158386,1245.3132781982422,9.528585718110621e-05
183,4.630019187927246,735.0000583158386,1252.0522339344025,9.558661766065915e-05
184,4.409310817718506,739.0000583158386,1259.2535667419434,9.587792753170921e-05
185,4.609978199005127,743.0000583158386,1266.597754240036,9.615972363139376e-05
186,4.319441795349121,747.0000583158386,1271.7805721759796,9.643194485966056e-05
187,4.690936088562012,751.0000583158386,1277.909649848938,9.669453219251573e-05
188,4.573007583618164,755.0000583158386,1285.9812548160553,9.694742869482151e-05
189,4.473369121551514,759.0000583158386,1290.7879695892334,9.719057953264118e-05
190,4.6303229331970215,763.0000583158386,1297.476634979248,9.74239319851283e-05
191,4.217594146728516,767.0000583158386,1304.906579732895,9.764743545595794e-05
192,4.236368179321289,771.0000583158386,1311.8257539272308,9.7861041484297e-05
193,4.551485538482666,775.0000583158386,1319.2666327953339,9.806470375531184e-05
194,4.420548915863037,779.0000583158386,1327.054536819458,9.825837811021028e-05
195,4.36138391494751,783.0000583158386,1334.5555477142334,9.844202255581635e-05
196,4.325125217437744,787.0000583158386,1341.5409536361694,9.86155972736754e-05
197,4.470141410827637,791.0000583158386,1348.3026416301727,9.877906462868765e-05
198,4.345529079437256,795.0000583158386,1355.9627044200897,9.893238917726838e-05
199,4.281749248504639,799.0000583158386,1363.4937627315521,9.907553767503299e-05
200,4.2571539878845215,803.0000583158386,1369.6273798942566,9.920847908400504e-05
201,4.07866907119751,807.0000583158386,1377.672661781311,9.933118457934617e-05
202,4.340285301208496,811.0000583158386,1385.6543996334076,9.94436275556059e-05
203,4.4122700691223145,815.0000583158386,1392.9535901546478,9.954578363249033e-05
204,4.288971900939941,819.0000583158386,1400.3432495594025,9.963763066014845e-05
205,4.292074203491211,823.0000583158386,1406.1790218353271,9.971914872397464e-05
206,4.217948913574219,827.0000583158386,1413.0285029411316,9.979032014892666e-05
207,4.162808895111084,831.0000583158386,1419.3254425525665,9.985112950335809e-05
208,4.3761701583862305,835.0000583158386,1426.7469501495361,9.990156360236415e-05
209,4.27211856842041,839.0000583158386,1433.844465970993,9.994161151064064e-05
210,4.353620529174805,843.0000583158386,1438.654746055603,9.997126454485484e-05
211,4.185368061065674,847.0000583158386,1444.8846299648285,9.999051627552833e-05
212,4.289306640625,851.0000583158386,1452.1074666976929,9.999936252843106e-05
213,4.185784816741943,855.0000583158386,1457.5854322910309,9.999999371492387e-05
214,4.2333550453186035,859.0000583158386,1464.8662540912628,9.99999595003128e-05
215,4.310353755950928,863.0000583158386,1470.9277617931366,9.999989553388694e-05
216,4.305734634399414,867.0000583158386,1478.1572461128235,9.999980181568438e-05
217,4.33067512512207,871.0000583158386,1484.3891806602478,9.999967834576087e-05
218,4.146369934082031,875.0000583158386,1489.501844882965,9.999952512418988e-05
219,4.490724563598633,879.0000583158386,1496.7420420646667,9.999934215106257e-05
220,4.397398948669434,883.0000583158386,1502.853321313858,9.999912942648784e-05
221,4.070911884307861,887.0000583158386,1509.602741241455,9.999888695059226e-05
222,4.135811805725098,891.0000583158386,1514.474428653717,9.999861472352011e-05
223,4.331804275512695,895.0000583158386,1520.724628686905,9.999831274543337e-05
224,4.048232555389404,899.0000583158386,1527.3827097415924,9.999798101651174e-05
225,4.234821319580078,903.0000583158386,1534.4784483909607,9.999761953695261e-05
226,4.104869842529297,907.0000583158386,1541.8258175849915,9.999722830697106e-05
227,4.16167688369751,911.0000583158386,1548.0824446678162,9.99968073267999e-05
228,4.341654300689697,915.0000583158386,1555.5140626430511,9.999635659668965e-05
229,4.213912010192871,919.0000583158386,1561.640186548233,9.999587611690848e-05
230,4.193154811859131,923.0000583158386,1568.0009751319885,9.99953658877423e-05
231,3.8869998455047607,927.0000583158386,1574.551887512207,9.999482590949472e-05
232,4.333230972290039,931.0000583158386,1580.120010137558,9.999425618248705e-05
233,4.246350288391113,935.0000583158386,1585.8081266880035,9.999365670705831e-05
234,4.291348457336426,939.0000583158386,1592.2067358493805,9.999302748356518e-05
235,4.337014675140381,943.0000583158386,1598.5995848178864,9.999236851238211e-05
236,4.095065116882324,947.0000583158386,1606.0798890590668,9.999167979390118e-05
237,4.069597244262695,951.0000583158386,1613.1017563343048,9.999096132853225e-05
238,3.860167980194092,955.0000583158386,1620.1865799427032,9.999021311670279e-05
239,4.170475959777832,959.0000583158386,1627.4616827964783,9.998943515885801e-05
240,4.13370418548584,963.0000583158386,1634.493765115738,9.998862745546089e-05
241,4.3424906730651855,967.0000583158386,1641.7062299251556,9.998779000699197e-05
242,4.349761962890625,971.0000583158386,1648.4549977779388,9.99869228139496e-05
243,4.047575950622559,975.0000583158386,1655.6477937698364,9.99860258768498e-05
244,4.0507330894470215,979.0000583158386,1662.5306034088135,9.998509919622626e-05
245,4.338727951049805,983.0000583158386,1668.6718926429749,9.998414277263043e-05
246,4.409864902496338,987.0000583158386,1673.8325011730194,9.998315660663138e-05
247,4.283025741577148,991.0000583158386,1680.3587455749512,9.998214069881593e-05
248,4.217947959899902,995.0000583158386,1687.6805806159973,9.998109504978859e-05
249,4.21677827835083,999.0000583158386,1693.951776266098,9.998001966017155e-05
250,4.114494800567627,1003.0000583158386,1700.3321642875671,9.997891453060473e-05
251,4.152573108673096,1007.0000583158386,1706.5806865692139,9.997777966174571e-05
252,4.1152143478393555,1011.0000583158386,1713.2195422649384,9.997661505426978e-05
253,4.139621734619141,1015.0000583158386,1719.454937696457,9.997542070886993e-05
254,4.024062156677246,1019.0000583158386,1726.5488188266754,9.997419662625685e-05
255,4.144047737121582,1023.0000583158386,1732.7037773132324,9.997294280715889e-05
256,3.8353865146636963,1027.0000583158385,1739.8501558303833,9.997165925232218e-05
257,3.890749931335449,1031.0000583158385,1747.2352983951569,9.997034596251042e-05
258,3.8734352588653564,1035.0000583158385,1753.6677062511444,9.99690029385051e-05
259,3.7753994464874268,1039.0000583158385,1761.7792038917542,9.996763018110538e-05
260,4.143521785736084,1043.0000583158385,1769.1270289421082,9.996622769112808e-05
261,4.096549034118652,1047.0000583158385,1776.173936843872,9.996479546940776e-05
262,4.127618312835693,1051.0000583158385,1782.6605229377747,9.996333351679662e-05
263,3.765310525894165,1055.0000583158385,1789.1421401500702,9.996184183416461e-05
264,4.035358428955078,1059.0000583158385,1794.6657631397247,9.996032042239932e-05
265,4.03175687789917,1063.0000583158385,1801.3075029850006,9.995876928240605e-05
266,3.701465368270874,1067.0000583158385,1809.4312000274658,9.995718841510781e-05
267,4.477339744567871,1071.0000583158385,1815.7398858070374,9.995557782144525e-05
268,4.161125183105469,1075.0000583158385,1821.4196565151215,9.995393750237677e-05
269,4.316402435302734,1079.0000583158385,1828.1463627815247,9.995226745887838e-05
270,3.9899539947509766,1083.0000583158385,1834.2083830833435,9.995056769194385e-05
271,3.8302621841430664,1087.0000583158385,1840.5402467250824,9.99488382025846e-05
272,3.8404786586761475,1091.0000583158385,1846.2216200828552,9.994707899182974e-05
273,4.065983772277832,1095.0000583158385,1853.59698843956,9.994529006072608e-05
274,3.8952131271362305,1099.0000583158385,1859.9244282245636,9.994347141033811e-05
275,3.935894250869751,1103.0000583158385,1865.5363972187042,9.994162304174797e-05
276,3.819185256958008,1107.0000583158385,1873.6140155792236,9.993974495605554e-05
277,4.13333797454834,1111.0000583158385,1879.2544102668762,9.993783715437833e-05
278,4.0296854972839355,1115.0000583158385,1885.1597075462341,9.993589963785158e-05
279,3.869326591491699,1119.0000583158385,1892.5721056461334,9.993393240762819e-05
280,3.916374683380127,1123.0000583158385,1900.7014245986938,9.993193546487873e-05
281,3.9839775562286377,1127.0000583158385,1906.8822157382965,9.992990881079143e-05
282,3.9661173820495605,1131.0000583158385,1913.9496335983276,9.992785244657227e-05
283,4.02600622177124,1135.0000583158385,1919.109058856964,9.992576637344486e-05
284,4.029796123504639,1139.0000583158385,1926.5832283496857,9.992365059265047e-05
285,4.050705432891846,1143.0000583158385,1933.67547249794,9.99215051054481e-05
286,4.087257385253906,1147.0000583158385,1940.6905627250671,9.99193299131144e-05
287,3.9348325729370117,1151.0000583158385,1947.076985836029,9.991712501694367e-05
288,3.7293877601623535,1155.0000583158385,1954.5745680332184,9.991489041824792e-05
289,4.076735973358154,1159.0000583158385,1961.0708816051483,9.991262611835683e-05
290,3.741893768310547,1163.0000583158385,1967.2901685237885,9.991033211861773e-05
291,3.8844106197357178,1167.0000583158385,1974.5547630786896,9.990800842039567e-05
292,3.8589017391204834,1171.0000583158385,1981.7522423267365,9.990565502507334e-05
293,4.21210241317749,1175.0000583158385,1988.1949434280396,9.990327193405106e-05
294,3.7674801349639893,1179.0000583158385,1994.1621413230896,9.99008591487469e-05
295,3.9520368576049805,1183.0000583158385,1999.7750420570374,9.989841667059656e-05
296,3.8817808628082275,1187.0000583158385,2006.323818206787,9.989594450105338e-05
297,4.182659149169922,1191.0000583158385,2011.7142424583435,9.989344264158844e-05
298,3.7298827171325684,1195.0000583158385,2018.5496954917908,9.989091109369042e-05
299,4.060169219970703,1199.0000583158385,2025.2363460063934,9.988834985886569e-05
300,3.851041078567505,1203.0000583158385,2032.6777243614197,9.988575893863828e-05
301,3.85249662399292,1207.0000583158385,2037.9474823474884,9.988313833454992e-05
302,3.672358512878418,1211.0000583158385,2044.8553352355957,9.988048804815994e-05
303,3.9558887481689453,1215.0000583158385,2050.422997713089,9.987780808104536e-05
304,4.033581256866455,1219.0000583158385,2057.82346868515,9.98750984348009e-05
305,4.209006309509277,1223.0000583158385,2064.062508583069,9.987235911103887e-05
306,4.014863967895508,1227.0000583158385,2070.074949979782,9.98695901113893e-05
307,3.9414029121398926,1231.0000583158385,2076.6367630958557,9.986679143749983e-05
308,4.160137176513672,1235.0000583158385,2082.3012187480927,9.98639630910358e-05
309,3.843442440032959,1239.0000583158385,2088.6629190444946,9.986110507368018e-05
310,4.064947128295898,1243.0000583158385,2095.474440097809,9.985821738713361e-05
311,4.05549430847168,1247.0000583158385,2100.8246972560883,9.985530003311436e-05
312,4.0910773277282715,1251.0000583158385,2107.207022190094,9.98523530133584e-05
313,3.752028703689575,1255.0000583158385,2114.316159963608,9.984937632961928e-05
314,4.048959732055664,1259.0000583158385,2119.6241137981415,9.984636998366827e-05
315,3.7396433353424072,1263.0000583158385,2127.3833949565887,9.984333397729427e-05
316,3.776492118835449,1267.0000583158385,2133.404726266861,9.984026831230379e-05
317,3.7946128845214844,1271.0000583158385,2139.729996204376,9.983717299052106e-05
318,3.8708724975585938,1275.0000583158385,2145.8395204544067,9.983404801378788e-05
319,4.072643280029297,1279.0000583158385,2152.212321281433,9.983089338396378e-05
320,3.867082118988037,1283.0000583158385,2157.738217353821,9.982770910292584e-05
321,3.7612547874450684,1287.0000583158385,2166.5451381206512,9.982449517256885e-05
322,4.012351989746094,1291.0000583158385,2173.698883295059,9.982125159480524e-05
323,3.9567413330078125,1295.0000583158385,2180.7528698444366,9.981797837156505e-05
324,3.8186707496643066,1299.0000583158385,2187.6439123153687,9.981467550479598e-05
325,4.035378456115723,1303.0000583158385,2195.45485830307,9.981134299646337e-05
326,3.7557220458984375,1307.0000583158385,2202.498080253601,9.980798084855018e-05
327,4.031280994415283,1311.0000583158385,2208.3191850185394,9.980458906305702e-05
328,4.124974727630615,1315.0000583158385,2215.2010185718536,9.980116764200216e-05
329,3.9249157905578613,1319.0000583158385,2222.916008234024,9.979771658742145e-05
330,4.21112060546875,1323.0000583158385,2228.2677249908447,9.979423590136843e-05
331,4.0145368576049805,1327.0000583158385,2232.8879342079163,9.97907255859142e-05
332,4.0014190673828125,1331.0000583158385,2238.833961725235,9.97871856431476e-05
333,3.8803610801696777,1335.0000583158385,2244.1839456558228,9.978361607517497e-05
334,3.981863498687744,1339.0000583158385,2250.6776971817017,9.978001688412037e-05
335,3.829810619354248,1343.0000583158385,2257.9796369075775,9.977638807212548e-05
336,4.156709671020508,1347.0000583158385,2263.53804564476,9.977272964134956e-05
337,4.054718017578125,1351.0000583158385,2270.2709646224976,9.976904159396952e-05
338,3.8845956325531006,1355.0000583158385,2277.4030742645264,9.97653239321799e-05
339,3.7681736946105957,1359.0000583158385,2284.9598319530487,9.976157665819285e-05
340,3.8760247230529785,1363.0000583158385,2291.3991129398346,9.975779977423814e-05
341,3.8070974349975586,1367.0000583158385,2298.53897190094,9.97539932825632e-05
342,4.122982501983643,1371.0000583158385,2305.072310447693,9.9750157185433e-05
343,3.664416790008545,1375.0000583158385,2312.392601251602,9.974629148513017e-05
344,3.457326650619507,1379.0000583158385,2320.039274454117,9.974239618395497e-05
345,3.8633127212524414,1383.0000583158385,2326.468688249588,9.973847128422524e-05
346,3.9916586875915527,1387.0000583158385,2332.967203617096,9.973451678827648e-05
347,3.729301929473877,1391.0000583158385,2340.44890832901,9.973053269846174e-05
348,3.9913485050201416,1395.0000583158385,2346.981517314911,9.972651901715171e-05
349,3.718414783477783,1399.0000583158385,2354.310704231262,9.972247574673471e-05
350,3.7038941383361816,1403.0000583158385,2359.8819370269775,9.971840288961663e-05
351,3.9818146228790283,1407.0000583158385,2366.2123486995697,9.971430044822098e-05
352,3.8685004711151123,1411.0000583158385,2371.753444671631,9.971016842498886e-05
353,3.8370487689971924,1415.0000583158385,2378.526421546936,9.970600682237902e-05
354,3.92229962348938,1419.0000583158385,2385.5276918411255,9.970181564286774e-05
355,3.8147075176239014,1423.0000583158385,2390.2854013442993,9.969759488894895e-05
356,3.800797700881958,1427.0000583158385,2397.0181970596313,9.969334456313418e-05
357,3.856679916381836,1431.0000583158385,2403.789030313492,9.968906466795251e-05
358,4.090216159820557,1435.0000583158385,2411.0016770362854,9.968475520595068e-05
359,3.996063709259033,1439.0000583158385,2418.490924358368,9.968041617969296e-05
360,3.6215124130249023,1443.0000583158385,2427.1102643013,9.967604759176125e-05
361,3.7519264221191406,1447.0000583158385,2433.727953195572,9.967164944475503e-05
362,3.7478644847869873,1451.0000583158385,2440.130299806595,9.966722174129136e-05
363,3.693509340286255,1455.0000583158385,2447.8790142536163,9.966276448400492e-05
364,3.921863555908203,1459.0000583158385,2453.0653822422028,9.965827767554793e-05
365,3.6871399879455566,1463.0000583158385,2460.923716068268,9.965376131859024e-05
366,3.686180591583252,1467.0000583158385,2468.443059682846,9.964921541581925e-05
367,3.8901681900024414,1471.0000583158385,2473.9824578762054,9.964463996993994e-05
368,3.869184970855713,1475.0000583158385,2480.789716243744,9.964003498367488e-05
369,3.8328402042388916,1479.0000583158385,2487.986083984375,9.963540045976423e-05
370,3.676530361175537,1483.0000583158385,2493.4920365810394,9.96307364009657e-05
371,3.868039846420288,1487.0000583158385,2499.672717809677,9.962604281005458e-05
372,4.075425148010254,1491.0000583158385,2507.0302617549896,9.962131968982378e-05
373,3.739629030227661,1495.0000583158385,2513.880110025406,9.961656704308371e-05
374,3.7595064640045166,1499.0000583158385,2520.164703845978,9.961178487266238e-05
375,3.731210231781006,1503.0000583158385,2526.633459329605,9.960697318140538e-05
376,3.6243457794189453,1507.0000583158385,2534.1582658290863,9.960213197217585e-05
377,3.7363157272338867,1511.0000583158385,2541.3616569042206,9.95972612478545e-05
378,3.6566309928894043,1515.0000583158385,2547.2374234199524,9.95923610113396e-05
379,3.7955470085144043,1519.0000583158385,2553.732756614685,9.958743126554698e-05
380,3.844608783721924,1523.0000583158385,2560.245100259781,9.958247201341004e-05
381,3.526498317718506,1527.0000583158385,2566.9590451717377,9.957748325787973e-05
382,4.155070781707764,1531.0000583158385,2573.6178584098816,9.957246500192453e-05
383,3.9197983741760254,1535.0000583158385,2580.9987392425537,9.956741724853053e-05
384,3.63397216796875,1539.0000583158385,2588.305928468704,9.956234000070132e-05
385,3.7196173667907715,1543.0000583158385,2594.3872334957123,9.955723326145809e-05
386,3.4783856868743896,1547.0000583158385,2602.337821483612,9.955209703383953e-05
387,3.6147565841674805,1551.0000583158385,2608.775367975235,9.954693132090187e-05
388,3.8031933307647705,1555.0000583158385,2616.4397077560425,9.954173612571895e-05
389,3.9422507286071777,1559.0000583158385,2623.155088663101,9.953651145138212e-05
390,3.78000545501709,1563.0000583158385,2630.2574734687805,9.953125730100023e-05
391,3.8180456161499023,1567.0000583158385,2636.7692453861237,9.952597367769973e-05
392,3.532835006713867,1571.0000583158385,2643.591448545456,9.952066058462457e-05
393,3.9036622047424316,1575.0000583158385,2649.704403400421,9.951531802493625e-05
394,3.598706007003784,1579.0000583158385,2656.711701631546,9.950994600181382e-05
395,3.72345232963562,1583.0000583158385,2662.515454530716,9.950454451845383e-05
396,3.8116230964660645,1587.0000583158385,2668.964503765106,9.949911357807039e-05
397,3.674598217010498,1591.0000583158385,2676.7274475097656,9.949365318389508e-05
398,3.771653652191162,1595.0000583158385,2684.592483520508,9.948816333917708e-05
399,3.7032485008239746,1599.0000583158385,2692.3156521320343,9.948264404718306e-05
400,3.864748239517212,1603.0000583158385,2698.3191883563995,9.947709531119723e-05
401,3.675983428955078,1607.0000583158385,2705.1362249851227,9.947151713452126e-05
402,3.5476908683776855,1611.0000583158385,2712.2706820964813,9.946590952047443e-05
403,3.770530939102173,1615.0000583158385,2718.2082121372223,9.946027247239348e-05
404,3.8138487339019775,1619.0000583158385,2725.119162797928,9.945460599363265e-05
405,3.9806900024414062,1623.0000583158385,2731.887953042984,9.944891008756374e-05
406,3.7999930381774902,1627.0000583158385,2737.738471031189,9.944318475757604e-05
407,3.763296604156494,1631.0000583158385,2743.7500219345093,9.943743000707632e-05
408,3.707811117172241,1635.0000583158385,2749.0887837409973,9.943164583948891e-05
409,3.4918758869171143,1639.0000583158385,2755.5664498806,9.942583225825559e-05
410,3.9250893592834473,1643.0000583158385,2761.7530727386475,9.941998926683569e-05
411,3.6784467697143555,1647.0000583158385,2766.2655663490295,9.941411686870602e-05
412,3.6279585361480713,1651.0000583158385,2772.708920955658,9.940821506736086e-05
413,3.6627068519592285,1655.0000583158385,2779.4113779067993,9.940228386631206e-05
414,3.680473566055298,1659.0000583158385,2786.1929116249084,9.939632326908885e-05
415,3.7631750106811523,1663.0000583158385,2793.4635496139526,9.939033327923808e-05
416,3.6417720317840576,1667.0000583158385,2801.635118484497,9.9384313900324e-05
417,3.554206609725952,1671.0000583158385,2807.8929505348206,9.937826513592837e-05
418,3.598985195159912,1675.0000583158385,2816.039786338806,9.937218698965047e-05
419,3.7541322708129883,1679.0000583158385,2821.7476749420166,9.936607946510702e-05
420,3.743454933166504,1683.0000583158385,2828.909150123596,9.935994256593221e-05
421,3.6756062507629395,1687.0000583158385,2835.894809961319,9.935377629577778e-05
422,3.809202194213867,1691.0000583158385,2842.417428255081,9.934758065831288e-05
423,3.5284597873687744,1695.0000583158385,2849.451826572418,9.934135565722414e-05
424,3.6332197189331055,1699.0000583158385,2856.9574024677277,9.933510129621572e-05
425,3.587630033493042,1703.0000583158385,2865.7639350891113,9.932881757900917e-05
426,3.7186765670776367,1707.0000583158385,2872.7114701271057,9.932250450934357e-05
427,3.68766450881958,1711.0000583158385,2880.116896390915,9.931616209097544e-05
429,3.286956548690796,1719.0000583158385,2892.395170688629,9.930338922324502e-05
430,3.394101142883301,1723.0000583158385,2899.996184825897,9.929695878148307e-05
431,3.4901509284973145,1727.0000583158385,2908.5295374393463,9.929049900621929e-05
432,3.585336923599243,1731.0000583158385,2915.4662091732025,9.928400990129751e-05
433,3.889711380004883,1735.0000583158385,2923.3836064338684,9.9277491470579e-05
434,3.715095281600952,1739.0000583158385,2930.5354795455933,9.927094371794249e-05
435,3.7875523567199707,1743.0000583158385,2937.2690000534058,9.926436664728412e-05
436,3.3278708457946777,1747.0000583158385,2944.2024002075195,9.925776026251753e-05
437,3.6385693550109863,1751.0000583158385,2952.4736139774323,9.925112456757377e-05
438,3.4541842937469482,1755.0000583158385,2958.322541952133,9.924445956640135e-05
439,3.4447364807128906,1759.0000583158385,2963.563563108444,9.923776526296618e-05
440,3.5927505493164062,1763.0000583158385,2970.4376237392426,9.923104166125166e-05
441,3.6562206745147705,1767.0000583158385,2977.930819272995,9.922428876525858e-05
442,3.4955787658691406,1771.0000583158385,2983.911398410797,9.92175065790052e-05
443,3.7625088691711426,1775.0000583158385,2990.256098508835,9.921069510652714e-05
444,3.9525818824768066,1779.0000583158385,2996.6262769699097,9.920385435187754e-05
445,3.8301315307617188,1783.0000583158385,3002.370977640152,9.919698431912689e-05
446,3.555337905883789,1787.0000583158385,3008.5537111759186,9.919008501236316e-05
447,3.5609419345855713,1791.0000583158385,3014.0668540000916,9.918315643569166e-05
448,3.5316319465637207,1795.0000583158385,3020.7558455467224,9.917619859323519e-05
449,3.481343984603882,1799.0000583158385,3027.938271999359,9.916921148913396e-05
450,3.582672595977783,1803.0000583158385,3033.179253101349,9.916219512754552e-05
451,3.7295937538146973,1807.0000583158385,3040.1592659950256,9.915514951264492e-05
452,3.444153308868408,1811.0000583158385,3047.9362292289734,9.914807464862457e-05
453,3.809638738632202,1815.0000583158385,3055.141323328018,9.914097053969428e-05
454,3.807906150817871,1819.0000583158385,3062.7382328510284,9.913383719008129e-05
455,3.430058717727661,1823.0000583158385,3070.2359058856964,9.912667460403022e-05
456,3.8436431884765625,1827.0000583158385,3075.643792629242,9.911948278580305e-05
457,3.4606118202209473,1831.0000583158385,3081.6872861385345,9.911226173967924e-05
458,3.728787899017334,1835.0000583158385,3090.4622366428375,9.910501146995557e-05
459,3.422563076019287,1839.0000583158385,3097.8553953170776,9.909773198094626e-05
460,3.7407336235046387,1843.0000583158385,3103.3622291088104,9.909042327698287e-05
461,3.4790921211242676,1847.0000583158385,3107.97811460495,9.908308536241436e-05
462,3.428981065750122,1851.0000583158385,3113.21213054657,9.907571824160711e-05
463,3.4239871501922607,1855.0000583158385,3120.062499523163,9.90683219189448e-05
464,3.609144687652588,1859.0000583158385,3126.01487493515,9.906089639882855e-05
465,3.421445846557617,1863.0000583158385,3133.705640077591,9.905344168567686e-05
466,3.345991849899292,1867.0000583158385,3139.429498910904,9.904595778392555e-05
467,3.554677963256836,1871.0000583158385,3147.122896671295,9.903844469802783e-05
468,3.358893632888794,1875.0000583158385,3154.515320777893,9.90309024324543e-05
469,3.2900571823120117,1879.0000583158385,3160.984005689621,9.902333099169288e-05
470,3.801342487335205,1883.0000583158385,3168.266476869583,9.901573038024889e-05
471,3.3250348567962646,1887.0000583158385,3174.400494813919,9.9008100602645e-05
472,3.487335681915283,1891.0000583158385,3180.9484663009644,9.90004416634212e-05
473,3.784734010696411,1895.0000583158385,3187.6509053707123,9.89927535671349e-05
474,3.581587314605713,1899.0000583158385,3195.91171002388,9.898503631836076e-05
475,3.5132131576538086,1903.0000583158385,3202.467601776123,9.897728992169089e-05
476,3.566774368286133,1907.0000583158385,3209.645615339279,9.896951438173468e-05
477,3.761876106262207,1911.0000583158385,3216.888333082199,9.89617097031189e-05
478,3.5299015045166016,1915.0000583158385,3222.6834275722504,9.895387589048762e-05
479,3.659597396850586,1919.0000583158385,3229.313819169998,9.894601294850228e-05
480,3.5739476680755615,1923.0000583158385,3235.3858876228333,9.893812088184161e-05
481,3.500560760498047,1927.0000583158385,3243.6752660274506,9.893019969520174e-05
482,3.4818191528320312,1931.0000583158385,3249.6663479804993,9.892224939329605e-05
483,3.510093927383423,1935.0000583158385,3255.7055702209473,9.891426998085531e-05
484,3.6181888580322266,1939.0000583158385,3262.0170435905457,9.890626146262755e-05
485,3.580594778060913,1943.0000583158385,3268.4360353946686,9.889822384337819e-05
486,3.3181285858154297,1947.0000583158385,3277.300943374634,9.88901571278899e-05
487,3.567664623260498,1951.0000583158385,3284.6878023147583,9.88820613209627e-05
488,3.3225512504577637,1955.0000583158385,3291.2032284736633,9.887393642741391e-05
489,3.3754971027374268,1959.0000583158385,3297.199766397476,9.886578245207818e-05
490,3.5619120597839355,1963.0000583158385,3303.573122739792,9.885759939980741e-05
491,3.3300628662109375,1967.0000583158385,3309.986555337906,9.884938727547086e-05
492,3.572622776031494,1971.0000583158385,3316.583815574646,9.884114608395506e-05
493,3.504324197769165,1975.0000583158385,3322.9536139965057,9.883287583016384e-05
494,3.409175395965576,1979.0000583158385,3329.8651061058044,9.882457651901833e-05
495,3.5321502685546875,1983.0000583158385,3337.1377692222595,9.881624815545693e-05
496,3.498945713043213,1987.0000583158385,3343.827982187271,9.880789074443536e-05
497,3.373690128326416,1991.0000583158385,3350.6577146053314,9.879950429092659e-05
498,3.4335081577301025,1995.0000583158385,3357.5788893699646,9.879108879992092e-05
499,3.4502992630004883,1999.0000583158385,3365.8445603847504,9.878264427642586e-05
500,3.6489710807800293,2003.0000583158385,3373.518979549408,9.877417072546626e-05
501,3.569653034210205,2007.0000583158385,3378.776999473572,9.876566815208419e-05
502,3.5653271675109863,2011.0000583158385,3384.4584786891937,9.875713656133904e-05
503,3.5505611896514893,2015.0000583158385,3392.0417301654816,9.87485759583074e-05
504,3.7429964542388916,2019.0000583158385,3398.758633375168,9.87399863480832e-05
505,3.679412364959717,2023.0000583158385,3406.495078086853,9.87313677357776e-05
506,3.382812261581421,2027.0000583158385,3414.111681699753,9.8722720126519e-05
507,3.344931125640869,2031.0000583158385,3421.2990021705627,9.871404352545303e-05
508,3.7734909057617188,2035.0000583158385,3427.8866517543793,9.870533793774266e-05
509,3.3248720169067383,2039.0000583158385,3434.8039212226868,9.869660336856804e-05
510,3.4029576778411865,2043.0000583158385,3442.33997297287,9.868783982312658e-05
511,3.621068000793457,2047.0000583158385,3449.527186870575,9.867904730663293e-05
512,3.489081859588623,2051.0000583158385,3457.723738670349,9.867022582431896e-05
513,3.4703502655029297,2055.0000583158385,3463.176457643509,9.866137538143383e-05
514,3.377549409866333,2059.0000583158385,3470.3240015506744,9.86524959832439e-05
515,3.34033203125,2063.0000583158385,3476.824286222458,9.864358763503275e-05
516,3.2786521911621094,2067.0000583158385,3483.5486471652985,9.863465034210118e-05
517,3.2978057861328125,2071.0000583158385,3490.0027351379395,9.862568410976723e-05
518,3.7179887294769287,2075.0000583158385,3495.975352048874,9.86166889433662e-05
519,3.6611862182617188,2079.0000583158385,3501.453316926956,9.860766484825052e-05
520,3.4098289012908936,2083.0000583158385,3507.6225168704987,9.859861182978992e-05
521,3.3663060665130615,2087.0000583158385,3514.463442802429,9.858952989337126e-05
522,3.3257594108581543,2091.0000583158385,3521.1976301670074,9.858041904439868e-05
523,3.1657731533050537,2095.0000583158385,3528.962548971176,9.857127928829346e-05
524,3.3746001720428467,2099.0000583158385,3535.233596086502,9.856211063049414e-05
525,3.344189405441284,2103.0000583158385,3540.0189168453217,9.855291307645644e-05
526,3.636465549468994,2107.0000583158385,3547.4805560112,9.854368663165324e-05
527,3.4166736602783203,2111.0000583158385,3554.650974750519,9.853443130157462e-05
528,3.426741361618042,2115.0000583158385,3560.0074779987335,9.852514709172791e-05
529,2.872736692428589,2119.0000583158385,3567.2882232666016,9.851583400763756e-05
530,3.189351797103882,2123.0000583158385,3574.086863040924,9.850649205484519e-05
531,3.3051037788391113,2127.0000583158385,3580.3744904994965,9.849712123890966e-05
532,3.62772274017334,2131.0000583158385,3587.518397092819,9.848772156540697e-05
533,3.5877976417541504,2135.0000583158385,3593.7065558433533,9.84782930399303e-05
534,3.351761817932129,2139.0000583158385,3598.8892238140106,9.846883566808998e-05
535,3.387423038482666,2143.0000583158385,3606.1996607780457,9.845934945551349e-05
536,3.4237070083618164,2147.0000583158385,3615.064466238022,9.844983440784554e-05
537,3.2326865196228027,2151.0000583158385,3620.396482229233,9.844029053074795e-05
538,3.180396318435669,2155.0000583158385,3626.6528775691986,9.843071782989969e-05
539,3.332944631576538,2159.0000583158385,3632.6978335380554,9.842111631099688e-05
540,3.5184876918792725,2163.0000583158385,3639.6535358428955,9.841148597975284e-05
541,3.4804229736328125,2167.0000583158385,3647.451678752899,9.840182684189794e-05
542,3.341851234436035,2171.0000583158385,3655.8042640686035,9.839213890317977e-05
543,3.1791024208068848,2175.0000583158385,3661.5211503505707,9.838242216936306e-05
544,3.4056203365325928,2179.0000583158385,3668.076663017273,9.837267664622962e-05
545,3.46400785446167,2183.0000583158385,3674.776879787445,9.83629023395784e-05
546,3.3174774646759033,2187.0000583158385,3681.6940648555756,9.835309925522554e-05
547,3.2949342727661133,2191.0000583158385,3689.592307329178,9.834326739900421e-05
548,3.413376808166504,2195.0000583158385,3696.9491357803345,9.833340677676479e-05
549,3.3871583938598633,2199.0000583158385,3705.003494501114,9.832351739437473e-05
550,3.4653477668762207,2203.0000583158385,3712.8075757026672,9.831359925771857e-05
551,3.586150646209717,2207.0000583158385,3718.6484394073486,9.830365237269801e-05
552,3.3794031143188477,2211.0000583158385,3724.6266055107117,9.829367674523185e-05
553,3.359564781188965,2215.0000583158385,3730.775692462921,9.828367238125596e-05
554,3.2253780364990234,2219.0000583158385,3737.699048757553,9.827363928672333e-05
555,3.577770709991455,2223.0000583158385,3743.192333459854,9.826357746760407e-05
556,3.029994487762451,2227.0000583158385,3749.996874332428,9.82534869298853e-05
557,3.2707908153533936,2231.0000583158385,3756.56280708313,9.824336767957132e-05
558,3.333709716796875,2235.0000583158385,3764.84512257576,9.823321972268351e-05
559,3.4048328399658203,2239.0000583158385,3772.720976114273,9.822304306526025e-05
560,3.4012317657470703,2243.0000583158385,3779.7796473503113,9.821283771335708e-05
561,3.191640853881836,2247.0000583158385,3785.835743188858,9.820260367304657e-05
562,3.2765655517578125,2251.0000583158385,3792.4573063850403,9.819234095041837e-05
563,3.0948281288146973,2255.0000583158385,3799.279324531555,9.818204955157922e-05
564,3.3577980995178223,2259.0000583158385,3805.568029642105,9.81717294826529e-05
565,3.377033233642578,2263.0000583158385,3811.7138299942017,9.816138074978024e-05
566,3.1761116981506348,2267.0000583158385,3817.172394514084,9.815100335911916e-05
567,3.3987057209014893,2271.0000583158385,3823.4819192886353,9.814059731684462e-05
568,3.4091315269470215,2275.0000583158385,3828.5102722644806,9.81301626291486e-05
569,3.104193687438965,2279.0000583158385,3834.5729279518127,9.811969930224015e-05
570,3.3651299476623535,2283.0000583158385,3841.0664718151093,9.810920734234538e-05
571,3.394413948059082,2287.0000583158385,3848.3435537815094,9.809868675570739e-05
572,3.5310750007629395,2291.0000583158385,3855.2155480384827,9.808813754858636e-05
573,3.50327730178833,2295.0000583158385,3862.039171934128,9.807755972725947e-05
574,3.3203015327453613,2299.0000583158385,3867.4231219291687,9.806695329802095e-05
575,3.128793239593506,2303.0000583158385,3873.80140376091,9.805631826718203e-05
576,3.257085084915161,2307.0000583158385,3881.8095223903656,9.804565464107097e-05
577,3.2940292358398438,2311.0000583158385,3890.275020837784,9.803496242603306e-05
578,3.0378880500793457,2315.0000583158385,3897.9760410785675,9.802424162843057e-05
579,3.1852521896362305,2319.0000583158385,3904.32941865921,9.801349225464281e-05
580,3.122239112854004,2323.0000583158385,3911.6028249263763,9.800271431106605e-05
581,3.477316379547119,2327.0000583158385,3919.17186999321,9.799190780411361e-05
582,3.2590832710266113,2331.0000583158385,3926.3095819950104,9.79810727402158e-05
583,3.098392963409424,2335.0000583158385,3934.9253985881805,9.797020912581986e-05
584,3.2056455612182617,2339.0000583158385,3941.4772906303406,9.795931696739012e-05
585,2.9995503425598145,2343.0000583158385,3948.8849329948425,9.794839627140781e-05
586,3.332409620285034,2347.0000583158385,3954.937121152878,9.793744704437117e-05
587,3.204643726348877,2351.0000583158385,3963.230301618576,9.792646929279543e-05
588,3.5214059352874756,2355.0000583158385,3970.2141892910004,9.791546302321278e-05
589,3.2755050659179688,2359.0000583158385,3978.2012298107147,9.790442824217237e-05
590,3.199673652648926,2363.0000583158385,3985.6846029758453,9.789336495624036e-05
591,3.3380112648010254,2367.0000583158385,3993.6881794929504,9.788227317199981e-05
592,3.215709686279297,2371.0000583158385,3998.964496612549,9.787115289605076e-05
593,3.2289562225341797,2375.0000583158385,4006.896535873413,9.786000413501021e-05
594,3.176457166671753,2379.0000583158385,4013.3986530303955,9.784882689551213e-05
595,3.218449592590332,2383.0000583158385,4018.7335777282715,9.783762118420742e-05
596,3.2519662380218506,2387.0000583158385,4025.274829864502,9.78263870077639e-05
597,3.2277729511260986,2391.0000583158385,4031.8383359909058,9.781512437286632e-05
598,3.256150484085083,2395.0000583158385,4038.821489095688,9.780383328621643e-05
599,3.253819465637207,2399.0000583158385,4046.51672911644,9.779251375453287e-05
600,3.1859283447265625,2403.0000583158385,4052.294354200363,9.778116578455117e-05
601,3.204824209213257,2407.0000583158385,4059.603584051132,9.776978938302384e-05
602,3.2402164936065674,2411.0000583158385,4065.908113718033,9.775838455672028e-05
603,3.211300849914551,2415.0000583158385,4071.9531564712524,9.77469513124268e-05
604,3.2937521934509277,2419.0000583158385,4079.997932434082,9.773548965694666e-05
605,3.2965877056121826,2423.0000583158385,4087.0828471183777,9.772399959709996e-05
606,3.3224937915802,2427.0000583158385,4093.138278722763,9.771248113972373e-05
607,3.2505879402160645,2431.0000583158385,4099.786679983139,9.770093429167194e-05
608,3.2095754146575928,2435.0000583158385,4107.19854426384,9.768935905981537e-05
609,3.233020782470703,2439.0000583158385,4112.469194412231,9.767775545104178e-05
610,3.467261552810669,2443.0000583158385,4118.9422245025635,9.766612347225576e-05
611,3.2242300510406494,2447.0000583158385,4126.316680908203,9.765446313037878e-05
612,3.0366902351379395,2451.0000583158385,4133.246456861496,9.764277443234919e-05
613,3.3549227714538574,2455.0000583158385,4139.482308626175,9.763105738512226e-05
614,2.8308749198913574,2459.0000583158385,4148.158185958862,9.761931199567006e-05
615,3.232123851776123,2463.0000583158385,4155.144452571869,9.760753827098157e-05
616,3.1599340438842773,2467.0000583158385,4161.844843149185,9.759573621806262e-05
617,3.2171099185943604,2471.0000583158385,4168.423401594162,9.758390584393588e-05
618,3.155733108520508,2475.0000583158385,4175.800250530243,9.757204715564092e-05
619,3.170850992202759,2479.0000583158385,4183.532181739807,9.756016016023405e-05
620,3.0905561447143555,2483.0000583158385,4190.7263350486755,9.754824486478858e-05
621,2.9433677196502686,2487.0000583158385,4196.638294458389,9.753630127639453e-05
622,3.2923107147216797,2491.0000583158385,4202.921107769012,9.752432940215884e-05
623,3.168822765350342,2495.0000583158385,4208.9443571567535,9.75123292492052e-05
624,3.0500292778015137,2499.0000583158385,4216.079125404358,9.750030082467418e-05
625,3.216177225112915,2503.0000583158385,4221.937759876251,9.74882441357232e-05
626,3.3450090885162354,2507.0000583158385,4226.862926721573,9.747615918952643e-05
627,3.227524757385254,2511.0000583158385,4233.5243010520935,9.746404599327488e-05
628,3.239168167114258,2515.0000583158385,4242.135366439819,9.745190455417641e-05
629,3.170435667037964,2519.0000583158385,4249.526991605759,9.743973487945561e-05
630,3.055551528930664,2523.0000583158385,4257.110104799271,9.742753697635394e-05
631,3.335452079772949,2527.0000583158385,4263.73269534111,9.741531085212963e-05
632,3.2301223278045654,2531.0000583158385,4271.7784678936005,9.74030565140577e-05
633,2.8326826095581055,2535.0000583158385,4277.480456352234,9.739077396942994e-05
634,3.292949914932251,2539.0000583158385,4284.0023374557495,9.737846322555498e-05
635,3.199528932571411,2543.0000583158385,4290.984578371048,9.736612428975816e-05
636,2.975618362426758,2547.0000583158385,4299.251945734024,9.735375716938166e-05
637,3.4175968170166016,2551.0000583158385,4305.954001665115,9.734136187178438e-05
638,3.0882880687713623,2555.0000583158385,4312.384449958801,9.732893840434203e-05
639,3.076526165008545,2559.0000583158385,4319.633580446243,9.731648677444703e-05
640,3.2113847732543945,2563.0000583158385,4325.9187161922455,9.730400698950861e-05
641,3.241809844970703,2567.0000583158385,4332.981902122498,9.729149905695272e-05
642,3.142975330352783,2571.0000583158385,4339.994537830353,9.727896298422208e-05
643,2.9699301719665527,2575.0000583158385,4346.926826953888,9.726639877877613e-05
644,3.2638585567474365,2579.0000583158385,4355.0207307338715,9.725380644809106e-05
645,3.0325660705566406,2583.0000583158385,4362.16913485527,9.724118599965982e-05
646,3.077930450439453,2587.0000583158385,4368.300062417984,9.722853744099207e-05
647,3.0303292274475098,2591.0000583158385,4373.976922512054,9.721586077961418e-05
648,3.201323986053467,2595.0000583158385,4379.618966579437,9.720315602306927e-05
649,3.0387697219848633,2599.0000583158385,4387.305412769318,9.719042317891717e-05
650,3.163975477218628,2603.0000583158385,4395.368187189102,9.717766225473442e-05
651,2.7441606521606445,2607.0000583158385,4402.866542816162,9.716487325811426e-05
652,3.1071829795837402,2611.0000583158385,4411.297954320908,9.715205619666666e-05
653,3.205676794052124,2615.0000583158385,4417.065243005753,9.713921107801827e-05
654,3.1880269050598145,2619.0000583158385,4423.480749368668,9.712633790981241e-05
655,3.2911863327026367,2623.0000583158385,4430.16944694519,9.711343669970917e-05
656,3.132021188735962,2627.0000583158385,4437.6505925655365,9.710050745538524e-05
657,3.043879508972168,2631.0000583158385,4445.43389081955,9.708755018453403e-05
658,2.9084627628326416,2635.0000583158385,4451.810380220413,9.707456489486561e-05
659,3.0186779499053955,2639.0000583158385,4458.065278768539,9.706155159410677e-05
660,3.159985303878784,2643.0000583158385,4464.419110774994,9.704851029000092e-05
661,3.0945231914520264,2647.0000583158385,4471.647009372711,9.703544099030815e-05
662,2.995612621307373,2651.0000583158385,4478.023547410965,9.70223437028052e-05
663,3.0784103870391846,2655.0000583158385,4485.51168012619,9.700921843528546e-05
664,3.153650999069214,2659.0000583158385,4493.995519399643,9.699606519555897e-05
665,3.0651745796203613,2663.0000583158385,4499.3579206466675,9.698288399145247e-05
666,2.971621036529541,2667.0000583158385,4507.219254016876,9.696967483080925e-05
667,3.001784563064575,2671.0000583158385,4514.919223546982,9.695643772148927e-05
668,3.0727927684783936,2675.0000583158385,4522.720374107361,9.694317267136917e-05
669,3.244253158569336,2679.0000583158385,4529.446795463562,9.692987968834216e-05
670,2.9490180015563965,2683.0000583158385,4534.9532589912415,9.691655878031804e-05
671,3.0065886974334717,2687.0000583158385,4541.634555578232,9.690320995522334e-05
672,2.9935462474823,2691.0000583158385,4548.643513441086,9.688983322100109e-05
673,2.978814125061035,2695.0000583158385,4555.152396202087,9.6876428585611e-05
674,3.1741552352905273,2699.0000583158385,4561.000550508499,9.68629960570293e-05
675,2.90875244140625,2703.0000583158385,4568.531024456024,9.684953564324895e-05
676,3.1659317016601562,2707.0000583158385,4574.300431013107,9.683604735227934e-05
677,2.7897703647613525,2711.0000583158385,4579.7618951797485,9.68225311921466e-05
678,3.0396595001220703,2715.0000583158385,4587.101682662964,9.680898717089334e-05
679,3.1272854804992676,2719.0000583158385,4593.882062196732,9.67954152965788e-05
680,2.9506654739379883,2723.0000583158385,4599.747073173523,9.678181557727873e-05
681,3.2788662910461426,2727.0000583158385,4607.311468601227,9.676818802108555e-05
682,2.915468692779541,2731.0000583158385,4614.803832292557,9.675453263610818e-05
683,2.9077720642089844,2735.0000583158385,4622.083821058273,9.67408494304721e-05
684,3.215735912322998,2739.0000583158385,4627.711271524429,9.672713841231934e-05
685,3.1488142013549805,2743.0000583158385,4634.953237056732,9.67133995898085e-05
686,2.9654603004455566,2747.0000583158385,4641.673614740372,9.669963297111475e-05
687,3.0164520740509033,2751.0000583158385,4649.492370843887,9.668583856442971e-05
688,3.0666747093200684,2755.0000583158385,4656.586673736572,9.667201637796163e-05
689,3.012921094894409,2759.0000583158385,4663.553506612778,9.665816641993527e-05
690,3.0191969871520996,2763.0000583158385,4671.067239284515,9.664428869859185e-05
691,3.183622360229492,2767.0000583158385,4678.56005525589,9.663038322218917e-05
692,2.9735913276672363,2771.0000583158385,4686.334567070007,9.661644999900156e-05
693,3.1186633110046387,2775.0000583158385,4693.472480773926,9.66024890373198e-05
694,3.1515867710113525,2779.0000583158385,4700.18000459671,9.658850034545125e-05
695,3.049489736557007,2783.0000583158385,4708.121405363083,9.657448393171968e-05
696,2.7545385360717773,2787.0000583158385,4715.423976898193,9.656043980446543e-05
697,2.9785659313201904,2791.0000583158385,4722.917120456696,9.654636797204531e-05
698,2.9388175010681152,2795.0000583158385,4728.637367486954,9.65322684428326e-05
699,2.742642641067505,2799.0000583158385,4737.0758011341095,9.65181412252171e-05
700,2.9539053440093994,2803.0000583158385,4741.934363365173,9.6503986327605e-05
701,3.232896327972412,2807.0000583158385,4750.257986307144,9.648980375841909e-05
702,2.9600303173065186,2811.0000583158385,4756.037336349487,9.64755935260985e-05
703,2.9740307331085205,2815.0000583158385,4762.3597757816315,9.64613556390989e-05
704,2.948822498321533,2819.0000583158385,4769.24756526947,9.644709010589237e-05
705,3.0744733810424805,2823.0000583158385,4776.88282418251,9.643279693496748e-05
706,2.8561437129974365,2827.0000583158385,4783.479901313782,9.641847613482922e-05
707,2.624420642852783,2831.0000583158385,4790.0441110134125,9.640412771399901e-05
708,2.9644315242767334,2835.0000583158385,4796.083872556686,9.638975168101477e-05
709,3.0493946075439453,2839.0000583158385,4802.135461091995,9.637534804443076e-05
710,3.0859012603759766,2843.0000583158385,4808.146707057953,9.636091681281771e-05
711,2.8303911685943604,2847.0000583158385,4814.085522174835,9.634645799476279e-05
712,3.109678268432617,2851.0000583158385,4821.390835762024,9.633197159886955e-05
713,2.759406089782715,2855.0000583158385,4827.9632613658905,9.631745763375795e-05
714,2.9704551696777344,2859.0000583158385,4836.647438764572,9.63029161080644e-05
715,2.8801112174987793,2863.0000583158385,4843.449974060059,9.628834703044164e-05
716,3.051743984222412,2867.0000583158385,4851.360835313797,9.627375040955886e-05
717,2.8111941814422607,2871.0000583158385,4858.955775022507,9.625912625410163e-05
718,2.6412222385406494,2875.0000583158385,4866.425269365311,9.624447457277188e-05
719,2.9564671516418457,2879.0000583158385,4874.707231998444,9.622979537428795e-05
720,3.039682388305664,2883.0000583158385,4881.27267074585,9.621508866738451e-05
721,2.818101644515991,2887.0000583158385,4889.394726514816,9.620035446081266e-05
722,3.260141134262085,2891.0000583158385,4896.453807592392,9.61855927633398e-05
723,2.9164135456085205,2895.0000583158385,4902.9984612464905,9.617080358374975e-05
724,2.9201016426086426,2899.0000583158385,4910.093506574631,9.615598693084262e-05
725,2.947727918624878,2903.0000583158385,4917.341022729874,9.614114281343492e-05
726,2.9220638275146484,2907.0000583158385,4925.456496953964,9.612627124035947e-05
727,2.6787922382354736,2911.0000583158385,4932.611760377884,9.611137222046544e-05
728,2.9831929206848145,2915.0000583158385,4938.446808338165,9.609644576261833e-05
729,2.977689266204834,2919.0000583158385,4945.854735612869,9.608149187569996e-05
730,2.8474297523498535,2923.0000583158385,4952.864248514175,9.606651056860851e-05
731,3.0345616340637207,2927.0000583158385,4959.352142572403,9.605150185025839e-05
732,2.6931724548339844,2931.0000583158385,4965.09001159668,9.603646572958044e-05
733,2.7836427688598633,2935.0000583158385,4972.490491867065,9.602140221552169e-05
734,3.0780141353607178,2939.0000583158385,4978.640903234482,9.600631131704554e-05
735,2.830322504043579,2943.0000583158385,4982.369898557663,9.599119304313165e-05
736,2.8422274589538574,2947.0000583158385,4989.42401266098,9.5976047402776e-05
737,2.851734161376953,2951.0000583158385,4995.512291908264,9.596087440499085e-05
738,2.894932270050049,2955.0000583158385,5002.350616931915,9.594567405880471e-05
739,2.886845111846924,2959.0000583158385,5007.815869092941,9.593044637326239e-05
740,2.8565022945404053,2963.0000583158385,5016.633522987366,9.591519135742495e-05
741,2.651118755340576,2967.0000583158385,5023.202306032181,9.589990902036973e-05
742,2.7528486251831055,2971.0000583158385,5031.376111030579,9.588459937119033e-05
743,3.0099451541900635,2975.0000583158385,5038.49876332283,9.586926241899655e-05
744,2.8865742683410645,2979.0000583158385,5044.509680747986,9.585389817291451e-05
745,2.691762924194336,2983.0000583158385,5051.21333527565,9.583850664208653e-05
746,2.70768404006958,2987.0000583158385,5058.00262093544,9.582308783567118e-05
747,2.7807188034057617,2991.0000583158385,5066.002662420273,9.580764176284327e-05
748,3.048342704772949,2995.0000583158385,5071.486684083939,9.579216843279377e-05
749,2.848320960998535,2999.0000583158385,5079.161209821701,9.577666785472995e-05
750,2.8762614727020264,3003.0000583158385,5086.594384431839,9.576114003787526e-05
751,2.6871449947357178,3007.0000583158385,5094.317382097244,9.574558499146935e-05
752,2.915949583053589,3011.0000583158385,5100.741433382034,9.573000272476809e-05
753,2.974943161010742,3015.0000583158385,5108.660375595093,9.571439324704353e-05
754,2.7204089164733887,3019.0000583158385,5114.627309322357,9.569875656758394e-05
755,2.8968286514282227,3023.0000583158385,5121.061466693878,9.568309269569373e-05
756,3.000133991241455,3027.0000583158385,5128.220560789108,9.566740164069353e-05
757,2.92230224609375,3031.0000583158385,5135.97288441658,9.565168341192012e-05
758,2.8859925270080566,3035.0000583158385,5142.608372211456,9.563593801872648e-05
759,2.81607723236084,3039.0000583158385,5149.658718347549,9.562016547048174e-05
760,2.732353687286377,3043.0000583158385,5157.2092461586,9.560436577657116e-05
761,2.940452814102173,3047.0000583158385,5164.672530174255,9.558853894639619e-05
762,2.9370980262756348,3051.0000583158385,5171.899099826813,9.557268498937443e-05
763,2.715686082839966,3055.0000583158385,5179.808423042297,9.555680391493957e-05
764,2.947744369506836,3059.0000583158385,5187.618922472,9.554089573254148e-05
765,2.941244602203369,3063.0000583158385,5194.6281316280365,9.552496045164618e-05
766,2.873283624649048,3067.0000583158385,5201.4961841106415,9.550899808173576e-05
767,2.9717226028442383,3071.0000583158385,5208.777958154678,9.549300863230847e-05
768,2.7368052005767822,3075.0000583158385,5216.217542648315,9.547699211287863e-05
769,2.76912784576416,3079.0000583158385,5222.666105270386,9.546094853297673e-05
770,2.780935764312744,3083.0000583158385,5230.575640439987,9.54448779021493e-05
771,2.734929084777832,3087.0000583158385,5237.904308795929,9.542878022995903e-05
772,2.8914928436279297,3091.0000583158385,5244.913499832153,9.541265552598464e-05
773,2.941957950592041,3095.0000583158385,5251.599528312683,9.539650379982095e-05
774,2.9383678436279297,3099.0000583158385,5258.2863228321075,9.538032506107891e-05
775,2.6775994300842285,3103.0000583158385,5263.212154865265,9.536411931938546e-05
776,3.0697948932647705,3107.0000583158385,5268.86811542511,9.534788658438366e-05
777,2.9188482761383057,3111.0000583158385,5276.011959314346,9.533162686573265e-05
778,2.6138720512390137,3115.0000583158385,5281.995640277863,9.531534017310757e-05
779,2.7881596088409424,3119.0000583158385,5290.496154308319,9.529902651619966e-05
780,2.7977380752563477,3123.0000583158385,5298.319306373596,9.528268590471616e-05
781,3.0958962440490723,3127.0000583158385,5304.778185606003,9.52663183483804e-05
782,2.8612990379333496,3131.0000583158385,5311.8230612277985,9.52499238569317e-05
783,3.1005115509033203,3135.0000583158385,5318.697046279907,9.523350244012544e-05
784,2.899233818054199,3139.0000583158385,5326.884388208389,9.521705410773298e-05
785,2.9751455783843994,3143.0000583158385,5333.625497341156,9.520057886954175e-05
786,2.9294490814208984,3147.0000583158385,5339.718059539795,9.518407673535513e-05
787,2.9801230430603027,3151.0000583158385,5346.7067947387695,9.516754771499257e-05
788,2.596029758453369,3155.0000583158385,5353.500606536865,9.515099181828948e-05
789,2.8761954307556152,3159.0000583158385,5359.492774248123,9.513440905509725e-05
790,2.7214980125427246,3163.0000583158385,5366.3774330616,9.511779943528328e-05
791,2.444305658340454,3167.0000583158385,5373.811409711838,9.510116296873094e-05
792,2.9164233207702637,3171.0000583158385,5381.9207854270935,9.50844996653396e-05
793,2.724966287612915,3175.0000583158385,5389.537157535553,9.506780953502454e-05
794,2.817737579345703,3179.0000583158385,5395.188954591751,9.505109258771707e-05
795,3.045321464538574,3183.0000583158385,5400.848115444183,9.503434883336443e-05
796,2.962695598602295,3187.0000583158385,5407.958048820496,9.501757828192979e-05
797,2.531637191772461,3191.0000583158385,5413.945709466934,9.50007809433923e-05
798,2.7387585639953613,3195.0000583158385,5421.244836091995,9.498395682774703e-05
799,2.8367528915405273,3199.0000583158385,5428.5804398059845,9.496710594500498e-05
800,2.774038314819336,3203.0000583158385,5434.038268089294,9.49502283051931e-05
801,2.7916884422302246,3207.0000583158385,5441.043226718903,9.493332391835425e-05
802,2.6419291496276855,3211.0000583158385,5447.677541255951,9.491639279454718e-05
803,2.925642728805542,3215.0000583158385,5455.559705495834,9.489943494384656e-05
804,2.6883277893066406,3219.0000583158385,5461.210258722305,9.488245037634304e-05
805,2.7774033546447754,3223.0000583158385,5467.047428607941,9.486543910214303e-05
806,2.913419246673584,3227.0000583158385,5472.525396108627,9.484840113136895e-05
807,2.758373737335205,3231.0000583158385,5477.931346654892,9.483133647415903e-05
808,2.8349075317382812,3235.0000583158385,5484.116381883621,9.481424514066743e-05
809,2.963963031768799,3239.0000583158385,5491.123988866806,9.479712714106416e-05
810,3.008488178253174,3243.0000583158385,5497.19850063324,9.47799824855351e-05
811,2.620551109313965,3247.0000583158385,5502.61430978775,9.476281118428198e-05
812,2.861222743988037,3251.0000583158385,5510.384672641754,9.47456132475224e-05
813,2.7057015895843506,3255.0000583158385,5516.853834867477,9.472838868548983e-05
814,2.8914895057678223,3259.0000583158385,5524.33331990242,9.471113750843352e-05
815,3.0168795585632324,3263.0000583158385,5532.20049238205,9.469385972661861e-05
816,2.914767265319824,3267.0000583158385,5538.808171272278,9.467655535032608e-05
817,2.7962775230407715,3271.0000583158385,5544.951686382294,9.465922438985269e-05
818,2.951061725616455,3275.0000583158385,5551.9935302734375,9.464186685551104e-05
819,2.7922444343566895,3279.0000583158385,5559.037621021271,9.462448275762953e-05
820,2.685189962387085,3283.0000583158385,5564.790255308151,9.460707210655242e-05
821,2.649904489517212,3287.0000583158385,5570.947313308716,9.458963491263971e-05
822,2.7326838970184326,3291.0000583158385,5578.471543312073,9.457217118626718e-05
823,2.7449939250946045,3295.0000583158385,5585.147029161453,9.455468093782647e-05
824,2.8716845512390137,3299.0000583158385,5592.362025022507,9.453716417772496e-05
825,2.643604278564453,3303.0000583158385,5598.992707014084,9.451962091638579e-05
826,2.719399929046631,3307.0000583158385,5606.821987628937,9.45020511642479e-05
827,2.6477677822113037,3311.0000583158385,5614.9609661102295,9.448445493176596e-05
828,2.6950490474700928,3315.0000583158385,5622.962098836899,9.446683222941047e-05
829,2.803060293197632,3319.0000583158385,5628.624443531036,9.444918306766756e-05
830,2.813883066177368,3323.0000583158385,5636.022491931915,9.443150745703922e-05
831,2.5364646911621094,3327.0000583158385,5641.060441017151,9.441380540804311e-05
832,2.7205443382263184,3331.0000583158385,5647.469772338867,9.439607693121266e-05
833,2.5886998176574707,3335.0000583158385,5654.733663082123,9.437832203709698e-05
834,2.743910789489746,3339.0000583158385,5662.318102836609,9.436054073626095e-05
835,2.642538547515869,3343.0000583158385,5670.15487742424,9.434273303928513e-05
836,2.635150909423828,3347.0000583158385,5678.837678194046,9.43248989567658e-05
837,2.914297103881836,3351.0000583158385,5686.621373176575,9.430703849931495e-05
838,2.737490177154541,3355.0000583158385,5692.795344352722,9.428915167756022e-05
839,2.691323757171631,3359.0000583158385,5698.846086502075,9.4271238502145e-05
840,3.036044120788574,3363.0000583158385,5707.011390686035,9.42532989837283e-05
841,2.743242025375366,3367.0000583158385,5714.699482917786,9.423533313298488e-05
842,2.6992838382720947,3371.0000583158385,5723.01161646843,9.42173409606051e-05
843,2.6965606212615967,3375.0000583158385,5728.240254878998,9.4199322477295e-05
844,2.7548117637634277,3379.0000583158385,5734.801935195923,9.418127769377627e-05
845,2.7137415409088135,3383.0000583158385,5741.50014424324,9.416320662078632e-05
846,2.6646225452423096,3387.0000583158385,5750.065994024277,9.414510926907808e-05
847,2.9687116146087646,3391.0000583158385,5757.4728174209595,9.412698564942024e-05
848,2.9202096462249756,3395.0000583158385,5764.0366632938385,9.4108835772597e-05
849,2.8957204818725586,3399.0000583158385,5770.221234560013,9.40906596494083e-05
850,2.646312713623047,3403.0000583158385,5777.570073127747,9.407245729066964e-05
851,2.766371488571167,3407.0000583158385,5784.153691768646,9.40542287072121e-05
852,2.8054089546203613,3411.0000583158385,5791.58754658699,9.403597390988244e-05
853,2.858022689819336,3415.0000583158385,5798.5476088523865,9.401769290954295e-05
854,3.044095754623413,3419.0000583158385,5805.660919189453,9.399938571707157e-05
855,2.864985466003418,3423.0000583158385,5811.464165687561,9.398105234336179e-05
856,2.696686267852783,3427.0000583158385,5818.430919647217,9.396269279932265e-05
858,2.8350276947021484,3435.0000583158385,5830.638370513916,9.392589524397057e-05
859,2.9577369689941406,3439.0000583158385,5837.039964199066,9.390745725455358e-05
860,2.762531280517578,3443.0000583158385,5844.355673074722,9.388899313859921e-05
861,2.715188980102539,3447.0000583158385,5852.491447925568,9.387050290709435e-05
862,2.7041027545928955,3451.0000583158385,5858.816860675812,9.385198657104141e-05
863,2.8922343254089355,3455.0000583158385,5867.012401819229,9.383344414145832e-05
864,2.8932714462280273,3459.0000583158385,5873.523159980774,9.381487562937854e-05
865,2.859729528427124,3463.0000583158385,5879.045481920242,9.37962810458511e-05
866,2.49867582321167,3467.0000583158385,5886.564950227737,9.377766040194048e-05
867,2.545433521270752,3471.0000583158385,5893.063145637512,9.37590137087267e-05
868,2.8153672218322754,3475.0000583158385,5899.956405639648,9.374034097730526e-05
869,3.0515899658203125,3479.0000583158385,5906.621904850006,9.372164221878718e-05
870,2.680497646331787,3483.0000583158385,5913.5850665569305,9.370291744429895e-05
871,2.576655864715576,3487.0000583158385,5921.1842176914215,9.368416666498252e-05
872,2.72001051902771,3491.0000583158385,5926.603498220444,9.366538989199539e-05
873,2.5644991397857666,3495.0000583158385,5934.610759973526,9.364658713651044e-05
874,2.6175320148468018,3499.0000583158385,5941.99883890152,9.362775840971604e-05
875,2.838533401489258,3503.0000583158385,5946.958723306656,9.360890372281604e-05
876,2.7175064086914062,3507.0000583158385,5954.530749082565,9.35900230870297e-05
877,2.751025915145874,3511.0000583158385,5961.256585597992,9.357111651359175e-05
878,2.8492462635040283,3515.0000583158385,5968.46933054924,9.355218401375234e-05
879,2.7775182723999023,3519.0000583158385,5975.343092679977,9.353322559877705e-05
880,2.7274746894836426,3523.0000583158385,5981.477263212204,9.351424127994687e-05
881,2.8224332332611084,3527.0000583158385,5988.51401424408,9.349523106855823e-05
882,2.6283504962921143,3531.0000583158385,5994.3414478302,9.347619497592292e-05
883,2.7581472396850586,3535.0000583158385,6002.323076248169,9.345713301336819e-05
884,2.651981830596924,3539.0000583158385,6009.289443016052,9.343804519223665e-05
885,2.9605445861816406,3543.0000583158385,6015.95289850235,9.341893152388629e-05
886,2.7081499099731445,3547.0000583158385,6022.493564605713,9.339979201969049e-05
887,2.573843240737915,3551.0000583158385,6030.650829315186,9.3380626691038e-05
888,2.5737290382385254,3555.0000583158385,6037.778095245361,9.336143554933297e-05
889,2.4962949752807617,3559.0000583158385,6042.303321123123,9.334221860599487e-05
890,2.961632251739502,3563.0000583158385,6049.810809135437,9.332297587245851e-05
891,2.6741762161254883,3567.0000583158385,6055.787987947464,9.330370736017408e-05
892,2.791375160217285,3571.0000583158385,6062.532648801804,9.328441308060712e-05
893,2.541198968887329,3575.0000583158385,6068.958255529404,9.326509304523846e-05
894,2.4968576431274414,3579.0000583158385,6075.978686332703,9.324574726556428e-05
895,2.7773637771606445,3583.0000583158385,6081.712337255478,9.32263757530961e-05
896,2.4042277336120605,3587.0000583158385,6089.232532501221,9.320697851936069e-05
897,2.519879102706909,3591.0000583158385,6096.5727343559265,9.318755557590019e-05
898,2.7334389686584473,3595.0000583158385,6103.221135377884,9.3168106934272e-05
899,2.6926186084747314,3599.0000583158385,6110.105294704437,9.314863260604883e-05
900,2.7776551246643066,3603.0000583158385,6118.166734457016,9.312913260281865e-05
901,2.7589573860168457,3607.0000583158385,6124.141616106033,9.310960693618476e-05
902,2.787348747253418,3611.0000583158385,6129.281703472137,9.309005561776569e-05
903,2.77838397026062,3615.0000583158385,6137.226007699966,9.307047865919521e-05
904,2.8039495944976807,3619.0000583158385,6144.987056016922,9.305087607212241e-05
905,2.8223657608032227,3623.0000583158385,6152.445161342621,9.303124786821156e-05
906,2.6671266555786133,3627.0000583158385,6159.401437044144,9.301159405914225e-05
907,2.5598607063293457,3631.0000583158385,6165.667178153992,9.299191465660923e-05
908,2.7548646926879883,3635.0000583158385,6173.6996693611145,9.297220967232254e-05
909,2.5038959980010986,3639.0000583158385,6180.598201036453,9.295247911800742e-05
910,2.6831889152526855,3643.0000583158385,6187.252880573273,9.29327230054043e-05
911,2.5062384605407715,3647.0000583158385,6194.042349815369,9.291294134626886e-05
912,2.588803768157959,3651.0000583158385,6199.088567972183,9.289313415237196e-05
913,2.436556100845337,3655.0000583158385,6204.452848434448,9.287330143549964e-05
914,2.7780532836914062,3659.0000583158385,6210.865471124649,9.285344320745316e-05
915,2.7386116981506348,3663.0000583158385,6217.110522031784,9.283355948004893e-05
916,2.6336426734924316,3667.0000583158385,6224.528436660767,9.281365026511856e-05
917,2.9241421222686768,3671.0000583158385,6231.554540872574,9.27937155745088e-05
918,2.6716086864471436,3675.0000583158385,6239.898482084274,9.277375542008159e-05
919,2.56703782081604,3679.0000583158385,6246.759548187256,9.275376981371398e-05
920,2.6764001846313477,3683.0000583158385,6252.842549085617,9.27337587672982e-05
921,2.8462369441986084,3687.0000583158385,6260.921528816223,9.271372229274161e-05
922,2.654366970062256,3691.0000583158385,6267.506122112274,9.26936604019667e-05
923,2.5042648315429688,3695.0000583158385,6274.513736486435,9.267357310691106e-05
924,2.6173315048217773,3699.0000583158385,6280.920370101929,9.265346041952744e-05
925,2.637338161468506,3703.0000583158385,6286.675796031952,9.263332235178366e-05
926,2.4855456352233887,3707.0000583158385,6292.602304935455,9.261315891566267e-05
927,3.1324470043182373,3711.0000583158385,6299.806694030762,9.259297012316248e-05
928,2.788331985473633,3715.0000583158385,6306.018708944321,9.257275598629626e-05
929,2.407876491546631,3719.0000583158385,6313.586664915085,9.255251651709218e-05
930,2.6426773071289062,3723.0000583158385,6321.431251525879,9.253225172759351e-05
931,2.6481571197509766,3727.0000583158385,6327.849173545837,9.251196162985861e-05
932,2.780686140060425,3731.0000583158385,6333.3084416389465,9.249164623596087e-05
933,2.59367036819458,3735.0000583158385,6339.555426836014,9.247130555798876e-05
934,2.8334014415740967,3739.0000583158385,6346.752932310104,9.245093960804577e-05
935,2.5824456214904785,3743.0000583158385,6353.05867266655,9.243054839825044e-05
936,2.7403316497802734,3747.0000583158385,6360.1192491054535,9.241013194073635e-05
937,2.833195209503174,3751.0000583158385,6366.815513134003,9.238969024765207e-05
938,2.625369071960449,3755.0000583158385,6373.754849433899,9.236922333116122e-05
939,2.470053195953369,3759.0000583158385,6381.408967018127,9.234873120344242e-05
940,2.412588357925415,3763.0000583158385,6385.3848667144775,9.232821387668927e-05
941,2.7656946182250977,3767.0000583158385,6391.387505531311,9.230767136311039e-05
942,2.5991077423095703,3771.0000583158385,6399.672827959061,9.22871036749294e-05
943,2.578254461288452,3775.0000583158385,6405.347948074341,9.226651082438487e-05
944,2.812042713165283,3779.0000583158385,6412.299761533737,9.224589282373033e-05
945,2.7394917011260986,3783.0000583158385,6418.621512413025,9.222524968523433e-05
946,2.7891621589660645,3787.0000583158385,6425.650229215622,9.220458142118033e-05
947,2.8148300647735596,3791.0000583158385,6432.935805559158,9.218388804386676e-05
948,2.630462646484375,3795.0000583158385,6439.41453742981,9.216316956560698e-05
949,2.723938226699829,3799.0000583158385,6447.105507850647,9.21424259987293e-05
950,2.5353784561157227,3803.0000583158385,6452.2243547439575,9.212165735557698e-05
951,2.4416346549987793,3807.0000583158385,6458.24706196785,9.210086364850813e-05
952,2.657759666442871,3811.0000583158385,6465.811367273331,9.208004488989586e-05
953,2.7066736221313477,3815.0000583158385,6471.999748706818,9.205920109212812e-05
954,2.525404453277588,3819.0000583158385,6478.362228155136,9.20383322676078e-05
955,2.7974307537078857,3823.0000583158385,6485.7173619270325,9.201743842875268e-05
956,2.567628860473633,3827.0000583158385,6492.281489133835,9.199651958799537e-05
957,2.6507515907287598,3831.0000583158385,6498.057004928589,9.197557575778344e-05
958,2.530156135559082,3835.0000583158385,6506.119268894196,9.195460695057927e-05
959,2.7027299404144287,3839.0000583158385,6513.50150346756,9.193361317886013e-05
960,2.562263011932373,3843.0000583158385,6520.188558101654,9.191259445511813e-05
961,2.7020423412323,3847.0000583158385,6527.9172286987305,9.189155079186023e-05
962,2.573115348815918,3851.0000583158385,6535.439781665802,9.187048220160826e-05
963,2.754760503768921,3855.0000583158385,6541.809141635895,9.184938869689881e-05
964,2.828686237335205,3859.0000583158385,6549.072659730911,9.182827029028339e-05
965,2.7104012966156006,3863.0000583158385,6555.077967166901,9.180712699432824e-05
966,2.832197666168213,3867.0000583158385,6562.406369447708,9.178595882161447e-05
967,2.5507826805114746,3871.0000583158385,6569.4320685863495,9.176476578473797e-05
968,2.669726610183716,3875.0000583158385,6576.068602800369,9.174354789630944e-05
969,2.5032858848571777,3879.0000583158385,6583.6076583862305,9.172230516895433e-05
970,2.6438918113708496,3883.0000583158385,6590.338118553162,9.170103761531288e-05
971,2.558438777923584,3887.0000583158385,6597.538771390915,9.167974524804016e-05
972,2.6244969367980957,3891.0000583158385,6604.662477493286,9.165842807980595e-05
973,2.538186550140381,3895.0000583158385,6610.878674983978,9.163708612329477e-05
974,2.7546308040618896,3899.0000583158385,6617.268110275269,9.161571939120594e-05
975,2.7404606342315674,3903.0000583158385,6625.223711490631,9.159432789625353e-05
976,2.821472644805908,3907.0000583158385,6632.110721588135,9.157291165116627e-05
977,2.457829713821411,3911.0000583158385,6638.901744365692,9.155147066868769e-05
978,2.728083848953247,3915.0000583158385,6647.053416252136,9.153000496157602e-05
979,2.5259666442871094,3919.0000583158385,6654.322695016861,9.150851454260417e-05
980,2.66011643409729,3923.0000583158385,6660.642032384872,9.148699942455982e-05
981,2.7104172706604004,3927.0000583158385,6667.971116542816,9.146545962024526e-05
982,2.397045612335205,3931.0000583158385,6674.45966219902,9.144389514247756e-05
983,2.457732915878296,3935.0000583158385,6680.782474756241,9.142230600408841e-05
984,2.8912391662597656,3939.0000583158385,6688.306790828705,9.140069221792419e-05
985,2.6024889945983887,3943.0000583158385,6694.828983783722,9.137905379684593e-05
986,2.848386287689209,3947.0000583158385,6702.875277042389,9.13573907537294e-05
987,2.848660469055176,3951.0000583158385,6709.261710882187,9.133570310146489e-05
988,2.679314374923706,3955.0000583158385,6717.354395389557,9.131399085295745e-05
989,2.7136049270629883,3959.0000583158385,6724.057359933853,9.129225402112668e-05
990,2.794921398162842,3963.0000583158385,6730.340465068817,9.127049261890687e-05
991,2.5218799114227295,3967.0000583158385,6737.8222534656525,9.124870665924692e-05
992,2.5007009506225586,3971.0000583158385,6744.3430988788605,9.122689615511028e-05
993,2.6608269214630127,3975.0000583158385,6752.31724691391,9.120506111947511e-05
994,2.6541428565979004,3979.0000583158385,6760.790086269379,9.118320156533408e-05
995,2.491983413696289,3983.0000583158385,6766.6088128089905,9.116131750569448e-05
996,2.624422311782837,3987.0000583158385,6774.732383966446,9.113940895357822e-05
997,2.807331085205078,3991.0000583158385,6782.478061676025,9.111747592202168e-05
998,2.63533353805542,3995.0000583158385,6788.947092533112,9.109551842407592e-05
999,2.6603286266326904,3999.0000583158385,6794.248618602753,9.10735364728065e-05
1000,2.5396804809570312,4003.0000583158385,6802.192353487015,9.105153008129354e-05
1001,3.0409791469573975,4007.0000583158385,6809.313260793686,9.102949926263171e-05
1002,2.7050442695617676,4011.0000583158385,6814.843300819397,9.10074440299302e-05
1003,2.388798952102661,4015.0000583158385,6821.120809078217,9.098536439631276e-05
1004,2.8021130561828613,4019.0000583158385,6826.599889755249,9.096326037491761e-05
1005,2.5626277923583984,4023.0000583158385,6833.663510799408,9.09411319788975e-05
1006,2.635552406311035,4027.0000583158385,6839.676048278809,9.091897922141973e-05
1007,2.989475727081299,4031.0000583158385,6846.929655075073,9.089680211566603e-05
1008,2.5967371463775635,4035.0000583158385,6854.403397321701,9.087460067483265e-05
1009,2.5961384773254395,4039.0000583158385,6861.253315448761,9.085237491213034e-05
1010,2.675584554672241,4043.0000583158385,6868.272942066193,9.083012484078427e-05
1011,2.8315911293029785,4047.0000583158385,6874.692074537277,9.08078504740341e-05
1012,2.66981840133667,4051.0000583158385,6880.943440437317,9.078555182513399e-05
1013,2.523085832595825,4055.0000583158385,6888.235548734665,9.076322890735246e-05
1014,2.634984016418457,4059.0000583158385,6893.6148982048035,9.074088173397255e-05
1015,2.7008376121520996,4063.0000583158385,6899.727800369263,9.07185103182917e-05
1016,2.6104722023010254,4067.0000583158385,6907.313112258911,9.069611467362177e-05
1017,2.6745259761810303,4071.0000583158385,6914.935648679733,9.067369481328906e-05
1018,2.3986246585845947,4075.0000583158385,6921.108202695847,9.065125075063427e-05
1019,2.4732213020324707,4079.0000583158385,6926.849030256271,9.062878249901246e-05
1020,2.5646142959594727,4083.0000583158385,6933.088536977768,9.060629007179313e-05
1021,2.6336212158203125,4087.0000583158385,6938.92930150032,9.058377348236019e-05
1022,2.673520565032959,4091.0000583158385,6945.351069688797,9.056123274411187e-05
1023,2.7612252235412598,4095.0000583158385,6952.185960292816,9.053866787046078e-05
1024,2.6624884605407715,4099.000058315839,6960.03199505806,9.051607887483391e-05
1025,2.502720832824707,4103.000058315839,6967.790794610977,9.04934657706726e-05
1026,2.225425958633423,4107.000058315839,6973.816357374191,9.047082857143254e-05
1027,2.6460442543029785,4111.000058315839,6981.13060259819,9.044816729058374e-05
1028,2.6978399753570557,4115.000058315839,6989.4734053611755,9.042548194161056e-05
1029,2.6486172676086426,4119.000058315839,6996.388199567795,9.040277253801166e-05
1030,2.518033266067505,4123.000058315839,7004.1487028598785,9.038003909330002e-05
1031,2.5882833003997803,4127.000058315839,7009.8589408397675,9.035728162100296e-05
1032,2.6426820755004883,4131.000058315839,7016.328394412994,9.033450013466202e-05
1033,2.5988810062408447,4135.000058315839,7024.420533418655,9.031169464783312e-05
1034,2.4786596298217773,4139.000058315839,7031.017384052277,9.028886517408639e-05
1035,2.5198299884796143,4143.000058315839,7038.369022846222,9.026601172700625e-05
1036,2.53145170211792,4147.000058315839,7044.55658364296,9.024313432019145e-05
1037,2.494670867919922,4151.000058315839,7049.950798034668,9.022023296725489e-05
1038,2.5118260383605957,4155.000058315839,7056.826532363892,9.01973076818238e-05
1039,2.4802160263061523,4159.000058315839,7064.462089776993,9.017435847753961e-05
1040,2.5444326400756836,4163.000058315839,7071.741595745087,9.015138536805799e-05
1041,2.645171880722046,4167.000058315839,7078.58594250679,9.012838836704886e-05
1042,2.4811904430389404,4171.000058315839,7086.059718370438,9.010536748819633e-05
1043,2.7477359771728516,4175.000058315839,7093.804039239883,9.00823227451987e-05
1044,2.5981874465942383,4179.000058315839,7099.931711435318,9.005925415176852e-05
1045,2.4689202308654785,4183.000058315839,7106.101373434067,9.00361617216325e-05
1046,2.5676381587982178,4187.000058315839,7113.393739938736,9.001304546853155e-05
1047,2.8311095237731934,4191.000058315839,7119.170742750168,8.998990540622071e-05
1048,2.5646562576293945,4195.000058315839,7124.149395704269,8.996674154846926e-05
1049,2.501946449279785,4199.000058315839,7131.3467128276825,8.99435539090606e-05
1050,2.336430072784424,4203.000058315839,7138.503441572189,8.992034250179227e-05
1051,2.726210594177246,4207.000058315839,7144.57443356514,8.989710734047597e-05
1052,2.5115103721618652,4211.000058315839,7152.833602190018,8.987384843893753e-05
1053,2.401824951171875,4215.000058315839,7159.59360408783,8.985056581101691e-05
1054,2.5082273483276367,4219.000058315839,7167.431853294373,8.982725947056817e-05
1055,2.748659610748291,4223.000058315839,7174.882353305817,8.980392943145954e-05
1056,2.606067657470703,4227.000058315839,7182.342824935913,8.978057570757325e-05
1057,2.7215919494628906,4231.000058315839,7190.165085554123,8.975719831280571e-05
1058,2.3797683715820312,4235.000058315839,7197.4894144535065,8.973379726106739e-05
1059,2.9832162857055664,4239.000058315839,7203.066442012787,8.971037256628282e-05
1060,2.3900036811828613,4243.000058315839,7208.975891828537,8.968692424239061e-05
1061,2.534323215484619,4247.000058315839,7214.231805324554,8.966345230334345e-05
1062,2.9484879970550537,4251.000058315839,7220.984187602997,8.963995676310803e-05
1063,2.836057186126709,4255.000058315839,7227.471946954727,8.961643763566514e-05
1064,2.610318183898926,4259.000058315839,7233.625927448273,8.959289493500957e-05
1065,2.540127754211426,4263.000058315839,7242.155953884125,8.956932867515016e-05
1066,2.463052272796631,4267.000058315839,7248.710721492767,8.954573887010976e-05
1067,2.644784927368164,4271.000058315839,7255.565541028976,8.952212553392522e-05
1068,2.5121095180511475,4275.000058315839,7261.786284446716,8.949848868064738e-05
1069,2.4490060806274414,4279.000058315839,7267.83874464035,8.947482832434113e-05
1070,2.5108449459075928,4283.000058315839,7273.350334405899,8.945114447908528e-05
1071,2.5991947650909424,4287.000058315839,7279.046507835388,8.942743715897266e-05
1072,2.647846221923828,4291.000058315839,7285.634957313538,8.940370637811006e-05
1073,2.641716480255127,4295.000058315839,7293.236691951752,8.937995215061821e-05
1074,2.601161003112793,4299.000058315839,7301.905787229538,8.935617449063181e-05
1075,2.660604953765869,4303.000058315839,7308.486494064331,8.93323734122995e-05
1076,2.5908408164978027,4307.000058315839,7313.316209316254,8.930854892978385e-05
1077,2.3690643310546875,4311.000058315839,7319.366627693176,8.928470105726136e-05
1078,2.5292229652404785,4315.000058315839,7326.359832048416,8.926082980892246e-05
1079,2.744865894317627,4319.000058315839,7333.362207651138,8.923693519897146e-05
1080,2.5857555866241455,4323.000058315839,7339.511320352554,8.921301724162658e-05
1081,2.53731107711792,4327.000058315839,7345.404788732529,8.918907595111998e-05
1082,2.498795986175537,4331.000058315839,7353.187833547592,8.916511134169764e-05
1083,2.3640353679656982,4335.000058315839,7359.246500253677,8.914112342761945e-05
1084,2.275153160095215,4339.000058315839,7366.9083478450775,8.911711222315913e-05
1085,2.328354835510254,4343.000058315839,7374.622684955597,8.909307774260433e-05
1086,2.296217679977417,4347.000058315839,7381.479576587677,8.906902000025647e-05
1087,2.4302940368652344,4351.000058315839,7389.433765172958,8.904493901043089e-05
1088,2.4772603511810303,4355.000058315839,7396.045628786087,8.902083478745667e-05
1089,2.4380598068237305,4359.000058315839,7404.129487752914,8.899670734567681e-05
1090,2.6890931129455566,4363.000058315839,7412.006685495377,8.897255669944806e-05
1091,2.562777519226074,4367.000058315839,7418.617069721222,8.894838286314099e-05
1092,2.5708234310150146,4371.000058315839,7424.759316444397,8.892418585114001e-05
1093,2.6043758392333984,4375.000058315839,7431.548748493195,8.889996567784329e-05
1094,2.661703109741211,4379.000058315839,7438.870706319809,8.887572235766275e-05
1095,2.386197328567505,4383.000058315839,7446.455580472946,8.885145590502412e-05
1096,2.65844464302063,4387.000058315839,7452.530147075653,8.882716633436692e-05
1097,2.443141460418701,4391.000058315839,7460.128814697266,8.880285366014436e-05
1098,2.6947450637817383,4395.000058315839,7466.673774719238,8.877851789682347e-05
1099,2.609769344329834,4399.000058315839,7473.396053791046,8.875415905888494e-05
1100,2.57855486869812,4403.000058315839,7480.857933998108,8.872977716082327e-05
1101,2.483619213104248,4407.000058315839,7488.445369005203,8.870537221714663e-05
1102,2.4765405654907227,4411.000058315839,7496.0687692165375,8.86809442423769e-05
1103,2.3598523139953613,4415.000058315839,7502.125073432922,8.865649325104972e-05
1104,2.7529098987579346,4419.000058315839,7509.126864910126,8.863201925771433e-05
1105,2.6414988040924072,4423.000058315839,7516.798641204834,8.860752227693378e-05
1106,2.524714469909668,4427.000058315839,7523.829734325409,8.85830023232847e-05
1107,2.4689183235168457,4431.000058315839,7530.715120077133,8.85584594113574e-05
1108,2.735489845275879,4435.000058315839,7537.209726333618,8.853389355575592e-05
1109,2.5196666717529297,4439.000058315839,7543.388135433197,8.850930477109787e-05
1110,2.622136116027832,4443.000058315839,7550.6186010837555,8.848469307201455e-05
1111,2.6674206256866455,4447.000058315839,7557.742337226868,8.84600584731509e-05
1112,2.2609059810638428,4451.000058315839,7564.759315729141,8.843540098916545e-05
1113,2.6566102504730225,4455.000058315839,7573.258444547653,8.841072063473039e-05
1114,2.477815628051758,4459.000058315839,7578.800922870636,8.838601742453147e-05
1115,2.5267748832702637,4463.000058315839,7585.820670843124,8.83612913732681e-05
1116,2.6677637100219727,4467.000058315839,7593.589067697525,8.83365424956532e-05
1117,2.5142107009887695,4471.000058315839,7600.067107200623,8.831177080641338e-05
1118,2.5342464447021484,4475.000058315839,7607.217447519302,8.828697632028874e-05
1119,2.4333815574645996,4479.000058315839,7614.52786898613,8.826215905203295e-05
1120,2.5084567070007324,4483.000058315839,7620.033753871918,8.823731901641328e-05
1121,2.3818936347961426,4487.000058315839,7626.108947992325,8.821245622821051e-05
1122,2.3566970825195312,4491.000058315839,7632.835600376129,8.818757070221899e-05
1123,2.4480316638946533,4495.000058315839,7638.086266040802,8.816266245324658e-05
1124,2.586233615875244,4499.000058315839,7646.104279518127,8.813773149611464e-05
1125,2.523345947265625,4503.000058315839,7651.610036373138,8.81127778456581e-05
1126,2.4607908725738525,4507.000058315839,7658.796877861023,8.808780151672533e-05
1127,2.384403705596924,4511.000058315839,7665.800012588501,8.806280252417824e-05
1128,2.3284194469451904,4515.000058315839,7672.330524921417,8.803778088289219e-05
1129,2.4697604179382324,4519.000058315839,7678.862738132477,8.801273660775606e-05
1130,2.3729989528656006,4523.000058315839,7687.182536363602,8.798766971367217e-05
1131,2.397672176361084,4527.000058315839,7694.125003814697,8.796258021555629e-05
1132,2.243081569671631,4531.000058315839,7701.167458772659,8.793746812833767e-05
1133,2.4193081855773926,4535.000058315839,7707.2478630542755,8.791233346695897e-05
1134,2.4133596420288086,4539.000058315839,7715.239109754562,8.78871762463763e-05
1135,2.4786744117736816,4543.000058315839,7722.45373415947,8.78619964815592e-05
1136,2.6899662017822266,4547.000058315839,7730.036504030228,8.783679418749062e-05
1137,2.822610378265381,4551.000058315839,7736.8464179039,8.78115693791669e-05
1138,2.4636683464050293,4555.000058315839,7744.003310918808,8.77863220715978e-05
1139,2.6039748191833496,4559.000058315839,7752.421524524689,8.776105227980645e-05
1140,2.6607232093811035,4563.000058315839,7761.251008987427,8.773576001882936e-05
1141,2.2462856769561768,4567.000058315839,7768.083994150162,8.771044530371643e-05
1142,2.4538304805755615,4571.000058315839,7774.435308456421,8.768510814953087e-05
1143,2.6758275032043457,4575.000058315839,7781.344244003296,8.765974857134934e-05
1144,2.758720874786377,4579.000058315839,7788.592330694199,8.763436658426175e-05
1145,2.4624686241149902,4583.000058315839,7795.024519443512,8.760896220337133e-05
1146,2.686922550201416,4587.000058315839,7800.562559843063,8.758353544379476e-05
1147,2.3047823905944824,4591.000058315839,7807.165004491806,8.755808632066193e-05
1148,2.256955623626709,4595.000058315839,7814.073600292206,8.753261484911605e-05
1149,2.5181682109832764,4599.000058315839,7820.18586230278,8.750712104431365e-05
1150,2.3922386169433594,4603.000058315839,7828.3726489543915,8.748160492142454e-05
1151,2.4616122245788574,4607.000058315839,7832.925560474396,8.745606649563183e-05
1152,2.790863275527954,4611.000058315839,7839.824596643448,8.743050578213187e-05
1153,2.678037166595459,4615.000058315839,7846.772154808044,8.740492279613427e-05
1154,2.7341196537017822,4619.000058315839,7854.380187511444,8.737931755286193e-05
1155,2.250108480453491,4623.000058315839,7859.900661468506,8.735369006755095e-05
1156,2.5254104137420654,4627.000058315839,7867.2480754852295,8.732804035545074e-05
1157,2.6973037719726562,4631.000058315839,7873.173401594162,8.730236843182381e-05
1158,2.3842549324035645,4635.000058315839,7880.534614801407,8.727667431194601e-05
1159,2.4416723251342773,4639.000058315839,7887.251269817352,8.725095801110634e-05
1160,2.430685520172119,4643.000058315839,7894.124065160751,8.722521954460699e-05
1161,2.5953290462493896,4647.000058315839,7901.898272752762,8.719945892776336e-05
1162,2.2751381397247314,4651.000058315839,7909.253532409668,8.717367617590405e-05
1163,2.60438871383667,4655.000058315839,7914.94571018219,8.714787130437077e-05
1164,2.702920436859131,4659.000058315839,7922.275428056717,8.712204432851845e-05
1165,2.6065402030944824,4663.000058315839,7929.11309504509,8.709619526371516e-05
1166,2.443577527999878,4667.000058315839,7935.9009919166565,8.707032412534208e-05
1167,2.234402656555176,4671.000058315839,7942.253596782684,8.704443092879357e-05
1168,2.3714990615844727,4675.000058315839,7949.645231723785,8.701851568947711e-05
1169,2.4595611095428467,4679.000058315839,7955.88006067276,8.699257842281324e-05
1170,2.463514804840088,4683.000058315839,7962.618169784546,8.696661914423567e-05
1171,2.3330817222595215,4687.000058315839,7968.95845913887,8.694063786919119e-05
1172,2.3120667934417725,4691.000058315839,7975.177156925201,8.691463461313968e-05
1173,2.211439847946167,4695.000058315839,7980.687573194504,8.68886093915541e-05
1174,2.5186197757720947,4699.000058315839,7987.73788189888,8.686256221992045e-05
1175,2.603916645050049,4703.000058315839,7995.0677626132965,8.683649311373784e-05
1176,2.464468479156494,4707.000058315839,8001.8801238536835,8.681040208851842e-05
1177,2.6232335567474365,4711.000058315839,8009.525938987732,8.678428915978733e-05
1178,2.3547868728637695,4715.000058315839,8016.503890275955,8.675815434308281e-05
1179,2.4544715881347656,4719.000058315839,8021.489939928055,8.67319976539561e-05
1180,2.3160665035247803,4723.000058315839,8027.828968048096,8.670581910797149e-05
1181,2.7830233573913574,4727.000058315839,8034.899885416031,8.667961872070615e-05
1182,2.3398704528808594,4731.000058315839,8041.58238697052,8.665339650775043e-05
1183,2.591297149658203,4735.000058315839,8048.393908262253,8.662715248470751e-05
1184,2.3554913997650146,4739.000058315839,8055.986902713776,8.660088666719365e-05
1185,2.432856559753418,4743.000058315839,8064.306666135788,8.657459907083801e-05
1186,2.574040412902832,4747.000058315839,8069.232400417328,8.654828971128277e-05
1187,2.411534547805786,4751.000058315839,8076.515343666077,8.6521958604183e-05
1188,2.5522708892822266,4755.000058315839,8085.022839307785,8.649560576520675e-05
1189,2.28517746925354,4759.000058315839,8092.348775625229,8.6469231210035e-05
1190,2.4379682540893555,4763.000058315839,8099.718658208847,8.644283495436163e-05
1191,2.386784791946411,4767.000058315839,8106.791745185852,8.641641701389348e-05
1192,2.2012715339660645,4771.000058315839,8113.373828411102,8.63899774043502e-05
1193,2.426454544067383,4775.000058315839,8122.013915061951,8.636351614146443e-05
1194,2.4867427349090576,4779.000058315839,8128.924516677856,8.633703324098165e-05
1195,2.2294085025787354,4783.000058315839,8134.471480369568,8.631052871866024e-05
1196,2.465789556503296,4787.000058315839,8141.484539270401,8.62840025902714e-05
1197,2.5606915950775146,4791.000058315839,8148.973933935165,8.625745487159923e-05
1198,2.4084997177124023,4795.000058315839,8156.827142715454,8.623088557844066e-05
1199,2.5119872093200684,4799.000058315839,8163.724539756775,8.620429472660547e-05
1200,2.4298617839813232,4803.000058315839,8171.452055692673,8.617768233191623e-05
1201,2.489715576171875,4807.000058315839,8178.278581619263,8.61510484102084e-05
1202,2.1806716918945312,4811.000058315839,8186.957943439484,8.612439297733018e-05
1203,2.7840123176574707,4815.000058315839,8194.405148744583,8.609771604914257e-05
1204,2.4633119106292725,4819.000058315839,8200.840399503708,8.607101764151944e-05
1205,2.1829729080200195,4823.000058315839,8207.923662185669,8.604429777034737e-05
1206,2.6081740856170654,4827.000058315839,8215.170061349869,8.60175564515257e-05
1207,2.737222909927368,4831.000058315839,8222.056197166443,8.59907937009666e-05
1208,2.6599154472351074,4835.000058315839,8228.989306688309,8.596400953459492e-05
1209,2.481546401977539,4839.000058315839,8236.002843856812,8.593720396834833e-05
1210,2.562567710876465,4843.000058315839,8244.807022571564,8.591037701817714e-05
1211,2.532557964324951,4847.000058315839,8252.593679904938,8.58835287000445e-05
1212,2.4433367252349854,4851.000058315839,8259.89940404892,8.585665902992616e-05
1213,2.625275135040283,4855.000058315839,8267.491561412811,8.582976802381064e-05
1214,2.51069974899292,4859.000058315839,8274.115345478058,8.580285569769914e-05
1215,2.565451145172119,4863.000058315839,8280.008248329163,8.577592206760555e-05
1216,2.5138356685638428,4867.000058315839,8285.3292324543,8.574896714955644e-05
1217,2.6261956691741943,4871.000058315839,8292.15876531601,8.572199095959102e-05
1218,2.4522194862365723,4875.000058315839,8298.901369810104,8.56949935137612e-05
1219,2.120450735092163,4879.000058315839,8305.362481355667,8.566797482813154e-05
1220,2.4147167205810547,4883.000058315839,8312.440276622772,8.564093491877917e-05
1221,2.1941452026367188,4887.000058315839,8319.485967874527,8.561387380179391e-05
1222,2.3153505325317383,4891.000058315839,8325.53008556366,8.55867914932782e-05
1223,2.5003058910369873,4895.000058315839,8332.507467269897,8.555968800934704e-05
1224,2.3724942207336426,4899.000058315839,8340.30298113823,8.553256336612811e-05
1225,2.3232691287994385,4903.000058315839,8347.348092556,8.55054175797616e-05
1226,2.384312391281128,4907.000058315839,8353.337745904922,8.547825066640034e-05
1227,2.550671100616455,4911.000058315839,8358.898533344269,8.545106264220968e-05
1228,2.4556145668029785,4915.000058315839,8366.194857120514,8.54238535233676e-05
1229,2.5836150646209717,4919.000058315839,8373.275272130966,8.539662332606452e-05
1230,2.5229926109313965,4923.000058315839,8377.75113773346,8.536937206650356e-05
1231,2.492056369781494,4927.000058315839,8384.844770908356,8.534209976090022e-05
1232,2.479875087738037,4931.000058315839,8392.252559661865,8.531480642548263e-05
1233,2.4174857139587402,4935.000058315839,8400.42939043045,8.528749207649137e-05
1234,2.362187623977661,4939.000058315839,8406.161365509033,8.526015673017956e-05
1235,2.6543941497802734,4943.000058315839,8414.143888950348,8.523280040281278e-05
1236,2.5104010105133057,4947.000058315839,8421.371327877045,8.520542311066916e-05
1237,2.3699657917022705,4951.000058315839,8427.102247953415,8.517802487003922e-05
1238,2.350849151611328,4955.000058315839,8435.164744853973,8.5150605697226e-05
1239,2.423618793487549,4959.000058315839,8441.048471927643,8.512316560854498e-05
1240,2.4041192531585693,4963.000058315839,8447.874197483063,8.50957046203241e-05
1241,2.38494873046875,4967.000058315839,8454.865454435349,8.506822274890369e-05
1242,2.448817253112793,4971.000058315839,8461.49241232872,8.504072001063657e-05
1243,2.2639505863189697,4975.000058315839,8468.353140115738,8.501319642188793e-05
1244,2.502136707305908,4979.000058315839,8475.470483064651,8.498565199903541e-05
1245,2.417374849319458,4983.000058315839,8483.35269498825,8.495808675846899e-05
1246,2.4729762077331543,4987.000058315839,8490.819155216217,8.493050071659108e-05
1247,2.37688946723938,4991.000058315839,8497.012837648392,8.490289388981646e-05
1248,2.4974865913391113,4995.000058315839,8504.862732172012,8.487526629457225e-05
1249,2.4680867195129395,4999.000058315839,8511.33743095398,8.484761794729798e-05
1250,2.5994997024536133,5003.000058315839,8518.752675056458,8.481994886444549e-05
1251,2.4578819274902344,5007.000058315839,8526.498156547546,8.479225906247896e-05
1252,2.6023616790771484,5011.000058315839,8533.043022871017,8.476454855787491e-05
1253,2.2310562133789062,5015.000058315839,8539.982110977173,8.473681736712218e-05
1254,2.488689422607422,5019.000058315839,8547.601576805115,8.47090655067219e-05
1255,2.4930269718170166,5023.000058315839,8552.845657348633,8.468129299318752e-05
1256,2.248584270477295,5027.000058315839,8560.361100673676,8.465349984304481e-05
1257,2.2982044219970703,5031.000058315839,8566.275718927383,8.462568607283171e-05
1258,2.322479248046875,5035.000058315839,8571.933750152588,8.459785169909857e-05
1259,2.3739771842956543,5039.000058315839,8580.107071876526,8.456999673840788e-05
1260,2.6089253425598145,5043.000058315839,8587.117274999619,8.454212120733448e-05
1261,2.5889687538146973,5047.000058315839,8593.689141273499,8.451422512246537e-05
1262,2.5727527141571045,5051.000058315839,8600.493603944778,8.448630850039983e-05
1263,2.3170840740203857,5055.000058315839,8607.690393209457,8.445837135774933e-05
1264,2.4332642555236816,5059.000058315839,8613.461408138275,8.443041371113756e-05
1265,2.586768388748169,5063.000058315839,8621.021406412125,8.440243557720044e-05
1266,2.4204354286193848,5067.000058315839,8628.308828115463,8.437443697258603e-05
1267,2.485436201095581,5071.000058315839,8635.719446897507,8.43464179139546e-05
1268,2.2357072830200195,5075.000058315839,8643.281862258911,8.431837841797861e-05
1269,2.3168158531188965,5079.000058315839,8650.064361333847,8.429031850134262e-05
1270,2.2447216510772705,5083.000058315839,8656.406340837479,8.426223818074341e-05
1271,2.4886741638183594,5087.000058315839,8664.098307847977,8.423413747288985e-05
1272,2.428380012512207,5091.000058315839,8671.536428689957,8.420601639450298e-05
1273,2.2577178478240967,5095.000058315839,8678.274423360825,8.417787496231596e-05
1274,2.439944267272949,5099.000058315839,8684.854566335678,8.414971319307398e-05
1275,2.576798439025879,5103.000058315839,8690.989491224289,8.412153110353445e-05
1276,2.0712764263153076,5107.000058315839,8698.10809135437,8.40933287104668e-05
1277,2.2644026279449463,5111.000058315839,8706.105327606201,8.406510603065255e-05
1278,2.378488779067993,5115.000058315839,8712.119533061981,8.403686308088532e-05
1279,2.4017200469970703,5119.000058315839,8718.152052640915,8.400859987797074e-05
1280,2.462698221206665,5123.000058315839,8725.125804901123,8.398031643872657e-05
1281,2.4675405025482178,5127.000058315839,8731.240475416183,8.395201277998253e-05
1282,2.5270588397979736,5131.000058315839,8738.454242944717,8.392368891858039e-05
1283,2.2425789833068848,5135.000058315839,8746.164256095886,8.389534487137398e-05
1284,2.6301865577697754,5139.000058315839,8754.354883909225,8.386698065522914e-05
1285,2.419569969177246,5143.000058315839,8762.545186758041,8.383859628702364e-05
1287,2.189218044281006,5151.000058315839,8777.050480365753,8.378176716200199e-05
1288,2.2652835845947266,5155.000058315839,8785.137124538422,8.375332243900138e-05
1289,2.2473723888397217,5159.000058315839,8792.362815618515,8.372485763157123e-05
1290,2.529630184173584,5163.000058315839,8798.985764026642,8.369637275664918e-05
1291,2.266164779663086,5167.000058315839,8804.296327590942,8.36678678311849e-05
1292,2.420430898666382,5171.000058315839,8810.122086763382,8.36393428721399e-05
1293,2.4672603607177734,5175.000058315839,8816.284484863281,8.361079789648767e-05
1294,2.416783094406128,5179.000058315839,8823.709302425385,8.358223292121357e-05
1295,2.523101806640625,5183.000058315839,8830.61103105545,8.355364796331488e-05
1296,2.3051631450653076,5187.000058315839,8837.405651569366,8.352504303980079e-05
1297,2.4926979541778564,5191.000058315839,8843.32627248764,8.349641816769234e-05
1298,2.097029209136963,5195.000058315839,8849.384734869003,8.346777336402244e-05
1299,2.285275459289551,5199.000058315839,8856.230294466019,8.343910864583587e-05
1300,2.2352349758148193,5203.000058315839,8862.676949977875,8.341042403018927e-05
1301,2.549961805343628,5207.000058315839,8868.641409397125,8.338171953415109e-05
1302,2.2738702297210693,5211.000058315839,8874.62326836586,8.335299517480167e-05
1303,2.2023909091949463,5215.000058315839,8880.046301364899,8.332425096923308e-05
1304,2.4323291778564453,5219.000058315839,8887.517618656158,8.329548693454928e-05
1305,2.0515427589416504,5223.000058315839,8896.12561249733,8.326670308786598e-05
1306,2.441348075866699,5227.000058315839,8903.408479452133,8.32378994463107e-05
1307,2.3952219486236572,5231.000058315839,8911.447389602661,8.320907602702275e-05
1308,2.3384182453155518,5235.000058315839,8917.859493732452,8.318023284715318e-05
1309,2.529116153717041,5239.000058315839,8924.35743355751,8.31513699238648e-05
1310,2.500786781311035,5243.000058315839,8932.19509100914,8.312248727433222e-05
1311,2.415044069290161,5247.000058315839,8939.395100355148,8.30935849157417e-05
1312,2.238276481628418,5251.000058315839,8946.076287269592,8.306466286529128e-05
1313,2.2956671714782715,5255.000058315839,8953.667955875397,8.303572114019074e-05
1314,2.249852180480957,5259.000058315839,8959.771331071854,8.300675975766153e-05
1315,2.3722012042999268,5263.000058315839,8967.736698627472,8.29777787349368e-05
1316,2.505362033843994,5267.000058315839,8974.145366191864,8.29487780892614e-05
1317,2.563234329223633,5271.000058315839,8981.171097517014,8.291975783789183e-05
1318,2.376563549041748,5275.000058315839,8987.633338212967,8.289071799809632e-05
1319,2.4240455627441406,5279.000058315839,8994.022410869598,8.286165858715467e-05
1320,2.3156423568725586,5283.000058315839,9000.724228858948,8.283257962235838e-05
1321,2.135643243789673,5287.000058315839,9007.230958461761,8.280348112101057e-05
1322,2.4755139350891113,5291.000058315839,9014.479860782623,8.277436310042599e-05
1323,2.151883125305176,5295.000058315839,9019.474111795425,8.274522557793102e-05
1324,2.3616766929626465,5299.000058315839,9027.262196540833,8.271606857086361e-05
1325,2.3174853324890137,5303.000058315839,9032.910549879074,8.268689209657332e-05
1326,2.2885193824768066,5307.000058315839,9040.251061201096,8.265769617242128e-05
1327,2.197628974914551,5311.000058315839,9047.421261310577,8.262848081578024e-05
1328,2.2663016319274902,5315.000058315839,9054.289363622665,8.259924604403448e-05
1329,2.4113926887512207,5319.000058315839,9060.820377111435,8.25699918745798e-05
1330,1.9473495483398438,5323.000058315839,9067.183989286423,8.254071832482359e-05
1331,2.687802314758301,5327.000058315839,9074.468274116516,8.251142541218479e-05
1332,2.2500882148742676,5331.000058315839,9081.84128165245,8.24821131540938e-05
1333,2.39108943939209,5335.000058315839,9089.184621572495,8.245278156799254e-05
1334,2.246035099029541,5339.000058315839,9095.99995136261,8.24234306713345e-05
1335,2.258373260498047,5343.000058315839,9101.77558851242,8.23940604815846e-05
1336,2.16981840133667,5347.000058315839,9107.944572925568,8.236467101621922e-05
1337,2.237928628921509,5351.000058315839,9115.647849798203,8.233526229272628e-05
1338,2.3105015754699707,5355.000058315839,9121.030174970627,8.23058343286051e-05
1339,2.57196044921875,5359.000058315839,9128.159150838852,8.227638714136649e-05
1340,2.5782527923583984,5363.000058315839,9135.498567581177,8.224692074853267e-05
1341,2.3072099685668945,5367.000058315839,9141.622569799423,8.221743516763729e-05
1342,2.376380205154419,5371.000058315839,9148.466758728027,8.218793041622545e-05
1343,2.317849636077881,5375.000058315839,9155.16621685028,8.215840651185359e-05
1344,2.6769585609436035,5379.000058315839,9162.538149118423,8.212886347208963e-05
1345,2.240593194961548,5383.000058315839,9169.690455913544,8.209930131451282e-05
1346,2.2291431427001953,5387.000058315839,9176.782879114151,8.20697200567138e-05
1347,2.058192253112793,5391.000058315839,9183.125807285309,8.204011971629458e-05
1348,2.2669525146484375,5395.000058315839,9189.571361780167,8.201050031086851e-05
1349,2.180964469909668,5399.000058315839,9196.44897198677,8.198086185806031e-05
1350,2.479597330093384,5403.000058315839,9203.873982906342,8.195120437550602e-05
1351,2.2465240955352783,5407.000058315839,9212.030301094055,8.192152788085299e-05
1352,2.437868118286133,5411.000058315839,9218.622161626816,8.189183239175991e-05
1353,2.2701597213745117,5415.000058315839,9225.98314857483,8.186211792589675e-05
1354,2.4686856269836426,5419.000058315839,9234.2815990448,8.18323845009448e-05
1355,2.276094675064087,5423.000058315839,9242.154804229736,8.180263213459658e-05
1356,2.2786898612976074,5427.000058315839,9248.675479650497,8.177286084455592e-05
1357,2.276519536972046,5431.000058315839,9256.136036634445,8.174307064853793e-05
1358,2.36312198638916,5435.000058315839,9262.846547365189,8.171326156426894e-05
1359,2.479222297668457,5439.000058315839,9269.010123729706,8.168343360948648e-05
1360,2.3674254417419434,5443.000058315839,9276.44537305832,8.16535868019394e-05
1361,2.117525815963745,5447.000058315839,9283.868077993393,8.162372115938769e-05
1362,2.675909996032715,5451.000058315839,9290.583784341812,8.159383669960259e-05
1363,2.4176015853881836,5455.000058315839,9297.089658737183,8.156393344036651e-05
1364,2.2405834197998047,5459.000058315839,9303.875789403915,8.153401139947309e-05
1365,2.4959611892700195,5463.000058315839,9311.266698122025,8.150407059472707e-05
1366,2.3487014770507812,5467.000058315839,9317.781070232391,8.147411104394445e-05
1367,2.422095537185669,5471.000058315839,9324.83078122139,8.14441327649523e-05
1368,2.149186372756958,5475.000058315839,9331.748829364777,8.141413577558888e-05
1369,2.184241533279419,5479.000058315839,9336.747859954834,8.138412009370358e-05
1370,2.21071720123291,5483.000058315839,9343.54644370079,8.13540857371569e-05
1371,2.302032947540283,5487.000058315839,9350.094228744507,8.132403272382048e-05
1372,2.0242607593536377,5491.000058315839,9356.773781061172,8.1293961071577e-05
1373,2.153668165206909,5495.000058315839,9363.408898830414,8.126387079832029e-05
1374,2.2384700775146484,5499.000058315839,9370.63537311554,8.123376192195524e-05
1375,2.446181535720825,5503.000058315839,9378.41167807579,8.120363446039782e-05
1376,2.5409340858459473,5507.000058315839,9384.906457662582,8.117348843157504e-05
1377,2.4457173347473145,5511.000058315839,9392.518926143646,8.114332385342497e-05
1378,2.3747003078460693,5515.000058315839,9398.485607147217,8.111314074389673e-05
1379,2.188490390777588,5519.000058315839,9402.564102172852,8.108293912095042e-05
1380,2.5114526748657227,5523.000058315839,9408.003401756287,8.10527190025572e-05
1381,2.5841526985168457,5527.000058315839,9415.291165828705,8.102248040669923e-05
1382,2.1864538192749023,5531.000058315839,9420.962782859802,8.099222335136967e-05
1383,2.1858582496643066,5535.000058315839,9426.764273166656,8.096194785457261e-05
1384,2.1037354469299316,5539.000058315839,9434.36804485321,8.093165393432322e-05
1385,2.53381085395813,5543.000058315839,9440.60416007042,8.090134160864751e-05
1386,2.229261875152588,5547.000058315839,9447.753692150116,8.087101089558254e-05
1387,2.1637821197509766,5551.000058315839,9454.437280654907,8.084066181317626e-05
1388,2.5427937507629395,5555.000058315839,9461.720219373703,8.081029437948754e-05
1389,2.3004682064056396,5559.000058315839,9470.09182047844,8.077990861258623e-05
1390,2.204165458679199,5563.000058315839,9477.118974924088,8.074950453055302e-05
1391,2.146479606628418,5567.000058315839,9483.262290716171,8.071908215147955e-05
1392,2.3166747093200684,5571.000058315839,9488.504753112793,8.068864149346831e-05
1393,2.2448410987854004,5575.000058315839,9496.676061153412,8.065818257463271e-05
1394,2.510385274887085,5579.000058315839,9505.022759437561,8.062770541309698e-05
1395,2.7182939052581787,5583.000058315839,9511.666569948196,8.059721002699622e-05
1396,2.2644848823547363,5587.000058315839,9519.559827566147,8.056669643447637e-05
1397,2.4099740982055664,5591.000058315839,9526.389781236649,8.053616465369425e-05
1398,2.303689956665039,5595.000058315839,9533.548780202866,8.050561470281743e-05
1399,2.1600558757781982,5599.000058315839,9538.512304782867,8.047504660002435e-05
1400,2.3060455322265625,5603.000058315839,9545.87258720398,8.044446036350421e-05
1401,2.348799228668213,5607.000058315839,9552.427849769592,8.041385601145703e-05
1402,2.2850441932678223,5611.000058315839,9560.82988357544,8.03832335620936e-05
1403,2.4351577758789062,5615.000058315839,9568.041588068008,8.035259303363547e-05
1404,2.52567195892334,5619.000058315839,9575.556144475937,8.032193444431494e-05
1405,2.3416004180908203,5623.000058315839,9581.99405503273,8.029125781237511e-05
1406,2.3551759719848633,5627.000058315839,9587.650904893875,8.026056315606973e-05
1407,2.3880484104156494,5631.000058315839,9595.415495634079,8.022985049366336e-05
1408,2.3766021728515625,5635.000058315839,9600.333225488663,8.019911984343122e-05
1409,2.3239269256591797,5639.000058315839,9608.19898891449,8.016837122365926e-05
1410,2.0516436100006104,5643.000058315839,9615.933980941772,8.013760465264408e-05
1411,2.134955883026123,5647.000058315839,9623.33955693245,8.010682014869304e-05
1412,2.245384693145752,5651.000058315839,9631.065714120865,8.007601773012412e-05
1413,2.2475712299346924,5655.000058315839,9639.408628940582,8.004519741526592e-05
1414,2.361023426055908,5659.000058315839,9647.324420452118,8.001435922245778e-05
1415,2.4980649948120117,5663.000058315839,9654.371619701385,7.998350317004962e-05
1416,2.1370575428009033,5667.000058315839,9660.313925981522,7.9952629276402e-05
1417,2.2161145210266113,5671.000058315839,9665.981430530548,7.992173755988607e-05
1418,2.4922749996185303,5675.000058315839,9673.182712554932,7.989082803888366e-05
1419,2.165815591812134,5679.000058315839,9679.40856385231,7.98599007317871e-05
1420,2.3017160892486572,5683.000058315839,9686.513348340988,7.982895565699937e-05
1421,2.2403476238250732,5687.000058315839,9692.676075458527,7.979799283293401e-05
1422,2.5408310890197754,5691.000058315839,9699.917000770569,7.97670122780151e-05
1423,2.5191149711608887,5695.000058315839,9708.274327516556,7.973601401067729e-05
1424,2.3836047649383545,5699.000058315839,9715.720054388046,7.970499804936575e-05
1425,2.329063892364502,5703.000058315839,9719.941831111908,7.967396441253618e-05
1426,2.319356679916382,5707.000058315839,9725.811351776123,7.964291311865485e-05
1427,2.408463954925537,5711.000058315839,9730.572268486023,7.961184418619846e-05
1428,2.268219232559204,5715.000058315839,9737.710283279419,7.958075763365427e-05
1429,2.215526580810547,5719.000058315839,9744.634121894836,7.954965347951999e-05
1430,2.3264613151550293,5723.000058315839,9750.791465520859,7.951853174230377e-05
1431,2.2655529975891113,5727.000058315839,9757.17912197113,7.948739244052432e-05
1432,2.2617034912109375,5731.000058315839,9763.308636903763,7.945623559271071e-05
1433,2.4461936950683594,5735.000058315839,9770.123984336853,7.942506121740248e-05
1434,2.353529930114746,5739.000058315839,9776.52567768097,7.939386933314963e-05
1435,2.286273956298828,5743.000058315839,9783.794043779373,7.936265995851254e-05
1436,2.279416084289551,5747.000058315839,9790.85388827324,7.933143311206199e-05
1437,2.055699348449707,5751.000058315839,9797.981035470963,7.930018881237921e-05
1438,2.433375120162964,5755.000058315839,9803.087752342224,7.926892707805578e-05
1439,2.3866329193115234,5759.000058315839,9810.169852733612,7.923764792769362e-05
1440,2.605465888977051,5763.000058315839,9817.397156715393,7.920635137990507e-05
1441,2.356605291366577,5767.000058315839,9824.512620210648,7.91750374533128e-05
1442,2.3042540550231934,5771.000058315839,9829.952600955963,7.914370616654985e-05
1443,2.27746844291687,5775.000058315839,9836.179850101471,7.911235753825952e-05
1444,2.3584485054016113,5779.000058315839,9843.240258455276,7.90809915870955e-05
1445,2.2374143600463867,5783.000058315839,9849.249862909317,7.904960833172174e-05
1446,2.277740955352783,5787.000058315839,9854.749807357788,7.901820779081253e-05
1447,2.2227489948272705,5791.000058315839,9862.249506235123,7.898678998305238e-05
1448,2.3604025840759277,5795.000058315839,9869.508239984512,7.895535492713615e-05
1449,2.364591121673584,5799.000058315839,9877.280501127243,7.892390264176892e-05
1450,2.284396171569824,5803.000058315839,9884.145269870758,7.889243314566607e-05
1451,2.1734108924865723,5807.000058315839,9891.52097439766,7.88609464575531e-05
1452,2.2420525550842285,5811.000058315839,9899.15595650673,7.882944259616588e-05
1453,2.5071685314178467,5815.000058315839,9906.631204128265,7.879792158025044e-05
1454,2.131124496459961,5819.000058315839,9912.20396733284,7.876638342856299e-05
1455,2.3374416828155518,5823.000058315839,9918.212025642395,7.873482815987e-05
1456,2.2561769485473633,5827.000058315839,9925.345119476318,7.870325579294806e-05
1457,2.111191749572754,5831.000058315839,9931.972177267075,7.867166634658397e-05
1458,2.4323487281799316,5835.000058315839,9939.080942869186,7.864005983957471e-05
1459,2.1861143112182617,5839.000058315839,9945.040054559708,7.860843629072737e-05
1460,2.2614569664001465,5843.000058315839,9951.445792913437,7.85767957188592e-05
1461,2.345975399017334,5847.000058315839,9959.300614356995,7.854513814279759e-05
1462,2.3549699783325195,5851.000058315839,9966.521339893341,7.851346358138003e-05
1463,2.1211957931518555,5855.000058315839,9971.76692891121,7.848177205345412e-05
1464,2.4615488052368164,5859.000058315839,9979.507714271545,7.845006357787758e-05
1465,2.3350770473480225,5863.000058315839,9985.199007749557,7.841833817351817e-05
1466,2.3828470706939697,5867.000058315839,9991.983284950256,7.838659585925376e-05
1467,2.449179172515869,5871.000058315839,10000.16449546814,7.835483665397226e-05
1468,2.159485340118408,5875.000058315839,10006.010661125183,7.832306057657166e-05
1469,2.2441563606262207,5879.000058315839,10013.501333713531,7.829126764595995e-05
1470,2.489504098892212,5883.000058315839,10021.64260005951,7.825945788105519e-05
1471,2.389528751373291,5887.000058315839,10029.95616531372,7.82276313007854e-05
1472,2.1213409900665283,5891.000058315839,10035.836334943771,7.819578792408868e-05
1473,2.2062432765960693,5895.000058315839,10041.960389614105,7.816392776991308e-05
1474,2.0755972862243652,5899.000058315839,10049.22911453247,7.813205085721662e-05
1475,2.1974904537200928,5903.000058315839,10056.724175214767,7.810015720496732e-05
1476,2.222966194152832,5907.000058315839,10064.241826534271,7.806824683214316e-05
1477,2.2105164527893066,5911.000058315839,10070.672637701035,7.803631975773203e-05
1478,2.561829090118408,5915.000058315839,10076.31963133812,7.800437600073185e-05
1479,2.2080867290496826,5919.000058315839,10083.365637302399,7.797241558015035e-05
1480,2.484769582748413,5923.000058315839,10089.868835449219,7.794043851500525e-05
1481,2.3197860717773438,5927.000058315839,10097.08594584465,7.790844482432419e-05
1482,2.153409957885742,5931.000058315839,10103.868829727173,7.787643452714461e-05
1483,2.211733341217041,5935.000058315839,10110.868196487427,7.78444076425139e-05
1484,2.1638731956481934,5939.000058315839,10116.699401855469,7.781236418948935e-05
1485,2.064141273498535,5943.000058315839,10123.365357160568,7.778030418713803e-05
1486,2.1955196857452393,5947.000058315839,10130.286810874939,7.774822765453693e-05
1487,2.112114667892456,5951.000058315839,10136.465129613876,7.771613461077283e-05
1488,2.3339061737060547,5955.000058315839,10142.861299037933,7.768402507494234e-05
1489,2.090301513671875,5959.000058315839,10150.03832602501,7.76518990661519e-05
1490,2.316378593444824,5963.000058315839,10157.573918104172,7.761975660351773e-05
1491,2.343343496322632,5967.000058315839,10165.00564789772,7.758759770616585e-05
1492,2.191952705383301,5971.000058315839,10170.919672966003,7.75554223932321e-05
1493,2.3037986755371094,5975.000058315839,10178.447968244553,7.752323068386202e-05
1494,2.4502134323120117,5979.000058315839,10184.792201280594,7.749102259721095e-05
1495,2.4710872173309326,5983.000058315839,10191.968336820602,7.745879815244395e-05
1496,2.1653285026550293,5987.000058315839,10198.561839580536,7.742655736873583e-05
1497,2.503053665161133,5991.000058315839,10205.445407867432,7.739430026527111e-05
1498,2.3495190143585205,5995.000058315839,10212.732160568237,7.736202686124407e-05
1499,2.430980920791626,5999.000058315839,10218.493636608124,7.732973717585861e-05
1500,2.3947994709014893,6003.000058315839,10225.437634706497,7.729743122832836e-05
1501,2.373875617980957,6007.000058315839,10232.32969546318,7.726510903787664e-05
1502,2.3430004119873047,6011.000058315839,10240.120867490768,7.723277062373642e-05
1503,2.19094181060791,6015.000058315839,10247.09896659851,7.720041600515031e-05
1504,2.262072801589966,6019.000058315839,10255.332491874695,7.716804520137056e-05
1505,2.0884850025177,6023.000058315839,10262.214065551758,7.713565823165912e-05
1506,2.284789800643921,6027.000058315839,10269.697574615479,7.710325511528744e-05
1507,2.1741960048675537,6031.000058315839,10276.67976975441,7.707083587153668e-05
1508,2.029737949371338,6035.000058315839,10283.269515275955,7.703840051969756e-05
1509,2.3150341510772705,6039.000058315839,10290.325100421906,7.700594907907036e-05
1510,2.1716792583465576,6043.000058315839,10297.601700544357,7.6973481568965e-05
1511,2.1361026763916016,6047.000058315839,10304.253435850143,7.694099800870087e-05
1512,2.170377254486084,6051.000058315839,10309.835780620575,7.690849841760701e-05
1513,2.3583977222442627,6055.000058315839,10317.14434504509,7.687598281502191e-05
1514,2.1364548206329346,6059.000058315839,10324.00160241127,7.684345122029364e-05
1515,2.3091111183166504,6063.000058315839,10332.347830057144,7.681090365277979e-05
1516,2.1532905101776123,6067.000058315839,10339.395622491837,7.677834013184741e-05
1517,2.3602025508880615,6071.000058315839,10346.791878938675,7.674576067687308e-05
1518,2.370223045349121,6075.000058315839,10354.543655395508,7.671316530724285e-05
1519,2.3487517833709717,6079.000058315839,10362.341107845306,7.668055404235224e-05
1520,2.206408977508545,6083.000058315839,10369.670908927917,7.664792690160624e-05
1521,2.4765191078186035,6087.000058315839,10376.95786690712,7.661528390441927e-05
1522,2.3606317043304443,6091.000058315839,10384.690629005432,7.65826250702152e-05
1523,2.2625813484191895,6095.000058315839,10392.76659154892,7.65499504184273e-05
1524,2.1739609241485596,6099.000058315839,10399.374737262726,7.651725996849827e-05
1525,2.1842727661132812,6103.000058315839,10406.972287416458,7.64845537398802e-05
1526,2.2291252613067627,6107.000058315839,10414.42058134079,7.645183175203461e-05
1527,2.2821388244628906,6111.000058315839,10421.01893544197,7.641909402443234e-05
1528,2.1801328659057617,6115.000058315839,10428.721436977386,7.638634057655362e-05
1529,2.448150634765625,6119.000058315839,10436.667834758759,7.635357142788803e-05
1530,2.2182528972625732,6123.000058315839,10442.941413640976,7.632078659793451e-05
1531,2.1876587867736816,6127.000058315839,10449.916962623596,7.62879861062013e-05
1532,2.2872378826141357,6131.000058315839,10457.219376087189,7.6255169972206e-05
1533,2.3443942070007324,6135.000058315839,10465.120156526566,7.622233821547547e-05
1534,2.1448638439178467,6139.000058315839,10471.81224489212,7.618949085554592e-05
1535,2.273629665374756,6143.000058315839,10479.607459545135,7.615662791196279e-05
1536,2.397759437561035,6147.000058315839,10486.023336648941,7.612374940428082e-05
1537,1.9630990028381348,6151.000058315839,10492.663579702377,7.609085535206402e-05
1538,2.2088825702667236,6155.000058315839,10498.314306020737,7.605794577488565e-05
1539,2.427093744277954,6159.000058315839,10506.244673013687,7.602502069232817e-05
1540,2.032799243927002,6163.000058315839,10511.273657560349,7.59920801239833e-05
1541,2.305201530456543,6167.000058315839,10518.266830444336,7.595912408945198e-05
1542,2.3117306232452393,6171.000058315839,10525.117885112762,7.592615260834433e-05
1543,2.3371987342834473,6175.000058315839,10531.856534004211,7.589316570027968e-05
1544,2.1833298206329346,6179.000058315839,10539.830101013184,7.586016338488653e-05
1545,2.2432703971862793,6183.000058315839,10545.58857178688,7.582714568180256e-05
1546,2.29837703704834,6187.000058315839,10552.402894973755,7.579411261067458e-05
1547,2.232052803039551,6191.000058315839,10559.76285147667,7.576106419115857e-05
1548,2.3100056648254395,6195.000058315839,10566.548025131226,7.572800044291962e-05
1549,2.283519744873047,6199.000058315839,10572.75047659874,7.569492138563196e-05
1550,2.0930867195129395,6203.000058315839,10579.53621339798,7.566182703897895e-05
1551,2.204171657562256,6207.000058315839,10586.430022716522,7.562871742265298e-05
1552,2.28905987739563,6211.000058315839,10593.589977025986,7.55955925563556e-05
1553,2.2736611366271973,6215.000058315839,10601.054167985916,7.556245245979739e-05
1554,2.3306055068969727,6219.000058315839,10607.515855550766,7.552929715269801e-05
1555,2.1372952461242676,6223.000058315839,10616.021895647049,7.549612665478617e-05
1556,2.1305222511291504,6227.000058315839,10623.372119426727,7.546294098579958e-05
1557,2.3688197135925293,6231.000058315839,10630.0218770504,7.542974016548508e-05
1558,2.304187297821045,6235.000058315839,10637.201429605484,7.53965242135984e-05
1559,1.9950666427612305,6239.000058315839,10643.870263814926,7.536329314990435e-05
1560,2.3099212646484375,6243.000058315839,10650.037205934525,7.533004699417672e-05
1561,2.17573881149292,6247.000058315839,10657.10144996643,7.529678576619828e-05
1562,2.175899028778076,6251.000058315839,10663.415228366852,7.526350948576074e-05
1563,2.324664354324341,6255.000058315839,10670.474132061005,7.52302181726648e-05
1564,2.2167868614196777,6259.000058315839,10676.872197151184,7.51969118467201e-05
1565,2.161576271057129,6263.000058315839,10684.14743423462,7.51635905277452e-05
1566,2.0444467067718506,6267.000058315839,10691.281437635422,7.513025423556761e-05
1567,2.4170022010803223,6271.000058315839,10698.649295091629,7.50969029900237e-05
1568,2.4352986812591553,6275.000058315839,10706.02861046791,7.506353681095881e-05
1569,2.5059847831726074,6279.000058315839,10712.411299228668,7.503015571822707e-05
1570,1.9795684814453125,6283.000058315839,10720.107046604156,7.499675973169156e-05
1571,2.1298415660858154,6287.000058315839,10725.512037992477,7.496334887122422e-05
1572,2.2544193267822266,6291.000058315839,10732.196594238281,7.492992315670578e-05
1573,2.422414779663086,6295.000058315839,10738.617573261261,7.48964826080259e-05
1574,2.2049055099487305,6299.000058315839,10745.471868276596,7.486302724508296e-05
1575,2.307910919189453,6303.000058315839,10752.393958091736,7.482955708778424e-05
1576,2.366269826889038,6307.000058315839,10757.806034564972,7.479607215604581e-05
1577,2.451681137084961,6311.000058315839,10764.824434995651,7.476257246979248e-05
1578,2.243934392929077,6315.000058315839,10772.972084760666,7.472905804895792e-05
1579,2.069037437438965,6319.000058315839,10780.968582391739,7.469552891348446e-05
1580,2.301351547241211,6323.000058315839,10788.04818868637,7.466198508332331e-05
1581,2.025207281112671,6327.000058315839,10794.287843942642,7.462842657843432e-05
1582,2.292200803756714,6331.000058315839,10801.337374687195,7.459485341878613e-05
1583,2.241848945617676,6335.000058315839,10808.775756835938,7.456126562435611e-05
1584,2.2693700790405273,6339.000058315839,10816.82916522026,7.452766321513028e-05
1585,2.480616807937622,6343.000058315839,10823.418539762497,7.449404621110338e-05
1586,2.363760471343994,6347.000058315839,10830.19741487503,7.446041463227887e-05
1587,1.7869486808776855,6351.000058315839,10836.939465761185,7.442676849866886e-05
1588,2.2960944175720215,6355.000058315839,10845.073573350906,7.439310783029408e-05
1589,1.8640475273132324,6359.000058315839,10850.457888364792,7.435943264718399e-05
1590,2.200444459915161,6363.000058315839,10857.125767230988,7.432574296937663e-05
1591,2.07094669342041,6367.000058315839,10864.24912905693,7.429203881691866e-05
1592,2.1101059913635254,6371.000058315839,10870.711175441742,7.42583202098654e-05
1593,2.275885581970215,6375.000058315839,10878.812369823456,7.422458716828068e-05
1594,1.8659015893936157,6379.000058315839,10884.711347103119,7.419083971223706e-05
1595,2.090317964553833,6383.000058315839,10891.572890996933,7.415707786181555e-05
1596,1.9688334465026855,6387.000058315839,10897.56986618042,7.412330163710579e-05
1597,2.18367862701416,6391.000058315839,10903.636884689331,7.408951105820594e-05
1598,2.2261576652526855,6395.000058315839,10911.6743683815,7.405570614522273e-05
1599,2.1695384979248047,6399.000058315839,10919.222365379333,7.402188691827141e-05
1600,1.9431614875793457,6403.000058315839,10925.606823682785,7.398805339747574e-05
1601,2.055601119995117,6407.000058315839,10932.262550592422,7.395420560296799e-05
1602,2.151150703430176,6411.000058315839,10938.260116577148,7.392034355488892e-05
1603,2.2825422286987305,6415.000058315839,10944.70060968399,7.388646727338778e-05
1604,2.0723092555999756,6419.000058315839,10952.433507680893,7.385257677862228e-05
1605,2.20660400390625,6423.000058315839,10959.919343709946,7.381867209075859e-05
1606,2.3810243606567383,6427.000058315839,10967.3204703331,7.378475322997134e-05
1607,2.0595741271972656,6431.000058315839,10975.372789859772,7.375082021644356e-05
1608,2.2997939586639404,6435.000058315839,10983.035402297974,7.371687307036673e-05
1609,1.920854091644287,6439.000058315839,10990.271470785141,7.368291181194073e-05
1610,1.9739112854003906,6443.000058315839,10996.622250795364,7.364893646137386e-05
1611,2.23930025100708,6447.000058315839,11003.184551239014,7.361494703888274e-05
1612,2.0880725383758545,6451.000058315839,11009.76058101654,7.358094356469245e-05
1613,2.1490678787231445,6455.000058315839,11014.68956375122,7.354692605903637e-05
1614,1.9921950101852417,6459.000058315839,11021.097210168839,7.351289454215625e-05
1615,2.2298367023468018,6463.000058315839,11027.565410852432,7.347884903430218e-05
1616,1.9834904670715332,6467.000058315839,11032.641652107239,7.344478955573256e-05
1617,2.330864429473877,6471.000058315839,11038.645924568176,7.34107161267141e-05
1618,2.2012925148010254,6475.000058315839,11045.63439321518,7.337662876752184e-05
1619,2.1703155040740967,6479.000058315839,11051.779815912247,7.334252749843911e-05
1620,2.216104745864868,6483.000058315839,11057.430839776993,7.33084123397575e-05
1621,2.2191810607910156,6487.000058315839,11063.495964050293,7.327428331177685e-05
1622,2.133349895477295,6491.000058315839,11069.891983509064,7.324014043480526e-05
1623,1.818953275680542,6495.000058315839,11075.656180143356,7.320598372915909e-05
1624,2.0378472805023193,6499.000058315839,11082.51267194748,7.317181321516291e-05
1625,2.3023972511291504,6503.000058315839,11089.727492570877,7.313762891314953e-05
1626,1.897146224975586,6507.000058315839,11096.705060958862,7.310343084345994e-05
1627,2.142385482788086,6511.000058315839,11103.842682600021,7.306921902644332e-05
1628,2.1013593673706055,6515.000058315839,11111.201694965363,7.303499348245705e-05
1629,2.372751474380493,6519.000058315839,11116.8115067482,7.300075423186666e-05
1630,2.179286003112793,6523.000058315839,11124.643536806107,7.296650129504587e-05
1631,2.4867680072784424,6527.000058315839,11131.66562128067,7.29322346923765e-05
1632,2.1087372303009033,6531.000058315839,11138.520592927933,7.28979544442485e-05
1633,2.101259708404541,6535.000058315839,11145.388948917389,7.286366057106e-05
1634,2.058436632156372,6539.000058315839,11153.423251152039,7.282935309321718e-05
1635,2.1491432189941406,6543.000058315839,11158.53932261467,7.279503203113435e-05
1636,2.0264577865600586,6547.000058315839,11165.545708417892,7.276069740523385e-05
1637,2.2202765941619873,6551.000058315839,11173.550316810608,7.272634923594615e-05
1638,2.136305809020996,6555.000058315839,11179.811736106873,7.269198754370974e-05
1639,2.1258387565612793,6559.000058315839,11187.46721315384,7.265761234897119e-05
1640,2.028569221496582,6563.000058315839,11193.837897777557,7.262322367218507e-05
1641,2.078932046890259,6567.000058315839,11198.836462259293,7.258882153381402e-05
1642,2.236560344696045,6571.000058315839,11205.728813171387,7.255440595432863e-05
1643,2.2576828002929688,6575.000058315839,11212.159445524216,7.251997695420753e-05
1644,2.016620397567749,6579.000058315839,11218.579609155655,7.248553455393731e-05
1645,2.291318416595459,6583.000058315839,11226.541181564331,7.245107877401257e-05
1646,2.176891326904297,6587.000058315839,11234.746135950089,7.241660963493581e-05
1647,2.2632126808166504,6591.000058315839,11241.72000670433,7.238212715721758e-05
1648,2.4043827056884766,6595.000058315839,11249.207861423492,7.234763136137623e-05
1649,2.145104169845581,6599.000058315839,11256.150223016739,7.231312226793816e-05
1650,2.126110076904297,6603.000058315839,11262.751866579056,7.227859989743762e-05
1651,2.036512613296509,6607.000058315839,11269.092779397964,7.224406427041676e-05
1652,2.0264158248901367,6611.000058315839,11274.08858203888,7.220951540742565e-05
1653,2.408108949661255,6615.000058315839,11281.765076637268,7.217495332902221e-05
1654,1.9080543518066406,6619.000058315839,11288.095118284225,7.214037805577223e-05
1655,2.0014383792877197,6623.000058315839,11294.512848377228,7.210578960824934e-05
1656,2.2629647254943848,6627.000058315839,11302.228358983994,7.207118800703504e-05
1657,2.2229926586151123,6631.000058315839,11307.609895944595,7.203657327271862e-05
1658,2.1829421520233154,6635.000058315839,11314.199639320374,7.20019454258972e-05
1659,2.1168785095214844,6639.000058315839,11321.415045261383,7.196730448717572e-05
1660,2.0820891857147217,6643.000058315839,11327.723057985306,7.19326504771669e-05
1661,2.1937482357025146,6647.000058315839,11335.2910861969,7.18979834164912e-05
1662,2.394608497619629,6651.000058315839,11341.84950041771,7.18633033257769e-05
1663,2.172835350036621,6655.000058315839,11348.322798967361,7.182861022566003e-05
1664,2.084651470184326,6659.000058315839,11354.36824464798,7.179390413678432e-05
1665,2.1863322257995605,6663.000058315839,11360.64876294136,7.175918507980127e-05
1666,2.397995710372925,6667.000058315839,11366.104557037354,7.172445307537005e-05
1667,2.209005832672119,6671.000058315839,11373.2267973423,7.168970814415758e-05
1668,2.3049330711364746,6675.000058315839,11380.115839242935,7.165495030683846e-05
1669,2.3190479278564453,6679.000058315839,11386.701869487762,7.162017958409495e-05
1670,2.0886805057525635,6683.000058315839,11392.960410356522,7.1585395996617e-05
1671,2.0179812908172607,6687.000058315839,11397.757851839066,7.155059956510221e-05
1672,2.1333041191101074,6691.000058315839,11404.877906560898,7.15157903102558e-05
1673,1.9688738584518433,6695.000058315839,11413.221911907196,7.148096825279066e-05
1674,2.2126448154449463,6699.000058315839,11421.368878602982,7.144613341342729e-05
1675,2.1091113090515137,6703.000058315839,11427.532384872437,7.141128581289375e-05
1676,2.070842742919922,6707.000058315839,11434.491919755936,7.137642547192573e-05
1677,2.3586435317993164,6711.000058315839,11441.618787050247,7.134155241126653e-05
1678,2.0780866146087646,6715.000058315839,11447.58556175232,7.130666665166697e-05
1679,2.0912184715270996,6719.000058315839,11454.644293308258,7.127176821388544e-05
1680,2.153670072555542,6723.000058315839,11461.693651676178,7.123685711868787e-05
1681,1.9199918508529663,6727.000058315839,11465.344394683838,7.120193338684774e-05
1682,2.0545127391815186,6731.000058315839,11472.249780416489,7.116699703914602e-05
1683,2.0189666748046875,6735.000058315839,11477.83036828041,7.113204809637123e-05
1684,1.7902956008911133,6739.000058315839,11483.687685012817,7.109708657931933e-05
1685,2.2162671089172363,6743.000058315839,11491.14464211464,7.106211250879383e-05
1686,2.1888468265533447,6747.000058315839,11497.47894525528,7.102712590560565e-05
1687,2.1575796604156494,6751.000058315839,11503.657169818878,7.09921267905732e-05
1688,2.209117889404297,6755.000058315839,11510.485698461533,7.095711518452229e-05
1689,2.1836295127868652,6759.000058315839,11516.290870904922,7.092209110828624e-05
1690,2.0399816036224365,6763.000058315839,11523.594163894653,7.088705458270572e-05
1691,2.1029958724975586,6767.000058315839,11529.938266277313,7.085200562862883e-05
1692,1.9808579683303833,6771.000058315839,11536.696858644485,7.08169442669111e-05
1693,2.183379650115967,6775.000058315839,11543.592102050781,7.07818705184154e-05
1694,2.058727502822876,6779.000058315839,11549.606355667114,7.074678440401196e-05
1695,2.1828904151916504,6783.000058315839,11557.17991900444,7.071168594457841e-05
1696,2.110515832901001,6787.000058315839,11563.989998579025,7.067657516099972e-05
1697,2.286344051361084,6791.000058315839,11571.067658662796,7.064145207416817e-05
1698,2.512907028198242,6795.000058315839,11579.575662612915,7.060631670498336e-05
1699,2.0551819801330566,6799.000058315839,11587.85863685608,7.057116907435226e-05
1700,2.260462760925293,6803.000058315839,11596.121998786926,7.053600920318901e-05
1701,2.136451482772827,6807.000058315839,11603.120282411575,7.050083711241516e-05
1702,2.021794319152832,6811.000058315839,11610.62161064148,7.046565282295947e-05
1703,2.289316177368164,6815.000058315839,11617.55346775055,7.043045635575797e-05
1704,1.9226555824279785,6819.000058315839,11625.79709649086,7.039524773175394e-05
1705,2.027806282043457,6823.000058315839,11633.183199882507,7.036002697189788e-05
1706,2.309540271759033,6827.000058315839,11639.188145160675,7.032479409714752e-05
1707,2.108461618423462,6831.000058315839,11644.925545692444,7.028954912846783e-05
1708,2.1965646743774414,6835.000058315839,11652.777707576752,7.025429208683093e-05
1709,2.1908328533172607,6839.000058315839,11660.687995433807,7.02190229932161e-05
1710,1.796330213546753,6843.000058315839,11667.606115341187,7.01837418686099e-05
1711,2.0838959217071533,6847.000058315839,11675.37219119072,7.014844873400592e-05
1712,2.3909387588500977,6851.000058315839,11683.571788311005,7.0113143610405e-05
1713,2.213648557662964,6855.000058315839,11689.599658966064,7.007782651881506e-05
1714,2.2246692180633545,6859.000058315839,11695.341578245163,7.004249748025114e-05
1716,2.0052146911621094,6867.000058315839,11708.323531627655,6.997180364629712e-05
1717,2.281099796295166,6871.000058315839,11716.785103321075,6.993643889297261e-05
1718,1.9505293369293213,6875.000058315839,11722.672342777252,6.990106227680533e-05
1719,2.320315361022949,6879.000058315839,11730.940432310104,6.98656738188457e-05
1720,1.9581722021102905,6883.000058315839,11737.24948978424,6.983027354015128e-05
1721,2.0429916381835938,6887.000058315839,11744.260327100754,6.979486146178659e-05
1722,2.031841278076172,6891.000058315839,11750.90344953537,6.975943760482322e-05
1723,1.8795011043548584,6895.000058315839,11757.974944353104,6.972400199033976e-05
1724,2.1443262100219727,6899.000058315839,11765.025536298752,6.968855463942177e-05
1725,2.2316694259643555,6903.000058315839,11771.055157899857,6.96530955731618e-05
1726,2.339395046234131,6907.000058315839,11779.276978492737,6.961762481265942e-05
1727,2.094614028930664,6911.000058315839,11786.537386655807,6.95821423790211e-05
1728,2.187650680541992,6915.000058315839,11794.669435024261,6.954664829336028e-05
1729,2.337959051132202,6919.000058315839,11802.161939620972,6.951114257679734e-05
1730,2.254863739013672,6923.000058315839,11809.46305680275,6.947562525045954e-05
1731,2.241804838180542,6927.000058315839,11815.93321800232,6.944009633548114e-05
1732,1.952979326248169,6931.000058315839,11823.472961902618,6.940455585300315e-05
1733,2.1699399948120117,6935.000058315839,11831.252104997635,6.936900382417364e-05
1734,2.2403013706207275,6939.000058315839,11837.62945318222,6.933344027014741e-05
1735,2.22367525100708,6943.000058315839,11843.748117685318,6.929786521208616e-05
1736,2.108198642730713,6947.000058315839,11850.631236314774,6.926227867115847e-05
1737,2.4113314151763916,6951.000058315839,11857.73750948906,6.92266806685397e-05
1738,2.0224013328552246,6955.000058315839,11864.28921532631,6.919107122541207e-05
1739,1.9970322847366333,6959.000058315839,11872.550019979477,6.91554503629646e-05
1740,2.435246467590332,6963.000058315839,11878.529654026031,6.911981810239308e-05
1741,2.140470504760742,6967.000058315839,11884.366435527802,6.908417446490012e-05
1742,2.070528984069824,6971.000058315839,11892.726522922516,6.904851947169505e-05
1743,1.9544628858566284,6975.000058315839,11900.581621646881,6.901285314399402e-05
1744,2.073032855987549,6979.000058315839,11905.858657836914,6.897717550301987e-05
1745,2.1361849308013916,6983.000058315839,11911.780244350433,6.894148657000221e-05
1746,2.067204713821411,6987.000058315839,11918.67034816742,6.890578636617734e-05
1747,1.9861729145050049,6991.000058315839,11925.361553907394,6.887007491278828e-05
1748,1.8185492753982544,6995.000058315839,11931.824081659317,6.883435223108472e-05
1749,1.9001200199127197,6999.000058315839,11938.308294534683,6.879861834232312e-05
1750,1.9387140274047852,7003.000058315839,11944.459862709045,6.876287326776649e-05
1751,2.0273966789245605,7007.000058315839,11950.116637706757,6.872711702868456e-05
1752,2.2063004970550537,7011.000058315839,11957.584263324738,6.869134964635371e-05
1753,1.9874298572540283,7015.000058315839,11964.120229959488,6.865557114205689e-05
1754,2.146510124206543,7019.000058315839,11971.1339802742,6.861978153708378e-05
1755,2.092668056488037,7023.000058315839,11977.225674390793,6.858398085273052e-05
1756,1.9091211557388306,7027.000058315839,11984.034413337708,6.854816911029996e-05
1757,2.046095848083496,7031.000058315839,11989.877386331558,6.85123463311015e-05
1758,2.064523458480835,7035.000058315839,11995.221594333649,6.847651253645107e-05
1759,2.3166332244873047,7039.000058315839,12001.374511241913,6.844066774767118e-05
1760,1.905879259109497,7043.000058315839,12008.828825473785,6.84048119860909e-05
1761,1.943228840827942,7047.000058315839,12014.364547252655,6.83689452730458e-05
1762,1.9388710260391235,7051.000058315839,12020.855492591858,6.8333067629878e-05
1763,2.3143930435180664,7055.000058315839,12026.582380533218,6.829717907793609e-05
1764,2.015186309814453,7059.000058315839,12034.138293266296,6.826127963857514e-05
1765,1.9873119592666626,7063.000058315839,12040.821706295013,6.822536933315677e-05
1766,2.055867910385132,7067.000058315839,12048.103716611862,6.818944818304899e-05
1767,2.2234692573547363,7071.000058315839,12055.976580381393,6.815351620962627e-05
1768,2.0868234634399414,7075.000058315839,12062.440407276154,6.811757343426958e-05
1769,2.342482566833496,7079.000058315839,12069.422592639923,6.808161987836625e-05
1770,1.8944157361984253,7083.000058315839,12075.210757017136,6.804565556331006e-05
1771,1.9656059741973877,7087.000058315839,12082.056468486786,6.80096805105012e-05
1772,2.2101378440856934,7091.000058315839,12089.308865785599,6.797369474134622e-05
1773,1.934625267982483,7095.000058315839,12097.163747549057,6.793769827725807e-05
1774,2.341822624206543,7099.000058315839,12103.383659124374,6.790169113965608e-05
1775,1.9985878467559814,7103.000058315839,12109.45506811142,6.786567334996585e-05
1776,2.2532873153686523,7107.000058315839,12116.070883750916,6.782964492961942e-05
1777,1.8666305541992188,7111.000058315839,12122.366063833237,6.779360590005508e-05
1778,2.1480135917663574,7115.000058315839,12128.613892793655,6.77575562827175e-05
1779,1.9938122034072876,7119.000058315839,12135.528323173523,6.77214960990576e-05
1780,2.2012414932250977,7123.000058315839,12142.288459062576,6.76854253705326e-05
1781,1.9960440397262573,7127.000058315839,12149.356367349625,6.764934411860595e-05
1782,2.0242021083831787,7131.000058315839,12155.913109779358,6.761325236474749e-05
1783,1.965896487236023,7135.000058315839,12164.166531801224,6.757715013043316e-05
1784,2.154566764831543,7139.000058315839,12170.505840063095,6.754103743714524e-05
1785,1.966043472290039,7143.000058315839,12176.665823936462,6.750491430637219e-05
1786,2.0108747482299805,7147.000058315839,12182.689735889435,6.746878075960868e-05
1787,1.9997612237930298,7151.000058315839,12189.908662557602,6.74326368183556e-05
1788,2.073394298553467,7155.000058315839,12195.880601406097,6.739648250411998e-05
1789,2.214191436767578,7159.000058315839,12204.057236909866,6.736031783841508e-05
1790,2.2302305698394775,7163.000058315839,12210.583488941193,6.732414284276028e-05
1791,2.0750718116760254,7167.000058315839,12217.267535924911,6.728795753868114e-05
1792,2.140030860900879,7171.000058315839,12225.86290359497,6.72517619477093e-05
1793,1.792750358581543,7175.000058315839,12231.534353971481,6.721555609138256e-05
1794,2.103100299835205,7179.000058315839,12238.249649763107,6.717933999124485e-05
1795,2.1925442218780518,7183.000058315839,12244.911648750305,6.714311366884615e-05
1796,2.2953875064849854,7187.000058315839,12251.298377752304,6.710687714574253e-05
1797,2.295706272125244,7191.000058315839,12258.650547742844,6.707063044349616e-05
1798,2.090020179748535,7195.000058315839,12264.30022239685,6.703437358367522e-05
1799,1.935586929321289,7199.000058315839,12271.033879756927,6.6998106587854e-05
1800,2.1607272624969482,7203.000058315839,12277.009465456009,6.696182947761275e-05
1801,1.8850364685058594,7207.000058315839,12283.500890016556,6.692554227453779e-05
1802,2.1010091304779053,7211.000058315839,12289.065131664276,6.688924500022141e-05
1803,2.351653814315796,7215.000058315839,12297.163288116455,6.685293767626192e-05
1804,1.9753706455230713,7219.000058315839,12303.743203878403,6.681662032426359e-05
1805,2.0344557762145996,7223.000058315839,12311.883028745651,6.67802929658367e-05
1806,1.947378158569336,7227.000058315839,12318.22649216652,6.674395562259739e-05
1807,2.170278549194336,7231.000058315839,12326.004658460617,6.670760831616788e-05
1808,1.8355424404144287,7235.000058315839,12332.341608762741,6.667125106817618e-05
1809,2.2036166191101074,7239.000058315839,12339.65674829483,6.663488390025628e-05
1810,2.063624382019043,7243.000058315839,12346.76502609253,6.65985068340481e-05
1811,2.0359833240509033,7247.000058315839,12354.23499417305,6.656211989119738e-05
1812,2.123657464981079,7251.000058315839,12360.219341039658,6.652572309335583e-05
1813,2.0026204586029053,7255.000058315839,12365.757575035095,6.648931646218093e-05
1814,2.1387505531311035,7259.000058315839,12373.29464173317,6.645290001933603e-05
1815,1.9977072477340698,7263.000058315839,12380.73639345169,6.64164737864904e-05
1816,2.189469814300537,7267.000058315839,12387.828972578049,6.638003778531902e-05
1817,1.960852861404419,7271.000058315839,12394.389953374863,6.634359203750277e-05
1818,1.8088711500167847,7275.000058315839,12401.421995162964,6.63071365647283e-05
1819,2.1631765365600586,7279.000058315839,12408.023244380951,6.627067138868803e-05
1820,2.206287384033203,7283.000058315839,12415.391776323318,6.623419653108016e-05
1821,2.1120550632476807,7287.000058315839,12422.499020338058,6.619771201360868e-05
1822,1.9748117923736572,7291.000058315839,12430.53292798996,6.616121785798329e-05
1823,1.861073613166809,7295.000058315839,12437.250313520432,6.612471408591944e-05
1824,2.012341022491455,7299.000058315839,12444.0165848732,6.608820071913831e-05
1825,2.1338930130004883,7303.000058315839,12450.569852113724,6.605167777936679e-05
1826,2.179612398147583,7307.000058315839,12455.923665523529,6.601514528833744e-05
1827,2.2317755222320557,7311.000058315839,12462.29242014885,6.597860326778855e-05
1828,2.020585775375366,7315.000058315839,12469.955264091492,6.594205173946402e-05
1829,1.708014965057373,7319.000058315839,12474.448019266129,6.590549072511349e-05
1830,2.1113643646240234,7323.000058315839,12481.346848249435,6.586892024649213e-05
1831,2.2307956218719482,7327.000058315839,12487.72789812088,6.583234032536087e-05
1832,1.9836121797561646,7331.000058315839,12494.908517599106,6.579575098348613e-05
1833,1.9853681325912476,7335.000058315839,12502.84541964531,6.575915224264008e-05
1834,2.0307278633117676,7339.000058315839,12510.908021450043,6.572254412460034e-05
1835,2.220339775085449,7343.000058315839,12519.752912282944,6.568592665115019e-05
1836,1.9929535388946533,7347.000058315839,12525.057207107544,6.564929984407846e-05
1837,2.2754640579223633,7351.000058315839,12530.863694429398,6.561266372517956e-05
1838,2.2163796424865723,7355.000058315839,12538.142513036728,6.557601831625338e-05
1839,2.168203592300415,7359.000058315839,12545.946666002274,6.55393636391054e-05
1840,2.016129493713379,7363.000058315839,12553.468942642212,6.550269971554657e-05
1841,2.0393776893615723,7367.000058315839,12560.929495811462,6.546602656739337e-05
1842,2.098048686981201,7371.000058315839,12568.217790603638,6.542934421646776e-05
1843,2.2006900310516357,7375.000058315839,12575.136811733246,6.539265268459716e-05
1844,1.9981263875961304,7379.000058315839,12582.44085764885,6.535595199361449e-05
1845,2.0962159633636475,7383.000058315839,12590.166503667831,6.53192421653581e-05
1846,2.134432315826416,7387.000058315839,12598.008641958237,6.528252322167173e-05
1847,1.860183596611023,7391.000058315839,12604.871497631073,6.524579518440463e-05
1848,2.193842649459839,7395.000058315839,12610.880980014801,6.520905807541143e-05
1849,2.0230281352996826,7399.000058315839,12617.033062458038,6.517231191655212e-05
1850,2.1357481479644775,7403.000058315839,12624.559899806976,6.513555672969212e-05
1851,1.910526990890503,7407.000058315839,12630.852182149887,6.509879253670219e-05
1852,2.200809955596924,7411.000058315839,12637.008275270462,6.506201935945849e-05
1853,2.027789831161499,7415.000058315839,12643.686787605286,6.502523721984248e-05
1854,1.753088355064392,7419.000058315839,12650.56401515007,6.498844613974099e-05
1855,2.108363628387451,7423.000058315839,12656.297098398209,6.495164614104613e-05
1856,2.0317540168762207,7427.000058315839,12664.057753324509,6.491483724565533e-05
1857,1.7831370830535889,7431.000058315839,12669.488966464996,6.487801947547138e-05
1858,2.070723295211792,7435.000058315839,12676.647387742996,6.484119285240223e-05
1859,2.008734941482544,7439.000058315839,12682.5852997303,6.480435739836122e-05
1860,1.9414637088775635,7443.000058315839,12689.601485013962,6.476751313526685e-05
1861,1.9981807470321655,7447.000058315839,12696.78261756897,6.47306600850429e-05
1862,1.9076718091964722,7451.000058315839,12704.576372146606,6.469379826961842e-05
1863,2.1389291286468506,7455.000058315839,12711.762016057968,6.465692771092758e-05
1864,2.0122365951538086,7459.000058315839,12718.877591848373,6.462004843090982e-05
1865,2.134979486465454,7463.000058315839,12725.979821443558,6.458316045150979e-05
1866,1.9871667623519897,7467.000058315839,12730.580247163773,6.454626379467725e-05
1867,2.357741117477417,7471.000058315839,12737.071627140045,6.450935848236714e-05
1868,2.1367154121398926,7475.000058315839,12743.370655298233,6.447244453653959e-05
1869,2.1697964668273926,7479.000058315839,12749.22388458252,6.443552197915986e-05
1870,1.9022433757781982,7483.000058315839,12754.219424009323,6.439859083219829e-05
1871,2.1684083938598633,7487.000058315839,12761.527959823608,6.436165111763037e-05
1872,1.8480252027511597,7491.000058315839,12768.645231246948,6.432470285743666e-05
1873,1.9102041721343994,7495.000058315839,12774.506623029709,6.428774607360286e-05
1874,2.240304470062256,7499.000058315839,12782.452164888382,6.425078078811965e-05
1875,1.965381145477295,7503.000058315839,12788.664671897888,6.421380702298288e-05
1876,2.013632297515869,7507.000058315839,12796.927315473557,6.417682480019336e-05
1877,2.1177496910095215,7511.000058315839,12803.977167129517,6.413983414175693e-05
1878,2.1387555599212646,7515.000058315839,12811.249612808228,6.410283506968453e-05
1879,1.934452772140503,7519.000058315839,12817.454433202744,6.406582760599203e-05
1880,2.226813554763794,7523.000058315839,12824.389681577682,6.402881177270032e-05
1881,2.013640880584717,7527.000058315839,12831.130549669266,6.399178759183529e-05
1882,1.865433692932129,7531.000058315839,12837.453392028809,6.395475508542774e-05
1883,1.7717455625534058,7535.000058315839,12843.695509195328,6.391771427551351e-05
1884,1.9858472347259521,7539.000058315839,12850.185824632645,6.388066518413333e-05
1885,2.3122568130493164,7543.000058315839,12856.061604499817,6.38436078333328e-05
1886,2.227142333984375,7547.000058315839,12863.279990673065,6.380654224516255e-05
1887,2.168771266937256,7551.000058315839,12870.317098140717,6.376946844167803e-05
1888,1.8227899074554443,7555.000058315839,12876.181786298752,6.373238644493963e-05
1889,1.9328669309616089,7559.000058315839,12883.835341453552,6.369529627701257e-05
1890,2.265697479248047,7563.000058315839,12890.831050872803,6.365819795996693e-05
1891,2.028668165206909,7567.000058315839,12898.994723081589,6.362109151587771e-05
1892,2.19377064704895,7571.000058315839,12906.56099319458,6.358397696682468e-05
1893,2.0677664279937744,7575.000058315839,12913.633858919144,6.354685433489244e-05
1894,2.2673087120056152,7579.000058315839,12919.998028039932,6.350972364217041e-05
1895,2.1581668853759766,7583.000058315839,12927.490401029587,6.347258491075283e-05
1896,2.155526638031006,7587.000058315839,12933.428552389145,6.343543816273865e-05
1897,2.2478132247924805,7591.000058315839,12940.074571847916,6.339828342023169e-05
1898,2.175877094268799,7595.000058315839,12946.714897155762,6.336112070534045e-05
1899,2.1536498069763184,7599.000058315839,12953.56872677803,6.332395004017822e-05
1900,2.1798062324523926,7603.000058315839,12961.220715284348,6.328677144686299e-05
1901,1.942211627960205,7607.000058315839,12969.349587917328,6.324958494751746e-05
1902,2.0257861614227295,7611.000058315839,12975.31085062027,6.321239056426907e-05
1903,1.8734177350997925,7615.000058315839,12982.226467609406,6.317518831924994e-05
1904,1.8765978813171387,7619.000058315839,12989.33515381813,6.313797823459687e-05
1905,2.103139877319336,7623.000058315839,12995.619898319244,6.31007603324513e-05
1906,1.9906864166259766,7627.000058315839,13002.208387851715,6.306353463495933e-05
1907,2.1284267902374268,7631.000058315839,13008.59550666809,6.302630116427173e-05
1908,2.221911907196045,7635.000058315839,13016.918665885925,6.298905994254388e-05
1909,1.952789068222046,7639.000058315839,13023.233424425125,6.295181099193573e-05
1910,1.9813086986541748,7643.000058315839,13029.299515008926,6.29145543346119e-05
1911,1.885249376296997,7647.000058315839,13035.995279073715,6.287728999274155e-05
1912,2.2024433612823486,7651.000058315839,13042.72363114357,6.28400179884984e-05
1913,1.9551548957824707,7655.000058315839,13050.015492916107,6.280273834406076e-05
1914,2.1781857013702393,7659.000058315839,13057.827641487122,6.27654510816115e-05
1915,1.831953763961792,7663.000058315839,13064.431896209717,6.272815622333799e-05
1916,2.10050368309021,7667.000058315839,13071.20911026001,6.269085379143214e-05
1917,1.9434514045715332,7671.000058315839,13077.702156543732,6.265354380809033e-05
1918,1.9963343143463135,7675.000058315839,13083.900646209717,6.26162262955135e-05
1919,1.941597580909729,7679.000058315839,13089.9539539814,6.257890127590698e-05
1920,2.195435047149658,7683.000058315839,13097.44697022438,6.254156877148066e-05
1921,1.8971166610717773,7687.000058315839,13103.803263902664,6.250422880444884e-05
1922,1.9899249076843262,7691.000058315839,13109.880559682846,6.246688139703024e-05
1923,2.1673712730407715,7695.000058315839,13116.562771081924,6.242952657144805e-05
1924,1.9109375476837158,7699.000058315839,13123.756346940994,6.239216434992985e-05
1925,2.016462802886963,7703.000058315839,13129.749918460846,6.23547947547076e-05
1926,1.9720089435577393,7707.000058315839,13137.21003317833,6.231741780801771e-05
1927,1.7367169857025146,7711.000058315839,13143.829562664032,6.22800335321009e-05
1928,1.99043607711792,7715.000058315839,13151.519717693329,6.22426419492023e-05
1929,2.051708936691284,7719.000058315839,13159.871663570404,6.220524308157136e-05
1930,2.1211185455322266,7723.000058315839,13166.82715511322,6.216783695146185e-05
1931,2.0073792934417725,7727.000058315839,13173.476943731308,6.21304235811319e-05
1932,1.949049949645996,7731.000058315839,13179.915288448334,6.209300299284393e-05
1933,1.9377152919769287,7735.000058315839,13188.007884979248,6.205557520886466e-05
1934,1.9181679487228394,7739.000058315839,13195.259213924408,6.201814025146507e-05
1935,2.135270118713379,7743.000058315839,13201.987111330032,6.198069814292043e-05
1936,2.0432021617889404,7747.000058315839,13208.89450597763,6.194324890551028e-05
1937,2.226165771484375,7751.000058315839,13215.27854347229,6.190579256151837e-05
1938,1.8617959022521973,7755.000058315839,13223.418914794922,6.186832913323267e-05
1939,2.094194173812866,7759.000058315839,13231.017258405685,6.183085864294544e-05
1940,2.1872026920318604,7763.000058315839,13239.275206804276,6.179338111295303e-05
1941,2.1431338787078857,7767.000058315839,13246.324786901474,6.175589656555607e-05
1942,2.2546706199645996,7771.000058315839,13253.4533867836,6.171840502305933e-05
1943,2.1678848266601562,7775.000058315839,13259.337837457657,6.168090650777174e-05
1944,1.9401485919952393,7779.000058315839,13265.105879545212,6.16434010420064e-05
1945,2.108020067214966,7783.000058315839,13271.61074924469,6.16058886480805e-05
1946,1.917222023010254,7787.000058315839,13278.116444826126,6.15683693483154e-05
1947,1.820786476135254,7791.000058315839,13284.945875167847,6.153084316503659e-05
1948,1.8084092140197754,7795.000058315839,13291.41456770897,6.149331012057354e-05
1949,2.1192100048065186,7799.000058315839,13298.269744873047,6.145577023725995e-05
1950,1.7534747123718262,7803.000058315839,13303.4996175766,6.14182235374335e-05
1951,2.278317928314209,7807.000058315839,13310.724308729172,6.138067004343592e-05
1952,2.0197582244873047,7811.000058315839,13316.328632354736,6.134310977761305e-05
1953,2.0623209476470947,7815.000058315839,13322.760798692703,6.130554276231469e-05
1954,2.0446066856384277,7819.000058315839,13330.233818292618,6.12679690198947e-05
1955,2.029776096343994,7823.000058315839,13337.271958589554,6.123038857271091e-05
1956,1.9310941696166992,7827.000058315839,13344.35438489914,6.11928014431252e-05
1957,1.8945362567901611,7831.000058315839,13350.624752998352,6.115520765350331e-05
1958,2.13674259185791,7835.000058315839,13356.974714279175,6.11176072262151e-05
1959,1.9193310737609863,7839.000058315839,13363.68149113655,6.108000018363424e-05
1960,2.1840782165527344,7843.000058315839,13370.542996883392,6.104238654813843e-05
1961,1.8599876165390015,7847.000058315839,13377.049533843994,6.100476634210922e-05
1962,1.8489288091659546,7851.000058315839,13383.482476472855,6.0967139587932136e-05
1963,2.1210381984710693,7855.000058315839,13392.346274375916,6.0929506307996545e-05
1964,2.050529956817627,7859.000058315839,13398.222065448761,6.089186652469574e-05
1965,2.2136006355285645,7863.000058315839,13405.452460289001,6.0854220260426865e-05
1966,1.9937283992767334,7867.000058315839,13412.183684110641,6.08165675375909e-05
1967,2.043996810913086,7871.000058315839,13418.668647289276,6.077890837859271e-05
1968,1.9364537000656128,7875.000058315839,13425.299585580826,6.074124280584098e-05
1969,1.8562211990356445,7879.000058315839,13431.76400756836,6.070357084174818e-05
1970,2.0012917518615723,7883.000058315839,13437.963109016418,6.0665892508730607e-05
1971,2.0628857612609863,7887.000058315839,13445.426332712173,6.062820782920835e-05
1972,1.869649052619934,7891.000058315839,13452.195686101913,6.059051682560526e-05
1973,2.0992379188537598,7895.000058315839,13458.111770629883,6.0552819520348975e-05
1974,1.9909334182739258,7899.000058315839,13465.666966438293,6.0515115935870854e-05
1975,2.0473732948303223,7903.000058315839,13473.343518733978,6.0477406094606005e-05
1976,1.9764680862426758,7907.000058315839,13480.571705579758,6.043969001899329e-05
1977,2.117778778076172,7911.000058315839,13487.495802164078,6.04019677314752e-05
1978,1.711362600326538,7915.000058315839,13493.127707958221,6.0364239254498e-05
1979,2.0507664680480957,7919.000058315839,13500.093633413315,6.032650461051164e-05
1980,1.9751077890396118,7923.000058315839,13506.212134361267,6.028876382196966e-05
1981,2.1180965900421143,7927.000058315839,13514.2219684124,6.0251016911329335e-05
1982,2.1016194820404053,7931.000058315839,13520.888318777084,6.021326390105154e-05
1983,2.09291934967041,7935.000058315839,13528.84252333641,6.017550481360081e-05
1984,2.001357078552246,7939.000058315839,13535.112230300903,6.013773967144529e-05
1985,1.8134987354278564,7943.000058315839,13541.879569292068,6.009996849705669e-05
1986,2.1337485313415527,7947.000058315839,13549.247062921524,6.006219131291035e-05
1987,2.0123605728149414,7951.000058315839,13556.291074991226,6.002440814148518e-05
1988,2.1138620376586914,7955.000058315839,13562.707022190094,5.998661900526363e-05
1989,2.032928943634033,7959.000058315839,13569.404181718826,5.994882392673173e-05
1990,1.9585301876068115,7963.000058315839,13576.171286344528,5.991102292837902e-05
1991,2.221024990081787,7967.000058315839,13582.69260263443,5.987321603269861e-05
1992,2.1569406986236572,7971.000058315839,13589.672062635422,5.9835403262187036e-05
1993,1.9568862915039062,7975.000058315839,13596.180372714996,5.979758463934439e-05
1994,1.9289300441741943,7979.000058315839,13604.220368862152,5.975976018667426e-05
1995,2.008604049682617,7983.000058315839,13610.871813297272,5.972192992668365e-05
1996,2.1012449264526367,7987.000058315839,13618.219669103622,5.9684093881883055e-05
1997,1.9335412979125977,7991.000058315839,13623.659365177155,5.9646252074786396e-05
1998,1.8269462585449219,7995.000058315839,13629.068398714066,5.9608404527911036e-05
1999,1.9492833614349365,7999.000058315839,13635.585513591766,5.957055126377776e-05
2000,2.058241844177246,8003.000058315839,13643.319256067276,5.9532692304910704e-05
2001,2.1267285346984863,8007.000058315839,13649.866827011108,5.949482767383746e-05
2002,2.0834693908691406,8011.000058315839,13657.319509983063,5.9456957393088976e-05
2003,1.9080684185028076,8015.000058315839,13662.899804830551,5.941908148519953e-05
2004,2.1887221336364746,8019.000058315839,13671.128668785095,5.938119997270679e-05
2005,2.0412943363189697,8023.000058315839,13677.772047281265,5.9343312878151716e-05
2006,2.1077263355255127,8027.000058315839,13686.078788518906,5.930542022407863e-05
2007,2.176846504211426,8031.000058315839,13692.51666021347,5.926752203303515e-05
2008,2.082167148590088,8035.000058315839,13700.2597053051,5.922961832757216e-05
2009,2.003145694732666,8039.000058315839,13707.69516134262,5.919170913024385e-05
2010,1.8939976692199707,8043.000058315839,13714.482571840286,5.91537944636077e-05
2011,1.9022459983825684,8047.000058315839,13719.927250385284,5.911587435022442e-05
2012,1.7817343473434448,8051.000058315839,13725.101999998093,5.907794881265794e-05
2013,1.994504690170288,8055.000058315839,13730.952386140823,5.904001787347546e-05
2014,2.1687064170837402,8059.000058315839,13736.994152545929,5.9002081555247366e-05
2015,2.0335493087768555,8063.000058315839,13744.466160774231,5.896413988054726e-05
2016,1.9855138063430786,8067.000058315839,13752.405891180038,5.8926192871951914e-05
2017,2.0564589500427246,8071.000058315839,13760.653309106827,5.888824055204129e-05
2018,2.051530122756958,8075.000058315839,13767.81958413124,5.885028294339849e-05
2019,1.9989745616912842,8079.000058315839,13773.588581085205,5.88123200686098e-05
2020,1.8686448335647583,8083.000058315839,13780.877894639969,5.87743519502646e-05
2021,2.0239434242248535,8087.000058315839,13787.615973472595,5.8736378610955414e-05
2022,1.8781640529632568,8091.000058315839,13793.194206476212,5.8698400073277864e-05
2023,2.1442041397094727,8095.000058315839,13799.66409444809,5.8660416359830684e-05
2024,1.983978033065796,8099.000058315839,13806.921867132187,5.862242749321564e-05
2025,2.2883408069610596,8103.000058315839,13814.610652685165,5.858443349603762e-05
2026,1.825507640838623,8107.000058315839,13822.670512914658,5.854643439090453e-05
2027,2.034233570098877,8111.000058315839,13830.76447057724,5.850843020042732e-05
2028,2.0577938556671143,8115.000058315839,13837.173368930817,5.847042094721999e-05
2029,2.0455069541931152,8119.000058315839,13845.15148115158,5.8432406653899525e-05
2030,1.9939180612564087,8123.000058315839,13851.02038860321,5.83943873430859e-05
2031,2.032649278640747,8127.000058315839,13858.401055335999,5.835636303740212e-05
2032,2.2574450969696045,8131.000058315839,13865.124233484268,5.8318333759474105e-05
2033,2.0627732276916504,8135.000058315839,13870.92618227005,5.82802995319308e-05
2034,1.9296822547912598,8139.000058315839,13876.851558446884,5.824226037740404e-05
2035,2.1558520793914795,8143.000058315839,13883.714311122894,5.820421631852861e-05
2036,1.8680565357208252,8147.000058315839,13889.603866577148,5.8166167377942234e-05
2037,1.904974102973938,8151.000058315839,13897.09657239914,5.8128113578285506e-05
2038,1.789787769317627,8155.000058315839,13904.455342769623,5.809005494220192e-05
2039,1.9739339351654053,8159.000058315839,13911.215022802353,5.805199149233787e-05
2040,1.8471379280090332,8163.000058315839,13918.178656101227,5.801392325134259e-05
2041,1.9086754322052002,8167.000058315839,13924.463347196579,5.7975850241868176e-05
2042,2.2584431171417236,8171.000058315839,13932.209341287613,5.793777248656956e-05
2043,2.1425788402557373,8175.000058315839,13939.175490617752,5.7899690008104496e-05
2044,1.991767406463623,8179.000058315839,13946.39229106903,5.786160282913354e-05
2045,1.8136842250823975,8183.000058315839,13953.04536318779,5.782351097232008e-05
2046,2.486884593963623,8187.000058315839,13959.551201820374,5.778541446033025e-05
2047,2.2049312591552734,8191.000058315839,13966.607632160187,5.774731331583297e-05
2048,2.016242504119873,8195.000058315838,13973.179703235626,5.770920756149989e-05
2049,2.0204458236694336,8199.000058315838,13978.889690160751,5.767109722000546e-05
2050,2.0369439125061035,8203.000058315838,13986.868539333344,5.763298231402681e-05
2051,2.067763090133667,8207.000058315838,13993.208034038544,5.759486286624379e-05
2052,1.9594314098358154,8211.000058315838,13999.749537944794,5.755673889933899e-05
2053,1.8230477571487427,8215.000058315838,14005.751561641693,5.751861043599762e-05
2054,2.007786273956299,8219.000058315838,14013.246245622635,5.748047749890767e-05
2055,2.142210006713867,8223.000058315838,14020.881274223328,5.7442340110759675e-05
2056,1.7966667413711548,8227.000058315838,14027.330580711365,5.7404198294246896e-05
2057,1.9710760116577148,8231.000058315838,14035.049773216248,5.736605207206522e-05
2058,1.774172067642212,8235.000058315838,14042.830951452255,5.732790146691313e-05
2059,1.908684492111206,8239.000058315838,14050.702788114548,5.728974650149173e-05
2060,1.6897941827774048,8243.000058315838,14056.47694325447,5.725158719850472e-05
2061,2.070758819580078,8247.000058315838,14062.447891712189,5.721342358065837e-05
2062,1.821420669555664,8251.000058315838,14069.187665700912,5.717525567066155e-05
2063,1.9450384378433228,8255.000058315838,14075.067014455795,5.713708349122566e-05
2064,2.0261521339416504,8259.000058315838,14082.477134227753,5.7098907065064594e-05
2065,2.048656702041626,8263.000058315838,14089.201184988022,5.706072641489487e-05
2066,2.1498422622680664,8267.000058315838,14095.287752628326,5.7022541563435465e-05
2067,2.069216251373291,8271.000058315838,14102.475635528564,5.698435253340783e-05
2068,1.8113161325454712,8275.000058315838,14109.348503351212,5.694615934753597e-05
2069,2.1795814037323,8279.000058315838,14116.886205911636,5.6907962028546305e-05
2070,1.8829294443130493,8283.000058315838,14125.321150302887,5.6869760599167755e-05
2071,1.9349730014801025,8287.000058315838,14132.042349815369,5.683155508213164e-05
2072,1.959256887435913,8291.000058315838,14137.87341427803,5.679334550017175e-05
2073,2.1519081592559814,8295.000058315838,14142.916175842285,5.6755131876024296e-05
2074,2.0749833583831787,8299.000058315838,14149.244572401047,5.671691423242785e-05
2075,2.2335774898529053,8303.000058315838,14156.33779335022,5.667869259212344e-05
2076,2.0504610538482666,8307.000058315838,14164.522672176361,5.66404669778544e-05
2077,1.7761558294296265,8311.000058315838,14170.469189882278,5.6602237412366504e-05
2078,1.9554049968719482,8315.000058315838,14178.349427700043,5.656400391840783e-05
2079,1.963681936264038,8319.000058315838,14186.11103463173,5.652576651872882e-05
2080,1.9299077987670898,8323.000058315838,14194.405968666077,5.648752523608217e-05
2081,2.043461799621582,8327.000058315838,14200.685916900635,5.6449280093223e-05
2082,2.1183629035949707,8331.000058315838,14206.595627307892,5.641103111290863e-05
2083,1.8293207883834839,8335.000058315838,14214.143938302994,5.637277831789872e-05
2084,2.0741965770721436,8339.000058315838,14220.553054571152,5.633452173095518e-05
2085,2.040062427520752,8343.000058315838,14228.478840112686,5.6296261374842164e-05
2086,2.0835506916046143,8347.000058315838,14235.398678541183,5.62579972723261e-05
2087,1.9803123474121094,8351.000058315838,14242.527069807053,5.62197294461756e-05
2088,1.988955020904541,8355.000058315838,14249.16199541092,5.618145791916154e-05
2089,1.7680737972259521,8359.000058315838,14255.745835542679,5.614318271405699e-05
2090,2.0339972972869873,8363.000058315838,14261.936571359634,5.6104903853637175e-05
2091,1.9456151723861694,8367.000058315838,14269.470631599426,5.6066621360679524e-05
2092,1.98081636428833,8371.000058315838,14275.300028085709,5.6028335257963616e-05
2093,2.0178568363189697,8375.000058315838,14281.949070453644,5.599004556827117e-05
2094,1.706068754196167,8379.000058315838,14288.585020542145,5.595175231438607e-05
2095,2.162536144256592,8383.000058315838,14294.294194698334,5.59134555190943e-05
2096,2.0832767486572266,8387.000058315838,14301.993057012558,5.587515520518394e-05
2097,2.0336008071899414,8391.000058315838,14308.66115951538,5.583685139544518e-05
2098,1.8364168405532837,8395.000058315838,14315.081361532211,5.5798544112670295e-05
2099,2.1597442626953125,8399.000058315838,14321.702648162842,5.57602333796536e-05
2100,1.9245253801345825,8403.000058315838,14328.339852571487,5.572191921919151e-05
2101,1.9469174146652222,8407.000058315838,14334.899054050446,5.568360165408243e-05
2102,2.013166904449463,8411.000058315838,14342.132714033127,5.564528070712682e-05
2103,1.9756040573120117,8415.000058315838,14348.899162769318,5.5606956401127134e-05
2104,1.962608814239502,8419.000058315838,14356.153210163116,5.556862875888785e-05
2105,1.9922294616699219,8423.000058315838,14363.362243652344,5.5530297803215416e-05
2106,1.8954447507858276,8427.000058315838,14368.487702846527,5.5491963556918215e-05
2107,1.7271982431411743,8431.000058315838,14373.963265180588,5.545362604280668e-05
2108,2.125046968460083,8435.000058315838,14381.649424552917,5.541528528369309e-05
2109,1.9396064281463623,8439.000058315838,14388.506627082825,5.537694130239171e-05
2110,2.0349841117858887,8443.000058315838,14395.620368480682,5.533859412171873e-05
2111,2.0264055728912354,8447.000058315838,14403.907038450241,5.5300243764492196e-05
2112,2.115406036376953,8451.000058315838,14411.710326194763,5.526189025353209e-05
2113,1.864807367324829,8455.000058315838,14418.545756816864,5.5223533611660266e-05
2114,2.187614917755127,8459.000058315838,14426.264991760254,5.518517386170038e-05
2115,1.7875721454620361,8463.000058315838,14431.591733932495,5.5146811026478035e-05
2116,2.073235511779785,8467.000058315838,14439.706721067429,5.5108445128820585e-05
2117,2.0218350887298584,8471.000058315838,14447.33695602417,5.507007619155726e-05
2118,1.9051182270050049,8475.000058315838,14453.68005156517,5.5031704237519085e-05
2119,1.9459311962127686,8479.000058315838,14459.781993150711,5.499332928953885e-05
2120,1.8741846084594727,8483.000058315838,14465.523699760437,5.495495137045118e-05
2121,2.0652482509613037,8487.000058315838,14471.093210935593,5.491657050309242e-05
2122,1.8227707147598267,8491.000058315838,14479.72924542427,5.487818671030071e-05
2123,1.7733144760131836,8495.000058315838,14487.15245103836,5.483980001491589e-05
2124,1.948072075843811,8499.000058315838,14493.616945266724,5.480141043977955e-05
2125,1.9575731754302979,8503.000058315838,14500.435435295105,5.476301800773499e-05
2126,1.8707066774368286,8507.000058315838,14507.67462348938,5.472462274162723e-05
2127,1.961883783340454,8511.000058315838,14513.211863040924,5.4686224664302927e-05
2128,1.8815488815307617,8515.000058315838,14519.183910131454,5.4647823798610464e-05
2129,1.8694806098937988,8519.000058315838,14527.680650949478,5.4609420167399854e-05
2130,1.973510503768921,8523.000058315838,14535.202804803848,5.4571013793522744e-05
2131,1.9246118068695068,8527.000058315838,14542.202611207962,5.453260469983245e-05
2132,1.906937837600708,8531.000058315838,14548.425266504288,5.449419290918387e-05
2133,2.019648313522339,8535.000058315838,14556.21017241478,5.4455778444433554e-05
2134,1.8617223501205444,8539.000058315838,14562.807405233383,5.441736132843959e-05
2135,1.8058979511260986,8543.000058315838,14569.593616008759,5.4378941584061656e-05
2136,1.989466667175293,8547.000058315838,14575.940299272537,5.434051923416104e-05
2137,1.8478991985321045,8551.000058315838,14582.365793466568,5.4302094301600514e-05
2138,1.9325246810913086,8555.000058315838,14588.801167726517,5.426366680924441e-05
2139,2.0412633419036865,8559.000058315838,14595.491245031357,5.422523677995863e-05
2140,1.8929861783981323,8563.000058315838,14602.84838271141,5.418680423661051e-05
2141,1.7892097234725952,8567.000058315838,14608.588852882385,5.4148369202068946e-05
2142,2.209373712539673,8571.000058315838,14615.475679636002,5.410993169920425e-05
2143,2.3133530616760254,8575.000058315838,14621.787487745285,5.407149175088827e-05
2145,1.927216649055481,8583.000058315838,14635.880089044571,5.3994604609397004e-05
2146,1.8201513290405273,8587.000058315838,14643.399760961533,5.395615746197257e-05
2147,1.9306076765060425,8591.000058315838,14650.616570234299,5.391770796059854e-05
2148,2.175856113433838,8595.000058315838,14658.265630483627,5.387925612815386e-05
2149,2.046456813812256,8599.000058315838,14665.331593751907,5.38408019875189e-05
2150,1.7193726301193237,8603.000058315838,14671.844450235367,5.3802345561575364e-05
2151,1.9486494064331055,8607.000058315838,14679.659614086151,5.3763886873206344e-05
2152,1.8845499753952026,8611.000058315838,14685.34159898758,5.372542594529623e-05
2153,2.0531272888183594,8615.000058315838,14691.721799612045,5.368696280073084e-05
2154,1.807045817375183,8619.000058315838,14697.599041700363,5.36484974623972e-05
2155,1.9711480140686035,8623.000058315838,14703.871614217758,5.361002995318372e-05
2156,2.017991065979004,8627.000058315838,14710.693772554398,5.3571560295980055e-05
2157,1.934273362159729,8631.000058315838,14717.87274646759,5.3533088513677186e-05
2158,1.9509377479553223,8635.000058315838,14722.85554099083,5.3494614629167304e-05
2159,1.9637668132781982,8639.000058315838,14727.90508890152,5.345613866534387e-05
2160,1.928605318069458,8643.000058315838,14734.448263645172,5.341766064510163e-05
2161,2.0566141605377197,8647.000058315838,14742.040668487549,5.337918059133646e-05
2162,1.972367286682129,8651.000058315838,14749.349880218506,5.3340698526945536e-05
2163,2.164639472961426,8655.000058315838,14757.227872610092,5.330221447482717e-05
2164,1.7394380569458008,8659.000058315838,14763.716827630997,5.32637284578809e-05
2165,1.8412556648254395,8663.000058315838,14770.056737422943,5.322524049900742e-05
2166,1.9293538331985474,8667.000058315838,14776.328017950058,5.318675062110855e-05
2167,1.990044355392456,8671.000058315838,14782.675637483597,5.314825884708727e-05
2168,2.034010171890259,8675.000058315838,14789.457743883133,5.3109765199847715e-05
2169,1.936376690864563,8679.000058315838,14795.157381772995,5.3071269702295105e-05
2170,1.9157644510269165,8683.000058315838,14801.050811767578,5.303277237733576e-05
2171,1.960161566734314,8687.000058315838,14807.96132016182,5.299427324787712e-05
2172,1.9258195161819458,8691.000058315838,14814.963907003403,5.295577233682763e-05
2173,2.044581413269043,8695.000058315838,14821.624104499817,5.291726966709688e-05
2174,1.8315017223358154,8699.000058315838,14827.236313343048,5.287876526159545e-05
2175,1.9559614658355713,8703.000058315838,14835.530772209167,5.284025914323497e-05
2176,2.0285916328430176,8707.000058315838,14841.564717769623,5.280175133492809e-05
2177,2.213366746902466,8711.000058315838,14847.916126012802,5.276324185958846e-05
2178,1.9258509874343872,8715.000058315838,14855.618360996246,5.272473074013074e-05
2179,2.0297701358795166,8719.000058315838,14863.938284397125,5.268621799947054e-05
2180,2.0199692249298096,8723.000058315838,14870.92881321907,5.264770366052444e-05
2181,1.9637460708618164,8727.000058315838,14877.377617359161,5.2609187746210015e-05
2182,2.187941789627075,8731.000058315838,14884.601674079895,5.2570670279445696e-05
2183,2.111957311630249,8735.000058315838,14890.207732439041,5.2532151283150915e-05
2184,1.9582476615905762,8739.000058315838,14896.763640165329,5.249363078024597e-05
2185,1.9032706022262573,8743.000058315838,14901.79569530487,5.245510879365209e-05
2186,1.747884750366211,8747.000058315838,14908.803264379501,5.241658534629133e-05
2187,1.9166829586029053,8751.000058315838,14915.642238855362,5.2378060461086684e-05
2188,2.0168116092681885,8755.000058315838,14923.558415651321,5.2339534160961944e-05
2189,2.1843323707580566,8759.000058315838,14931.521997213364,5.230100646884178e-05
2190,2.0177266597747803,8763.000058315838,14938.093537807465,5.226247740765167e-05
2191,1.8816667795181274,8767.000058315838,14945.440588474274,5.222394700031792e-05
2192,1.9241869449615479,8771.000058315838,14952.853979825974,5.2185415269767625e-05
2193,1.9106088876724243,8775.000058315838,14959.990997552872,5.2146882238928666e-05
2194,1.9153296947479248,8779.000058315838,14967.07198047638,5.2108347930729735e-05
2195,1.8865560293197632,8783.000058315838,14973.942725658417,5.206981236810022e-05
2196,2.0240402221679688,8787.000058315838,14979.639998435974,5.2031275573970304e-05
2197,2.0790319442749023,8791.000058315838,14988.069208860397,5.19927375712709e-05
2198,1.9155373573303223,8795.000058315838,14994.507086515427,5.1954198382933606e-05
2199,1.7961180210113525,8799.000058315838,15002.06991147995,5.191565803189078e-05
2200,1.938812255859375,8803.000058315838,15007.70998620987,5.1877116541075406e-05
2201,1.8644156455993652,8807.000058315838,15014.784981250763,5.18385739334212e-05
2202,1.8508780002593994,8811.000058315838,15021.101279735565,5.180003023186252e-05
2203,2.1232709884643555,8815.000058315838,15027.785651922226,5.176148545933436e-05
2204,1.6775238513946533,8819.000058315838,15035.384711027145,5.172293963877239e-05
2205,2.114967107772827,8823.000058315838,15042.737040042877,5.1684392793112884e-05
2206,2.148348569869995,8827.000058315838,15049.46638584137,5.1645844945292706e-05
2207,2.0232532024383545,8831.000058315838,15056.167979240417,5.160729611824935e-05
2208,1.9255998134613037,8835.000058315838,15064.318491697311,5.156874633492088e-05
2209,2.069251537322998,8839.000058315838,15072.593406438828,5.153019561824591e-05
2210,1.926161289215088,8843.000058315838,15079.157774448395,5.149164399116365e-05
2211,2.1667184829711914,8847.000058315838,15087.65130352974,5.14530914766138e-05
2212,1.9688754081726074,8851.000058315838,15095.39868760109,5.1414538097536634e-05
2213,1.87969970703125,8855.000058315838,15102.594091415405,5.1375983876872926e-05
2214,1.9238176345825195,8859.000058315838,15108.70480966568,5.133742883756392e-05
2215,1.8241026401519775,8863.000058315838,15113.56269478798,5.12988730025514e-05
2216,2.193495273590088,8867.000058315838,15119.771395683289,5.12603163947776e-05
2217,1.891351580619812,8871.000058315838,15125.106026649475,5.12217590371852e-05
2218,1.7543569803237915,8875.000058315838,15132.118956804276,5.118320095271733e-05
2219,1.807854175567627,8879.000058315838,15139.26249241829,5.114464216431757e-05
2220,1.6799818277359009,8883.000058315838,15145.975432634354,5.110608269492992e-05
2221,2.052771806716919,8887.000058315838,15152.565199375153,5.106752256749876e-05
2222,2.025876045227051,8891.000058315838,15159.666010856628,5.102896180496887e-05
2223,1.8853408098220825,8895.000058315838,15165.497575044632,5.0990400430285424e-05
2224,2.032561779022217,8899.000058315838,15171.825968503952,5.095183846639395e-05
2225,2.0220181941986084,8903.000058315838,15179.131591558456,5.0913275936240334e-05
2226,2.1629815101623535,8907.000058315838,15187.371708393097,5.087471286277078e-05
2227,2.0303165912628174,8911.000058315838,15193.316508769989,5.0836149268931816e-05
2228,1.9375907182693481,8915.000058315838,15199.838805675507,5.0797585177670306e-05
2229,2.1317665576934814,8919.000058315838,15206.320283412933,5.075902061193339e-05
2230,1.9549171924591064,8923.000058315838,15212.420244693756,5.072045559466849e-05
2231,1.9207425117492676,8927.000058315838,15218.113223791122,5.068189014882333e-05
2232,1.9729714393615723,8931.000058315838,15224.403557300568,5.0643324297345816e-05
2233,2.0629830360412598,8935.000058315838,15230.999298334122,5.0604758063184184e-05
2234,2.0501346588134766,8939.000058315838,15238.469732522964,5.056619146928682e-05
2235,1.9717520475387573,8943.000058315838,15244.56460595131,5.052762453860237e-05
2236,1.679517388343811,8947.000058315838,15251.10478925705,5.048905729407967e-05
2237,1.9005203247070312,8951.000058315838,15257.31718802452,5.045048975866774e-05
2238,2.353912353515625,8955.000058315838,15263.577754974365,5.041192195531575e-05
2239,2.2535035610198975,8959.000058315838,15270.855413675308,5.0373353906973084e-05
2240,1.8686734437942505,8963.000058315838,15276.983471393585,5.0334785636589235e-05
2241,1.603118896484375,8967.000058315838,15284.713232517242,5.029621716711383e-05
2242,1.8211182355880737,8971.000058315838,15291.895715236664,5.0257648521496626e-05
2243,1.7654407024383545,8975.000058315838,15298.644107580185,5.021907972268746e-05
2244,2.067056179046631,8979.000058315838,15305.677876472473,5.01805107936363e-05
2245,1.754456639289856,8983.000058315838,15309.753088474274,5.014194175729315e-05
2246,1.7718324661254883,8987.000058315838,15316.546372890472,5.0103372636608105e-05
2247,1.8260769844055176,8991.000058315838,15324.148171186447,5.006480345453131e-05
2248,1.8455195426940918,8995.000058315838,15329.57629108429,5.002623423401291e-05
2249,1.8588364124298096,8999.000058315838,15337.57645726204,4.9987664998003144e-05
2250,1.9724901914596558,9003.000058315838,15344.645076036453,4.994909576945217e-05
2251,2.133809804916382,9007.000058315838,15351.449211120605,4.991052657131024e-05
2252,1.9964715242385864,9011.000058315838,15358.550391435623,4.9871957426527495e-05
2253,2.0242457389831543,9015.000058315838,15366.145456314087,4.98333883580541e-05
2254,1.7590476274490356,9019.000058315838,15371.574184894562,4.979481938884018e-05
2255,1.8902528285980225,9023.000058315838,15378.779726743698,4.9756250541835755e-05
2256,1.9394042491912842,9027.000058315838,15385.744973421097,4.9717681839990805e-05
2257,1.7799290418624878,9031.000058315838,15392.80929684639,4.9679113306255224e-05
2258,1.761077642440796,9035.000058315838,15400.442987442017,4.964054496357882e-05
2259,2.003971576690674,9039.000058315838,15407.70848107338,4.9601976834911226e-05
2260,1.8092831373214722,9043.000058315838,15413.76826953888,4.956340894320201e-05
2261,2.0123302936553955,9047.000058315838,15421.485768795013,4.952484131140059e-05
2262,1.9194111824035645,9051.000058315838,15427.923847675323,4.948627396245618e-05
2263,2.2252748012542725,9055.000058315838,15433.585515022278,4.94477069193179e-05
2264,1.881416916847229,9059.000058315838,15441.497150659561,4.9409140204934645e-05
2265,1.9301530122756958,9063.000058315838,15448.944895267487,4.93705738422551e-05
2266,1.7663381099700928,9067.000058315838,15454.97960281372,4.9332007854227774e-05
2267,1.9976153373718262,9071.000058315838,15462.866191864014,4.9293442263800964e-05
2268,2.0088326930999756,9075.000058315838,15470.4240193367,4.925487709392265e-05
2269,2.0455732345581055,9079.000058315838,15477.558066606522,4.921631236754066e-05
2270,2.0414047241210938,9083.000058315838,15483.603521823883,4.9177748107602505e-05
2271,1.8775453567504883,9087.000058315838,15490.878677606583,4.913918433705545e-05
2272,1.9971811771392822,9091.000058315838,15497.6432492733,4.910062107884641e-05
2273,1.7066034078598022,9095.000058315838,15504.383165121078,4.9062058355922056e-05
2274,2.056941270828247,9099.000058315838,15510.250050783157,4.9023496191228725e-05
2275,2.120216131210327,9103.000058315838,15516.880461215973,4.898493460771239e-05
2276,1.9665367603302002,9107.000058315838,15523.649225234985,4.894637362831872e-05
2277,2.0953874588012695,9111.000058315838,15530.703430891037,4.8907813275993036e-05
2278,1.9418144226074219,9115.000058315838,15537.190898895264,4.88692535736802e-05
2279,1.8705052137374878,9119.000058315838,15544.405274391174,4.883069454432477e-05
2280,1.8154321908950806,9123.000058315838,15552.094014167786,4.879213621087091e-05
2281,2.174863338470459,9127.000058315838,15558.888698339462,4.8753578596262284e-05
2282,1.688328504562378,9131.000058315838,15564.151465892792,4.871502172344221e-05
2283,2.001232624053955,9135.000058315838,15571.3575091362,4.8676465615353544e-05
2284,2.0223848819732666,9139.000058315838,15578.122151851654,4.863791029493866e-05
2285,1.9852114915847778,9143.000058315838,15584.332479476929,4.8599355785139495e-05
2286,1.9644389152526855,9147.000058315838,15591.040899515152,4.856080210889749e-05
2287,1.9361507892608643,9151.000058315838,15596.396077632904,4.8522249289153624e-05
2288,1.590952754020691,9155.000058315838,15601.908594846725,4.848369734884827e-05
2289,1.8217099905014038,9159.000058315838,15608.169644832611,4.844514631092138e-05
2290,1.7992252111434937,9163.000058315838,15612.49723124504,4.8406596198312355e-05
2291,1.9907665252685547,9167.000058315838,15618.71245932579,4.8368047033959974e-05
2292,1.8389167785644531,9171.000058315838,15624.61657834053,4.832949884080251e-05
2293,1.9583184719085693,9175.000058315838,15632.017167806625,4.829095164177767e-05
2294,1.8793835639953613,9179.000058315838,15639.030450105667,4.825240545982253e-05
2295,1.9833011627197266,9183.000058315838,15646.1162276268,4.821386031787357e-05
2296,2.0098812580108643,9187.000058315838,15652.762850046158,4.8175316238866696e-05
2297,1.838709831237793,9191.000058315838,15660.852224349976,4.8136773245737095e-05
2298,1.913999080657959,9195.000058315838,15667.7762362957,4.809823136141938e-05
2299,1.8482087850570679,9199.000058315838,15674.90674996376,4.805969060884749e-05
2300,1.9379792213439941,9203.000058315838,15680.769011974335,4.802115101095469e-05
2301,2.066438674926758,9207.000058315838,15687.309312820435,4.79826125906735e-05
2302,2.1230475902557373,9211.000058315838,15695.007467746735,4.794407537093584e-05
2303,1.8654099702835083,9215.000058315838,15701.128417015076,4.790553937467286e-05
2304,1.8895013332366943,9219.000058315838,15707.124764680862,4.7867004624814957e-05
2305,2.1508121490478516,9223.000058315838,15714.956495046616,4.782847114429183e-05
2306,2.0685195922851562,9227.000058315838,15722.775801897049,4.7789938956032425e-05
2307,1.9457545280456543,9231.000058315838,15729.375579595566,4.775140808296488e-05
2308,2.0364153385162354,9235.000058315838,15735.907789707184,4.771287854801658e-05
2309,1.7458876371383667,9239.000058315838,15741.807050704956,4.767435037411413e-05
2310,1.6744376420974731,9243.000058315838,15746.543548107147,4.763582358418327e-05
2311,1.8508174419403076,9247.000058315838,15754.766307115555,4.759729820114895e-05
2312,2.32686185836792,9251.000058315838,15762.388709306717,4.755877424793532e-05
2313,1.8603922128677368,9255.000058315838,15770.159252882004,4.752025174746559e-05
2314,1.8452770709991455,9259.000058315838,15774.801212787628,4.748173072266218e-05
2315,1.8795361518859863,9263.000058315838,15782.696635961533,4.744321119644661e-05
2316,2.1018271446228027,9267.000058315838,15788.254910230637,4.740469319173951e-05
2317,1.7549705505371094,9271.000058315838,15794.917241096497,4.736617673146059e-05
2318,1.8417203426361084,9275.000058315838,15802.150720834732,4.7327661838528646e-05
2319,2.033456802368164,9279.000058315838,15808.476490020752,4.728914853586159e-05
2320,1.6581003665924072,9283.000058315838,15815.250989675522,4.725063684637628e-05
2321,1.7888314723968506,9287.000058315838,15821.770017147064,4.7212126792988734e-05
2322,1.8314481973648071,9291.000058315838,15828.115352392197,4.717361839861392e-05
2323,1.9842228889465332,9295.000058315838,15835.042709827423,4.713511168616584e-05
2324,1.7589216232299805,9299.000058315838,15841.42008471489,4.709660667855748e-05
2325,2.1869845390319824,9303.000058315838,15848.153468370438,4.7058103398700866e-05
2326,1.976859450340271,9307.000058315838,15855.211263418198,4.701960186950692e-05
2327,1.9713231325149536,9311.000058315838,15861.904298305511,4.698110211388559e-05
2328,1.7981717586517334,9315.000058315838,15869.110252857208,4.69426041547457e-05
2329,1.8876972198486328,9319.000058315838,15876.146795749664,4.690410801499509e-05
2330,1.9593671560287476,9323.000058315838,15882.945612430573,4.686561371754044e-05
2331,1.6368918418884277,9327.000058315838,15889.203186750412,4.682712128528736e-05
2332,2.026275157928467,9331.000058315838,15895.275003671646,4.678863074114039e-05
2333,1.957451343536377,9335.000058315838,15903.02541065216,4.675014210800287e-05
2334,1.7673941850662231,9339.000058315838,15908.498723983765,4.671165540877705e-05
2335,1.968287467956543,9343.000058315838,15916.082011938095,4.667317066636406e-05
2336,1.8615117073059082,9347.000058315838,15922.108047008514,4.663468790366379e-05
2337,1.9904112815856934,9351.000058315838,15929.96076464653,4.659620714357499e-05
2338,1.9607484340667725,9355.000058315838,15937.654703617096,4.655772840899525e-05
2339,2.0701911449432373,9359.000058315838,15944.443064928055,4.651925172282089e-05
2340,1.7754244804382324,9363.000058315838,15950.517522573471,4.6480777107947066e-05
2341,2.0599570274353027,9367.000058315838,15957.506818771362,4.644230458726767e-05
2342,2.2792983055114746,9371.000058315838,15965.561521530151,4.640383418367539e-05
2343,1.75640869140625,9375.000058315838,15972.624243974686,4.636536592006158e-05
2344,1.8614732027053833,9379.000058315838,15978.152870893478,4.632689981931637e-05
2345,2.0138323307037354,9383.000058315838,15986.007546901703,4.628843590432863e-05
2346,1.9396615028381348,9387.000058315838,15992.828028202057,4.624997419798585e-05
2347,1.8766406774520874,9391.000058315838,15999.479058742523,4.6211514723174275e-05
2348,1.8402817249298096,9395.000058315838,16005.09223818779,4.61730575027788e-05
2349,1.8770442008972168,9399.000058315838,16011.649303674698,4.6134602559682965e-05
2350,2.085721015930176,9403.000058315838,16017.430855989456,4.6096149916768975e-05
2351,1.7895467281341553,9407.000058315838,16023.326508760452,4.605769959691768e-05
2352,1.805782675743103,9411.000058315838,16029.813751220703,4.601925162300848e-05
2353,2.143247365951538,9415.000058315838,16036.901032924652,4.598080601791946e-05
2354,1.8381071090698242,9419.000058315838,16045.245643138885,4.5942362804527254e-05
2355,1.8859997987747192,9423.000058315838,16052.175081968307,4.5903922005707064e-05
2356,1.7060071229934692,9427.000058315838,16058.708596944809,4.586548364433268e-05
2357,1.9703114032745361,9431.000058315838,16065.461611270905,4.582704774327643e-05
2358,1.8352291584014893,9435.000058315838,16071.614752292633,4.578861432540921e-05
2359,1.9154188632965088,9439.000058315838,16079.4707736969,4.575018341360036e-05
2360,1.9071427583694458,9443.000058315838,16087.34037065506,4.5711755030717794e-05
2361,1.9310722351074219,9447.000058315838,16094.413363218307,4.5673329199627933e-05
2362,2.002492666244507,9451.000058315838,16100.46018075943,4.5634905943195615e-05
2363,1.8238757848739624,9455.000058315838,16106.764480829239,4.559648528428419e-05
2364,1.9586375951766968,9459.000058315838,16113.643772125244,4.555806724575548e-05
2365,1.8009731769561768,9463.000058315838,16119.973600625992,4.551965185046968e-05
2366,1.792974829673767,9467.000058315838,16126.325248241425,4.548123912128548e-05
2367,1.8405020236968994,9471.000058315838,16132.259716033936,4.544282908105998e-05
2368,2.027503728866577,9475.000058315838,16139.807217359543,4.5404421752648614e-05
2369,2.045377254486084,9479.000058315838,16148.090739488602,4.536601715890526e-05
2370,1.7324371337890625,9483.000058315838,16154.905584812164,4.532761532268216e-05
2371,2.104800224304199,9487.000058315838,16160.419521808624,4.5289216266829924e-05
2372,1.8459107875823975,9491.000058315838,16167.41215467453,4.525082001419746e-05
2373,1.9960525035858154,9495.000058315838,16173.72190618515,4.5212426587632074e-05
2374,1.8655222654342651,9499.000058315838,16181.740604877472,4.5174036009979366e-05
2375,1.824523687362671,9503.000058315838,16189.433514118195,4.513564830408319e-05
2376,1.9890978336334229,9507.000058315838,16195.260171413422,4.5097263492785756e-05
2377,1.991694688796997,9511.000058315838,16201.171221494675,4.5058881598927556e-05
2378,1.9806058406829834,9515.000058315838,16209.621162176132,4.502050264534727e-05
2379,1.9361135959625244,9519.000058315838,16217.722328186035,4.4982126654881906e-05
2380,2.121023416519165,9523.000058315838,16225.163252353668,4.494375365036669e-05
2381,1.6470204591751099,9527.000058315838,16232.417606115341,4.490538365463504e-05
2382,1.88006591796875,9531.000058315838,16238.00817656517,4.486701669051863e-05
2383,1.7471163272857666,9535.000058315838,16244.677263975143,4.482865278084729e-05
2384,1.7955517768859863,9539.000058315838,16251.200785398483,4.4790291948449035e-05
2385,1.747471570968628,9543.000058315838,16257.611428022385,4.475193421615009e-05
2386,1.9257112741470337,9547.000058315838,16263.510242462158,4.471357960677479e-05
2387,1.6345229148864746,9551.000058315838,16269.982998847961,4.467522814314565e-05
2388,1.7200193405151367,9555.000058315838,16276.684953212738,4.463687984808327e-05
2389,2.1422510147094727,9559.000058315838,16283.854032278061,4.459853474440639e-05
2390,1.7896101474761963,9563.000058315838,16291.990605592728,4.4560192854931874e-05
2391,1.5702908039093018,9567.000058315838,16299.036528587341,4.452185420247461e-05
2392,1.7904298305511475,9571.000058315838,16305.0875082016,4.4483518809847616e-05
2393,1.799168348312378,9575.000058315838,16313.142481565475,4.4445186699861956e-05
2394,1.7966583967208862,9579.000058315838,16319.235802412033,4.4406857895326726e-05
2395,1.9692028760910034,9583.000058315838,16325.593107700348,4.436853241904907e-05
2396,2.0741045475006104,9587.000058315838,16332.991329193115,4.433021029383416e-05
2397,1.6993014812469482,9591.000058315838,16339.508070468903,4.4291891542485135e-05
2398,2.0360989570617676,9595.000058315838,16347.163934469223,4.425357618780316e-05
2399,2.0449700355529785,9599.000058315838,16355.103817939758,4.421526425258739e-05
2400,1.8526675701141357,9603.000058315838,16362.110612869263,4.417695575963493e-05
2401,1.995212197303772,9607.000058315838,16369.973733186722,4.4138650731740794e-05
2402,2.0682523250579834,9611.000058315838,16377.581977128983,4.4100349191698e-05
2403,1.8764351606369019,9615.000058315838,16383.80021905899,4.4062051162297475e-05
2404,1.9747803211212158,9619.000058315838,16390.91231942177,4.402375666632802e-05
2405,2.0625078678131104,9623.000058315838,16397.199206352234,4.398546572657636e-05
2406,1.9264205694198608,9627.000058315838,16403.519349098206,4.394717836582715e-05
2407,2.072206497192383,9631.000058315838,16411.362726449966,4.390889460686281e-05
2408,2.0066986083984375,9635.000058315838,16417.15689945221,4.387061447246371e-05
2409,2.212772846221924,9639.000058315838,16423.835165023804,4.383233798540803e-05
2410,1.9155560731887817,9643.000058315838,16430.829571962357,4.379406516847175e-05
2411,1.9101166725158691,9647.000058315838,16438.016971111298,4.375579604442871e-05
2412,1.8289213180541992,9651.000058315838,16443.71945643425,4.3717530636050537e-05
2413,2.0205166339874268,9655.000058315838,16450.435180664062,4.367926896610666e-05
2414,1.8663134574890137,9659.000058315838,16456.29953098297,4.364101105736428e-05
2415,1.9281436204910278,9663.000058315838,16463.696435451508,4.36027569325883e-05
2416,2.3088226318359375,9667.000058315838,16470.892820119858,4.356450661454148e-05
2417,1.890480875968933,9671.000058315838,16477.196145534515,4.352626012598421e-05
2418,1.7644760608673096,9675.000058315838,16484.309967517853,4.3488017489674674e-05
2419,1.935935139656067,9679.000058315838,16490.62707209587,4.344977872836876e-05
2420,2.0710465908050537,9683.000058315838,16498.543249607086,4.341154386481997e-05
2421,2.010453939437866,9687.000058315838,16505.47187447548,4.3373312921779586e-05
2422,1.8336495161056519,9691.000058315838,16512.498192071915,4.3335085921996525e-05
2423,1.9991481304168701,9695.000058315838,16519.85528564453,4.329686288821731e-05
2424,2.0273406505584717,9699.000058315838,16525.945219039917,4.325864384318616e-05
2425,1.8960660696029663,9703.000058315838,16533.262191295624,4.322042880964492e-05
2426,1.6578339338302612,9707.000058315838,16541.023651123047,4.3182217810333e-05
2427,1.9065191745758057,9711.000058315838,16546.985255479813,4.314401086798748e-05
2428,2.0740208625793457,9715.000058315838,16553.65088224411,4.310580800534295e-05
2429,1.951963186264038,9719.000058315838,16560.818869829178,4.306760924513165e-05
2430,1.9374028444290161,9723.000058315838,16567.694296598434,4.30294146100833e-05
2431,1.8463969230651855,9727.000058315838,16574.19527053833,4.2991224122925204e-05
2432,1.9404456615447998,9731.000058315838,16580.529965639114,4.295303780638224e-05
2433,1.9204837083816528,9735.000058315838,16585.708775520325,4.291485568317671e-05
2434,1.7233319282531738,9739.000058315838,16591.934784173965,4.2876677776028485e-05
2435,1.8039929866790771,9743.000058315838,16598.41977071762,4.2838504107654944e-05
2436,2.140368938446045,9747.000058315838,16605.72251176834,4.280033470077088e-05
2437,1.971311092376709,9751.000058315838,16611.455131292343,4.27621695780886e-05
2438,1.8045680522918701,9755.000058315838,16618.021007061005,4.272400876231787e-05
2439,1.9007375240325928,9759.000058315838,16625.778675079346,4.268585227616583e-05
2440,1.8912516832351685,9763.000058315838,16633.45881509781,4.2647700142337085e-05
2441,1.59116530418396,9767.000058315838,16640.512934446335,4.260955238353367e-05
2442,2.0942935943603516,9771.000058315838,16647.289209604263,4.2571409022455e-05
2443,1.8677411079406738,9775.000058315838,16654.182696580887,4.253327008179785e-05
2444,2.049774408340454,9779.000058315838,16660.710078716278,4.249513558425638e-05
2445,1.8334518671035767,9783.000058315838,16667.101860046387,4.245700555252214e-05
2446,1.9271016120910645,9787.000058315838,16672.529634952545,4.241888000928395e-05
2447,1.862578272819519,9791.000058315838,16679.005096435547,4.238075897722802e-05
2448,1.826796293258667,9795.000058315838,16686.30523276329,4.234264247903787e-05
2449,2.1059887409210205,9799.000058315838,16692.867590665817,4.2304530537394283e-05
2450,1.9115099906921387,9803.000058315838,16699.593022108078,4.226642317497538e-05
2451,2.0368473529815674,9807.000058315838,16707.398994922638,4.222832041445654e-05
2452,1.7348284721374512,9811.000058315838,16713.8153693676,4.219022227851036e-05
2453,2.0855648517608643,9815.000058315838,16720.446899175644,4.2152128789806747e-05
2454,1.944594144821167,9819.000058315838,16726.77326464653,4.211403997101284e-05
2455,1.8063383102416992,9823.000058315838,16733.52863264084,4.207595584479292e-05
2456,1.887627124786377,9827.000058315838,16740.517652273178,4.203787643380858e-05
2457,1.9023663997650146,9831.000058315838,16746.30731654167,4.199980176071855e-05
2458,1.7095251083374023,9835.000058315838,16752.840784549713,4.196173184817875e-05
2459,1.8896307945251465,9839.000058315838,16758.029314279556,4.192366671884227e-05
2460,1.4962632656097412,9843.000058315838,16763.560868263245,4.1885606395359344e-05
2461,1.938518762588501,9847.000058315838,16771.14643406868,4.184755090037738e-05
2462,1.8779871463775635,9851.000058315838,16777.915175676346,4.1809500256540855e-05
2463,1.6524494886398315,9855.000058315838,16785.790282964706,4.177145448649141e-05
2464,1.9226317405700684,9859.000058315838,16792.948632240295,4.173341361286777e-05
2465,1.9740970134735107,9863.000058315838,16798.776610851288,4.169537765830573e-05
2466,2.0158677101135254,9867.000058315838,16805.54075407982,4.1657346645438175e-05
2467,2.1091322898864746,9871.000058315838,16812.7537484169,4.161932059689506e-05
2468,1.8548201322555542,9875.000058315838,16820.084197044373,4.158129953530337e-05
2469,1.8461554050445557,9879.000058315838,16828.537343025208,4.1543283483287116e-05
2470,1.8516342639923096,9883.000058315838,16835.381588220596,4.150527246346734e-05
2471,1.8919248580932617,9887.000058315838,16841.414861917496,4.14672664984621e-05
2472,1.9487063884735107,9891.000058315838,16848.748829126358,4.142926561088641e-05
2473,2.125673294067383,9895.000058315838,16855.395346164703,4.13912698233523e-05
2474,1.9839255809783936,9899.000058315838,16862.533557653427,4.135327915846878e-05
2475,1.9786558151245117,9903.000058315838,16867.44770002365,4.1315293638841724e-05
2476,2.0044071674346924,9907.000058315838,16874.094593048096,4.1277313287074036e-05
2477,1.8827005624771118,9911.000058315838,16879.93206691742,4.1239338125765535e-05
2478,1.9737894535064697,9915.000058315838,16886.88808989525,4.120136817751288e-05
2479,2.152407646179199,9919.000058315838,16893.814532756805,4.11634034649097e-05
2480,1.9504287242889404,9923.000058315838,16902.02343392372,4.11254440105465e-05
2481,1.679290771484375,9927.000058315838,16907.246591329575,4.1087489837010615e-05
2482,1.863264799118042,9931.000058315838,16913.59397983551,4.1049540966886276e-05
2483,1.9497700929641724,9935.000058315838,16921.422756671906,4.1011597422754555e-05
2484,2.0903475284576416,9939.000058315838,16928.088835000992,4.0973659227193364e-05
2485,1.7609795331954956,9943.000058315838,16933.932939291,4.0935726402777366e-05
2486,1.9172999858856201,9947.000058315838,16940.149286031723,4.0897798972078105e-05
2487,2.1812586784362793,9951.000058315838,16947.52782893181,4.08598769576639e-05
2488,1.946166753768921,9955.000058315838,16955.096926689148,4.08219603820998e-05
2489,2.0685718059539795,9959.000058315838,16962.694281578064,4.0784049267947674e-05
2490,2.0345616340637207,9963.000058315838,16970.119480609894,4.074614363776612e-05
2491,1.9827126264572144,9967.000058315838,16976.209171772003,4.070824351411047e-05
2492,2.0345406532287598,9971.000058315838,16983.28798341751,4.0670348919532775e-05
2493,2.175285816192627,9975.000058315838,16989.617427110672,4.063245987658183e-05
2494,1.8531980514526367,9979.000058315838,16996.095539331436,4.059457640780306e-05
2495,1.8294427394866943,9983.000058315838,17003.833403110504,4.055669853573863e-05
2496,1.925561785697937,9987.000058315838,17012.110632419586,4.051882628292737e-05
2497,1.8818480968475342,9991.000058315838,17019.656970262527,4.048095967190472e-05
2498,1.8755526542663574,9995.000058315838,17026.173651218414,4.044309872520282e-05
2499,2.0254201889038086,9999.000058315838,17033.530730724335,4.0405243465350416e-05
2500,2.016732692718506,10003.000058315838,17038.83422112465,4.036739391487288e-05
2501,2.0439634323120117,10007.000058315838,17046.95398926735,4.032955009629215e-05
2502,1.8606476783752441,10011.000058315838,17054.782625436783,4.0291712032126786e-05
2503,2.016723155975342,10015.000058315838,17061.245961904526,4.025387974489194e-05
2504,1.8837273120880127,10019.000058315838,17066.129639863968,4.021605325709929e-05
2505,1.8810876607894897,10023.000058315838,17073.462045669556,4.017823259125705e-05
2506,1.6623731851577759,10027.000058315838,17081.045897483826,4.014041776987007e-05
2507,1.6663479804992676,10031.000058315838,17086.32752251625,4.0102608815439574e-05
2508,2.1164779663085938,10035.000058315838,17093.55967259407,4.0064805750463395e-05
2509,1.9645649194717407,10039.000058315838,17100.990834474564,4.002700859743586e-05
2510,1.6505308151245117,10043.000058315838,17107.75081014633,3.998921737884772e-05
2511,1.8758535385131836,10047.000058315838,17115.189309835434,3.9951432117186255e-05
2512,1.993670105934143,10051.000058315838,17121.276460170746,3.9913652834935154e-05
2513,1.969853162765503,10055.000058315838,17129.395266771317,3.987587955457461e-05
2514,1.8228901624679565,10059.000058315838,17137.317875385284,3.983811229858114e-05
2515,2.051239252090454,10063.000058315838,17143.796294927597,3.980035108942779e-05
2516,1.7459272146224976,10067.000058315838,17149.229521512985,3.976259594958397e-05
2517,1.6731219291687012,10071.000058315838,17155.72659420967,3.9724846901515416e-05
2518,2.1504437923431396,10075.000058315838,17163.497663259506,3.968710396768432e-05
2519,1.9879052639007568,10079.000058315838,17170.05989909172,3.9649367170549206e-05
2520,1.9512310028076172,10083.000058315838,17176.27777004242,3.9611636532564936e-05
2521,1.9147684574127197,10087.000058315838,17183.93032193184,3.957391207618271e-05
2522,2.2285637855529785,10091.000058315838,17191.521462202072,3.953619382385008e-05
2523,1.9303756952285767,10095.000058315838,17197.119235754013,3.949848179801087e-05
2524,2.0190629959106445,10099.000058315838,17204.52604866028,3.94607760211052e-05
2525,2.0327746868133545,10103.000058315838,17211.889803647995,3.942307651556953e-05
2526,1.710830569267273,10107.000058315838,17217.764425992966,3.938538330383648e-05
2527,2.034419536590576,10111.000058315838,17224.675786972046,3.934769640833502e-05
2528,2.164426803588867,10115.000058315838,17232.161846399307,3.931001585149032e-05
2529,1.945649266242981,10119.000058315838,17239.045838356018,3.927234165572382e-05
2530,2.1822335720062256,10123.000058315838,17245.47767019272,3.9234673843453086e-05
2531,2.089083671569824,10127.000058315838,17252.43228316307,3.9197012437091976e-05
2532,2.0267422199249268,10131.000058315838,17259.446561336517,3.915935745905051e-05
2533,2.0389766693115234,10135.000058315838,17266.224465608597,3.9121708931734836e-05
2534,1.715968132019043,10139.000058315838,17271.22038412094,3.9084066877547324e-05
2535,1.646875262260437,10143.000058315838,17278.451647281647,3.904643131888648e-05
2536,1.8654173612594604,10147.000058315838,17285.214154958725,3.9008802278146914e-05
2537,1.7978637218475342,10151.000058315838,17293.236217737198,3.89711797777194e-05
2538,1.9129829406738281,10155.000058315838,17300.111551761627,3.8933563839990805e-05
2539,1.8147958517074585,10159.000058315838,17307.17743730545,3.889595448734404e-05
2540,1.908463478088379,10163.000058315838,17314.25090122223,3.885835174215818e-05
2541,1.8209052085876465,10167.000058315838,17320.85290122032,3.882075562680832e-05
2542,1.9462487697601318,10171.000058315838,17328.03855586052,3.878316616366565e-05
2543,1.863903284072876,10175.000058315838,17334.899847984314,3.8745583375097316e-05
2544,1.736721396446228,10179.000058315838,17339.08935236931,3.8708007283466584e-05
2545,1.9385004043579102,10183.000058315838,17345.06254220009,3.867043791113271e-05
2546,2.1053731441497803,10187.000058315838,17353.596970796585,3.863287528045091e-05
2547,1.9824562072753906,10191.000058315838,17360.152587890625,3.8595319413772435e-05
2548,1.9841480255126953,10195.000058315838,17366.293897628784,3.855777033344452e-05
2549,1.9827923774719238,10199.000058315838,17373.315494775772,3.852022806181029e-05
2550,1.7919247150421143,10203.000058315838,17378.69517016411,3.84826926212089e-05
2551,1.9005175828933716,10207.000058315838,17386.223080158234,3.8445164033975424e-05
2552,1.7806684970855713,10211.000058315838,17393.33808350563,3.840764232244079e-05
2553,1.8285844326019287,10215.000058315838,17399.901725530624,3.837012750893191e-05
2554,1.6000512838363647,10219.000058315838,17406.531123638153,3.833261961577158e-05
2555,1.9008970260620117,10223.000058315838,17411.888543367386,3.829511866527844e-05
2556,2.0694680213928223,10227.000058315838,17418.27480196953,3.825762467976706e-05
2557,1.9532597064971924,10231.000058315838,17424.262809753418,3.8220137681547786e-05
2558,1.7098420858383179,10235.000058315838,17431.09994840622,3.818265769292688e-05
2559,1.862738013267517,10239.000058315838,17437.66248703003,3.8145184736206396e-05
2560,1.676020860671997,10243.000058315838,17443.52918291092,3.81077188336842e-05
2561,2.0893924236297607,10247.000058315838,17450.617080450058,3.807026000765401e-05
2562,1.7107419967651367,10251.000058315838,17458.286993026733,3.803280828040524e-05
2563,2.0476491451263428,10255.000058315838,17464.30734205246,3.799536367422315e-05
2564,1.802869200706482,10259.000058315838,17471.234084367752,3.7957926211388784e-05
2565,1.9242935180664062,10263.000058315838,17477.84945988655,3.792049591417885e-05
2566,2.0390305519104004,10267.000058315838,17485.384952783585,3.788307280486586e-05
2567,1.807542085647583,10271.000058315838,17490.714376688004,3.7845656905718035e-05
2568,1.920475959777832,10275.000058315838,17496.06297302246,3.780824823899929e-05
2569,2.071202516555786,10279.000058315838,17504.014157295227,3.777084682696925e-05
2570,1.9621635675430298,10283.000058315838,17510.3573012352,3.7733452691883226e-05
2571,1.9279037714004517,10287.000058315838,17516.41059064865,3.769606585599221e-05
2572,1.8524832725524902,10291.000058315838,17522.215606451035,3.765868634154278e-05
2574,2.074143409729004,10299.000058315838,17534.02406477928,3.758394936593353e-05
2575,1.8358409404754639,10303.000058315838,17541.540408849716,3.754659194924511e-05
2576,1.6828361749649048,10307.000058315838,17547.279164791107,3.750924194294114e-05
2577,1.9936962127685547,10311.000058315838,17555.63931632042,3.747189936924634e-05
2578,1.6104583740234375,10315.000058315838,17561.99201154709,3.7434564250380985e-05
2579,2.0005722045898438,10319.000058315838,17570.58087849617,3.739723660856094e-05
2580,1.8779447078704834,10323.000058315838,17578.241881370544,3.735991646599764e-05
2581,1.73893141746521,10327.000058315838,17584.05602121353,3.732260384489798e-05
2582,1.7995331287384033,10331.000058315838,17590.8861849308,3.728529876746446e-05
2583,1.844538688659668,10335.000058315838,17597.55153656006,3.7248001255895066e-05
2584,2.0200564861297607,10339.000058315838,17605.147482156754,3.721071133238329e-05
2585,2.104149103164673,10343.000058315838,17612.052089452744,3.7173429019118054e-05
2586,1.8963532447814941,10347.000058315838,17620.330854654312,3.713615433828382e-05
2587,1.896072268486023,10351.000058315838,17627.968015432358,3.70988873120605e-05
2588,1.819995403289795,10355.000058315838,17633.888670921326,3.70616279626234e-05
2589,1.8682434558868408,10359.000058315838,17642.012558460236,3.70243763121433e-05
2590,1.9282602071762085,10363.000058315838,17648.805102586746,3.6987132382786404e-05
2591,1.8123788833618164,10367.000058315838,17655.396816253662,3.69498961967143e-05
2592,1.9836711883544922,10371.000058315838,17661.43407011032,3.691266777608398e-05
2593,1.587675929069519,10375.000058315838,17668.92563343048,3.687544714304783e-05
2594,1.7861061096191406,10379.000058315838,17674.42936730385,3.6838234319753544e-05
2595,1.9395959377288818,10383.000058315838,17681.402048826218,3.6801029328344226e-05
2596,1.914576768875122,10387.000058315838,17688.455908298492,3.6763832190958336e-05
2597,1.9296015501022339,10391.000058315838,17695.34566617012,3.672664292972957e-05
2598,1.9584635496139526,10395.000058315838,17702.624140501022,3.668946156678702e-05
2599,1.8089280128479004,10399.000058315838,17709.125287532806,3.665228812425506e-05
2600,1.8218928575515747,10403.000058315838,17715.437245845795,3.6615122624253356e-05
2601,1.7786192893981934,10407.000058315838,17723.843725442886,3.65779650888968e-05
2602,1.8950347900390625,10411.000058315838,17730.175877571106,3.654081554029561e-05
2603,1.9417877197265625,10415.000058315838,17737.82186818123,3.650367400055522e-05
2604,1.9579321146011353,10419.000058315838,17743.898651361465,3.646654049177628e-05
2605,1.8699156045913696,10423.000058315838,17751.05993247032,3.642941503605469e-05
2606,1.9639735221862793,10427.000058315838,17759.117941617966,3.639229765548158e-05
2607,1.6783838272094727,10431.000058315838,17764.51758170128,3.63551883721432e-05
2608,1.9281110763549805,10435.000058315838,17771.825697898865,3.6318087208121035e-05
2609,1.8210214376449585,10439.000058315838,17779.30144262314,3.628099418549176e-05
2610,1.946428894996643,10443.000058315838,17786.736164808273,3.6243909326327146e-05
2611,1.5811176300048828,10447.000058315838,17794.517315626144,3.6206832652694154e-05
2612,1.9091296195983887,10451.000058315838,17800.90685415268,3.6169764186654845e-05
2613,1.8153284788131714,10455.000058315838,17806.657636404037,3.6132703950266425e-05
2614,1.9253007173538208,10459.000058315838,17813.26841902733,3.609565196558116e-05
2615,1.900278925895691,10463.000058315838,17821.29868888855,3.605860825464644e-05
2616,2.0599372386932373,10467.000058315838,17827.999895095825,3.602157283950475e-05
2617,1.8800042867660522,10471.000058315838,17834.94261574745,3.598454574219358e-05
2618,1.7718900442123413,10475.000058315838,17840.63055253029,3.5947526984745514e-05
2619,1.8388361930847168,10479.000058315838,17846.60411787033,3.5910516589188175e-05
2620,1.9211695194244385,10483.000058315838,17853.157245635986,3.587351457754417e-05
2621,1.755847692489624,10487.000058315838,17859.91019845009,3.583652097183116e-05
2622,2.047616481781006,10491.000058315838,17865.81171989441,3.579953579406179e-05
2623,2.0208206176757812,10495.000058315838,17874.03750729561,3.576255906624369e-05
2624,1.902059555053711,10499.000058315838,17879.698566436768,3.5725590810379455e-05
2625,2.135499954223633,10503.000058315838,17887.948457479477,3.5688631048466663e-05
2626,1.6634888648986816,10507.000058315838,17895.73510169983,3.565167980249779e-05
2627,1.927213191986084,10511.000058315838,17901.246705055237,3.561473709446029e-05
2628,1.9581208229064941,10515.000058315838,17907.93595600128,3.557780294633652e-05
2629,1.8655564785003662,10519.000058315838,17915.70395874977,3.554087738010376e-05
2630,1.7414510250091553,10523.000058315838,17920.6242043972,3.550396041773414e-05
2631,1.717529058456421,10527.000058315838,17928.81316113472,3.546705208119471e-05
2632,2.1290433406829834,10531.000058315838,17937.138345241547,3.543015239244739e-05
2633,2.020778179168701,10535.000058315838,17945.158246278763,3.5393261373448904e-05
2634,1.9381916522979736,10539.000058315838,17952.554258346558,3.5356379046150876e-05
2635,1.994284987449646,10543.000058315838,17959.789845705032,3.531950543249976e-05
2636,1.9514374732971191,10547.000058315838,17965.424175024033,3.5282640554436755e-05
2637,1.9712839126586914,10551.000058315838,17971.825031280518,3.524578443389792e-05
2638,1.8046507835388184,10555.000058315838,17979.724822998047,3.5208937092814125e-05
2639,2.1996092796325684,10559.000058315838,17985.48605823517,3.5172098553110925e-05
2640,1.999504566192627,10563.000058315838,17991.78458881378,3.513526883670872e-05
2641,2.057384967803955,10567.000058315838,17998.02405667305,3.509844796552263e-05
2642,1.829902172088623,10571.000058315838,18004.699444532394,3.506163596146254e-05
2643,1.932867169380188,10575.000058315838,18011.42485523224,3.5024832846433e-05
2644,1.8070292472839355,10579.000058315838,18019.845774173737,3.4988038642333316e-05
2645,1.733464241027832,10583.000058315838,18025.53820681572,3.495125337105749e-05
2646,1.843524694442749,10587.000058315838,18032.562752008438,3.491447705449418e-05
2647,1.927995204925537,10591.000058315838,18040.832316875458,3.487770971452675e-05
2648,2.025719404220581,10595.000058315838,18048.525434732437,3.4840951373033215e-05
2649,1.7429263591766357,10599.000058315838,18054.289011478424,3.4804202051886196e-05
2650,1.9802665710449219,10603.000058315838,18061.61525964737,3.4767461772952986e-05
2651,1.7999026775360107,10607.000058315838,18068.690275907516,3.473073055809553e-05
2652,1.8433960676193237,10611.000058315838,18076.517642974854,3.4694008429170295e-05
2653,1.8884150981903076,10615.000058315838,18083.75079345703,3.465729540802839e-05
2654,1.651879906654358,10619.000058315838,18089.756728172302,3.462059151651552e-05
2655,1.8807908296585083,10623.000058315838,18096.757981300354,3.4583896776471926e-05
2656,2.1235251426696777,10627.000058315838,18103.7386572361,3.4547211209732415e-05
2657,1.8289389610290527,10631.000058315838,18110.219287872314,3.4510534838126336e-05
2658,1.862144112586975,10635.000058315838,18117.332418441772,3.4473867683477585e-05
2659,1.7189831733703613,10639.000058315838,18124.157513856888,3.443720976760452e-05
2660,1.5796864032745361,10643.000058315838,18130.575879096985,3.4400561112320056e-05
2661,1.9417555332183838,10647.000058315838,18136.539257764816,3.436392173943159e-05
2662,1.6063454151153564,10651.000058315838,18143.662134170532,3.432729167074095e-05
2663,1.8053340911865234,10655.000058315838,18150.98978996277,3.429067092804449e-05
2664,1.8378491401672363,10659.000058315838,18156.984205961227,3.425405953313298e-05
2665,1.8431446552276611,10663.000058315838,18164.68372297287,3.421745750779162e-05
2666,1.9204134941101074,10667.000058315838,18170.69689464569,3.418086487380007e-05
2667,1.9161736965179443,10671.000058315838,18178.0966629982,3.414428165293238e-05
2668,1.8407566547393799,10675.000058315838,18185.653235673904,3.410770786695696e-05
2669,1.8997052907943726,10679.000058315838,18192.275323152542,3.4071143537636685e-05
2670,2.061126708984375,10683.000058315838,18198.88788151741,3.4034588686728745e-05
2671,1.8025219440460205,10687.000058315838,18206.97052717209,3.399804333598473e-05
2672,1.7706890106201172,10691.000058315838,18214.97367334366,3.396150750715052e-05
2673,2.109069347381592,10695.000058315838,18222.92985200882,3.3924981221966386e-05
2674,1.9948046207427979,10699.000058315838,18231.72384595871,3.388846450216691e-05
2675,2.018723487854004,10703.000058315838,18239.069439411163,3.385195736948094e-05
2676,1.812875509262085,10707.000058315838,18246.811451673508,3.381545984563165e-05
2677,1.8762850761413574,10711.000058315838,18253.58757710457,3.377897195233653e-05
2678,1.8187364339828491,10715.000058315838,18260.99619293213,3.3742493711307266e-05
2679,1.8895580768585205,10719.000058315838,18268.65822672844,3.370602514424986e-05
2680,1.9918409585952759,10723.000058315838,18275.09561276436,3.366956627286456e-05
2681,1.845147728919983,10727.000058315838,18281.833585500717,3.363311711884578e-05
2682,2.027074098587036,10731.000058315838,18287.18572497368,3.3596677703882204e-05
2683,2.0207033157348633,10735.000058315838,18293.868695259094,3.356024804965672e-05
2684,2.092116117477417,10739.000058315838,18299.514676094055,3.352382817784642e-05
2685,1.9229846000671387,10743.000058315838,18306.284243106842,3.3487418110122506e-05
2686,1.6266824007034302,10747.000058315838,18310.790900945663,3.345101786815043e-05
2687,1.8831011056900024,10751.000058315838,18317.543075799942,3.3414627473589745e-05
2688,2.137387752532959,10755.000058315838,18324.42759513855,3.337824694809417e-05
2689,2.206916332244873,10759.000058315838,18331.76456785202,3.334187631331153e-05
2690,2.0667996406555176,10763.000058315838,18339.324465036392,3.33055155908838e-05
2691,1.6439324617385864,10767.000058315838,18347.43037056923,3.3269164802447015e-05
2692,1.7596440315246582,10771.000058315838,18354.896107435226,3.323282396963131e-05
2693,1.7648653984069824,10775.000058315838,18361.150381803513,3.319649311406094e-05
2694,1.7055840492248535,10779.000058315838,18367.638154506683,3.316017225735414e-05
2695,1.8832281827926636,10783.000058315838,18373.172476291656,3.312386142112326e-05
2696,1.8055107593536377,10787.000058315838,18380.07341003418,3.3087560626974684e-05
2697,2.0209827423095703,10791.000058315838,18388.497771024704,3.3051269896508794e-05
2698,1.8597769737243652,10795.000058315838,18396.855385303497,3.301498925132e-05
2699,1.6994339227676392,10799.000058315838,18402.662959337234,3.297871871299669e-05
2700,2.0076894760131836,10803.000058315838,18409.453360795975,3.294245830312128e-05
2701,2.0275938510894775,10807.000058315838,18417.874365329742,3.290620804327011e-05
2702,1.9754494428634644,10811.000058315838,18425.99324822426,3.286996795501352e-05
2703,1.8909088373184204,10815.000058315838,18433.24863934517,3.28337380599158e-05
2704,1.8795855045318604,10819.000058315838,18438.824380397797,3.2797518379535096e-05
2705,1.995357632637024,10823.000058315838,18446.133171081543,3.276130893542359e-05
2706,2.1149656772613525,10827.000058315838,18452.66553068161,3.2725109749127323e-05
2707,2.1111679077148438,10831.000058315838,18459.62903404236,3.2688920842186183e-05
2708,1.9418612718582153,10835.000058315838,18466.793934822083,3.265274223613401e-05
2709,1.6755051612854004,10839.000058315838,18473.045006513596,3.261657395249851e-05
2710,1.9650866985321045,10843.000058315838,18481.141146421432,3.2580416012801196e-05
2711,1.859628438949585,10847.000058315838,18488.83374094963,3.254426843855747e-05
2712,1.9397932291030884,10851.000058315838,18496.060653448105,3.2508131251276565e-05
2713,1.9343914985656738,10855.000058315838,18502.30677485466,3.247200447246153e-05
2714,1.6209043264389038,10859.000058315838,18510.36300969124,3.243588812360917e-05
2715,1.9710379838943481,10863.000058315838,18517.67586016655,3.239978222621017e-05
2716,1.8121535778045654,10867.000058315838,18525.602435827255,3.236368680174895e-05
2717,2.03226900100708,10871.000058315838,18534.467400550842,3.2327601871703664e-05
2718,2.0252561569213867,10875.000058315838,18540.835887908936,3.229152745754629e-05
2719,1.895660161972046,10879.000058315838,18547.117458581924,3.2255463580742514e-05
2720,1.8096286058425903,10883.000058315838,18552.680757045746,3.221941026275175e-05
2721,2.042123556137085,10887.000058315838,18559.94535136223,3.218336752502712e-05
2722,1.704940676689148,10891.000058315838,18567.25314116478,3.214733538901551e-05
2723,1.7984344959259033,10895.000058315838,18573.635408639908,3.21113138761574e-05
2724,1.8666300773620605,10899.000058315838,18579.114902496338,3.207530300788701e-05
2725,1.8364994525909424,10903.000058315838,18584.443052768707,3.203930280563226e-05
2726,1.7160835266113281,10907.000058315838,18591.175404310226,3.200331329081462e-05
2727,1.8899030685424805,10911.000058315838,18598.254550933838,3.19673344848493e-05
2728,1.930750846862793,10915.000058315838,18605.561087846756,3.193136640914508e-05
2729,1.8775999546051025,10919.000058315838,18612.64336490631,3.18954090851044e-05
2730,1.7550415992736816,10923.000058315838,18618.779227495193,3.1859462534123233e-05
2731,1.7904937267303467,10927.000058315838,18625.1081533432,3.182352677759121e-05
2732,1.941753625869751,10931.000058315838,18631.74791240692,3.178760183689152e-05
2733,2.303583860397339,10935.000058315838,18638.286938905716,3.175168773340089e-05
2734,1.8604471683502197,10939.000058315838,18644.11480665207,3.1715784488489635e-05
2735,2.025487184524536,10943.000058315838,18651.11324119568,3.16798921235216e-05
2736,1.723879098892212,10947.000058315838,18657.820734977722,3.1644010659854114e-05
2737,1.7921470403671265,10951.000058315838,18664.00140094757,3.160814011883807e-05
2738,1.9320427179336548,10955.000058315838,18669.797336101532,3.1572280521817874e-05
2739,1.7808769941329956,10959.000058315838,18677.73255300522,3.153643189013133e-05
2740,1.7721081972122192,10963.000058315838,18685.19665980339,3.150059424510982e-05
2741,1.9817054271697998,10967.000058315838,18691.481563806534,3.146476760807813e-05
2742,1.9042869806289673,10971.000058315838,18698.813403606415,3.142895200035453e-05
2743,1.9115498065948486,10975.000058315838,18706.298132896423,3.1393147443250686e-05
2744,1.770613431930542,10979.000058315838,18713.138293743134,3.135735395807172e-05
2745,1.8078131675720215,10983.000058315838,18721.466325044632,3.132157156611619e-05
2746,2.020768165588379,10987.000058315838,18729.605135679245,3.128580028867596e-05
2747,2.0015130043029785,10991.000058315838,18735.98681473732,3.125004014703637e-05
2748,2.0540809631347656,10995.000058315838,18742.89662337303,3.121429116247613e-05
2749,1.8941378593444824,10999.000058315838,18747.762163877487,3.117855335626724e-05
2750,1.7040343284606934,11003.000058315838,18755.013701438904,3.1142826749675116e-05
2751,1.925832748413086,11007.000058315838,18762.432272672653,3.1107111363958506e-05
2752,1.482021450996399,11011.000058315838,18767.377116918564,3.1071407220369426e-05
2753,1.8709759712219238,11015.000058315838,18772.636575460434,3.1035714340153256e-05
2754,1.9393856525421143,11019.000058315838,18778.830767393112,3.100003274454867e-05
2755,1.8615589141845703,11023.000058315838,18783.4087433815,3.096436245478761e-05
2756,1.8592288494110107,11027.000058315838,18790.44578742981,3.092870349209527e-05
2757,1.7961686849594116,11031.000058315838,18797.950639486313,3.0893055877690154e-05
2758,1.8591994047164917,11035.000058315838,18804.73822951317,3.0857419632784006e-05
2759,2.064284324645996,11039.000058315838,18812.760047197342,3.0821794778581735e-05
2760,1.6591633558273315,11043.000058315838,18819.017738103867,3.0786181336281555e-05
2761,2.0024943351745605,11047.000058315838,18827.373537778854,3.075057932707488e-05
2762,2.025721549987793,11051.000058315838,18833.175033807755,3.071498877214625e-05
2763,1.8495784997940063,11055.000058315838,18839.524665117264,3.067940969267347e-05
2764,1.852180004119873,11059.000058315838,18846.950397729874,3.06438421098275e-05
2765,1.9594277143478394,11063.000058315838,18854.46045947075,3.06082860447724e-05
2766,2.0755085945129395,11067.000058315838,18861.731034994125,3.057274151866545e-05
2767,1.6566438674926758,11071.000058315838,18869.500865459442,3.053720855265705e-05
2768,2.067523956298828,11075.000058315838,18877.483524799347,3.0501687167890676e-05
2769,1.8232659101486206,11079.000058315838,18884.031051158905,3.0466177385502943e-05
2770,1.8465523719787598,11083.000058315838,18892.35575222969,3.043067922662358e-05
2771,2.055598020553589,11087.000058315838,18900.276461601257,3.0395192712375395e-05
2772,1.8980393409729004,11091.000058315838,18906.99293899536,3.0359717863874205e-05
2773,2.096101999282837,11095.000058315838,18913.690368175507,3.0324254702228966e-05
2774,1.897139310836792,11099.000058315838,18919.588759183884,3.0288803248541658e-05
2775,1.8599662780761719,11103.000058315838,18925.217745542526,3.025336352390726e-05
2776,1.9339244365692139,11107.000058315838,18932.2589969635,3.0217935549413796e-05
2777,1.9549274444580078,11111.000058315838,18940.181123495102,3.018251934614234e-05
2778,2.069711685180664,11115.000058315838,18947.18838596344,3.0147114935166864e-05
2779,1.8385164737701416,11119.000058315838,18955.258791685104,3.0111722337554395e-05
2780,2.0335309505462646,11123.000058315838,18961.93241596222,3.007634157436495e-05
2781,2.08535099029541,11127.000058315838,18969.443655014038,3.0040972666651422e-05
2782,1.907869577407837,11131.000058315838,18975.565179109573,3.000561563545971e-05
2783,2.0439324378967285,11135.000058315838,18983.091927289963,2.9970270501828642e-05
2784,1.826132893562317,11139.000058315838,18989.47010231018,2.9934937286789955e-05
2785,1.7591763734817505,11143.000058315838,18995.88901591301,2.9899616011368298e-05
2786,1.9638538360595703,11147.000058315838,19001.79716515541,2.9864306696581194e-05
2787,2.0234174728393555,11151.000058315838,19009.71541237831,2.982900936343909e-05
2788,1.759196400642395,11155.000058315838,19016.55646252632,2.979372403294526e-05
2789,1.9345914125442505,11159.000058315838,19024.230235099792,2.9758450726095876e-05
2790,2.089840888977051,11163.000058315838,19030.661376714706,2.9723189463879945e-05
2791,1.7542102336883545,11167.000058315838,19035.59355521202,2.9687940267279265e-05
2792,1.9236984252929688,11171.000058315838,19043.445823907852,2.9652703157268505e-05
2793,1.9434847831726074,11175.000058315838,19051.129947662354,2.9617478154815158e-05
2794,1.8589036464691162,11179.000058315838,19057.535079479218,2.9582265280879423e-05
2795,1.9174294471740723,11183.000058315838,19063.710690021515,2.954706455641436e-05
2796,1.588533639907837,11187.000058315838,19067.736817359924,2.95118760023658e-05
2797,1.6827542781829834,11191.000058315838,19073.968240261078,2.947669963967228e-05
2798,1.9656391143798828,11195.000058315838,19080.155722141266,2.9441535489265128e-05
2799,1.8254735469818115,11199.000058315838,19088.250015974045,2.9406383572068394e-05
2800,1.8270361423492432,11203.000058315838,19095.475635766983,2.937124390899886e-05
2801,1.8563575744628906,11207.000058315838,19101.904934167862,2.933611652096596e-05
2802,1.85193932056427,11211.000058315838,19107.643125534058,2.930100142887189e-05
2803,1.938234567642212,11215.000058315838,19114.73537158966,2.9265898653611515e-05
2804,1.970228672027588,11219.000058315838,19122.913658857346,2.923080821607234e-05
2805,2.1071994304656982,11223.000058315838,19131.375128746033,2.919573013713455e-05
2806,2.1770198345184326,11227.000058315838,19138.469710588455,2.916066443767101e-05
2807,1.8605704307556152,11231.000058315838,19146.804599761963,2.9125611138547134e-05
2808,2.0130257606506348,11235.000058315838,19154.254928827286,2.909057026062103e-05
2809,1.9774724245071411,11239.000058315838,19161.12165093422,2.905554182474342e-05
2810,1.9324431419372559,11243.000058315838,19167.545951604843,2.9020525851757544e-05
2811,1.9761160612106323,11247.000058315838,19175.489892721176,2.89855223624993e-05
2812,1.5662634372711182,11251.000058315838,19181.54231071472,2.895053137779714e-05
2813,1.6720749139785767,11255.000058315838,19188.323645591736,2.8915552918472065e-05
2814,1.9728469848632812,11259.000058315838,19194.49417257309,2.8880587005337636e-05
2815,1.8611681461334229,11263.000058315838,19201.044321775436,2.884563365919993e-05
2816,1.8303523063659668,11267.000058315838,19208.861479520798,2.8810692900857578e-05
2817,1.7949986457824707,11271.000058315838,19216.597829818726,2.8775764751101663e-05
2818,1.5983555316925049,11275.000058315838,19223.62874698639,2.8740849230715825e-05
2819,1.853548288345337,11279.000058315838,19230.292883634567,2.870594636047618e-05
2820,2.03967547416687,11283.000058315838,19238.196560382843,2.8671056161151264e-05
2821,1.932661533355713,11287.000058315838,19244.946469783783,2.8636178653502133e-05
2822,2.0063891410827637,11291.000058315838,19251.98203611374,2.8601313858282286e-05
2823,1.7123353481292725,11295.000058315838,19260.75554060936,2.856646179623761e-05
2824,1.850669026374817,11299.000058315838,19265.692734003067,2.8531622488106456e-05
2825,1.810348629951477,11303.000058315838,19270.376784086227,2.8496795954619583e-05
2826,1.738267421722412,11307.000058315838,19277.088626384735,2.846198221650016e-05
2827,2.2817280292510986,11311.000058315838,19284.62024450302,2.842718129446369e-05
2828,1.8548963069915771,11315.000058315838,19289.808317899704,2.8392393209218097e-05
2829,1.7969436645507812,11319.000058315838,19296.03338265419,2.8357617981463674e-05
2830,1.6734118461608887,11323.000058315838,19302.92505288124,2.832285563189301e-05
2831,1.9721800088882446,11327.000058315838,19309.604047060013,2.8288106181191072e-05
2832,1.7180532217025757,11331.000058315838,19316.16539168358,2.8253369650035176e-05
2833,2.029482841491699,11335.000058315838,19321.13810110092,2.821864605909488e-05
2834,1.792404055595398,11339.000058315838,19327.78403544426,2.818393542903209e-05
2835,1.9023699760437012,11343.000058315838,19334.5256152153,2.8149237780500992e-05
2836,1.8245517015457153,11347.000058315838,19342.09458041191,2.8114553134148052e-05
2837,2.012108564376831,11351.000058315838,19347.438330173492,2.807988151061199e-05
2838,1.8375979661941528,11355.000058315838,19353.228290319443,2.804522293052379e-05
2839,1.8910895586013794,11359.000058315838,19358.92663669586,2.801057741450664e-05
2840,2.012157440185547,11363.000058315838,19365.85333299637,2.797594498317599e-05
2841,1.9971189498901367,11367.000058315838,19373.465755462646,2.794132565713949e-05
2842,1.8391826152801514,11371.000058315838,19381.46778678894,2.790671945699702e-05
2843,1.8353239297866821,11375.000058315838,19388.76992082596,2.787212640334059e-05
2844,1.9135164022445679,11379.000058315838,19395.586137533188,2.783754651675443e-05
2845,1.8179514408111572,11383.000058315838,19401.25472831726,2.780297981781495e-05
2846,1.8579611778259277,11387.000058315838,19408.90478205681,2.776842632709065e-05
2847,1.822446584701538,11391.000058315838,19415.196707248688,2.7733886065142235e-05
2848,1.9641590118408203,11395.000058315838,19423.024945020676,2.7699359052522523e-05
2849,1.9305391311645508,11399.000058315838,19429.542382001877,2.7664845309776405e-05
2850,1.9823697805404663,11403.000058315838,19435.541531562805,2.7630344857440935e-05
2851,1.9350916147232056,11407.000058315838,19442.42596054077,2.7595857716045238e-05
2852,2.0813117027282715,11411.000058315838,19449.68929719925,2.7561383906110487e-05
2853,1.6493546962738037,11415.000058315838,19455.348028182983,2.7526923448149966e-05
2854,1.8343393802642822,11419.000058315838,19462.813462257385,2.749247636266899e-05
2855,1.8521262407302856,11423.000058315838,19469.793649435043,2.7458042670164935e-05
2856,1.6734528541564941,11427.000058315838,19476.527009010315,2.7423622391127207e-05
2857,1.7474291324615479,11431.000058315838,19481.90571117401,2.7389215546037184e-05
2858,2.0110814571380615,11435.000058315838,19488.739965438843,2.7354822155368304e-05
2859,1.8293707370758057,11439.000058315838,19495.63912653923,2.732044223958598e-05
2860,1.7915771007537842,11443.000058315838,19501.585290908813,2.7286075819147614e-05
2861,1.9126012325286865,11447.000058315838,19510.11359477043,2.7251722914502593e-05
2862,1.985460638999939,11451.000058315838,19518.46876192093,2.7217383546092185e-05
2863,1.860538363456726,11455.000058315838,19525.584301948547,2.7183057734349698e-05
2864,1.9726927280426025,11459.000058315838,19532.386165857315,2.7148745499700344e-05
2865,1.9824250936508179,11463.000058315838,19539.61967277527,2.711444686256121e-05
2866,1.720901608467102,11467.000058315838,19545.438343048096,2.7080161843341346e-05
2867,1.8742756843566895,11471.000058315838,19551.31589770317,2.7045890462441694e-05
2868,1.9818689823150635,11475.000058315838,19557.896204948425,2.701163274025504e-05
2869,1.9032542705535889,11479.000058315838,19565.27914571762,2.6977388697166087e-05
2870,2.0888469219207764,11483.000058315838,19572.260544538498,2.6943158353551378e-05
2871,1.98301362991333,11487.000058315838,19580.453709602356,2.6908941729779323e-05
2872,1.7797398567199707,11491.000058315838,19586.422981500626,2.6874738846210125e-05
2873,1.7738906145095825,11495.000058315838,19592.151742458344,2.6840549723195855e-05
2874,2.216161012649536,11499.000058315838,19598.728107213974,2.6806374381080398e-05
2875,1.8636181354522705,11503.000058315838,19604.905814170837,2.6772212840199374e-05
2876,2.262481212615967,11507.000058315838,19611.494421958923,2.673806512088027e-05
2877,2.0253663063049316,11511.000058315838,19618.24324774742,2.6703931243442316e-05
2878,2.081787586212158,11515.000058315838,19625.826149225235,2.666981122819649e-05
2879,1.7952154874801636,11519.000058315838,19633.236494779587,2.6635705095445553e-05
2880,1.6922521591186523,11523.000058315838,19640.856827020645,2.6601612865484007e-05
2881,1.8900777101516724,11527.000058315838,19646.73824119568,2.6567534558598014e-05
2882,1.8722128868103027,11531.000058315838,19653.722512960434,2.653347019506554e-05
2883,2.180924415588379,11535.000058315838,19662.587384700775,2.6499419795156185e-05
2884,1.8798236846923828,11539.000058315838,19668.507539749146,2.646538337913132e-05
2885,1.8661311864852905,11543.000058315838,19674.44593477249,2.6431360967243893e-05
2886,1.8602454662322998,11547.000058315838,19680.654970645905,2.639735257973859e-05
2887,1.7527275085449219,11551.000058315838,19688.72287940979,2.6363358236851758e-05
2888,1.913853406906128,11555.000058315838,19694.36424589157,2.6329377958811318e-05
2889,1.6167176961898804,11559.000058315838,19699.962116479874,2.629541176583688e-05
2890,1.940799355506897,11563.000058315838,19705.571930646896,2.6261459678139697e-05
2891,2.011430501937866,11567.000058315838,19712.678045749664,2.622752171592254e-05
2892,1.7439825534820557,11571.000058315838,19720.131070375443,2.6193597899379835e-05
2893,1.9500586986541748,11575.000058315838,19726.724800109863,2.6159688248697618e-05
2894,1.6978241205215454,11579.000058315838,19732.673697948456,2.6125792784053413e-05
2895,1.9850914478302002,11583.000058315838,19739.142977952957,2.6091911525616368e-05
2896,1.7892378568649292,11587.000058315838,19746.026900291443,2.6058044493547176e-05
2897,1.8115050792694092,11591.000058315838,19753.083855867386,2.6024191707998014e-05
2898,1.7282127141952515,11595.000058315838,19759.681421279907,2.5990353189112634e-05
2899,2.002344846725464,11599.000058315838,19766.581272363663,2.595652895702627e-05
2900,2.028719902038574,11603.000058315838,19773.129718780518,2.5922719031865675e-05
2901,1.9161802530288696,11607.000058315838,19781.9605820179,2.5888923433749074e-05
2902,1.8673381805419922,11611.000058315838,19788.168553352356,2.5855142182786167e-05
2903,1.8890604972839355,11615.000058315838,19795.561752319336,2.5821375299078157e-05
2904,1.811509132385254,11619.000058315838,19803.3219666481,2.57876228027176e-05
2905,1.7649824619293213,11623.000058315838,19810.9199988842,2.5753884713788587e-05
2906,1.7773771286010742,11627.000058315838,19818.705412864685,2.5720161052366624e-05
2907,1.879044771194458,11631.000058315838,19827.3594250679,2.5686451838518557e-05
2908,1.7522475719451904,11635.000058315838,19834.008606672287,2.5652757092302727e-05
2909,1.7851773500442505,11639.000058315838,19841.12725496292,2.561907683376883e-05
2910,1.955618143081665,11643.000058315838,19847.954307556152,2.5585411082957906e-05
2911,2.115581512451172,11647.000058315838,19854.703895568848,2.555175985990242e-05
2912,1.867984652519226,11651.000058315838,19862.79245018959,2.5518123184626157e-05
2913,1.8178168535232544,11655.000058315838,19869.533807516098,2.548450107714428e-05
2914,1.7544584274291992,11659.000058315838,19874.632093191147,2.5450893557463226e-05
2915,1.7867751121520996,11663.000058315838,19881.369590759277,2.5417300645580796e-05
2916,2.0441854000091553,11667.000058315838,19887.35480928421,2.5383722361486112e-05
2917,1.7942947149276733,11671.000058315838,19895.228250980377,2.5350158725159524e-05
2918,1.724951982498169,11675.000058315838,19899.95104455948,2.5316609756572738e-05
2919,1.9804649353027344,11679.000058315838,19905.615208625793,2.528307547568872e-05
2920,2.009495258331299,11683.000058315838,19913.38755965233,2.5249555902461635e-05
2921,1.8234013319015503,11687.000058315838,19920.21596813202,2.5216051056836964e-05
2922,1.940342664718628,11691.000058315838,19927.60658955574,2.5182560958751415e-05
2923,1.9166450500488281,11695.000058315838,19934.120024442673,2.5149085628132893e-05
2924,1.699885368347168,11699.000058315838,19939.909613609314,2.5115625084900534e-05
2925,1.815403699874878,11703.000058315838,19945.498071670532,2.5082179348964673e-05
2926,1.8439996242523193,11707.000058315838,19952.223109960556,2.5048748440226846e-05
2927,2.020578145980835,11711.000058315838,19958.529986143112,2.501533237857972e-05
2928,1.9728682041168213,11715.000058315838,19965.154691934586,2.4981931183907184e-05
2929,1.9391047954559326,11719.000058315838,19972.75656104088,2.4948544876084267e-05
2930,1.9469616413116455,11723.000058315838,19979.478120088577,2.4915173474977097e-05
2931,1.6573070287704468,11727.000058315838,19985.88048696518,2.488181700044298e-05
2932,2.0839321613311768,11731.000058315838,19992.797862768173,2.4848475472330345e-05
2933,1.9440581798553467,11735.000058315838,19999.948045492172,2.4815148910478666e-05
2934,1.800044298171997,11739.000058315838,20007.99589419365,2.4781837334718576e-05
2935,1.9364018440246582,11743.000058315838,20014.031242370605,2.4748540764871786e-05
2936,1.842032790184021,11747.000058315838,20020.735634803772,2.4715259220751018e-05
2937,1.6147310733795166,11751.000058315838,20027.01552915573,2.4681992722160114e-05
2938,1.9366779327392578,11755.000058315838,20034.508853197098,2.4648741288893962e-05
2939,1.8378747701644897,11759.000058315838,20039.48048210144,2.4615504940738423e-05
2940,1.9761115312576294,11763.000058315838,20044.310310602188,2.458228369747046e-05
2941,1.9616405963897705,11767.000058315838,20051.116246700287,2.4549077578857995e-05
2942,1.7417278289794922,11771.000058315838,20057.353756666183,2.451588660465998e-05
2943,1.840611219406128,11775.000058315838,20063.857170820236,2.4482710794626368e-05
2944,1.66762375831604,11779.000058315838,20071.01077771187,2.444955016849801e-05
2945,1.5943580865859985,11783.000058315838,20077.58666396141,2.4416404746006816e-05
2946,2.0028727054595947,11787.000058315838,20083.44939994812,2.4383274546875597e-05
2947,2.0292015075683594,11791.000058315838,20090.647223234177,2.4350159590818122e-05
2948,1.7468122243881226,11795.000058315838,20098.323226690292,2.431705989753911e-05
2949,1.7805216312408447,11799.000058315838,20104.02875518799,2.4283975486734122e-05
2950,1.8111170530319214,11803.000058315838,20110.343693256378,2.425090637808972e-05
2951,1.8396028280258179,11807.000058315838,20117.492587804794,2.421785259128332e-05
2952,2.046863555908203,11811.000058315838,20123.456952810287,2.418481414598318e-05
2953,1.9941964149475098,11815.000058315838,20130.4496614933,2.4151791061848503e-05
2954,1.8518218994140625,11819.000058315838,20135.930113315582,2.4118783358529308e-05
2955,1.8297823667526245,11823.000058315838,20142.971769571304,2.4085791055666485e-05
2956,1.687967300415039,11827.000058315838,20150.015847444534,2.405281417289172e-05
2957,2.194460153579712,11831.000058315838,20157.3931016922,2.401985272982756e-05
2958,2.0908684730529785,11835.000058315838,20164.12622833252,2.398690674608737e-05
2959,1.946140170097351,11839.000058315838,20171.566167593002,2.395397624127527e-05
2960,2.2785325050354004,11843.000058315838,20178.269630670547,2.3921061234986222e-05
2961,1.8222540616989136,11847.000058315838,20184.301939487457,2.3888161746805954e-05
2962,1.8272156715393066,11851.000058315838,20191.144040822983,2.3855277796310916e-05
2963,1.9448820352554321,11855.000058315838,20198.51274895668,2.382240940306836e-05
2964,1.8482310771942139,11859.000058315838,20206.20203447342,2.3789556586636276e-05
2965,1.829309344291687,11863.000058315838,20214.09355711937,2.375671936656337e-05
2966,1.7969540357589722,11867.000058315838,20220.891098499298,2.372389776238907e-05
2967,1.9378834962844849,11871.000058315838,20227.60922050476,2.3691091793643545e-05
2968,1.7917733192443848,11875.000058315838,20232.859619379044,2.365830147984759e-05
2969,1.8651258945465088,11879.000058315838,20241.369719028473,2.3625526840512735e-05
2970,2.077526569366455,11883.000058315838,20248.95214867592,2.3592767895141192e-05
2971,1.8822109699249268,11887.000058315838,20255.31683063507,2.3560024663225816e-05
2972,1.9397491216659546,11891.000058315838,20262.772487401962,2.352729716425009e-05
2973,1.888408899307251,11895.000058315838,20268.80163502693,2.349458541768816e-05
2974,1.8696072101593018,11899.000058315838,20274.07306790352,2.3461889443004835e-05
2975,1.9720325469970703,11903.000058315838,20280.444073677063,2.342920925965544e-05
2976,1.9603066444396973,11907.000058315838,20286.012959718704,2.3396544887086e-05
2977,1.9665206670761108,11911.000058315838,20291.657255649567,2.336389634473311e-05
2978,1.8190265893936157,11915.000058315838,20298.128017902374,2.3331263652023896e-05
2979,1.9577387571334839,11919.000058315838,20306.58293914795,2.3298646828376095e-05
2980,1.9852135181427002,11923.000058315838,20312.975061893463,2.3266045893198025e-05
2981,1.8853046894073486,11927.000058315838,20320.452024936676,2.3233460865888478e-05
2982,1.947350025177002,11931.000058315838,20326.327691316605,2.320089176583684e-05
2983,1.7920055389404297,11935.000058315838,20333.48378753662,2.3168338612423e-05
2984,1.756862998008728,11939.000058315838,20339.584123134613,2.3135801425017378e-05
2985,1.9970250129699707,11943.000058315838,20348.0454454422,2.310328022298084e-05
2986,1.5902578830718994,11947.000058315838,20353.698722600937,2.3070775025664788e-05
2987,1.934849500656128,11951.000058315838,20361.549879074097,2.303828585241109e-05
2988,2.007451057434082,11955.000058315838,20369.275134563446,2.3005812722552076e-05
2989,1.80124831199646,11959.000058315838,20375.980952739716,2.2973355655410533e-05
2990,1.6498451232910156,11963.000058315838,20381.88184952736,2.29409146702997e-05
2991,1.9316380023956299,11967.000058315838,20389.92574930191,2.29084897865232e-05
2992,1.8709744215011597,11971.000058315838,20396.723581314087,2.2876081023375122e-05
2993,1.7323462963104248,11975.000058315838,20404.496988534927,2.284368840013998e-05
2994,1.8758063316345215,11979.000058315838,20410.856594324112,2.2811311936092603e-05
2995,1.884366512298584,11983.000058315838,20416.958782196045,2.2778951650498277e-05
2996,1.6068577766418457,11987.000058315838,20424.3025097847,2.2746607562612642e-05
2997,1.8072030544281006,11991.000058315838,20431.711354494095,2.271427969168171e-05
2998,1.6871137619018555,11995.000058315838,20440.190701961517,2.2681968056941803e-05
2999,1.897476077079773,11999.000058315838,20447.306838989258,2.2649672677619617e-05
3000,1.8072465658187866,12003.000058315838,20454.38713502884,2.2617393572932197e-05
3001,2.043484687805176,12007.000058315838,20461.52296423912,2.2585130762086822e-05
3003,1.7072218656539917,12015.000058315838,20473.098425388336,2.2520654098703147e-05
3004,1.9380943775177002,12019.000058315838,20479.132493019104,2.2488440284530967e-05
3005,1.9938971996307373,12023.000058315838,20486.30085349083,2.2456242840933112e-05
3006,1.7794533967971802,12027.000058315838,20492.25177001953,2.2424061787068345e-05
3007,2.0674028396606445,12031.000058315838,20499.590448856354,2.2391897142085616e-05
3008,2.085224151611328,12035.000058315838,20506.438413381577,2.235974892512416e-05
3009,1.6022673845291138,12039.000058315838,20514.093509674072,2.2327617155313438e-05
3010,1.7355915307998657,12043.000058315838,20520.893797636032,2.22955018517731e-05
3011,1.8436620235443115,12047.000058315838,20528.31795811653,2.2263403033613008e-05
3012,1.7868599891662598,12051.000058315838,20534.82241678238,2.223132071993322e-05
3013,1.8401652574539185,12055.000058315838,20541.608997821808,2.219925492982399e-05
3014,1.9831812381744385,12059.000058315838,20548.02028155327,2.216720568236568e-05
3015,2.0030834674835205,12063.000058315838,20555.299647808075,2.213517299662887e-05
3016,1.7579312324523926,12067.000058315838,20562.19265460968,2.210315689167427e-05
3017,1.7687597274780273,12071.000058315838,20570.086567401886,2.2071157386552686e-05
3018,1.984257459640503,12075.000058315838,20577.248386621475,2.2039174500305092e-05
3019,2.0972118377685547,12079.000058315838,20584.26656627655,2.2007208251962578e-05
3020,1.8528560400009155,12083.000058315838,20590.619416236877,2.1975258660546282e-05
3021,2.0555968284606934,12087.000058315838,20597.05815720558,2.194332574506747e-05
3022,1.9153705835342407,12091.000058315838,20603.826462745667,2.1911409524527504e-05
3023,1.7873876094818115,12095.000058315838,20611.244713783264,2.1879510017917742e-05
3024,1.9200206995010376,12099.000058315838,20618.88173866272,2.184762724421966e-05
3025,1.926491141319275,12103.000058315838,20626.691939353943,2.1815761222404762e-05
3026,2.2045459747314453,12107.000058315838,20633.343033075333,2.1783911971434586e-05
3027,1.7438538074493408,12111.000058315838,20639.929289102554,2.1752079510260664e-05
3028,2.1654927730560303,12115.000058315838,20646.924594402313,2.172026385782456e-05
3029,2.0915699005126953,12119.000058315838,20651.934799432755,2.1688465033057855e-05
3030,1.8961387872695923,12123.000058315838,20660.171222925186,2.1656683054882055e-05
3031,1.9045851230621338,12127.000058315838,20666.687903642654,2.162491794220871e-05
3032,1.7079501152038574,12131.000058315838,20671.916652679443,2.1593169713939298e-05
3033,1.8767292499542236,12135.000058315838,20679.478683948517,2.1561438388965265e-05
3034,1.9160925149917603,12139.000058315838,20686.253210306168,2.152972398616798e-05
3035,1.9875504970550537,12143.000058315838,20692.69974899292,2.1498026524418783e-05
3036,1.7973504066467285,12147.000058315838,20699.367852687836,2.1466346022578867e-05
3037,1.7101861238479614,12151.000058315838,20705.56089401245,2.1434682499499382e-05
3038,2.0454165935516357,12155.000058315838,20712.73867249489,2.140303597402139e-05
3039,1.8823206424713135,12159.000058315838,20720.543756723404,2.137140646497578e-05
3040,1.8503203392028809,12163.000058315838,20727.367153167725,2.1339793991183355e-05
3041,1.7991697788238525,12167.000058315838,20733.965971708298,2.130819857145478e-05
3042,1.9283852577209473,12171.000058315838,20741.911099672318,2.127662022459059e-05
3043,1.9772899150848389,12175.000058315838,20748.900609731674,2.1245058969381096e-05
3044,1.7174022197723389,12179.000058315838,20753.93038368225,2.12135148246065e-05
3045,1.8271076679229736,12183.000058315838,20761.310542345047,2.1181987809036824e-05
3046,1.8266820907592773,12187.000058315838,20769.00828719139,2.1150477941431836e-05
3047,1.8270413875579834,12191.000058315838,20775.50812268257,2.1118985240541163e-05
3048,1.9339966773986816,12195.000058315838,20782.63433599472,2.108750972510421e-05
3049,1.8293545246124268,12199.000058315838,20787.8660094738,2.105605141385011e-05
3050,1.5221045017242432,12203.000058315838,20793.340043067932,2.10246103254978e-05
3051,1.9903496503829956,12207.000058315838,20800.9484436512,2.0993186478755967e-05
3052,1.6868342161178589,12211.000058315838,20809.07041668892,2.0961779892323025e-05
3053,1.8239128589630127,12215.000058315838,20815.471432209015,2.093039058488713e-05
3054,1.9111850261688232,12219.000058315838,20822.13394355774,2.0899018575126156e-05
3055,1.8711844682693481,12223.000058315838,20827.446135759354,2.0867663881707653e-05
3056,2.0765585899353027,12227.000058315838,20834.046491384506,2.0836326523288898e-05
3057,1.6596879959106445,12231.000058315838,20840.81544494629,2.080500651851685e-05
3058,1.8725063800811768,12235.000058315838,20847.04854774475,2.0773703886028164e-05
3059,1.7962541580200195,12239.000058315838,20853.964240074158,2.0742418644449086e-05
3060,1.7696912288665771,12243.000058315838,20859.51466870308,2.0711150812395584e-05
3061,1.6451747417449951,12247.000058315838,20865.025249004364,2.067990040847326e-05
3062,1.9098832607269287,12251.000058315838,20873.092522144318,2.0648667451277288e-05
3063,1.7672678232192993,12255.000058315838,20879.14177918434,2.0617451959392518e-05
3064,2.1211962699890137,12259.000058315838,20886.75304365158,2.0586253951393418e-05
3065,1.9051706790924072,12263.000058315838,20893.700785160065,2.055507344584398e-05
3066,1.6956324577331543,12267.000058315838,20901.03299355507,2.0523910461297842e-05
3067,1.810933232307434,12271.000058315838,20908.187447309494,2.0492765016298217e-05
3068,2.2563247680664062,12275.000058315838,20914.709844589233,2.046163712937784e-05
3069,1.8204951286315918,12279.000058315838,20922.95431828499,2.0430526819059032e-05
3070,2.0080196857452393,12283.000058315838,20930.382504463196,2.0399434103853645e-05
3071,2.0666983127593994,12287.000058315838,20937.63156604767,2.036835900226308e-05
3072,2.026904821395874,12291.000058315838,20944.054136753082,2.033730153277821e-05
3073,1.7123550176620483,12295.000058315838,20950.989023208618,2.030626171387946e-05
3074,1.9885094165802002,12299.000058315838,20957.601562976837,2.0275239564036728e-05
3075,1.8052572011947632,12303.000058315838,20964.66917657852,2.0244235101709423e-05
3076,1.740352749824524,12307.000058315838,20970.352328538895,2.0213248345346408e-05
3077,1.7487819194793701,12311.000058315838,20978.669557094574,2.018227931338603e-05
3078,1.6818124055862427,12315.000058315838,20983.815699100494,2.015132802425605e-05
3079,1.7899188995361328,12319.000058315838,20989.60597395897,2.0120394496373702e-05
3080,2.0054874420166016,12323.000058315838,20995.234202623367,2.0089478748145674e-05
3081,1.7435572147369385,12327.000058315838,21001.865547180176,2.0058580797968008e-05
3082,1.8097859621047974,12331.000058315838,21007.674298524857,2.002770066422621e-05
3083,1.8932057619094849,12335.000058315838,21014.059742450714,1.9996838365295178e-05
3084,1.8194929361343384,12339.000058315838,21019.778492212296,1.996599391953919e-05
3085,1.8630905151367188,12343.000058315838,21026.49283194542,1.9935167345311875e-05
3086,1.96013605594635,12347.000058315838,21033.6340944767,1.990435866095627e-05
3087,1.6101735830307007,12351.000058315838,21040.38498711586,1.9873567884804764e-05
3088,2.1905746459960938,12355.000058315838,21047.932889461517,1.9842795035179036e-05
3089,1.9453054666519165,12359.000058315838,21055.07639837265,1.9812040130390153e-05
3090,1.8138494491577148,12363.000058315838,21062.20020341873,1.9781303188738512e-05
3091,1.8087005615234375,12367.000058315838,21068.8546936512,1.975058422851376e-05
3092,1.8272478580474854,12371.000058315838,21075.61869072914,1.9719883267994896e-05
3093,2.0229334831237793,12375.000058315838,21083.009134054184,1.9689200325450215e-05
3094,1.682556390762329,12379.000058315838,21090.587676763535,1.9658535419137226e-05
3095,1.9053609371185303,12383.000058315838,21098.276419639587,1.9627888567302776e-05
3096,1.9634416103363037,12387.000058315838,21104.68504524231,1.959725978818294e-05
3097,1.9334747791290283,12391.000058315838,21111.886607170105,1.9566649100003038e-05
3098,2.011920928955078,12395.000058315838,21119.635444402695,1.9536056520977627e-05
3099,1.8392218351364136,12399.000058315838,21127.459208726883,1.9505482069310493e-05
3100,1.7065191268920898,12403.000058315838,21133.85961484909,1.9474925763194653e-05
3101,1.6588807106018066,12407.000058315838,21139.719422340393,1.9444387620812257e-05
3102,1.912092685699463,12411.000058315838,21145.508141756058,1.941386766033473e-05
3103,1.8144646883010864,12415.000058315838,21154.277291059494,1.938336589992265e-05
3104,1.9120540618896484,12419.000058315838,21161.07239341736,1.9352882357725724e-05
3105,1.684983491897583,12423.000058315838,21168.20296740532,1.932241705188288e-05
3106,1.7903034687042236,12427.000058315838,21175.41735315323,1.9291970000522174e-05
3107,1.720672607421875,12431.000058315838,21180.49448823929,1.9261541221760765e-05
3108,1.902575969696045,12435.000058315838,21185.696257591248,1.9231130733704986e-05
3109,1.9885560274124146,12439.000058315838,21192.80976843834,1.9200738554450276e-05
3110,1.6813509464263916,12443.000058315838,21200.257868766785,1.917036470208115e-05
3111,1.9533785581588745,12447.000058315838,21205.846939325333,1.9140009194671252e-05
3112,1.7331467866897583,12451.000058315838,21212.774617671967,1.91096720502833e-05
3113,1.6904338598251343,12455.000058315838,21219.99995136261,1.9079353286969095e-05
3114,1.7984874248504639,12459.000058315838,21228.417808055878,1.9049052922769455e-05
3115,1.7579176425933838,12463.000058315838,21234.934891939163,1.9018770975714304e-05
3116,1.7695536613464355,12467.000058315838,21241.13012766838,1.89885074638226e-05
3117,2.0405824184417725,12471.000058315838,21248.642554283142,1.895826240510228e-05
3118,1.868137240409851,12475.000058315838,21256.486685037613,1.8928035817550368e-05
3119,1.540358543395996,12479.000058315838,21264.10257267952,1.889782771915285e-05
3120,1.8161662817001343,12483.000058315838,21270.790274858475,1.8867638127884742e-05
3121,1.8848347663879395,12487.000058315838,21276.328365325928,1.8837467061710027e-05
3122,1.814942479133606,12491.000058315838,21283.037078380585,1.8807314538581692e-05
3123,1.6890119314193726,12495.000058315838,21289.703665733337,1.8777180576441624e-05
3124,1.8059818744659424,12499.000058315838,21296.831926584244,1.874706519322074e-05
3125,1.7175718545913696,12503.000058315838,21302.700135231018,1.8716968406838862e-05
3126,1.836578130722046,12507.000058315838,21310.590010404587,1.868689023520478e-05
3127,1.7265056371688843,12511.000058315838,21318.093192338943,1.8656830696216152e-05
3128,2.037147045135498,12515.000058315838,21325.380871534348,1.862678980775959e-05
3129,1.6970053911209106,12519.000058315838,21332.397401809692,1.859676758771062e-05
3130,2.0222206115722656,12523.000058315838,21339.630860090256,1.85667640539336e-05
3131,1.9227771759033203,12527.000058315838,21345.309850215912,1.853677922428184e-05
3132,2.0261287689208984,12531.000058315838,21352.50226855278,1.8506813116597483e-05
3133,1.8455393314361572,12535.000058315838,21357.88260245323,1.847686574871152e-05
3134,1.9362962245941162,12539.000058315838,21363.163216114044,1.8446937138443814e-05
3135,1.795438289642334,12543.000058315838,21370.761999845505,1.8417027303603084e-05
3136,1.5359089374542236,12547.000058315838,21374.696793079376,1.8387136261986817e-05
3137,1.761084794998169,12551.000058315838,21382.677030086517,1.8357264031381367e-05
3138,1.786715030670166,12555.000058315838,21389.043253421783,1.832741062956188e-05
3139,1.7228360176086426,12559.000058315838,21396.490387916565,1.8297576074292304e-05
3140,1.8461899757385254,12563.000058315838,21402.951788425446,1.826776038332538e-05
3141,1.8800342082977295,12567.000058315838,21410.48362183571,1.8237963574402582e-05
3142,1.7405595779418945,12571.000058315838,21417.4168009758,1.8208185665254193e-05
3143,1.7008841037750244,12575.000058315838,21424.625519037247,1.817842667359924e-05
3144,2.034939765930176,12579.000058315838,21431.861447572708,1.814868661714548e-05
3145,2.0482616424560547,12583.000058315838,21437.612110614777,1.8118965513589427e-05
3146,1.6769680976867676,12587.000058315838,21444.96295285225,1.808926338061628e-05
3147,1.971496820449829,12591.000058315838,21452.16894721985,1.8059580235899974e-05
3148,1.9966704845428467,12595.000058315838,21459.745946645737,1.802991609710317e-05
3149,1.6968692541122437,12599.000058315838,21466.62030148506,1.8000270981877156e-05
3150,2.0214271545410156,12603.000058315838,21474.313088417053,1.7970644907861948e-05
3151,1.9780833721160889,12607.000058315838,21480.248351097107,1.7941037892686242e-05
3152,1.8955051898956299,12611.000058315838,21488.03547668457,1.791144995396733e-05
3153,1.798887848854065,12615.000058315838,21495.634226560593,1.7881881109311222e-05
3154,1.895898699760437,12619.000058315838,21502.535433530807,1.785233137631253e-05
3155,1.7985271215438843,12623.000058315838,21508.04987025261,1.782280077255453e-05
3156,1.792475700378418,12627.000058315838,21515.14538526535,1.7793289315609038e-05
3157,1.814223051071167,12631.000058315838,21521.90251994133,1.7763797023036555e-05
3158,1.9175506830215454,12635.000058315838,21529.66485786438,1.7734323912386168e-05
3159,1.8163354396820068,12639.000058315838,21537.3733959198,1.770487000119549e-05
3160,1.9071261882781982,12643.000058315838,21544.694738149643,1.767543530699077e-05
3161,1.8301807641983032,12647.000058315838,21550.763443231583,1.764601984728681e-05
3162,2.1332201957702637,12651.000058315838,21558.621537923813,1.761662363958695e-05
3163,1.7731349468231201,12655.000058315838,21566.413117170334,1.7587246701383097e-05
3164,1.6617525815963745,12659.000058315838,21572.917013168335,1.7557889050155684e-05
3165,1.7278693914413452,12663.000058315838,21580.564898252487,1.7528550703373642e-05
3166,1.846764087677002,12667.000058315838,21587.330542087555,1.7499231678494443e-05
3167,1.8506195545196533,12671.000058315838,21594.008485794067,1.7469931992964058e-05
3168,1.8261339664459229,12675.000058315838,21601.88576388359,1.7440651664216962e-05
3169,1.8618171215057373,12679.000058315838,21607.935137033463,1.7411390709676075e-05
3170,1.9642369747161865,12683.000058315838,21613.86933040619,1.738214914675281e-05
3171,2.264444589614868,12687.000058315838,21621.32734465599,1.7352926992847073e-05
3172,1.8849900960922241,12691.000058315838,21628.602120876312,1.7323724265347146e-05
3173,1.8322691917419434,12695.000058315838,21635.82196354866,1.729454098162982e-05
3174,1.953680157661438,12699.000058315838,21643.544971466064,1.7265377159060302e-05
3175,1.9809770584106445,12703.000058315838,21651.25090932846,1.723623281499218e-05
3176,1.856089472770691,12707.000058315838,21658.588868379593,1.7207107966767494e-05
3177,1.7873812913894653,12711.000058315838,21665.02423930168,1.7178002631716683e-05
3178,1.8947527408599854,12715.000058315838,21671.97292304039,1.7148916827158537e-05
3179,1.8544201850891113,12719.000058315838,21679.412376642227,1.711985057040026e-05
3180,1.8656229972839355,12723.000058315838,21686.20383810997,1.7090803878737425e-05
3181,1.7860510349273682,12727.000058315838,21692.487578868866,1.706177676945392e-05
3182,1.921663522720337,12731.000058315838,21700.738888263702,1.7032769259822036e-05
3183,1.8843116760253906,12735.000058315838,21705.787014961243,1.7003781367102364e-05
3184,1.7282578945159912,12739.000058315838,21713.844549894333,1.6974813108543848e-05
3185,1.7607805728912354,12743.000058315838,21719.514350652695,1.6945864501383726e-05
3186,1.9754564762115479,12747.000058315838,21726.594889879227,1.6916935562847566e-05
3187,1.6898115873336792,12751.000058315838,21733.109271764755,1.688802631014922e-05
3188,1.9797844886779785,12755.000058315838,21740.402173757553,1.6859136760490796e-05
3189,1.7736878395080566,12759.000058315838,21747.49162173271,1.6830266931062736e-05
3190,1.7449182271957397,12763.000058315838,21752.86569237709,1.680141683904372e-05
3191,1.655824899673462,12767.000058315838,21758.614738702774,1.677258650160066e-05
3192,2.1023354530334473,12771.000058315838,21764.959677696228,1.6743775935888745e-05
3193,1.9971461296081543,12775.000058315838,21772.003811120987,1.671498515905142e-05
3194,1.5776503086090088,12779.000058315838,21779.061111927032,1.668621418822027e-05
3195,1.8613193035125732,12783.000058315838,21786.810290813446,1.665746304051518e-05
3196,1.781859040260315,12787.000058315838,21792.963432073593,1.6628731733044204e-05
3197,1.9150930643081665,12791.000058315838,21800.357137918472,1.660002028290362e-05
3198,1.9091204404830933,12795.000058315838,21807.439730405807,1.6571328707177814e-05
3199,1.871052622795105,12799.000058315838,21814.72005724907,1.6542657022939433e-05
3200,2.1259894371032715,12803.000058315838,21822.239150047302,1.651400524724926e-05
3201,2.0614824295043945,12807.000058315838,21828.911846399307,1.648537339715619e-05
3202,2.114643096923828,12811.000058315838,21836.879803419113,1.6456761489697307e-05
3203,1.900580883026123,12815.000058315838,21843.866627454758,1.6428169541897847e-05
3204,1.9772905111312866,12819.000058315838,21851.172871351242,1.6399597570771095e-05
3205,1.5942190885543823,12823.000058315838,21857.44205546379,1.6371045593318505e-05
3206,1.9462766647338867,12827.000058315838,21865.073530435562,1.634251362652963e-05
3207,1.8530571460723877,12831.000058315838,21872.626355409622,1.6314001687382103e-05
3208,1.9407745599746704,12835.000058315838,21878.84743642807,1.6285509792841646e-05
3209,1.8221784830093384,12839.000058315838,21886.6531727314,1.6257037959862074e-05
3210,1.8092944622039795,12843.000058315838,21893.342242717743,1.62285862053852e-05
3211,1.9892692565917969,12847.000058315838,21899.60958957672,1.6200154546340952e-05
3212,1.7933721542358398,12851.000058315838,21905.870909690857,1.6171742999647283e-05
3213,2.180598258972168,12855.000058315838,21914.174420118332,1.6143351582210188e-05
3214,1.7839891910552979,12859.000058315838,21921.86043357849,1.611498031092364e-05
3215,1.69474196434021,12863.000058315838,21926.92904138565,1.6086629202669677e-05
3216,1.877561092376709,12867.000058315838,21934.6544110775,1.605829827431833e-05
3217,1.9670798778533936,12871.000058315838,21942.167662143707,1.6029987542727584e-05
3218,1.9398512840270996,12875.000058315838,21949.580939292908,1.6001697024743443e-05
3219,1.753818154335022,12879.000058315838,21956.565307855606,1.5973426737199892e-05
3220,1.733190655708313,12883.000058315838,21962.73449897766,1.5945176696918826e-05
3221,2.0941555500030518,12887.000058315838,21970.210805416107,1.591694692071014e-05
3222,1.9172654151916504,12891.000058315838,21978.47890162468,1.5888737425371676e-05
3223,1.7912507057189941,12895.000058315838,21986.241486787796,1.5860548227689154e-05
3224,2.289271354675293,12899.000058315838,21993.37101459503,1.5832379344436265e-05
3225,1.7516047954559326,12903.000058315838,22001.682466506958,1.58042307923746e-05
3226,1.9746601581573486,12907.000058315838,22008.006536483765,1.5776102588253653e-05
3227,1.6730151176452637,12911.000058315838,22013.449640989304,1.5747994748810816e-05
3228,1.935704231262207,12915.000058315838,22019.80145049095,1.5719907290771324e-05
3229,1.88020658493042,12919.000058315838,22024.998897075653,1.5691840230848334e-05
3230,1.714080810546875,12923.000058315838,22032.029233694077,1.566379358574284e-05
3231,1.7838988304138184,12927.000058315838,22039.625032424927,1.56357673721437e-05
3232,1.949459195137024,12931.000058315838,22048.227864027023,1.5607761606727616e-05
3233,1.6917035579681396,12935.000058315838,22054.662110090256,1.5579776306159094e-05
3234,1.7889552116394043,12939.000058315838,22061.327833652496,1.5551811487090493e-05
3235,1.977555274963379,12943.000058315838,22068.11012005806,1.5523867166161988e-05
3236,1.824625849723816,12947.000058315838,22074.713004350662,1.5495943360001525e-05
3237,1.9418957233428955,12951.000058315838,22080.88159942627,1.5468040085224865e-05
3238,1.7343193292617798,12955.000058315838,22087.903409719467,1.544015735843556e-05
3239,1.8771681785583496,12959.000058315838,22094.64780974388,1.541229519622493e-05
3240,1.7065963745117188,12963.000058315838,22100.76541376114,1.5384453615172023e-05
3241,1.5908746719360352,12967.000058315838,22107.232704401016,1.5356632631843687e-05
3242,1.8694067001342773,12971.000058315838,22112.78373169899,1.532883226279452e-05
3243,1.9882651567459106,12975.000058315838,22119.016329288483,1.5301052524566793e-05
3244,2.1220786571502686,12979.000058315838,22124.740333795547,1.527329343369054e-05
3245,1.6436092853546143,12983.000058315838,22131.490000009537,1.5245555006683544e-05
3246,2.0126802921295166,12987.000058315838,22138.636229515076,1.5217837260051219e-05
3247,2.021481990814209,12991.000058315838,22145.31977558136,1.5190140210286713e-05
3248,1.7669405937194824,12995.000058315838,22152.804292201996,1.5162463873870869e-05
3249,1.8069734573364258,12999.000058315838,22160.69170475006,1.5134808267272185e-05
3250,1.7407469749450684,13003.000058315838,22166.27300643921,1.5107173406946831e-05
3251,1.8544453382492065,13007.000058315838,22172.325565576553,1.5079559309338645e-05
3252,1.6595392227172852,13011.000058315838,22178.366533756256,1.5051965990879066e-05
3253,1.9133973121643066,13015.000058315838,22185.192893743515,1.5024393467987215e-05
3254,1.8806304931640625,13019.000058315838,22191.37675356865,1.4996841757069823e-05
3255,1.7587809562683105,13023.000058315838,22198.348354816437,1.4969310874521252e-05
3256,1.904158592224121,13027.000058315838,22204.13604903221,1.4941800836723421e-05
3257,2.1178975105285645,13031.000058315838,22210.746547698975,1.4914311660045905e-05
3258,1.850490927696228,13035.000058315838,22217.584763526917,1.4886843360845841e-05
3259,1.9975628852844238,13039.000058315838,22224.786082029343,1.485939595546793e-05
3260,1.6895103454589844,13043.000058315838,22233.22480583191,1.483196946024445e-05
3261,1.898708462715149,13047.000058315838,22240.352496385574,1.4804563891495264e-05
3262,1.937806487083435,13051.000058315838,22246.069181203842,1.4777179265527731e-05
3263,1.8955885171890259,13055.000058315838,22252.89413022995,1.4749815598636787e-05
3264,1.8674440383911133,13059.000058315838,22259.967960596085,1.4722472907104905e-05
3265,1.8750501871109009,13063.000058315838,22266.453057050705,1.4695151207202013e-05
3266,2.1397545337677,13067.000058315838,22273.229095220566,1.4667850515185626e-05
3267,1.9615578651428223,13071.000058315838,22279.495628356934,1.4640570847300708e-05
3268,1.792250156402588,13075.000058315838,22283.381960868835,1.4613312219779758e-05
3269,1.758237600326538,13079.000058315838,22290.03293466568,1.458607464884269e-05
3270,2.028287887573242,13083.000058315838,22297.603310346603,1.4558858150696943e-05
3271,1.9163403511047363,13087.000058315838,22303.429977178574,1.4531662741537395e-05
3272,1.8371167182922363,13091.000058315838,22308.86012840271,1.4504488437546382e-05
3273,1.6729991436004639,13095.000058315838,22315.801450014114,1.4477335254893685e-05
3274,1.7867908477783203,13099.000058315838,22322.701048374176,1.445020320973651e-05
3275,1.8100123405456543,13103.000058315838,22329.272018432617,1.4423092318219472e-05
3276,1.7505385875701904,13107.000058315838,22335.8056268692,1.4396002596474628e-05
3277,1.7484714984893799,13111.000058315838,22341.427506685257,1.4368934060621422e-05
3278,1.8873801231384277,13115.000058315838,22349.414151906967,1.4341886726766682e-05
3279,1.7921208143234253,13119.000058315838,22354.95112013817,1.4314860611004628e-05
3280,1.716994285583496,13123.000058315838,22360.52197957039,1.4287855729416887e-05
3281,1.9409222602844238,13127.000058315838,22367.376011133194,1.4260872098072388e-05
3282,2.1052615642547607,13131.000058315838,22374.104088306427,1.4233909733027453e-05
3283,2.037335157394409,13135.000058315838,22381.20628118515,1.420696865032576e-05
3284,1.8219599723815918,13139.000058315838,22387.54534482956,1.418004886599831e-05
3285,1.8099502325057983,13143.000058315838,22394.803134918213,1.4153150396063406e-05
3286,1.8494017124176025,13147.000058315838,22401.30687570572,1.4126273256526701e-05
3287,2.0995547771453857,13151.000058315838,22409.032998800278,1.409941746338117e-05
3288,1.8137890100479126,13155.000058315838,22415.745710134506,1.407258303260702e-05
3289,1.8213343620300293,13159.000058315838,22422.823377609253,1.4045769980171814e-05
3290,1.6125068664550781,13163.000058315838,22430.440769672394,1.4018978322030372e-05
3291,1.9368188381195068,13167.000058315838,22437.921936273575,1.399220807412476e-05
3292,2.08280611038208,13171.000058315838,22445.42715024948,1.3965459252384332e-05
3293,1.7740037441253662,13175.000058315838,22452.47083091736,1.3938731872725683e-05
3294,1.8626900911331177,13179.000058315838,22459.783634901047,1.391202595105266e-05
3295,1.8997279405593872,13183.000058315838,22467.85068011284,1.3885341503256322e-05
3296,1.9265028238296509,13187.000058315838,22473.628743886948,1.3858678545214965e-05
3297,1.9869842529296875,13191.000058315838,22480.020123004913,1.3832037092794106e-05
3298,1.650866985321045,13195.000058315838,22485.517816781998,1.3805417161846424e-05
3299,1.9790383577346802,13199.000058315838,22492.83407497406,1.3778818768211839e-05
3300,1.882460355758667,13203.000058315838,22499.205536603928,1.3752241927717444e-05
3301,1.817176103591919,13207.000058315838,22505.220807790756,1.3725686656177472e-05
3302,1.9544389247894287,13211.000058315838,22512.581508636475,1.3699152969393373e-05
3303,1.5664390325546265,13215.000058315838,22519.411378383636,1.3672640883153728e-05
3304,1.8331224918365479,13219.000058315838,22526.584114789963,1.3646150413234256e-05
3305,1.697740912437439,13223.000058315838,22533.478574991226,1.3619681575397825e-05
3306,1.8496143817901611,13227.000058315838,22538.906921863556,1.3593234385394445e-05
3307,1.7237403392791748,13231.000058315838,22546.270186901093,1.3566808858961211e-05
3308,1.9320693016052246,13235.000058315838,22553.21548652649,1.354040501182235e-05
3309,1.8410749435424805,13239.000058315838,22560.615336179733,1.3514022859689203e-05
3310,1.7645612955093384,13243.000058315838,22568.264311552048,1.3487662418260155e-05
3311,1.7835586071014404,13247.000058315838,22574.21098279953,1.3461323703220714e-05
3312,1.5759990215301514,13251.000058315838,22580.354917764664,1.3435006730243447e-05
3313,2.0086371898651123,13255.000058315838,22587.68029332161,1.3408711514987988e-05
3314,1.7353904247283936,13259.000058315838,22594.27975177765,1.3382438073101027e-05
3315,1.864577054977417,13263.000058315838,22601.861830949783,1.3356186420216265e-05
3316,1.7545905113220215,13267.000058315838,22607.012212753296,1.3329956571954484e-05
3317,1.980481743812561,13271.000058315838,22613.71363401413,1.3303748543923461e-05
3318,1.8432233333587646,13275.000058315838,22621.235756397247,1.3277562351718001e-05
3319,1.8925988674163818,13279.000058315838,22628.175718784332,1.3251398010919933e-05
3320,2.056920051574707,13283.000058315838,22635.476016283035,1.3225255537098032e-05
3321,1.858779788017273,13287.000058315838,22641.783121824265,1.3199134945808109e-05
3322,1.815883994102478,13291.000058315838,22649.040247678757,1.3173036252592952e-05
3323,1.8497884273529053,13295.000058315838,22655.62349677086,1.3146959472982274e-05
3324,1.828399896621704,13299.000058315838,22662.167038679123,1.3120904622492801e-05
3325,1.8563716411590576,13303.000058315838,22668.82044363022,1.309487171662819e-05
3326,1.910287618637085,13307.000058315838,22676.294683933258,1.3068860770879044e-05
3327,1.8878257274627686,13311.000058315838,22683.927815914154,1.304287180072287e-05
3328,1.6555341482162476,13315.000058315838,22690.742715120316,1.3016904821624142e-05
3329,1.8031954765319824,13319.000058315838,22698.521864175797,1.2990959849034243e-05
3330,1.9327008724212646,13323.000058315838,22706.26554942131,1.2965036898391413e-05
3331,1.9371989965438843,13327.000058315838,22712.799823522568,1.293913598512084e-05
3332,1.9623974561691284,13331.000058315838,22720.72354745865,1.2913257124634594e-05
3333,1.9849085807800293,13335.000058315838,22727.926276922226,1.2887400332331586e-05
3334,1.7222745418548584,13339.000058315838,22735.56551527977,1.2861565623597633e-05
3335,2.1226847171783447,13343.000058315838,22743.15422129631,1.2835753013805392e-05
3336,1.6931217908859253,13347.000058315838,22749.191495656967,1.2809962518314389e-05
3337,1.9600870609283447,13351.000058315838,22755.49662065506,1.2784194152470968e-05
3338,2.0058393478393555,13355.000058315838,22763.16258621216,1.2758447931608331e-05
3339,1.763725996017456,13359.000058315838,22769.737596988678,1.2732723871046467e-05
3340,1.6069495677947998,13363.000058315838,22776.65085887909,1.2707021986092208e-05
3341,1.9492448568344116,13367.000058315838,22782.087438106537,1.268134229203918e-05
3342,2.1497092247009277,13371.000058315838,22788.413119077682,1.2655684804167826e-05
3343,1.9339238405227661,13375.000058315838,22795.382172584534,1.2630049537745324e-05
3344,1.8151524066925049,13379.000058315838,22802.275980949402,1.2604436508025672e-05
3345,1.8382461071014404,13383.000058315838,22808.839772224426,1.2578845730249645e-05
3346,2.098865032196045,13387.000058315838,22814.592782497406,1.2553277219644735e-05
3347,1.701244831085205,13391.000058315838,22821.955738782883,1.2527730991425204e-05
3348,1.7351865768432617,13395.000058315838,22827.899473667145,1.250220706079209e-05
3349,1.8486127853393555,13399.000058315838,22834.257135868073,1.2476705442933095e-05
3350,1.7745203971862793,13403.000058315838,22841.14106798172,1.2451226153022694e-05
3351,1.904714822769165,13407.000058315838,22848.54647541046,1.242576920622208e-05
3352,1.7556500434875488,13411.000058315838,22855.6155834198,1.2400334617679102e-05
3353,2.085999011993408,13415.000058315838,22862.125720977783,1.2374922402528347e-05
3354,2.0533673763275146,13419.000058315838,22868.842036008835,1.2349532575891082e-05
3355,2.0095252990722656,13423.000058315838,22875.56018781662,1.2324165152875265e-05
3356,1.8897844552993774,13427.000058315838,22883.368072509766,1.2298820148575474e-05
3357,1.632081389427185,13431.000058315838,22890.6992123127,1.227349757807299e-05
3358,1.682657241821289,13435.000058315838,22898.617398023605,1.2248197456435744e-05
3359,1.7822009325027466,13439.000058315838,22905.817139148712,1.222291979871829e-05
3360,2.1989850997924805,13443.000058315838,22913.43695664406,1.2197664619961829e-05
3361,1.8654067516326904,13447.000058315838,22920.893170833588,1.217243193519419e-05
3362,2.0259287357330322,13451.000058315838,22929.236911058426,1.2147221759429783e-05
3363,2.0040392875671387,13455.000058315838,22936.599906682968,1.2122034107669668e-05
3364,1.5651358366012573,13459.000058315838,22943.78698825836,1.2096868994901493e-05
3365,1.9028626680374146,13463.000058315838,22950.797882795334,1.2071726436099463e-05
3366,1.837287425994873,13467.000058315838,22957.296243429184,1.2046606446224389e-05
3367,1.8612600564956665,13471.000058315838,22963.55020260811,1.2021509040223661e-05
3368,1.8639425039291382,13475.000058315838,22970.957675457,1.1996434233031224e-05
3369,1.9940153360366821,13479.000058315838,22977.896010637283,1.1971382039567543e-05
3370,1.7955223321914673,13483.000058315838,22983.593372821808,1.1946352474739666e-05
3371,1.8168290853500366,13487.000058315838,22989.93504357338,1.192134555344119e-05
3372,2.0176236629486084,13491.000058315838,22996.61964082718,1.1896361290552172e-05
3373,1.9112497568130493,13495.000058315838,23003.52678990364,1.1871399700939246e-05
3374,1.84450101852417,13499.000058315838,23010.96665906906,1.1846460799455547e-05
3375,1.7538220882415771,13503.000058315838,23016.94071674347,1.1821544600940666e-05
3376,1.5097416639328003,13507.000058315838,23024.0724067688,1.1796651120220744e-05
3377,1.8700027465820312,13511.000058315838,23031.56354522705,1.1771780372108375e-05
3378,1.8508291244506836,13515.000058315838,23039.311640024185,1.1746932371402612e-05
3379,1.9734158515930176,13519.000058315838,23046.575082540512,1.1722107132888998e-05
3380,1.9312480688095093,13523.000058315838,23053.725031375885,1.1697304671339518e-05
3381,1.8145159482955933,13527.000058315838,23059.853677988052,1.1672525001512618e-05
3382,2.0829832553863525,13531.000058315838,23067.23839211464,1.164776813815316e-05
3383,1.9437646865844727,13535.000058315838,23073.199436187744,1.1623034095992458e-05
3384,2.007869243621826,13539.000058315838,23080.57031059265,1.1598322889748238e-05
3385,1.8247075080871582,13543.000058315838,23087.075152635574,1.157363453412462e-05
3386,1.8488943576812744,13547.000058315838,23093.167592048645,1.1548969043812148e-05
3387,2.1371164321899414,13551.000058315838,23100.877267837524,1.1524326433487768e-05
3388,1.9919191598892212,13555.000058315838,23106.21336555481,1.1499706717814775e-05
3389,1.6821752786636353,13559.000058315838,23113.622853279114,1.1475109911442877e-05
3390,1.7670599222183228,13563.000058315838,23118.792936563492,1.1450536029008148e-05
3391,2.141382932662964,13567.000058315838,23125.465819835663,1.1425985085132982e-05
3392,2.0074996948242188,13571.000058315838,23133.145833015442,1.1401457094426172e-05
3393,1.8845603466033936,13575.000058315838,23138.853701353073,1.1376952071482837e-05
3394,1.8844355344772339,13579.000058315838,23145.05005955696,1.1352470030884408e-05
3395,1.8951077461242676,13583.000058315838,23151.59406065941,1.1328010987198665e-05
3396,1.9034277200698853,13587.000058315838,23158.574860334396,1.1303574954979695e-05
3397,2.035161018371582,13591.000058315838,23165.21270632744,1.1279161948767915e-05
3398,1.7323181629180908,13595.000058315838,23170.400570631027,1.125477198308999e-05
3399,2.1799683570861816,13599.000058315838,23177.702521324158,1.1230405072458916e-05
3400,1.998322606086731,13603.000058315838,23184.577383041382,1.120606123137396e-05
3401,1.6039801836013794,13607.000058315838,23192.00529193878,1.118174047432067e-05
3402,1.8774511814117432,13611.000058315838,23199.83421730995,1.1157442815770829e-05
3403,2.0259697437286377,13615.000058315838,23207.67333626747,1.1133168270182505e-05
3404,1.8717854022979736,13619.000058315838,23213.778753757477,1.1108916852000004e-05
3405,2.2006781101226807,13623.000058315838,23220.59664607048,1.108468857565387e-05
3406,1.9167534112930298,13627.000058315838,23226.46383714676,1.1060483455560891e-05
3407,1.6507532596588135,13631.000058315838,23233.62717103958,1.1036301506124025e-05
3408,1.7928495407104492,13635.000058315838,23239.410370111465,1.1012142741732507e-05
3409,1.650626301765442,13639.000058315838,23245.15981388092,1.0988007176761739e-05
3410,1.7817273139953613,13643.000058315838,23251.937060832977,1.0963894825573337e-05
3411,1.808393955230713,13647.000058315838,23257.83159160614,1.0939805702515074e-05
3412,1.9656028747558594,13651.000058315838,23263.88340497017,1.0915739821920937e-05
3413,1.9704594612121582,13655.000058315838,23271.609208345413,1.0891697198111074e-05
3414,2.0504162311553955,13659.000058315838,23278.829938411713,1.0867677845391761e-05
3415,1.9596529006958008,13663.000058315838,23286.27080845833,1.0843681778055475e-05
3416,1.8684148788452148,13667.000058315838,23293.28540110588,1.0819709010380823e-05
3417,2.078676700592041,13671.000058315838,23300.169131040573,1.0795759556632511e-05
3418,1.895737886428833,13675.000058315838,23307.704689264297,1.0771833431061419e-05
3419,1.7920854091644287,13679.000058315838,23313.923003196716,1.0747930647904539e-05
3420,1.7168481349945068,13683.000058315838,23318.894993782043,1.0724051221384943e-05
3421,1.7378835678100586,13687.000058315838,23324.46941447258,1.0700195165711836e-05
3422,1.762595772743225,13691.000058315838,23331.454928398132,1.06763624950805e-05
3423,1.9776272773742676,13695.000058315838,23338.378088712692,1.0652553223672306e-05
3424,1.83473801612854,13699.000058315838,23345.892586946487,1.0628767365654715e-05
3425,2.038841962814331,13703.000058315838,23352.650551080704,1.0605004935181242e-05
3426,1.9193289279937744,13707.000058315838,23358.511598825455,1.058126594639145e-05
3427,1.694993257522583,13711.000058315838,23364.096708536148,1.0557550413410971e-05
3428,1.8378572463989258,13715.000058315838,23371.400998592377,1.0533858350351481e-05
3429,1.8064906597137451,13719.000058315838,23378.38895702362,1.05101897713107e-05
3430,1.736118197441101,13723.000058315838,23384.216242074966,1.0486544690372326e-05
3432,1.8826197385787964,13731.000058315838,23397.51719546318,1.043932507906787e-05
3433,1.7152912616729736,13735.000058315838,23404.297335147858,1.0415750576799294e-05
3434,1.9529728889465332,13739.000058315838,23411.209359407425,1.0392199628828157e-05
3435,1.6614216566085815,13743.000058315838,23420.09809112549,1.0368672249168216e-05
3436,1.7804417610168457,13747.000058315838,23426.47063779831,1.0345168451819147e-05
3437,1.885544776916504,13751.000058315838,23432.038389205933,1.0321688250766656e-05
3438,1.7000690698623657,13755.000058315838,23439.347945928574,1.029823165998237e-05
3439,1.8842556476593018,13759.000058315838,23445.774724006653,1.02747986934239e-05
3440,1.7099965810775757,13763.000058315838,23453.762530565262,1.0251389365034745e-05
3441,1.6862125396728516,13767.000058315838,23459.697264909744,1.0228003688744396e-05
3442,1.8888888359069824,13771.000058315838,23466.940952062607,1.020464167846825e-05
3443,1.5202929973602295,13775.000058315838,23473.336206436157,1.0181303348107597e-05
3444,1.9731274843215942,13779.000058315838,23481.53238749504,1.0157988711549664e-05
3445,2.088897466659546,13783.000058315838,23488.906767129898,1.0134697782667578e-05
3446,1.943841576576233,13787.000058315838,23497.189714431763,1.0111430575320355e-05
3447,1.8710238933563232,13791.000058315838,23503.014901399612,1.0088187103352887e-05
3448,1.65680992603302,13795.000058315838,23509.032343387604,1.0064967380595973e-05
3449,1.7219125032424927,13799.000058315838,23515.824932813644,1.0041771420866226e-05
3450,1.9502944946289062,13803.000058315838,23523.604816913605,1.0018599237966166e-05
3451,1.7308318614959717,13807.000058315838,23529.610087156296,9.995450845684155e-06
3452,1.747194766998291,13811.000058315838,23536.437667369843,9.972326257794373e-06
3453,1.8778636455535889,13815.000058315838,23542.991094589233,9.949225488056865e-06
3454,1.8878618478775024,13819.000058315838,23550.26544189453,9.926148550217501e-06
3455,1.7819597721099854,13823.000058315838,23556.170010328293,9.903095458007967e-06
3456,1.7840839624404907,13827.000058315838,23560.96955513954,9.880066225145732e-06
3457,1.6103689670562744,13831.000058315838,23567.489277601242,9.857060865334104e-06
3458,1.9095842838287354,13835.000058315838,23574.454334020615,9.834079392262193e-06
3459,1.8236453533172607,13839.000058315838,23582.55217051506,9.811121819604835e-06
3460,1.939806342124939,13843.000058315838,23588.740164756775,9.788188161022714e-06
3461,1.9296369552612305,13847.000058315838,23596.55232143402,9.765278430162254e-06
3462,1.7531174421310425,13851.000058315838,23604.274420261383,9.74239264065563e-06
3463,1.6428871154785156,13855.000058315838,23610.857073545456,9.71953080612078e-06
3464,1.7290763854980469,13859.000058315838,23617.627677440643,9.696692940161414e-06
3465,1.7952656745910645,13863.000058315838,23623.85186100006,9.67387905636693e-06
3466,1.925058364868164,13867.000058315838,23630.72533774376,9.651089168312492e-06
3467,1.7650160789489746,13871.000058315838,23638.60360598564,9.628323289558976e-06
3468,1.8216077089309692,13875.000058315838,23644.998844861984,9.605581433652974e-06
3469,1.544453501701355,13879.000058315838,23652.07695698738,9.582863614126776e-06
3470,1.5363446474075317,13883.000058315838,23656.892035007477,9.560169844498385e-06
3471,1.6642786264419556,13887.000058315838,23664.08562707901,9.537500138271477e-06
3472,1.787254810333252,13891.000058315838,23671.11132621765,9.514854508935411e-06
3473,1.8630098104476929,13895.000058315838,23676.084956645966,9.49223296996522e-06
3474,1.9410642385482788,13899.000058315838,23681.238857746124,9.469635534821621e-06
3475,1.6387572288513184,13903.000058315838,23688.09810614586,9.447062216950953e-06
3476,1.7766220569610596,13907.000058315838,23696.55909872055,9.424513029785236e-06
3477,1.8811583518981934,13911.000058315838,23705.013189554214,9.401987986742126e-06
3478,1.7742955684661865,13915.000058315838,23712.578817129135,9.379487101224884e-06
3479,1.8418002128601074,13919.000058315838,23719.201155424118,9.357010386622428e-06
3480,1.9729094505310059,13923.000058315838,23725.988962173462,9.334557856309299e-06
3481,1.580033779144287,13927.000058315838,23732.701894760132,9.31212952364561e-06
3482,1.896456003189087,13931.000058315838,23738.546672821045,9.2897254019771e-06
3483,1.9563955068588257,13935.000058315838,23746.726425886154,9.267345504635111e-06
3484,2.070796251296997,13939.000058315838,23753.279765367508,9.244989844936558e-06
3485,1.7167854309082031,13943.000058315838,23760.807436704636,9.222658436183918e-06
3486,1.6469541788101196,13947.000058315838,23767.25790333748,9.200351291665267e-06
3487,2.1753721237182617,13951.000058315838,23772.8184633255,9.17806842465423e-06
3488,1.8276991844177246,13955.000058315838,23777.29731965065,9.155809848409973e-06
3489,1.9010190963745117,13959.000058315838,23785.314782857895,9.133575576177232e-06
3490,1.9703681468963623,13963.000058315838,23790.313519239426,9.111365621186257e-06
3491,1.8679697513580322,13967.000058315838,23797.279240846634,9.089179996652857e-06
3492,1.9143061637878418,13971.000058315838,23804.01621890068,9.06701871577834e-06
3493,1.9144933223724365,13975.000058315838,23810.29509615898,9.044881791749545e-06
3494,1.6065397262573242,13979.000058315838,23815.900502443314,9.02276923773879e-06
3495,2.0712132453918457,13983.000058315838,23821.943549871445,9.000681066903919e-06
3496,1.8116320371627808,13987.000058315838,23829.28239631653,8.97861729238826e-06
3497,1.553192377090454,13991.000058315838,23836.099130630493,8.956577927320636e-06
3498,1.5812761783599854,13995.000058315838,23843.760282993317,8.934562984815311e-06
3499,1.7863996028900146,13999.000058315838,23851.10684943199,8.912572477972042e-06
3500,1.5614876747131348,14003.000058315838,23856.639197587967,8.890606419876054e-06
3501,1.7099605798721313,14007.000058315838,23862.74049091339,8.868664823597994e-06
3502,1.9000098705291748,14011.000058315838,23868.667229890823,8.846747702193982e-06
3503,1.7857792377471924,14015.000058315838,23874.71045446396,8.824855068705576e-06
3504,1.9461321830749512,14019.000058315838,23880.252230405807,8.802986936159716e-06
3505,1.8920323848724365,14023.000058315838,23886.327119588852,8.781143317568822e-06
3506,1.72434663772583,14027.000058315838,23892.080911397934,8.759324225930709e-06
3507,2.1288399696350098,14031.000058315838,23899.4112637043,8.73752967422857e-06
3508,1.7394154071807861,14035.000058315838,23905.855892419815,8.715759675431021e-06
3509,1.8268450498580933,14039.000058315838,23913.58655309677,8.69401424249207e-06
3510,1.8663733005523682,14043.000058315838,23920.48923420906,8.672293388351102e-06
3511,1.7571182250976562,14047.000058315838,23928.06614637375,8.650597125932872e-06
3512,1.7796891927719116,14051.000058315838,23935.046162843704,8.628925468147522e-06
3513,1.873387336730957,14055.000058315838,23941.556753396988,8.607278427890504e-06
3514,1.830175757408142,14059.000058315838,23948.02691268921,8.58565601804268e-06
3515,1.880653738975525,14063.000058315838,23954.92610359192,8.56405825147022e-06
3516,1.7647229433059692,14067.000058315838,23960.85374522209,8.542485141024656e-06
3517,2.0789778232574463,14071.000058315838,23968.992227077484,8.520936699542809e-06
3518,1.8232762813568115,14075.000058315838,23974.73318886757,8.49941293984686e-06
3519,1.5771435499191284,14079.000058315838,23980.82962179184,8.4779138747443e-06
3520,1.7541605234146118,14083.000058315838,23987.70164322853,8.456439517027885e-06
3521,1.858017921447754,14087.000058315838,23994.54555773735,8.434989879475722e-06
3522,1.9177672863006592,14091.000058315838,24002.072607278824,8.41356497485119e-06
3523,1.9293183088302612,14095.000058315838,24008.997388601303,8.392164815902917e-06
3524,1.7526280879974365,14099.000058315838,24015.558996915817,8.370789415364857e-06
3525,1.7475903034210205,14103.000058315838,24022.192846775055,8.349438785956207e-06
3526,2.1705708503723145,14107.000058315838,24029.452308893204,8.328112940381442e-06
3527,1.6617908477783203,14111.000058315838,24036.58445096016,8.306811891330243e-06
3528,1.8263565301895142,14115.000058315838,24043.457806110382,8.28553565147759e-06
3529,1.6123892068862915,14119.000058315838,24050.33209180832,8.264284233483683e-06
3530,1.7944111824035645,14123.000058315838,24056.275546312332,8.243057649993932e-06
3531,1.982640027999878,14127.000058315838,24064.318593978882,8.22185591363899e-06
3532,1.944268822669983,14131.000058315838,24070.36268234253,8.200679037034722e-06
3533,1.7555640935897827,14135.000058315838,24077.52101969719,8.179527032782202e-06
3534,1.7487926483154297,14139.000058315838,24083.899894714355,8.158399913467698e-06
3535,1.7296992540359497,14143.000058315838,24089.317457914352,8.137297691662686e-06
3536,1.7926814556121826,14147.000058315838,24095.426120519638,8.116220379923791e-06
3537,1.715322494506836,14151.000058315838,24102.89319586754,8.095167990792851e-06
3538,1.5709221363067627,14155.000058315838,24110.085331201553,8.07414053679686e-06
3539,1.8053803443908691,14159.000058315838,24116.86750650406,8.05313803044799e-06
3540,1.9000087976455688,14163.000058315838,24123.974482297897,8.032160484243528e-06
3541,2.1093006134033203,14167.000058315838,24131.239725112915,8.01120791066595e-06
3542,2.0401906967163086,14171.000058315838,24139.675044298172,7.990280322182874e-06
3543,2.0360286235809326,14175.000058315838,24145.789578914642,7.969377731246997e-06
3544,1.8458151817321777,14179.000058315838,24151.767493486404,7.94850015029621e-06
3545,1.9145891666412354,14183.000058315838,24158.878252983093,7.927647591753489e-06
3546,1.9925204515457153,14187.000058315838,24165.152431488037,7.906820068026902e-06
3547,1.7197887897491455,14191.000058315838,24170.25505924225,7.886017591509657e-06
3548,1.9120559692382812,14195.000058315838,24177.087737083435,7.865240174580053e-06
3549,1.9502006769180298,14199.000058315838,24183.155198574066,7.844487829601435e-06
3550,1.5904366970062256,14203.000058315838,24191.026198387146,7.823760568922286e-06
3551,1.8492120504379272,14207.000058315838,24198.460403442383,7.803058404876138e-06
3552,1.5841419696807861,14211.000058315838,24205.642949342728,7.782381349781573e-06
3553,2.120863914489746,14215.000058315838,24213.1160633564,7.761729415942252e-06
3554,1.8069117069244385,14219.000058315838,24219.058208942413,7.741102615646895e-06
3555,1.898626685142517,14223.000058315838,24226.748572587967,7.720500961169253e-06
3556,1.7666093111038208,14227.000058315838,24232.302859544754,7.699924464768108e-06
3557,1.8199255466461182,14231.000058315838,24238.832926273346,7.67937313868729e-06
3558,1.7936439514160156,14235.000058315838,24246.57598376274,7.658846995155656e-06
3559,1.7816205024719238,14239.000058315838,24252.93491601944,7.638346046387034e-06
3560,1.7457599639892578,14243.000058315838,24259.702684164047,7.61787030458031e-06
3561,1.9942693710327148,14247.000058315838,24265.91615843773,7.597419781919359e-06
3562,1.8579130172729492,14251.000058315838,24272.370016098022,7.576994490573024e-06
3563,1.7211709022521973,14255.000058315838,24280.057685375214,7.5565944426951605e-06
3564,2.183441638946533,14259.000058315838,24286.47084379196,7.53621965042461e-06
3565,1.7723249197006226,14263.000058315838,24291.314780712128,7.515870125885147e-06
3566,1.6727569103240967,14267.000058315838,24297.413557767868,7.495545881185545e-06
3567,2.0672852993011475,14271.000058315838,24304.209191799164,7.4752469284195295e-06
3568,1.788494348526001,14275.000058315838,24310.98694729805,7.454973279665786e-06
3569,1.9514750242233276,14279.000058315838,24319.31977081299,7.4347249469878986e-06
3570,1.9849311113357544,14283.000058315838,24326.737724542618,7.414501942434437e-06
3571,1.8716744184494019,14287.000058315838,24332.470133781433,7.394304278038883e-06
3572,2.0310416221618652,14291.000058315838,24339.447062969208,7.3741319658196256e-06
3573,1.8432763814926147,14295.000058315838,24344.08586025238,7.3539850177799865e-06
3574,1.7701306343078613,14299.000058315838,24351.424676656723,7.333863445908205e-06
3575,1.528914451599121,14303.000058315838,24356.91163802147,7.313767262177369e-06
3576,1.8656727075576782,14307.000058315838,24364.838386058807,7.293696478545519e-06
3577,1.771327257156372,14311.000058315838,24370.892055273056,7.273651106955554e-06
3578,2.026182174682617,14315.000058315838,24376.7712225914,7.253631159335253e-06
3579,1.7844327688217163,14319.000058315838,24382.639137983322,7.23363664759727e-06
3580,1.759534478187561,14323.000058315838,24389.80381655693,7.21366758363912e-06
3581,1.7588049173355103,14327.000058315838,24395.55778479576,7.19372397934319e-06
3582,1.9277989864349365,14331.000058315838,24402.621908664703,7.173805846576688e-06
3583,1.9577234983444214,14335.000058315838,24408.98580098152,7.153913197191687e-06
3584,1.9717552661895752,14339.000058315838,24415.81060552597,7.1340460430251095e-06
3585,1.927880883216858,14343.000058315838,24422.76892542839,7.1142043958986625e-06
3586,2.0162856578826904,14347.000058315838,24429.236775398254,7.094388267618917e-06
3587,2.0391860008239746,14351.000058315838,24435.822033405304,7.074597669977258e-06
3588,1.74321711063385,14355.000058315838,24442.50913476944,7.054832614749843e-06
3589,1.8573598861694336,14359.000058315838,24449.792784929276,7.035093113697661e-06
3590,1.8925260305404663,14363.000058315838,24455.79929614067,7.015379178566501e-06
3591,1.6472244262695312,14367.000058315838,24462.83483338356,6.995690821086907e-06
3592,1.8633068799972534,14371.000058315838,24470.133615493774,6.976028052974237e-06
3593,1.7588292360305786,14375.000058315838,24477.703296899796,6.956390885928608e-06
3594,1.8853280544281006,14379.000058315838,24484.74048089981,6.936779331634887e-06
3595,1.841566801071167,14383.000058315838,24492.703190088272,6.917193401762732e-06
3596,1.680005669593811,14387.000058315838,24500.27792787552,6.897633107966529e-06
3597,1.883357048034668,14391.000058315838,24508.64985728264,6.878098461885432e-06
3598,1.9838902950286865,14395.000058315838,24515.599101543427,6.858589475143319e-06
3599,1.7502427101135254,14399.000058315838,24523.247967481613,6.839106159348784e-06
3600,2.0879135131835938,14403.000058315838,24529.089431524277,6.81964852609517e-06
3601,1.9375590085983276,14407.000058315838,24535.852556943893,6.800216586960535e-06
3602,1.7932852506637573,14411.000058315838,24541.39003276825,6.780810353507644e-06
3603,1.7241549491882324,14415.000058315838,24547.514510393143,6.761429837283975e-06
3604,1.6844048500061035,14419.000058315838,24554.69775223732,6.742075049821675e-06
3605,1.8759366273880005,14423.000058315838,24560.69317007065,6.722746002637606e-06
3606,1.7270269393920898,14427.000058315838,24568.66632127762,6.703442707233323e-06
3607,1.9909813404083252,14431.000058315838,24573.705245494843,6.684165175095024e-06
3608,1.7200236320495605,14435.000058315838,24580.200539827347,6.664913417693594e-06
3609,1.7521110773086548,14439.000058315838,24585.32672405243,6.645687446484595e-06
3610,1.8410650491714478,14443.000058315838,24591.651870250702,6.6264872729082425e-06
3611,1.7381585836410522,14447.000058315838,24598.269324541092,6.607312908389361e-06
3612,1.9769723415374756,14451.000058315838,24605.2303712368,6.588164364337463e-06
3613,1.7419378757476807,14455.000058315838,24611.948118686676,6.5690416521466985e-06
3614,2.069995164871216,14459.000058315838,24619.4070956707,6.5499447831958045e-06
3615,1.798125982284546,14463.000058315838,24626.52289700508,6.5308737688481774e-06
3616,1.709562063217163,14467.000058315838,24634.426478862762,6.511828620451824e-06
3617,1.7605100870132446,14471.000058315838,24641.939262866974,6.492809349339338e-06
3618,2.0663623809814453,14475.000058315838,24649.726687669754,6.473815966827933e-06
3619,1.7688992023468018,14479.000058315838,24656.476467609406,6.454848484219428e-06
3620,1.8081598281860352,14483.000058315838,24662.82510328293,6.435906912800206e-06
3621,1.8666856288909912,14487.000058315838,24670.48466014862,6.41699126384125e-06
3622,1.8403470516204834,14491.000058315838,24677.81398010254,6.398101548598118e-06
3623,1.898770809173584,14495.000058315838,24684.866926908493,6.379237778310917e-06
3624,1.9060072898864746,14499.000058315838,24691.899179458618,6.36039996420433e-06
3625,1.5284576416015625,14503.000058315838,24698.62531518936,6.3415881174876e-06
3626,1.7989604473114014,14507.000058315838,24705.12311077118,6.322802249354523e-06
3627,2.0244674682617188,14511.000058315838,24711.419199943542,6.304042370983401e-06
3628,1.8100908994674683,14515.000058315838,24718.039745807648,6.285308493537111e-06
3629,1.5514822006225586,14519.000058315838,24724.697249889374,6.266600628163053e-06
3630,2.052107095718384,14523.000058315838,24731.672469377518,6.247918785993114e-06
3631,2.0897092819213867,14527.000058315838,24739.371733427048,6.229262978143737e-06
3632,1.9189832210540771,14531.000058315838,24748.068378210068,6.21063321571587e-06
3633,1.9967198371887207,14535.000058315838,24754.955060482025,6.192029509794929e-06
3634,1.651981234550476,14539.000058315838,24760.970537424088,6.173451871450853e-06
3635,1.7091094255447388,14543.000058315838,24766.39536523819,6.154900311738083e-06
3636,2.1346817016601562,14547.000058315838,24773.01465535164,6.136374841695494e-06
3637,2.026028633117676,14551.000058315838,24780.714218616486,6.11787547234648e-06
3638,1.7995502948760986,14555.000058315838,24786.660145521164,6.099402214698893e-06
3639,1.8609135150909424,14559.000058315838,24793.002180337906,6.08095507974505e-06
3640,1.8827401399612427,14563.000058315838,24799.208990335464,6.062534078461705e-06
3641,1.9167605638504028,14567.000058315838,24806.323516607285,6.044139221810079e-06
3642,1.7440283298492432,14571.000058315838,24813.196797847748,6.025770520735834e-06
3643,1.9142398834228516,14575.000058315838,24820.896144866943,6.007427986169066e-06
3644,1.8643548488616943,14579.000058315838,24826.00354528427,5.989111629024307e-06
3645,1.9770762920379639,14583.000058315838,24833.53222513199,5.9708214602005046e-06
3646,1.7598907947540283,14587.000058315838,24839.875237941742,5.952557490581017e-06
3647,2.0405073165893555,14591.000058315838,24847.27030158043,5.934319731033629e-06
3648,1.9168120622634888,14595.000058315838,24852.861140966415,5.916108192410526e-06
3649,1.8364020586013794,14599.000058315838,24860.00735092163,5.89792288554827e-06
3650,1.4950511455535889,14603.000058315838,24867.982948303223,5.8797638212678386e-06
3651,1.9810783863067627,14607.000058315838,24875.31560754776,5.8616310103746016e-06
3652,1.8040136098861694,14611.000058315838,24883.602686405182,5.843524463658268e-06
3653,2.188551425933838,14615.000058315838,24890.069971084595,5.825444191892948e-06
3654,2.0081472396850586,14619.000058315838,24896.768125534058,5.807390205837121e-06
3655,1.7576218843460083,14623.000058315838,24904.58419728279,5.789362516233617e-06
3656,2.146651268005371,14627.000058315838,24911.59685397148,5.7713611338096016e-06
3657,1.97587251663208,14631.000058315838,24918.732969522476,5.753386069276612e-06
3658,1.7935343980789185,14635.000058315838,24926.08643770218,5.735437333330524e-06
3659,1.8556177616119385,14639.000058315838,24932.80998969078,5.717514936651517e-06
3660,1.7685377597808838,14643.000058315838,24939.890430688858,5.699618889904135e-06
3661,1.8590497970581055,14647.000058315838,24946.41353058815,5.681749203737226e-06
3662,1.9330536127090454,14651.000058315838,24953.318480968475,5.663905888783945e-06
3663,2.0034470558166504,14655.000058315838,24960.22480225563,5.6460889556617656e-06
3664,2.154973030090332,14659.000058315838,24967.78103518486,5.628298414972459e-06
3665,1.811497688293457,14663.000058315838,24973.50262784958,5.6105342773021e-06
3666,1.7985115051269531,14667.000058315838,24980.58482646942,5.592796553221045e-06
3667,1.6929035186767578,14671.000058315838,24986.822005033493,5.5750852532839305e-06
3668,1.9153364896774292,14675.000058315838,24992.58180475235,5.557400388029686e-06
3669,1.939712405204773,14679.000058315838,24999.422298669815,5.539741967981477e-06
3670,1.76300048828125,14683.000058315838,25006.37971997261,5.52211000364677e-06
3671,1.7842050790786743,14687.000058315838,25012.815385341644,5.504504505517279e-06
3672,1.971348524093628,14691.000058315838,25019.247400045395,5.486925484068944e-06
3673,1.6656928062438965,14695.000058315838,25025.779205799103,5.469372949761983e-06
3674,1.6669402122497559,14699.000058315838,25031.802466630936,5.451846913040855e-06
3675,1.803033709526062,14703.000058315838,25037.836651325226,5.43434738433421e-06
3676,1.8322190046310425,14707.000058315838,25042.71276164055,5.416874374054972e-06
3677,1.5890305042266846,14711.000058315838,25049.364953279495,5.39942789260027e-06
3678,1.8238234519958496,14715.000058315838,25056.25692176819,5.38200795035143e-06
3679,1.7515647411346436,14719.000058315838,25062.588122844696,5.364614557673998e-06
3680,1.7847394943237305,14723.000058315838,25070.18509531021,5.347247724917732e-06
3681,1.9348676204681396,14727.000058315838,25076.9918653965,5.32990746241659e-06
3682,1.958993673324585,14731.000058315838,25084.53880929947,5.312593780488682e-06
3683,2.13808012008667,14735.000058315838,25092.31677007675,5.295306689436338e-06
3684,1.5148820877075195,14739.000058315838,25098.246321439743,5.278046199546054e-06
3685,1.7229838371276855,14743.000058315838,25104.94482946396,5.260812321088514e-06
3686,1.7853184938430786,14747.000058315838,25110.164739608765,5.243605064318516e-06
3687,1.8230148553848267,14751.000058315838,25115.788960933685,5.226424439475074e-06
3688,1.6892070770263672,14755.000058315838,25121.122078180313,5.209270456781327e-06
3689,1.82883620262146,14759.000058315838,25128.656455516815,5.192143126444572e-06
3690,1.8264670372009277,14763.000058315838,25135.142733812332,5.175042458656244e-06
3691,2.021768093109131,14767.000058315838,25142.317235946655,5.1579684635918914e-06
3692,1.5439469814300537,14771.000058315838,25148.981275320053,5.140921151411225e-06
3693,1.643513798713684,14775.000058315838,25157.04422020912,5.1239005322580655e-06
3694,1.9037953615188599,14779.000058315838,25164.2572889328,5.1069066162603335e-06
3695,1.8003787994384766,14783.000058315838,25170.566786289215,5.089939413530083e-06
3696,1.5885374546051025,14787.000058315838,25176.30937385559,5.072998934163464e-06
3697,2.0711212158203125,14791.000058315838,25184.2019238472,5.056085188240739e-06
3698,1.8990674018859863,14795.000058315838,25190.278508663177,5.0391981858262184e-06
3699,1.6333577632904053,14799.000058315838,25195.95210647583,5.02233793696835e-06
3700,1.8580880165100098,14803.000058315838,25201.727309942245,5.0055044516996474e-06
3701,1.7628324031829834,14807.000058315838,25207.78160405159,4.988697740036675e-06
3702,1.9747624397277832,14811.000058315838,25215.628014326096,4.971917811980098e-06
3703,1.8233160972595215,14815.000058315838,25222.795151233673,4.955164677514634e-06
3704,1.6841773986816406,14819.000058315838,25228.399282693863,4.938438346609035e-06
3705,1.7030190229415894,14823.000058315838,25236.384756088257,4.921738829216134e-06
3706,1.7038825750350952,14827.000058315838,25243.840510606766,4.905066135272803e-06
3707,1.6444697380065918,14831.000058315838,25249.689167261124,4.88842027469994e-06
3708,1.733534336090088,14835.000058315838,25256.30414915085,4.871801257402487e-06
3709,1.7446167469024658,14839.000058315838,25263.578625440598,4.8552090932694085e-06
3710,1.5314669609069824,14843.000058315838,25268.57449913025,4.83864379217371e-06
3711,1.8238850831985474,14847.000058315838,25275.758927822113,4.822105363972359e-06
3712,1.9086658954620361,14851.000058315838,25281.437809705734,4.805593818506395e-06
3713,2.066847801208496,14855.000058315838,25288.59870171547,4.789109165600831e-06
3714,1.9387025833129883,14859.000058315838,25295.97853899002,4.772651415064664e-06
3715,1.8657832145690918,14863.000058315838,25303.158779382706,4.756220576690917e-06
3716,1.7433140277862549,14867.000058315838,25309.566519498825,4.739816660256583e-06
3717,1.8868489265441895,14871.000058315838,25315.102679491043,4.723439675522617e-06
3718,1.810225486755371,14875.000058315838,25322.33602309227,4.707089632233979e-06
3719,1.8693475723266602,14879.000058315838,25330.68937945366,4.690766540119598e-06
3720,1.6201164722442627,14883.000058315838,25337.419018507004,4.674470408892326e-06
3721,1.764136552810669,14887.000058315838,25344.720982313156,4.658201248249012e-06
3722,2.11919903755188,14891.000058315838,25350.101896762848,4.641959067870451e-06
3723,1.8186488151550293,14895.000058315838,25357.034952402115,4.625743877421364e-06
3724,1.5583443641662598,14899.000058315838,25363.361019849777,4.609555686550424e-06
3725,1.9504836797714233,14903.000058315838,25368.933248996735,4.593394504890247e-06
3726,1.9047393798828125,14907.000058315838,25376.47342157364,4.577260342057377e-06
3727,1.8949024677276611,14911.000058315838,25383.121683835983,4.5611532076522465e-06
3728,1.9078338146209717,14915.000058315838,25389.491035699844,4.545073111259251e-06
3729,1.756290316581726,14919.000058315838,25394.423778295517,4.52902006244667e-06
3730,1.7353001832962036,14923.000058315838,25398.81865119934,4.512994070766697e-06
3731,2.0118494033813477,14927.000058315838,25406.002552747726,4.496995145755426e-06
3732,1.9149757623672485,14931.000058315838,25412.925540208817,4.481023296932855e-06
3733,2.060814380645752,14935.000058315838,25421.228854894638,4.465078533802843e-06
3734,1.9158133268356323,14939.000058315838,25429.115520477295,4.449160865853151e-06
3735,1.9254560470581055,14943.000058315838,25436.401570558548,4.433270302555426e-06
3736,1.784704327583313,14947.000058315838,25442.703428268433,4.417406853365156e-06
3737,1.7543094158172607,14951.000058315838,25450.18364429474,4.40157052772173e-06
3738,1.7668852806091309,14955.000058315838,25457.874269485474,4.385761335048372e-06
3739,1.8412973880767822,14959.000058315838,25466.08569574356,4.369979284752192e-06
3740,1.6791088581085205,14963.000058315838,25471.621355056763,4.354224386224095e-06
3741,1.8409841060638428,14967.000058315838,25479.79699778557,4.338496648838885e-06
3742,1.930672526359558,14971.000058315838,25485.310246944427,4.322796081955183e-06
3743,2.0223445892333984,14975.000058315838,25492.558537006378,4.307122694915426e-06
3744,1.8768372535705566,14979.000058315838,25499.431683540344,4.291476497045902e-06
3745,1.914407730102539,14983.000058315838,25506.002599716187,4.27585749765672e-06
3746,1.9643524885177612,14987.000058315838,25512.341572523117,4.260265706041775e-06
3747,1.7612404823303223,14991.000058315838,25518.97349882126,4.244701131478809e-06
3748,1.9460172653198242,14995.000058315838,25525.930855035782,4.229163783229354e-06
3749,1.7829265594482422,14999.000058315838,25533.233024835587,4.213653670538732e-06
3750,1.9372773170471191,15003.000058315838,25540.390392303467,4.19817080263607e-06
3751,1.7386021614074707,15007.000058315838,25545.98313999176,4.182715188734282e-06
3752,1.8543092012405396,15011.000058315838,25551.121428012848,4.167286838030065e-06
3753,1.916900873184204,15015.000058315838,25556.97003865242,4.1518857597038925e-06
3754,1.9596705436706543,15019.000058315838,25563.88183736801,4.136511962920004e-06
3755,1.6247674226760864,15023.000058315838,25570.408527851105,4.121165456826423e-06
3756,1.8008273839950562,15027.000058315838,25577.295909643173,4.105846250554907e-06
3757,1.9566996097564697,15031.000058315838,25583.845148086548,4.09055435322099e-06
3758,1.889190673828125,15035.000058315838,25591.374982595444,4.075289773923952e-06
3759,1.6453146934509277,15039.000058315838,25596.426627397537,4.060052521746806e-06
3760,1.930295705795288,15043.000058315838,25603.8575592041,4.044842605756319e-06
3761,1.9498143196105957,15047.000058315838,25610.84055042267,4.029660035003e-06
3762,1.6425119638442993,15051.000058315838,25618.08257317543,4.014504818521051e-06
3763,2.0389795303344727,15055.000058315838,25624.891518592834,3.999376965328429e-06
3764,1.7457022666931152,15059.000058315838,25631.118416547775,3.984276484426802e-06
3765,1.8349510431289673,15063.000058315838,25637.605110883713,3.969203384801542e-06
3766,1.6973966360092163,15067.000058315838,25645.638787984848,3.954157675421732e-06
3767,1.8332176208496094,15071.000058315838,25653.596987485886,3.939139365240164e-06
3768,1.7390881776809692,15075.000058315838,25660.116208791733,3.924148463193332e-06
3769,1.6283471584320068,15079.000058315838,25666.399806022644,3.909184978201381e-06
3770,1.7191709280014038,15083.000058315838,25675.27308487892,3.894248919168186e-06
3771,1.6197967529296875,15087.000058315838,25682.448724508286,3.879340294981292e-06
3772,1.8573544025421143,15091.000058315838,25688.92526769638,3.864459114511917e-06
3773,1.790469765663147,15095.000058315838,25696.108312368393,3.849605386614925e-06
3774,1.8878066539764404,15099.000058315838,25703.391661405563,3.834779120128883e-06
3775,1.6335597038269043,15103.000058315838,25710.37819170952,3.819980323875994e-06
3776,1.7477707862854004,15107.000058315838,25716.560675621033,3.8052090066621268e-06
3777,1.9623075723648071,15111.000058315838,25723.840705156326,3.790465177276795e-06
3778,1.7218592166900635,15115.000058315838,25730.399596214294,3.775748844493145e-06
3779,1.5482628345489502,15119.000058315838,25736.620297908783,3.7610600170679706e-06
3780,1.946435809135437,15123.000058315838,25744.093780517578,3.7463987037417056e-06
3781,1.8170145750045776,15127.000058315838,25749.791750907898,3.7317649132384153e-06
3782,1.8079724311828613,15131.000058315838,25757.914713859558,3.71715865426576e-06
3783,1.6880030632019043,15135.000058315838,25763.44048833847,3.7025799355150414e-06
3784,1.6991729736328125,15139.000058315838,25770.941413402557,3.6880287656611746e-06
3785,1.901350975036621,15143.000058315838,25777.855851888657,3.6735051533626656e-06
3786,1.9563183784484863,15147.000058315838,25783.97615790367,3.6590091072616334e-06
3787,1.6538939476013184,15151.000058315838,25790.599749326706,3.6445406359838048e-06
3788,2.005608081817627,15155.000058315838,25796.446567058563,3.630099748138475e-06
3789,1.8962702751159668,15159.000058315838,25803.417328834534,3.6156864523185364e-06
3790,1.7741906642913818,15163.000058315838,25809.592532157898,3.601300757100483e-06
3791,1.737668514251709,15167.000058315838,25816.255802631378,3.5869426710443437e-06
3792,1.9606925249099731,15171.000058315838,25822.958330392838,3.572612202693751e-06
3793,1.8045331239700317,15175.000058315838,25830.306761026382,3.5583093605758934e-06
3794,1.930014967918396,15179.000058315838,25838.072100400925,3.544034153201524e-06
3795,1.930445909500122,15183.000058315838,25845.127150297165,3.529786589064947e-06
3796,1.7701833248138428,15187.000058315838,25851.590636730194,3.515566676644036e-06
3797,1.8981633186340332,15191.000058315838,25857.60500073433,3.5013744244001774e-06
3798,1.7870005369186401,15195.000058315838,25864.277448892593,3.487209840778321e-06
3799,1.690026879310608,15199.000058315838,25871.44348835945,3.4730729342069523e-06
3800,1.479522705078125,15203.000058315838,25878.252363204956,3.4589637130980862e-06
3801,1.877091646194458,15207.000058315838,25885.18653154373,3.4448821858472573e-06
3802,1.6265901327133179,15211.000058315838,25892.978434324265,3.430828360833523e-06
3803,1.8256226778030396,15215.000058315838,25900.22474884987,3.4168022464194723e-06
3804,1.757982611656189,15219.000058315838,25906.46809577942,3.402803850951173e-06
3805,1.8756425380706787,15223.000058315838,25914.030626535416,3.388833182758235e-06
3806,1.7669594287872314,15227.000058315838,25920.81688761711,3.3748902501537522e-06
3807,1.984605073928833,15231.000058315838,25926.599217891693,3.3609750614342994e-06
3808,1.892345666885376,15235.000058315838,25931.91596364975,3.3470876248799704e-06
3809,1.9270037412643433,15239.000058315838,25939.228853225708,3.333227948754338e-06
3810,1.6913962364196777,15243.000058315838,25945.229051828384,3.319396041304451e-06
3811,1.7466628551483154,15247.000058315838,25952.741970300674,3.305591910760825e-06
3812,1.8651330471038818,15251.000058315838,25959.246634483337,3.2918155653374685e-06
3813,1.8821474313735962,15255.000058315838,25965.661900043488,3.2780670132318466e-06
3814,1.565651774406433,15259.000058315838,25972.420615434647,3.264346262624877e-06
3815,1.7883987426757812,15263.000058315838,25979.935703516006,3.250653321680952e-06
3816,1.9231696128845215,15267.000058315838,25985.630800008774,3.236988198547904e-06
3817,1.8044378757476807,15271.000058315838,25992.081872224808,3.223350901357013e-06
3818,1.7501420974731445,15275.000058315838,25999.86807346344,3.2097414382230116e-06
3819,1.8435239791870117,15279.000058315838,26008.377292394638,3.196159817244072e-06
3820,2.037114381790161,15283.000058315838,26015.69155049324,3.1826060465017704e-06
3821,1.9168851375579834,15287.000058315838,26022.11822605133,3.169080134061139e-06
3822,1.891273021697998,15291.000058315838,26028.296394348145,3.1555820879706356e-06
3823,1.9425841569900513,15295.000058315838,26035.288855314255,3.142111916262114e-06
3824,1.6297461986541748,15299.000058315838,26042.326167345047,3.1286696269508478e-06
3825,1.822402834892273,15303.000058315838,26048.87066602707,3.1152552280355397e-06
3826,1.6927740573883057,15307.000058315838,26053.698639392853,3.1018687274982896e-06
3827,1.551405429840088,15311.000058315838,26061.096108675003,3.088510133304566e-06
3828,1.8585841655731201,15315.000058315838,26067.164746046066,3.0751794534032615e-06
3829,1.959837794303894,15319.000058315838,26074.44851732254,3.0618766957266722e-06
3830,1.9093917608261108,15323.000058315838,26080.948477745056,3.0486018681904337e-06
3831,1.5391193628311157,15327.000058315838,26086.26092338562,3.035354978693608e-06
3832,1.9911386966705322,15331.000058315838,26093.57634997368,3.022136035118607e-06
3833,2.072096824645996,15335.000058315838,26101.030257940292,3.008945045331208e-06
3834,1.7148581743240356,15339.000058315838,26109.788640499115,2.9957820171805786e-06
3835,1.687746524810791,15343.000058315838,26115.892167568207,2.9826469584992445e-06
3836,1.5432080030441284,15347.000058315838,26122.70555281639,2.969539877103055e-06
3837,2.13908052444458,15351.000058315838,26130.192650079727,2.9564607807912575e-06
3838,1.619722604751587,15355.000058315838,26137.502782583237,2.9434096773464173e-06
3839,1.8365025520324707,15359.000058315838,26142.794151067734,2.930386574534458e-06
3840,1.7396950721740723,15363.000058315838,26150.31952524185,2.9173914801046274e-06
3841,1.8227579593658447,15367.000058315838,26156.158261060715,2.9044244017895207e-06
3842,1.5330547094345093,15371.000058315838,26162.225834846497,2.891485347305068e-06
3843,1.7366433143615723,15375.000058315838,26168.23309969902,2.8785743243504903e-06
3844,1.8342286348342896,15379.000058315838,26173.98278450966,2.8656913406083677e-06
3845,1.94828462600708,15383.000058315838,26181.33240199089,2.852836403744587e-06
3846,1.5989842414855957,15387.000058315838,26188.162706136703,2.840009521408316e-06
3847,1.7707056999206543,15391.000058315838,26193.7247903347,2.827210701232063e-06
3848,1.6708868741989136,15395.000058315838,26199.291694879532,2.8144399508316385e-06
3849,2.0070085525512695,15399.000058315838,26205.925050020218,2.801697277806123e-06
3850,1.8157422542572021,15403.000058315838,26213.71984910965,2.788982689737909e-06
3851,1.810363531112671,15407.000058315838,26220.341897010803,2.7762961941926813e-06
3852,1.9157050848007202,15411.000058315838,26226.268299102783,2.763637798719399e-06
3853,1.7081809043884277,15415.000058315838,26234.696172952652,2.7510075108502956e-06
3854,2.048358678817749,15419.000058315838,26240.88818383217,2.738405338100896e-06
3855,2.001093864440918,15423.000058315838,26247.547184944153,2.725831287969988e-06
3856,1.7367157936096191,15427.000058315838,26253.795857667923,2.713285367939613e-06
3857,1.7683411836624146,15431.000058315838,26260.56903529167,2.700767585475091e-06
3858,1.7441844940185547,15435.000058315838,26266.236731290817,2.6882779480249953e-06
3859,1.8918125629425049,15439.000058315838,26272.462881088257,2.6758164630211512e-06
3861,1.6398322582244873,15447.000058315838,26284.713336467743,2.6509779799957147e-06
3862,1.9614957571029663,15451.000058315838,26291.746014356613,2.638600996754002e-06
3863,1.7366924285888672,15455.000058315838,26297.496263980865,2.626252195518271e-06
3864,1.762313723564148,15459.000058315838,26304.70051765442,2.6139315836365435e-06
3865,2.120281219482422,15463.000058315838,26310.77628803253,2.601639168440053e-06
3866,2.0482540130615234,15467.000058315838,26319.06971693039,2.589374957243275e-06
3867,1.9421701431274414,15471.000058315838,26325.930167913437,2.577138957343898e-06
3868,1.892103910446167,15475.000058315838,26333.751910209656,2.56493117602283e-06
3869,2.0001001358032227,15479.000058315838,26340.24356818199,2.5527516205441532e-06
3870,1.8169727325439453,15483.000058315838,26347.263191461563,2.540600298155203e-06
3871,1.9774045944213867,15487.000058315838,26353.224952697754,2.5284772160864884e-06
3872,1.908846139907837,15491.000058315838,26359.298189640045,2.516382381551705e-06
3873,1.7878973484039307,15495.000058315838,26366.841564178467,2.5043158017477606e-06
3874,1.6455190181732178,15499.000058315838,26373.4679582119,2.4922774838547507e-06
3875,1.733720064163208,15503.000058315838,26379.655985355377,2.480267435035933e-06
3876,1.7880779504776,15507.000058315838,26386.50704741478,2.4682856624377623e-06
3877,1.7955063581466675,15511.000058315838,26391.266751527786,2.4563321731898733e-06
3878,1.9514131546020508,15515.000058315838,26398.393241405487,2.444406974405037e-06
3879,1.8622336387634277,15519.000058315838,26404.08438038826,2.432510073179232e-06
3880,1.9407191276550293,15523.000058315838,26410.555108070374,2.420641476591568e-06
3881,1.8961601257324219,15527.000058315838,26418.000316619873,2.4088011917043387e-06
3882,1.561305046081543,15531.000058315838,26422.547275066376,2.396989225562964e-06
3883,1.88741934299469,15535.000058315838,26430.231390714645,2.385205585196043e-06
3884,1.9951152801513672,15539.000058315838,26436.854493141174,2.373450277615284e-06
3885,1.7089581489562988,15543.000058315838,26442.840461730957,2.361723309815563e-06
3886,2.1902270317077637,15547.000058315838,26449.724756240845,2.3500246887748875e-06
3887,1.9701626300811768,15551.000058315838,26454.25944852829,2.3383544214543994e-06
3888,1.9297468662261963,15555.000058315838,26461.243364095688,2.3267125147983505e-06
3889,1.6045780181884766,15559.000058315838,26466.98148727417,2.315098975734143e-06
3890,2.061596393585205,15563.000058315838,26473.838975191116,2.3035138111722885e-06
3891,1.7796586751937866,15567.000058315838,26480.41920518875,2.2919570280064004e-06
3892,1.7052702903747559,15571.000058315838,26487.335141420364,2.280428633113228e-06
3893,1.957039475440979,15575.000058315838,26493.51099872589,2.2689286333526185e-06
3894,2.084989309310913,15579.000058315838,26501.057462453842,2.2574570355675143e-06
3895,1.6530040502548218,15583.000058315838,26507.74187684059,2.2460138465839727e-06
3896,1.9406931400299072,15587.000058315838,26515.851112127304,2.234599073211136e-06
3897,1.7956082820892334,15591.000058315838,26523.621769428253,2.223212722241244e-06
3898,1.898436427116394,15595.000058315838,26529.755188703537,2.2118548004496164e-06
3899,2.0490715503692627,15599.000058315838,26536.20957350731,2.200525314594659e-06
3900,1.7486048936843872,15603.000058315838,26543.442041873932,2.189224271417874e-06
3901,2.2218689918518066,15607.000058315838,26550.427301883698,2.177951677643812e-06
3902,1.9527537822723389,15611.000058315838,26556.68734741211,2.166707539980107e-06
3903,1.6638203859329224,15615.000058315838,26563.727239608765,2.155491865117465e-06
3904,1.6870508193969727,15619.000058315838,26569.24816083908,2.1443046597296583e-06
3905,1.5706956386566162,15623.000058315838,26575.16676211357,2.1331459304734973e-06
3906,1.8734710216522217,15627.000058315838,26582.96895456314,2.1220156839888826e-06
3907,2.253519296646118,15631.000058315838,26589.235684633255,2.110913926898729e-06
3908,1.8337408304214478,15635.000058315838,26595.615364551544,2.09984066580902e-06
3909,1.8973302841186523,15639.000058315838,26602.368158578873,2.0887959073087866e-06
3910,1.9942363500595093,15643.000058315838,26608.95733356476,2.07777965797009e-06
3911,1.9796870946884155,15647.000058315838,26617.060812473297,2.0667919243480266e-06
3912,1.7824299335479736,15651.000058315838,26624.47018647194,2.055832712980729e-06
3913,1.9537978172302246,15655.000058315838,26631.646003961563,2.0449020303893667e-06
3914,1.7298588752746582,15659.000058315838,26638.813633918762,2.0339998830781045e-06
3915,1.8094737529754639,15663.000058315838,26644.123032093048,2.023126277534161e-06
3916,1.7849085330963135,15667.000058315838,26649.82588982582,2.012281220227757e-06
3917,1.642914056777954,15671.000058315838,26655.361354351044,2.0014647176121203e-06
3918,1.9171961545944214,15675.000058315838,26662.311135292053,1.9906767761235e-06
3919,1.8951671123504639,15679.000058315838,26668.92537999153,1.9799174021811402e-06
3920,1.9804205894470215,15683.000058315838,26675.494514226913,1.969186602187284e-06
3921,1.9628260135650635,15687.000058315838,26680.93694615364,1.958484382527186e-06
3922,1.7318201065063477,15691.000058315838,26688.2911798954,1.947810749569083e-06
3923,1.9727675914764404,15695.000058315838,26696.69000005722,1.9371657096642126e-06
3924,1.687105417251587,15699.000058315838,26705.13307785988,1.9265492691467726e-06
3925,1.876837968826294,15703.000058315838,26710.221920490265,1.9159614343339724e-06
3926,1.7824535369873047,15707.000058315838,26718.12652683258,1.9054022115259923e-06
3927,1.6226896047592163,15711.000058315838,26722.70768380165,1.8948716070059698e-06
3928,1.7102798223495483,15715.000058315838,26729.48181462288,1.8843696270400396e-06
3929,1.988309621810913,15719.000058315838,26737.182146549225,1.8738962778772944e-06
3930,1.6663641929626465,15723.000058315838,26743.57513165474,1.863451565749769e-06
3931,1.7554364204406738,15727.000058315838,26750.606279611588,1.853035496872489e-06
3932,1.7388014793395996,15731.000058315838,26757.965704917908,1.8426480774434217e-06
3933,1.7379364967346191,15735.000058315838,26764.392847299576,1.832289313643487e-06
3934,1.7180259227752686,15739.000058315838,26771.227010011673,1.821959211636552e-06
3935,2.041229724884033,15743.000058315838,26779.108679771423,1.811657777569442e-06
3936,1.8487284183502197,15747.000058315838,26786.31475377083,1.801385017571901e-06
3937,1.8116705417633057,15751.000058315838,26792.97275543213,1.791140937756626e-06
3938,1.9401875734329224,15755.000058315838,26801.35573554039,1.7809255442192556e-06
3939,1.9152977466583252,15759.000058315838,26809.112583637238,1.7707388430383422e-06
3940,2.170405626296997,15763.000058315838,26815.658957719803,1.7605808402753682e-06
3941,1.7728362083435059,15767.000058315838,26822.853880643845,1.7504515419747468e-06
3942,1.9389441013336182,15771.000058315838,26829.530431747437,1.7403509541638099e-06
3943,1.7717394828796387,15775.000058315838,26835.354471445084,1.7302790828527982e-06
3944,2.0565783977508545,15779.000058315838,26840.9992582798,1.7202359340348715e-06
3945,1.815403699874878,15783.000058315838,26848.892493724823,1.7102215136860977e-06
3946,1.645388126373291,15787.000058315838,26854.698603391647,1.7002358277654472e-06
3947,1.932361364364624,15791.000058315838,26861.43743443489,1.690278882214788e-06
3948,1.8593559265136719,15795.000058315838,26868.42085337639,1.6803506829589068e-06
3949,1.7912863492965698,15799.000058315838,26875.914526224136,1.6704512359054598e-06
3950,1.8004541397094727,15803.000058315838,26882.580352067947,1.6605805469450063e-06
3951,1.8666688203811646,15807.000058315838,26889.640786647797,1.6507386219510017e-06
3952,1.6934082508087158,15811.000058315838,26897.047605276108,1.6409254667797718e-06
3953,1.9731075763702393,15815.000058315838,26903.718702077866,1.631141087270522e-06
3954,1.5166854858398438,15819.000058315838,26910.712314605713,1.6213854892453444e-06
3955,1.807495355606079,15823.000058315838,26917.751335144043,1.611658678509211e-06
3956,1.8363145589828491,15827.000058315838,26924.871697425842,1.6019606608499464e-06
3957,2.0315134525299072,15831.000058315838,26932.8481965065,1.5922914420382449e-06
3958,1.9805784225463867,15835.000058315838,26939.006142377853,1.5826510278276867e-06
3959,1.8294103145599365,15839.000058315838,26945.62351489067,1.5730394239546826e-06
3960,1.7382733821868896,15843.000058315838,26950.72195315361,1.5634566361385176e-06
3961,1.865873098373413,15847.000058315838,26958.762317419052,1.5539026700813302e-06
3962,2.01556658744812,15851.000058315838,26964.311791419983,1.5443775314680944e-06
3963,1.8720436096191406,15855.000058315838,26970.71516942978,1.5348812259666428e-06
3964,1.716797947883606,15859.000058315838,26976.941724300385,1.5254137592276603e-06
3965,2.012428045272827,15863.000058315838,26983.655415534973,1.5159751368846459e-06
3966,1.9908076524734497,15867.000058315838,26991.512602329254,1.5065653645539566e-06
3967,2.0421993732452393,15871.000058315838,26998.792241334915,1.4971844478347745e-06
3968,1.7730960845947266,15875.000058315838,27004.838934659958,1.4878323923091121e-06
3969,1.7898757457733154,15879.000058315838,27012.33752822876,1.478509203541807e-06
3970,1.7882956266403198,15883.000058315838,27018.85430765152,1.4692148870805325e-06
3971,1.9169408082962036,15887.000058315838,27025.23374891281,1.4599494484557535e-06
3972,1.9871172904968262,15891.000058315838,27032.754109859467,1.450712893180777e-06
3973,1.9583615064620972,15895.000058315838,27038.37743115425,1.4415052267517174e-06
3974,1.7001090049743652,15899.000058315838,27045.306711435318,1.4323264546474983e-06
3975,1.773191213607788,15903.000058315838,27051.786139011383,1.4231765823298397e-06
3976,2.011869430541992,15907.000058315838,27059.177887916565,1.4140556152432816e-06
3977,1.725006341934204,15911.000058315838,27065.730029821396,1.4049635588151551e-06
3978,1.6857922077178955,15915.000058315838,27071.20324420929,1.3959004184555831e-06
3979,1.8023946285247803,15919.000058315838,27077.936639785767,1.3868661995574969e-06
3980,1.7783050537109375,15923.000058315838,27086.038952589035,1.3778609074966137e-06
3981,1.8447649478912354,15927.000058315838,27091.98791408539,1.3688845476314257e-06
3982,1.8193492889404297,15931.000058315838,27098.632213115692,1.3599371253032221e-06
3983,1.9019114971160889,15935.000058315838,27106.821002721786,1.3510186458360675e-06
3984,1.9468623399734497,15939.000058315838,27112.337948083878,1.342129114536812e-06
3985,2.0231258869171143,15943.000058315838,27118.847802877426,1.3332685366950702e-06
3986,1.8315067291259766,15947.000058315838,27124.445108890533,1.3244369175832308e-06
3987,1.850879430770874,15951.000058315838,27132.72843670845,1.3156342624564639e-06
3988,1.7699236869812012,15955.000058315838,27138.135595321655,1.3068605765526808e-06
3989,1.769715428352356,15959.000058315838,27144.99642252922,1.2981158650925733e-06
3990,1.918400764465332,15963.000058315838,27150.83454489708,1.2894001332795914e-06
3991,1.9434177875518799,15967.000058315838,27157.32963871956,1.2807133862999273e-06
3992,1.604789137840271,15971.000058315838,27161.701911449432,1.272055629322542e-06
3993,1.663998007774353,15975.000058315838,27167.129899024963,1.263426867499144e-06
3994,1.7775671482086182,15979.000058315838,27174.918568611145,1.2548271059641778e-06
3995,1.7925090789794922,15983.000058315838,27181.671028852463,1.2462563498348407e-06
3996,2.010885000228882,15987.000058315838,27188.430374622345,1.237714604211066e-06
3997,1.965205192565918,15991.000058315838,27195.79199695587,1.2292018741755347e-06
3998,2.039527654647827,15995.000058315838,27203.555235624313,1.2207181647936407e-06
3999,1.8579232692718506,15999.000058315838,27209.815962791443,1.2122634811135316e-06
4000,1.7063984870910645,16003.000058315838,27216.32653927803,1.2038378281660797e-06
4001,1.6384789943695068,16007.000058315838,27222.34973168373,1.1954412109648652e-06
4002,1.6335324048995972,16011.000058315838,27229.223428487778,1.1870736345062164e-06
4003,1.6596760749816895,16015.000058315838,27238.03944325447,1.1787351037691692e-06
4004,2.2550764083862305,16019.000058315838,27245.126037597656,1.170425623715468e-06
4005,1.5782766342163086,16023.000058315838,27253.20018172264,1.1621451992895769e-06
4006,1.7379002571105957,16027.000058315838,27260.063794612885,1.1538938354186901e-06
4007,1.8090462684631348,16031.000058315838,27267.024403572083,1.1456715370126666e-06
4008,1.8412882089614868,16035.000058315838,27273.209464788437,1.1374783089641168e-06
4009,1.9899301528930664,16039.000058315838,27280.340656757355,1.129314156148322e-06
4010,1.7847980260849,16043.000058315838,27286.67076730728,1.121179083423282e-06
4011,1.8012381792068481,16047.000058315838,27293.779591798782,1.1130730956296721e-06
4012,1.7120232582092285,16051.000058315838,27300.442196130753,1.1049961975908759e-06
4013,2.015547275543213,16055.000058315838,27307.782960414886,1.0969483941129682e-06
4014,1.999837875366211,16059.000058315838,27313.960736751556,1.0889296899846994e-06
4015,1.8063849210739136,16063.000058315838,27319.82131075859,1.0809400899775226e-06
4016,2.0399656295776367,16067.000058315838,27326.07638144493,1.0729795988455657e-06
4017,1.6665630340576172,16071.000058315838,27333.036629915237,1.0650482213256154e-06
4018,1.8832342624664307,16075.000058315838,27339.679851531982,1.0571459621371608e-06
4019,1.6813753843307495,16079.000058315838,27345.718755483627,1.0492728259823605e-06
4020,1.927518367767334,16083.000058315838,27351.346704483032,1.0414288175460319e-06
4021,1.803847074508667,16087.000058315838,27358.351516723633,1.0336139414956723e-06
4022,2.0656638145446777,16091.000058315838,27365.832547426224,1.0258282024814328e-06
4023,1.8533233404159546,16095.000058315838,27372.636511325836,1.0180716051361384e-06
4024,1.7707371711730957,16099.000058315838,27377.34607720375,1.010344154075268e-06
4025,1.7843751907348633,16103.000058315838,27384.624319791794,1.0026458538969523e-06
4026,1.6463133096694946,16107.000058315838,27389.089293718338,9.94976709181987e-07
4027,1.9209811687469482,16111.000058315838,27395.401293039322,9.873367244938089e-07
4028,1.6455187797546387,16115.000058315838,27401.821310043335,9.79725904378513e-07
4029,1.9305016994476318,16119.000058315838,27409.295258283615,9.721442533648367e-07
4030,1.8445053100585938,16123.000058315838,27416.62375664711,9.64591775964153e-07
4031,1.993947982788086,16127.000058315838,27422.748438596725,9.570684766704769e-07
4032,1.82334303855896,16131.000058315838,27429.37142086029,9.495743599604872e-07
4033,1.9587066173553467,16135.000058315838,27437.20327758789,9.421094302934493e-07
4034,1.807141900062561,16139.000058315838,27444.310103416443,9.346736921113086e-07
4035,1.8060781955718994,16143.000058315838,27450.947650909424,9.272671498386138e-07
4036,1.919994592666626,16147.000058315838,27457.647046089172,9.19889807882544e-07
4037,1.7021641731262207,16151.000058315838,27465.171800851822,9.125416706329147e-07
4038,1.9677455425262451,16155.000058315838,27472.182847738266,9.052227424621497e-07
4039,1.641324520111084,16159.000058315838,27478.676362752914,8.979330277253034e-07
4040,1.7613580226898193,16163.000058315838,27484.748453378677,8.90672530760033e-07
4041,1.6748802661895752,16167.000058315838,27491.292825698853,8.834412558866211e-07
4042,1.66054368019104,16171.000058315838,27496.955309152603,8.762392074079639e-07
4043,2.131254196166992,16175.000058315838,27503.552178144455,8.690663896095607e-07
4044,1.9185688495635986,16179.000058315838,27511.140522241592,8.619228067595137e-07
4045,2.0503621101379395,16183.000058315838,27518.67205142975,8.548084631085445e-07
4046,2.0234668254852295,16187.000058315838,27525.49774980545,8.477233628899554e-07
4047,1.8808465003967285,16191.000058315838,27531.787199258804,8.406675103196682e-07
4048,1.8460595607757568,16195.000058315838,27538.78901219368,8.336409095961854e-07
4049,1.8472988605499268,16199.000058315838,27545.86614871025,8.26643564900607e-07
4050,1.991001009941101,16203.000058315838,27553.95996570587,8.1967548039663e-07
4051,1.6742438077926636,16207.000058315838,27559.271127462387,8.127366602305379e-07
4052,2.051295042037964,16211.000058315838,27566.765236854553,8.058271085312058e-07
4053,2.063737392425537,16215.000058315838,27572.8757250309,7.989468294100784e-07
4054,1.9090518951416016,16219.000058315838,27580.489707946777,7.920958269611979e-07
4055,1.783888578414917,16223.000058315838,27585.76926136017,7.852741052611756e-07
4056,1.5800360441207886,16227.000058315838,27592.00077033043,7.784816683692041e-07
4057,1.723400592803955,16231.000058315838,27598.780926465988,7.717185203270507e-07
4058,1.7030996084213257,16235.000058315838,27604.542251825333,7.649846651590468e-07
4059,2.052898406982422,16239.000058315838,27613.299178123474,7.5828010687211e-07
4060,1.821825385093689,16243.000058315838,27621.437179088593,7.516048494557055e-07
4061,1.6905800104141235,16247.000058315838,27628.33150744438,7.449588968818788e-07
4062,1.6978535652160645,16251.000058315838,27635.256041288376,7.38342253105234e-07
4063,1.7360548973083496,16255.000058315838,27642.04238843918,7.317549220629229e-07
4064,1.6707556247711182,16259.000058315838,27647.51674246788,7.251969076746774e-07
4065,2.0219712257385254,16263.000058315838,27653.884739637375,7.18668213842766e-07
4066,1.9487090110778809,16267.000058315838,27660.51521039009,7.121688444520211e-07
4067,1.6482075452804565,16271.000058315838,27667.04546356201,7.056988033698117e-07
4068,2.0620501041412354,16275.000058315838,27673.564755916595,6.992580944460814e-07
4069,1.9901880025863647,16279.000058315838,27681.622100114822,6.928467215132937e-07
4070,1.720715045928955,16283.000058315838,27689.322575092316,6.864646883864705e-07
4071,1.7944198846817017,16287.000058315838,27697.105850696564,6.8011199886317e-07
4072,2.140362024307251,16291.000058315838,27705.38690471649,6.737886567234922e-07
4073,1.949552297592163,16295.000058315838,27712.888715982437,6.674946657300677e-07
4074,1.640144944190979,16299.000058315838,27720.19375872612,6.612300296280748e-07
4075,2.003692626953125,16303.000058315838,27727.660735845566,6.549947521452165e-07
4076,1.9408419132232666,16307.000058315838,27735.176208257675,6.487888369917212e-07
4077,1.6856091022491455,16311.000058315838,27742.90896344185,6.426122878603592e-07
4078,1.8171347379684448,16315.000058315838,27748.136036872864,6.364651084264147e-07
4079,1.798274040222168,16319.000058315838,27754.833864927292,6.303473023476972e-07
4080,1.82059907913208,16323.000058315838,27760.57477593422,6.242588732645466e-07
4081,2.005938768386841,16327.000058315838,27766.123650550842,6.181998247998173e-07
4082,2.109130382537842,16331.000058315838,27773.054275989532,6.121701605588774e-07
4083,1.9029231071472168,16335.000058315838,27781.22420811653,6.061698841296148e-07
4084,1.7867704629898071,16339.000058315838,27788.732674837112,6.001989990824259e-07
4085,2.022090196609497,16343.000058315838,27797.140312433243,5.942575089702211e-07
4086,1.6160972118377686,16347.000058315838,27803.63957953453,5.883454173284192e-07
4087,1.9866549968719482,16351.000058315838,27810.450751304626,5.824627276749589e-07
4088,1.6651504039764404,16355.000058315838,27815.498554229736,5.766094435102482e-07
4089,1.984318733215332,16359.000058315838,27823.376578092575,5.707855683172371e-07
4090,1.788413405418396,16363.000058315838,27829.227792024612,5.649911055613621e-07
4091,1.8075250387191772,16367.000058315838,27836.346881389618,5.5922605869054e-07
4092,2.0836830139160156,16371.000058315838,27843.418417930603,5.534904311352075e-07
4093,1.608810305595398,16375.000058315838,27848.99691414833,5.477842263082931e-07
4094,1.8399237394332886,16379.000058315838,27854.410152435303,5.421074476052062e-07
4095,1.994970440864563,16383.000058315838,27861.081944704056,5.364600984038478e-07
4096,1.758641004562378,16387.00005831584,27868.227079868317,5.308421820646163e-07
4097,1.7288227081298828,16391.00005831584,27874.27709722519,5.252537019304022e-07
4098,2.004819631576538,16395.00005831584,27880.718729019165,5.196946613265544e-07
4099,1.8877261877059937,16399.00005831584,27888.04778957367,5.141650635609246e-07
4100,1.7246098518371582,16403.00005831584,27895.301045417786,5.086649119238401e-07
4101,1.9317001104354858,16407.00005831584,27902.500620126724,5.031942096881085e-07
4102,1.9485722780227661,16411.00005831584,27909.12876558304,4.977529601090129e-07
4103,1.9955049753189087,16415.00005831584,27916.074971199036,4.923411664243116e-07
4104,1.740868091583252,16419.00005831584,27923.269325494766,4.869588318542212e-07
4105,1.7952824831008911,16423.00005831584,27931.568430662155,4.81605959601456e-07
4106,1.7837350368499756,16427.00005831584,27937.11408829689,4.76282552851183e-07
4107,1.9001367092132568,16431.00005831584,27943.89745736122,4.7098861477102806e-07
4108,1.6779009103775024,16435.00005831584,27951.301976680756,4.657241485110976e-07
4109,2.084585666656494,16439.00005831584,27958.472002506256,4.6048915720395095e-07
4110,1.8290619850158691,16443.00005831584,27964.10717511177,4.5528364396462295e-07
4111,2.0884149074554443,16447.00005831584,27971.263805150986,4.5010761189059e-07
4112,1.663259744644165,16451.00005831584,27977.702665567398,4.449610640617928e-07
4113,1.7743903398513794,16455.00005831584,27984.958854675293,4.3984400354064156e-07
4114,1.6627206802368164,16459.00005831584,27993.38557434082,4.3475643337196635e-07
4115,2.1550209522247314,16463.00005831584,28000.321084737778,4.296983565830834e-07
4116,1.6006088256835938,16467.00005831584,28006.58047938347,4.246697761837509e-07
4117,1.8281548023223877,16471.00005831584,28014.77880167961,4.196706951661634e-07
4118,1.870131015777588,16475.00005831584,28022.72305703163,4.1470111650496827e-07
4119,1.7066993713378906,16479.00005831584,28029.92847275734,4.097610431572662e-07
4120,1.7412911653518677,16483.00005831584,28037.48701786995,4.048504780625884e-07
4121,1.6606093645095825,16487.00005831584,28043.985904455185,3.999694241429191e-07
4122,1.708448886871338,16491.00005831584,28049.45317220688,3.951178843026679e-07
4123,1.7656419277191162,16495.00005831584,28057.125960826874,3.9029586142869737e-07
4124,1.7997231483459473,16499.00005831584,28065.06520152092,3.855033583903007e-07
4125,1.9058120250701904,16503.00005831584,28070.250253677368,3.807403780392021e-07
4126,1.5198973417282104,16507.00005831584,28075.229254245758,3.7600692320956754e-07
4127,1.6409531831741333,16511.00005831584,28082.030458927155,3.7130299671797717e-07
4128,2.0688729286193848,16515.00005831584,28088.474695444107,3.6662860136345856e-07
4129,1.766237497329712,16519.00005831584,28095.316870450974,3.6198373992746447e-07
4130,1.6696743965148926,16523.00005831584,28102.193034172058,3.573684151738564e-07
4131,1.6614654064178467,16527.00005831584,28108.275223731995,3.5278262984894324e-07
4132,1.8981852531433105,16531.00005831584,28116.28808927536,3.482263866814423e-07
4133,1.976539134979248,16535.00005831584,28123.082388162613,3.4369968838249633e-07
4134,1.7130579948425293,16539.00005831584,28131.63827395439,3.392025376456732e-07
4135,1.8418622016906738,16543.00005831584,28138.671703100204,3.347349371469495e-07
4136,1.9720960855484009,16547.00005831584,28144.908298015594,3.3029688954472697e-07
4137,1.7479356527328491,16551.00005831584,28150.442217350006,3.258883974798103e-07
4138,2.206172466278076,16555.00005831584,28157.699620246887,3.215094635754296e-07
4139,1.7987637519836426,16559.00005831584,28163.927536010742,3.1716009043721784e-07
4140,1.863945722579956,16563.00005831584,28169.879019975662,3.128402806532334e-07
4141,1.7813456058502197,16567.00005831584,28175.656379699707,3.0855003679391537e-07
4142,1.9069684743881226,16571.00005831584,28182.27894973755,3.0428936141214473e-07
4143,1.8678643703460693,16575.00005831584,28188.5462038517,3.0005825704317785e-07
4144,1.9405533075332642,16579.00005831584,28193.418260335922,2.9585672620469074e-07
4145,1.9648842811584473,16583.00005831584,28199.862151384354,2.9168477139675677e-07
4146,2.095395565032959,16587.00005831584,28205.88413643837,2.875423951018581e-07
4147,1.840881586074829,16591.00005831584,28212.29370522499,2.8342959978486864e-07
4148,1.559598445892334,16595.00005831584,28219.311137914658,2.793463878930599e-07
4149,1.9035155773162842,16599.00005831584,28224.253152370453,2.752927618561064e-07
4150,1.7945433855056763,16603.00005831584,28232.183116197586,2.71268724086069e-07
4151,1.627731442451477,16607.00005831584,28238.91074180603,2.6727427697741174e-07
4152,1.5770511627197266,16611.00005831584,28245.30082845688,2.633094229069904e-07
4153,1.6291245222091675,16615.00005831584,28251.711749315262,2.5937416423404165e-07
4154,1.9955124855041504,16619.00005831584,28259.76974463463,2.554685033001997e-07
4155,1.806371808052063,16623.00005831584,28265.792875766754,2.515924424294907e-07
4156,1.7910676002502441,16627.00005831584,28272.59330892563,2.477459839283215e-07
4157,1.903730869293213,16631.00005831584,28279.58560013771,2.4392913008548e-07
4158,1.6202874183654785,16635.00005831584,28287.592979192734,2.4014188317214577e-07
4159,1.7693506479263306,16639.00005831584,28294.234929323196,2.363842454418795e-07
4160,1.8766899108886719,16643.00005831584,28300.226135492325,2.3265621913062798e-07
4161,1.845594882965088,16647.00005831584,28306.739844083786,2.2895780645670793e-07
4162,1.8005279302597046,16651.00005831584,28312.17723751068,2.2528900962082232e-07
4163,1.835404396057129,16655.00005831584,28317.161831378937,2.2164983080603843e-07
4164,1.8487052917480469,16659.00005831584,28324.977216482162,2.1804027217782646e-07
4165,1.9437168836593628,16663.00005831584,28331.1566054821,2.1446033588400422e-07
4166,2.008601188659668,16667.00005831584,28337.412785053253,2.1091002405477583e-07
4167,1.9137330055236816,16671.00005831584,28344.15410876274,2.0738933880272072e-07
4168,2.008315324783325,16675.00005831584,28352.262308835983,2.0389828222278254e-07
4169,1.8579561710357666,16679.00005831584,28359.49106693268,2.0043685639226902e-07
4170,1.8393723964691162,16683.00005831584,28367.208852529526,1.9700506337087438e-07
4171,1.5325613021850586,16687.00005831584,28372.427000284195,1.9360290520064026e-07
4172,1.6748884916305542,16691.00005831584,28379.40959072113,1.902303839059948e-07
4173,1.6799098253250122,16695.00005831584,28386.46255517006,1.8688750149371355e-07
4174,1.580185890197754,16699.00005831584,28393.977421998978,1.8357425995294188e-07
4175,1.9453867673873901,16703.00005831584,28399.277146816254,1.8029066125518927e-07
4176,1.811246395111084,16707.00005831584,28408.17093515396,1.7703670735432941e-07
4177,1.4897146224975586,16711.00005831584,28415.176929712296,1.7381240018658907e-07
4178,1.9500105381011963,16715.00005831584,28421.45993065834,1.7061774167055362e-07
4179,1.8962550163269043,16719.00005831584,28429.31920528412,1.6745273370717822e-07
4180,2.1645913124084473,16723.00005831584,28437.66355252266,1.643173781797599e-07
4181,1.7836344242095947,16727.00005831584,28444.03604197502,1.6121167695395997e-07
4182,1.5683083534240723,16731.00005831584,28450.918293952942,1.581356318777872e-07
4183,1.8511629104614258,16735.00005831584,28458.72618508339,1.5508924478162012e-07
4184,1.7610715627670288,16739.00005831584,28465.86404967308,1.520725174781737e-07
4185,1.706878423690796,16743.00005831584,28473.25043320656,1.4908545176251034e-07
4186,1.8334052562713623,16747.00005831584,28479.996541023254,1.4612804941206233e-07
4187,1.9271079301834106,16751.00005831584,28487.489045619965,1.432003121865982e-07
4188,1.7999707460403442,16755.00005831584,28495.49336719513,1.4030224182822859e-07
4189,1.8795166015625,16759.00005831584,28501.137672662735,1.3743384006142827e-07
4190,1.905626654624939,16763.00005831584,28507.850477218628,1.3459510859300289e-07
4191,2.0726826190948486,16767.00005831584,28515.08871436119,1.3178604911210558e-07
4192,1.9821081161499023,16771.00005831584,28521.904675006866,1.2900666329024815e-07
4193,1.9313526153564453,16775.00005831584,28528.3049826622,1.262569527812622e-07
4194,1.5628966093063354,16779.00005831584,28534.278411388397,1.235369192213434e-07
4195,1.8377838134765625,16783.00005831584,28540.50038933754,1.208465642290073e-07
4196,2.0116429328918457,16787.00005831584,28547.86805343628,1.1818588940512804e-07
4197,1.880191445350647,16791.00005831584,28555.063351869583,1.1555489633291061e-07
4198,1.9309239387512207,16795.00005831584,28561.229286432266,1.1295358657789646e-07
4199,1.5769821405410767,16799.00005831584,28567.792464017868,1.1038196168796898e-07
4200,1.773788332939148,16803.00005831584,28573.218247652054,1.07840023193348e-07
4201,1.950334072113037,16807.00005831584,28579.681634426117,1.0532777260657865e-07
4202,1.7330050468444824,16811.00005831584,28586.01174378395,1.028452114225536e-07
4203,1.8431503772735596,16815.00005831584,28592.496666431427,1.0039234111849641e-07
4204,1.9021036624908447,16819.00005831584,28599.900300979614,9.796916315395039e-08
4205,1.6551244258880615,16823.00005831584,28607.790957450867,9.557567897081746e-08
4206,1.8098475933074951,16827.00005831584,28613.818779706955,9.321188999330268e-08
4207,1.7378169298171997,16831.00005831584,28620.600706338882,9.087779762795308e-08
4208,1.9062812328338623,16835.00005831584,28627.154846191406,8.857340326365211e-08
4209,1.9544830322265625,16839.00005831584,28632.99650120735,8.629870827159742e-08
4210,1.6673932075500488,16843.00005831584,28638.834754943848,8.405371400532311e-08
4211,1.6932350397109985,16847.00005831584,28645.15229511261,8.183842180069414e-08
4212,1.9650764465332031,16851.00005831584,28651.21500134468,7.965283297589525e-08
4213,1.9133111238479614,16855.00005831584,28656.519376039505,7.749694883143091e-08
4214,1.6876028776168823,16859.00005831584,28661.28556585312,7.537077065013652e-08
4215,1.976020336151123,16863.00005831584,28669.323999643326,7.32742996971783e-08
4216,1.8642888069152832,16867.00005831584,28677.229776382446,7.12075372200367e-08
4217,1.7352895736694336,16871.00005831584,28684.77182817459,6.917048444851752e-08
4218,1.9963054656982422,16875.00005831584,28691.531545877457,6.716314259473521e-08
4219,1.8519893884658813,16879.00005831584,28700.049759864807,6.518551285315726e-08
4220,1.759802222251892,16883.00005831584,28706.485784053802,6.323759640053213e-08
4221,2.2469074726104736,16887.00005831584,28712.897775411606,6.131939439595022e-08
4222,1.9527993202209473,16891.00005831584,28719.468986988068,5.9430907980827246e-08
4223,1.9849743843078613,16895.00005831584,28725.801594018936,5.7572138278876504e-08
4224,2.059347629547119,16899.00005831584,28733.96666407585,5.574308639614216e-08
4225,1.916122317314148,16903.00005831584,28741.63679933548,5.3943753420982595e-08
4226,1.778144121170044,16907.00005831584,28749.771866559982,5.21741404240704e-08
4227,1.831061840057373,16911.00005831584,28756.551110506058,5.0434248458392387e-08
4228,1.6763560771942139,16915.00005831584,28763.673508882523,4.8724078559255156e-08
4229,1.739517092704773,16919.00005831584,28771.992820978165,4.7043631744273947e-08
4230,1.7907845973968506,16923.00005831584,28778.490616321564,4.539290901338933e-08
4231,1.8600904941558838,16927.00005831584,28785.01251268387,4.37719113488339e-08
4232,1.6565701961517334,16931.00005831584,28792.665622234344,4.218063971517111e-08
4233,1.701777458190918,16935.00005831584,28800.096214294434,4.061909505926753e-08
4234,2.0317792892456055,16939.00005831584,28805.822333097458,3.908727831030395e-08
4235,1.7024005651474,16943.00005831584,28812.41828250885,3.758519037977538e-08
4236,1.8862625360488892,16947.00005831584,28819.929569482803,3.611283216147439e-08
4237,1.624591588973999,16951.00005831584,28826.12426328659,3.467020453151888e-08
4238,1.5809097290039062,16955.00005831584,28831.276071310043,3.3257308348329856e-08
4239,1.7574286460876465,16959.00005831584,28837.122029542923,3.187414445263144e-08
4240,1.8818092346191406,16963.00005831584,28844.907462835312,3.052071366746198e-08
4241,1.5178604125976562,16967.00005831584,28852.21426677704,2.9197016798162927e-08
4242,1.9029762744903564,16971.00005831584,28858.621515989304,2.790305463238996e-08
4243,1.4933509826660156,16975.00005831584,28864.648487329483,2.6638827940101873e-08
4244,1.663504719734192,16979.00005831584,28870.61834549904,2.5404337473555023e-08
4245,1.8976895809173584,16983.00005831584,28877.52185201645,2.4199583967331085e-08
4246,1.6379435062408447,16987.00005831584,28885.110947608948,2.3024568138298203e-08
4247,1.8291798830032349,16991.00005831584,28891.300528287888,2.1879290685638727e-08
4248,1.6962952613830566,16995.00005831584,28898.602289676666,2.0763752290838136e-08
4249,1.8940998315811157,16999.00005831584,28905.827225208282,1.9677953617679468e-08
4250,1.7805781364440918,17003.00005831584,28911.980268478394,1.8621895312265528e-08
4251,1.8612160682678223,17007.00005831584,28918.74683904648,1.7595578002985585e-08
4252,1.8887288570404053,17011.00005831584,28925.411923646927,1.6599002300537576e-08
4253,1.7725579738616943,17015.00005831584,28933.644911766052,1.5632168797933658e-08
4254,1.888460397720337,17019.00005831584,28941.600512504578,1.4695078070461341e-08
4255,1.886589527130127,17023.00005831584,28948.900902032852,1.3787730675739014e-08
4256,2.1321606636047363,17027.00005831584,28955.68713927269,1.2910127153671523e-08
4257,1.8655030727386475,17031.00005831584,28962.532403945923,1.2062268026466837e-08
4258,1.7906430959701538,17035.00005831584,28970.08161520958,1.1244153798630477e-08
4259,1.8175489902496338,17039.00005831584,28977.749738931656,1.0455784956971096e-08
4260,1.8275599479675293,17043.00005831584,28983.358360528946,9.697161970605999e-09
4261,2.068864583969116,17047.00005831584,28990.641446590424,8.968285290944514e-09
4262,1.8805803060531616,17051.00005831584,28997.1083548069,8.26915535169353e-09
4263,1.758834719657898,17055.00005831584,29005.3987364769,7.599772568863053e-09
4264,1.6369588375091553,17059.00005831584,29010.436306476593,6.960137340766205e-09
4265,1.8695120811462402,17063.00005831584,29016.805332660675,6.350250048008119e-09
4266,1.976017951965332,17067.00005831584,29022.957242012024,5.770111053491497e-09
4267,1.653799295425415,17071.00005831584,29028.762536287308,5.219720702427702e-09
4268,1.8432672023773193,17075.00005831584,29033.677965164185,4.699079322314566e-09
4269,2.0191118717193604,17079.00005831584,29040.031057834625,4.208187222964134e-09
4270,1.8149809837341309,17083.00005831584,29046.65710759163,3.747044696463814e-09
4271,2.0103869438171387,17087.00005831584,29053.918604135513,3.3156520172207825e-09
4272,1.8113646507263184,17091.00005831584,29059.07994198799,2.914009441928678e-09
4273,1.8146753311157227,17095.00005831584,29066.38560605049,2.5421172095787034e-09
4274,2.0534496307373047,17099.00005831584,29073.499638319016,2.199975541465179e-09
4275,1.8741540908813477,17103.00005831584,29080.421523571014,1.8875846411688854e-09
4276,1.894411563873291,17107.00005831584,29086.43535900116,1.604944694579272e-09
4277,1.8365329504013062,17111.00005831584,29093.120676279068,1.352055869883351e-09
4278,1.8803269863128662,17115.00005831584,29101.252022981644,1.1289183175434972e-09
4279,1.8682668209075928,17119.00005831584,29107.792599201202,9.355321703529546e-10
4280,1.8227550983428955,17123.00005831584,29114.480995178223,7.718975433747775e-10
4281,1.9529786109924316,17127.00005831584,29121.47896838188,6.380145339806867e-10
4282,1.8566577434539795,17131.00005831584,29127.68258357048,5.338832218344167e-10
4283,1.8827753067016602,17135.00005831584,29134.36135315895,4.5950366890281784e-10
4284,1.7101349830627441,17139.00005831584,29142.37949204445,4.148759194392027e-10
4285,1.788788080215454,17143.00005831584,29149.520318746567,3.9999999999999996e-10
4286,1.8734674453735352,17147.00005831584,29154.7077460289,4.148759194392027e-10
