step,training_loss,epoch,elapsed_time,lr_param_group_0
0,2.115725517272949,3.0000583158385816,7.548052072525024,4.005203767033154e-06
1,2.059014320373535,7.000058315838582,14.053884267807007,4.020813939832951e-06
2,1.9845764636993408,11.000058315838581,21.98025345802307,4.046827133745131e-06
3,2.4327828884124756,15.000058315838581,27.57738494873047,4.083237708494647e-06
4,2.204429864883423,19.000058315838583,34.30164361000061,4.130037769408643e-06
5,1.900787353515625,23.000058315838583,41.26822519302368,4.187217169128213e-06
6,1.9662911891937256,27.000058315838583,46.98867392539978,4.254763509808549e-06
7,2.036642551422119,31.000058315838583,53.49577069282532,4.332662145807096e-06
8,2.2964673042297363,35.00005831583858,60.68053388595581,4.420896186859127e-06
9,1.792245626449585,39.00005831583858,67.61272668838501,4.519446501739894e-06
10,2.187805414199829,43.00005831583858,73.67092490196228,4.6282917224127164e-06
11,2.0667788982391357,47.00005831583858,80.76356220245361,4.747408248662158e-06
12,2.0281646251678467,51.00005831583858,87.91512393951416,4.876770253211038e-06
13,2.271761178970337,55.00005831583858,95.13966035842896,5.0163496873203945e-06
14,2.280766010284424,59.00005831583858,102.37918829917908,5.1661162868711755e-06
15,2.2502479553222656,63.00005831583858,108.70054912567139,5.326037578926146e-06
16,2.0288679599761963,67.00005831583859,114.81442165374756,5.496078888770844e-06
17,1.8919761180877686,71.00005831583859,121.90464305877686,5.676203347431793e-06
18,2.0515143871307373,75.00005831583859,128.3061912059784,5.866371899670701e-06
19,1.8589810132980347,79.00005831583859,135.87699580192566,6.0665433124524476e-06
20,2.188220500946045,83.00005831583859,141.55823802947998,6.276674183885387e-06
21,1.9374890327453613,87.00005831583859,149.35530543327332,6.496718952632007e-06
22,2.3277664184570312,91.00005831583859,156.34577584266663,6.7266299077875275e-06
23,1.9547637701034546,95.00005831583859,162.515052318573,6.966357199224952e-06
24,2.1436328887939453,99.00005831583859,166.98995852470398,7.2158488484036e-06
25,2.116152286529541,103.00005831583859,172.68062615394592,7.475050759639309e-06
26,1.755310297012329,107.00005831583859,180.4860327243805,7.743906731833765e-06
27,2.1651387214660645,111.00005831583859,187.1105499267578,8.022358470660083e-06
28,1.9937522411346436,115.00005831583859,194.23431038856506,8.310345601202475e-06
29,2.191065788269043,119.00005831583859,200.60412693023682,8.60780568104695e-06
30,2.2017717361450195,123.00005831583859,207.4297149181366,8.914674213820301e-06
31,1.8452723026275635,127.00005831583859,214.43088507652283,9.230884663174413e-06
32,1.9738378524780273,131.00005831583857,220.06077647209167,9.556368467212973e-06
33,2.1156418323516846,135.00005831583857,226.60934233665466,9.89105505335725e-06
34,2.1629347801208496,139.00005831583857,232.89142274856567,1.023487185364795e-05
35,2.059091091156006,143.00005831583857,238.12914156913757,1.0587744320479599e-05
36,2.024423122406006,147.00005831583857,244.3516993522644,1.0949595942764327e-05
37,1.9514734745025635,151.00005831583857,251.29087209701538,1.1320348262521137e-05
38,2.2261431217193604,155.00005831583857,258.04119658470154,1.1699920891887564e-05
39,1.9192211627960205,159.00005831583857,264.96794533729553,1.2088231530549693e-05
40,2.0699188709259033,163.00005831583857,270.53041195869446,1.2485195983586632e-05
41,2.2870631217956543,167.00005831583857,278.19242238998413,1.289072817972616e-05
42,1.8875584602355957,171.00005831583857,286.147545337677,1.3304740190006869e-05
43,1.9353082180023193,175.00005831583857,291.5697658061981,1.3727142246843345e-05
44,1.9426896572113037,179.00005831583857,297.36458230018616,1.415784276348982e-05
45,2.3450145721435547,183.00005831583857,303.0587327480316,1.4596748353898416e-05
46,2.2398600578308105,187.00005831583857,310.1358494758606,1.5043763852967354e-05
47,1.948599100112915,191.00005831583857,317.01874804496765,1.5498792337175084e-05
48,2.3403162956237793,195.00005831583857,323.0541195869446,1.5961735145595567e-05
49,2.2463767528533936,199.00005831583857,330.5829153060913,1.6432491901290257e-05
50,2.09273099899292,203.00005831583857,335.44076323509216,1.6910960533072242e-05
51,1.996288537979126,207.00005831583857,342.6859130859375,1.7397037297637685e-05
52,2.256155490875244,211.00005831583857,349.330078125,1.789061680205978e-05
53,1.871824860572815,215.00005831583857,354.5197060108185,1.8391592026640474e-05
54,2.1133275032043457,219.00005831583857,360.0695390701294,1.8899854348114847e-05
55,2.2789008617401123,223.00005831583857,365.3629252910614,1.941529356320321e-05
56,1.891603946685791,227.00005831583857,370.9590525627136,1.9937797912505757e-05
57,1.9608561992645264,231.00005831583857,375.76557898521423,2.0467254104734683e-05
58,1.9881749153137207,235.00005831583857,381.28890228271484,2.1003547341278355e-05
59,1.999253749847412,239.00005831583857,387.90841937065125,2.1546561341092465e-05
60,2.0182747840881348,243.00005831583857,393.86416268348694,2.2096178365912372e-05
61,1.9503579139709473,247.00005831583857,401.0713543891907,2.265227924578162e-05
62,2.0663464069366455,251.00005831583857,407.268944978714,2.3214743404890826e-05
63,2.254253625869751,255.00005831583857,413.274133682251,2.378344888772129e-05
64,2.149559259414673,259.0000583158386,418.04752373695374,2.435827238548789e-05
65,2.16163969039917,263.0000583158386,423.7277090549469,2.4939089262875303e-05
66,2.0043582916259766,267.0000583158386,430.2241270542145,2.5525773585061918e-05
67,1.9886302947998047,271.0000583158386,436.6920781135559,2.611819814502545e-05
68,2.2286529541015625,275.0000583158386,442.74960064888,2.6716234491124455e-05
69,2.1067652702331543,279.0000583158386,449.25791001319885,2.7319752954949652e-05
70,2.2057554721832275,283.0000583158386,455.3015956878662,2.792862267943916e-05
71,2.0292344093322754,287.0000583158386,462.61361050605774,2.8542711647251272e-05
72,1.7542967796325684,291.0000583158386,469.78632521629333,2.9161886709389115e-05
73,2.2130203247070312,295.0000583158386,476.29454588890076,2.9786013614070336e-05
74,2.0559165477752686,299.0000583158386,481.97425055503845,3.0414957035836116e-05
75,1.9770170450210571,303.0000583158386,488.6315815448761,3.1048580604893e-05
76,1.921015739440918,307.0000583158386,495.11779856681824,3.1686746936680944e-05
77,1.8286972045898438,311.0000583158386,503.1644787788391,3.232931766166167e-05
78,1.8709869384765625,315.0000583158386,509.14154052734375,3.297615345532041e-05
79,1.8907889127731323,319.0000583158386,515.6103076934814,3.3627114068374655e-05
80,2.0284671783447266,323.0000583158386,523.0515661239624,3.4282058357183704e-05
81,2.21293044090271,327.0000583158386,529.373064994812,3.494084431435175e-05
82,2.221175193786621,331.0000583158386,535.152402639389,3.5603329099518556e-05
83,1.7744290828704834,335.0000583158386,542.1475627422333,3.6269369070330586e-05
84,2.178884983062744,339.0000583158386,549.3437805175781,3.6938819813586027e-05
85,2.2447524070739746,343.0000583158386,556.1764576435089,3.761153617654708e-05
86,1.921090006828308,347.0000583158386,563.5119895935059,3.828737229841239e-05
87,1.8085048198699951,351.0000583158386,569.6868743896484,3.896618164194317e-05
88,1.9975628852844238,355.0000583158386,575.6621611118317,3.9647817025235934e-05
89,1.940335750579834,359.0000583158386,580.2571203708649,4.033213065363502e-05
90,1.8925176858901978,363.0000583158386,585.8558337688446,4.101897415177792e-05
91,2.041560173034668,367.0000583158386,592.5893046855927,4.170819859576661e-05
92,1.7105867862701416,371.0000583158386,599.160966873169,4.2399654545457763e-05
93,2.002748966217041,375.0000583158386,606.2359306812286,4.309319207686488e-05
94,1.8425902128219604,379.0000583158386,613.7771716117859,4.378866081466537e-05
95,1.9156979322433472,383.0000583158386,620.8665473461151,4.4485909964805484e-05
96,1.9926016330718994,387.0000583158386,627.1906390190125,4.518478834719596e-05
97,2.1589016914367676,391.0000583158386,631.4172894954681,4.5885144428491565e-05
98,1.8329856395721436,395.0000583158386,638.6098248958588,4.658682635494699e-05
99,2.180490493774414,399.0000583158386,644.1789681911469,4.7289681985342345e-05
100,1.9136708974838257,403.0000583158386,648.8151428699493,4.799355892397106e-05
101,1.6733288764953613,407.0000583158386,654.7431995868683,4.869830455368275e-05
102,1.8611040115356445,411.0000583158386,661.8900792598724,4.940376606897433e-05
103,2.144406795501709,415.0000583158386,667.8195431232452,5.0109790509121776e-05
104,2.1006832122802734,419.0000583158386,674.0948934555054,5.081622479134563e-05
105,1.8157365322113037,423.0000583158386,680.9703390598297,5.152291574400305e-05
106,1.8971409797668457,427.0000583158386,687.7002692222595,5.222971013979895e-05
107,1.9055850505828857,431.0000583158386,694.4433226585388,5.293645472900932e-05
108,1.833752155303955,435.0000583158386,701.4806272983551,5.364299627270941e-05
109,1.739244818687439,439.0000583158386,706.5322167873383,5.434918157599952e-05
110,1.9912132024765015,443.0000583158386,713.374972820282,5.5054857521221286e-05
111,2.128173589706421,447.0000583158386,718.9691133499146,5.575987110115723e-05
112,1.9260497093200684,451.0000583158386,724.046145439148,5.64640694522063e-05
113,1.8240838050842285,455.0000583158386,731.1789605617523,5.716729988752832e-05
114,2.0297579765319824,459.0000583158386,737.5194804668427,5.7869409930150125e-05
115,2.0697617530822754,463.0000583158386,745.0897586345673,5.8570247346026165e-05
116,2.192232608795166,467.0000583158386,750.9474277496338,5.926966017704641e-05
117,1.8230916261672974,471.0000583158386,757.4844222068787,5.996749677398452e-05
118,1.9184091091156006,475.0000583158386,764.5628798007965,6.0663605829378904e-05
119,2.1356258392333984,479.0000583158386,770.6825022697449,6.135783641033984e-05
120,1.8627853393554688,483.0000583158386,777.183130979538,6.205003799127518e-05
121,1.8317663669586182,487.0000583158386,784.9552612304688,6.2740060486528e-05
122,1.9531656503677368,491.0000583158386,791.1224374771118,6.342775428291858e-05
123,1.7133550643920898,495.0000583158386,797.9482595920563,6.411297027218416e-05
124,2.0340166091918945,499.0000583158386,802.8796455860138,6.479555988330905e-05
125,1.8885488510131836,503.0000583158386,807.7104210853577,6.547537511473848e-05
126,1.850878357887268,507.0000583158386,813.477175951004,6.615226856646868e-05
127,1.943469762802124,511.0000583158386,821.063462972641,6.682609347200679e-05
128,1.6120598316192627,515.0000583158386,825.8746676445007,6.749670373019324e-05
129,1.789585828781128,519.0000583158386,830.8020098209381,6.816395393687992e-05
130,1.8312146663665771,523.0000583158386,837.5160758495331,6.882769941645739e-05
131,1.7627122402191162,527.0000583158386,843.1764693260193,6.948779625322371e-05
132,1.7724573612213135,531.0000583158386,848.1798102855682,7.0144101322589e-05
133,1.7905389070510864,535.0000583158386,853.6723935604095,7.07964723221081e-05
134,1.8962067365646362,539.0000583158386,859.7730383872986,7.144476780233515e-05
135,1.6900453567504883,543.0000583158386,867.2808568477631,7.208884719749314e-05
136,1.7715376615524292,547.0000583158386,874.6151340007782,7.272857085595199e-05
137,1.6770950555801392,551.0000583158386,882.5035276412964,7.33638000705081e-05
138,1.857141375541687,555.0000583158386,889.4087481498718,7.399439710845969e-05
139,1.9788670539855957,559.0000583158386,896.0939118862152,7.462022524147016e-05
140,1.8518507480621338,563.0000583158386,901.4968354701996,7.52411487752142e-05
141,1.500223159790039,567.0000583158386,907.6953966617584,7.585703307879954e-05
142,1.871582269668579,571.0000583158386,914.0106582641602,7.646774461395803e-05
143,1.8841596841812134,575.0000583158386,920.1084036827087,7.707315096399997e-05
144,1.8435986042022705,579.0000583158386,926.5602254867554,7.76731208625251e-05
145,1.6227383613586426,583.0000583158386,932.4421277046204,7.826752422188429e-05
146,1.96474289894104,587.0000583158386,938.6046350002289,7.885623216138563e-05
147,1.981027364730835,591.0000583158386,945.6020376682281,7.943911703523881e-05
148,2.010268449783325,595.0000583158386,952.5530211925507,8.001605246023172e-05
149,1.703023910522461,599.0000583158386,957.4801301956177,8.05869133431333e-05
150,1.7331366539001465,603.0000583158386,962.0828652381897,8.11515759078168e-05
151,1.688914179801941,607.0000583158386,969.5416581630707,8.170991772209725e-05
152,1.7281627655029297,611.0000583158386,976.8449594974518,8.22618177242777e-05
153,1.6996734142303467,615.0000583158386,982.0289838314056,8.280715624939828e-05
154,2.06494402885437,619.0000583158386,988.076418876648,8.334581505518239e-05
155,1.7398465871810913,623.0000583158386,994.7041888237,8.387767734767437e-05
156,1.7759027481079102,627.0000583158386,1000.7436008453369,8.440262780656322e-05
157,1.5777616500854492,631.0000583158386,1007.5559511184692,8.492055261018676e-05
158,1.9583096504211426,635.0000583158386,1014.4331729412079,8.543133946021089e-05
159,1.5387487411499023,639.0000583158386,1020.8048179149628,8.593487760597848e-05
160,1.6168084144592285,643.0000583158386,1028.5749161243439,8.643105786852276e-05
161,1.6485786437988281,647.0000583158386,1033.5998866558075,8.691977266423983e-05
162,1.5330334901809692,651.0000583158386,1039.9580731391907,8.740091602821545e-05
163,1.8591828346252441,655.0000583158386,1046.745019197464,8.787438363720061e-05
164,1.7866244316101074,659.0000583158386,1053.4626801013947,8.834007283223136e-05
165,1.6300673484802246,663.0000583158386,1058.6408348083496,8.879788264088769e-05
166,1.532023549079895,667.0000583158386,1066.1158239841461,8.924771379918668e-05
167,1.8087822198867798,671.0000583158386,1073.2263677120209,8.968946877310532e-05
168,1.435215711593628,675.0000583158386,1079.5088193416595,9.012305177972819e-05
169,1.7339054346084595,679.0000583158386,1087.1497049331665,9.054836880801547e-05
170,1.5070596933364868,683.0000583158386,1092.5327560901642,9.096532763918672e-05
171,1.4910190105438232,687.0000583158386,1098.3782675266266,9.13738378667161e-05
172,1.5219757556915283,691.0000583158386,1105.052657842636,9.17738109159347e-05
173,1.7875874042510986,695.0000583158386,1111.6156227588654,9.216516006323552e-05
174,1.7478573322296143,699.0000583158386,1117.7183728218079,9.254780045487722e-05
175,1.7087881565093994,703.0000583158386,1124.5277433395386,9.292164912538254e-05
176,1.9033712148666382,707.0000583158386,1130.9708542823792,9.328662501552698e-05
177,1.7192859649658203,711.0000583158386,1136.845776796341,9.364264898991454e-05
178,1.681786298751831,715.0000583158386,1142.1168961524963,9.398964385413598e-05
179,1.5821160078048706,719.0000583158386,1147.079092502594,9.432753437150651e-05
180,1.5750672817230225,723.0000583158386,1153.040836572647,9.465624727937885e-05
181,1.5031037330627441,727.0000583158386,1159.5063486099243,9.497571130502827e-05
182,1.6621583700180054,731.0000583158386,1166.2898914813995,9.528585718110621e-05
183,1.5301744937896729,735.0000583158386,1172.189394235611,9.558661766065915e-05
184,1.781947135925293,739.0000583158386,1178.934935092926,9.587792753170921e-05
185,1.7973121404647827,743.0000583158386,1183.7079994678497,9.615972363139376e-05
186,1.8298105001449585,747.0000583158386,1191.0872752666473,9.643194485966056e-05
187,1.4797091484069824,751.0000583158386,1197.4548335075378,9.669453219251573e-05
188,1.3411126136779785,755.0000583158386,1203.4503717422485,9.694742869482151e-05
189,1.772035002708435,759.0000583158386,1210.2871680259705,9.719057953264118e-05
190,1.5255014896392822,763.0000583158386,1215.8120648860931,9.74239319851283e-05
191,1.4612265825271606,767.0000583158386,1221.7945997714996,9.764743545595794e-05
192,1.4987707138061523,771.0000583158386,1227.4004974365234,9.7861041484297e-05
193,1.3494648933410645,775.0000583158386,1232.2831439971924,9.806470375531184e-05
194,1.5934451818466187,779.0000583158386,1238.5456912517548,9.825837811021028e-05
195,1.3934767246246338,783.0000583158386,1245.7054703235626,9.844202255581635e-05
196,1.373423457145691,787.0000583158386,1252.2609152793884,9.86155972736754e-05
197,1.5569000244140625,791.0000583158386,1258.2934153079987,9.877906462868765e-05
198,1.742564082145691,795.0000583158386,1266.08580493927,9.893238917726838e-05
199,1.4530380964279175,799.0000583158386,1273.1773307323456,9.907553767503299e-05
200,1.3209857940673828,803.0000583158386,1279.6352410316467,9.920847908400504e-05
201,1.5942035913467407,807.0000583158386,1287.3316655158997,9.933118457934617e-05
202,1.7708816528320312,811.0000583158386,1293.6358745098114,9.94436275556059e-05
203,1.42918860912323,815.0000583158386,1298.9398415088654,9.954578363249033e-05
204,1.400212049484253,819.0000583158386,1306.0478491783142,9.963763066014845e-05
205,1.4822505712509155,823.0000583158386,1312.7065336704254,9.971914872397464e-05
206,1.5110539197921753,827.0000583158386,1318.020408630371,9.979032014892666e-05
207,1.4990105628967285,831.0000583158386,1325.6549289226532,9.985112950335809e-05
208,1.6291958093643188,835.0000583158386,1332.3532977104187,9.990156360236415e-05
209,1.6140923500061035,839.0000583158386,1339.2024323940277,9.994161151064064e-05
210,1.6493301391601562,843.0000583158386,1344.4687695503235,9.997126454485484e-05
211,1.492270827293396,847.0000583158386,1349.5437216758728,9.999051627552833e-05
212,1.6467071771621704,851.0000583158386,1355.3379645347595,9.999936252843106e-05
213,1.4479992389678955,855.0000583158386,1360.6267099380493,9.999999371492387e-05
214,1.497683048248291,859.0000583158386,1367.1519544124603,9.99999595003128e-05
215,1.5638611316680908,863.0000583158386,1374.82288646698,9.999989553388694e-05
216,1.387176752090454,867.0000583158386,1380.5951874256134,9.999980181568438e-05
217,1.5110292434692383,871.0000583158386,1387.4676265716553,9.999967834576087e-05
218,1.481607437133789,875.0000583158386,1393.222249507904,9.999952512418988e-05
219,1.4118767976760864,879.0000583158386,1399.0894577503204,9.999934215106257e-05
220,1.367804765701294,883.0000583158386,1406.675321817398,9.999912942648784e-05
221,1.5187573432922363,887.0000583158386,1413.71848487854,9.999888695059226e-05
222,1.6572096347808838,891.0000583158386,1419.6989755630493,9.999861472352011e-05
223,1.457676887512207,895.0000583158386,1425.9349398612976,9.999831274543337e-05
224,1.3820420503616333,899.0000583158386,1432.5113415718079,9.999798101651174e-05
225,1.6918628215789795,903.0000583158386,1437.771624326706,9.999761953695261e-05
226,1.5956783294677734,907.0000583158386,1443.073296546936,9.999722830697106e-05
227,1.2387878894805908,911.0000583158386,1450.428171157837,9.99968073267999e-05
228,1.5185636281967163,915.0000583158386,1456.5308332443237,9.999635659668965e-05
229,1.4548540115356445,919.0000583158386,1464.4504036903381,9.999587611690848e-05
230,1.2837376594543457,923.0000583158386,1469.6916670799255,9.99953658877423e-05
231,1.3502222299575806,927.0000583158386,1477.1007416248322,9.999482590949472e-05
232,1.4803193807601929,931.0000583158386,1482.8728363513947,9.999425618248705e-05
233,1.5628633499145508,935.0000583158386,1488.5500543117523,9.999365670705831e-05
234,1.5629353523254395,939.0000583158386,1495.0823109149933,9.999302748356518e-05
235,1.573283314704895,943.0000583158386,1501.5751168727875,9.999236851238211e-05
236,1.5411819219589233,947.0000583158386,1506.5003180503845,9.999167979390118e-05
237,1.6566637754440308,951.0000583158386,1512.835798740387,9.999096132853225e-05
238,1.5376538038253784,955.0000583158386,1519.2986199855804,9.999021311670279e-05
239,1.2702555656433105,959.0000583158386,1525.846031665802,9.998943515885801e-05
240,1.55692720413208,963.0000583158386,1531.9048488140106,9.998862745546089e-05
241,1.551134705543518,967.0000583158386,1538.127872467041,9.998779000699197e-05
242,1.4139682054519653,971.0000583158386,1544.7870728969574,9.99869228139496e-05
243,1.5301281213760376,975.0000583158386,1551.9681780338287,9.99860258768498e-05
244,1.6117382049560547,979.0000583158386,1559.8289115428925,9.998509919622626e-05
245,1.6867259740829468,983.0000583158386,1567.0130062103271,9.998414277263043e-05
246,1.6341960430145264,987.0000583158386,1573.2183043956757,9.998315660663138e-05
247,1.4317240715026855,991.0000583158386,1579.4110436439514,9.998214069881593e-05
248,1.4878815412521362,995.0000583158386,1585.771714925766,9.998109504978859e-05
249,1.539440393447876,999.0000583158386,1591.683054447174,9.998001966017155e-05
250,1.403824806213379,1003.0000583158386,1598.2768397331238,9.997891453060473e-05
251,1.6039615869522095,1007.0000583158386,1605.1191008090973,9.997777966174571e-05
252,1.6618335247039795,1011.0000583158386,1611.2252027988434,9.997661505426978e-05
253,1.7323325872421265,1015.0000583158386,1618.440408706665,9.997542070886993e-05
254,1.670003890991211,1019.0000583158386,1626.0220792293549,9.997419662625685e-05
255,1.5425829887390137,1023.0000583158386,1632.8190791606903,9.997294280715889e-05
256,1.5187348127365112,1027.0000583158385,1637.5104866027832,9.997165925232218e-05
257,1.4278514385223389,1031.0000583158385,1642.6399977207184,9.997034596251042e-05
258,1.6058603525161743,1035.0000583158385,1650.3293809890747,9.99690029385051e-05
259,1.3610323667526245,1039.0000583158385,1656.0766701698303,9.996763018110538e-05
260,1.506540298461914,1043.0000583158385,1662.215588569641,9.996622769112808e-05
261,1.5755517482757568,1047.0000583158385,1669.0017111301422,9.996479546940776e-05
262,1.39478600025177,1051.0000583158385,1674.4749076366425,9.996333351679662e-05
263,1.4647260904312134,1055.0000583158385,1680.275797843933,9.996184183416461e-05
264,1.5657145977020264,1059.0000583158385,1686.4097788333893,9.996032042239932e-05
265,1.5726807117462158,1063.0000583158385,1693.4640500545502,9.995876928240605e-05
266,1.3852752447128296,1067.0000583158385,1700.2291793823242,9.995718841510781e-05
267,1.399920105934143,1071.0000583158385,1705.484976530075,9.995557782144525e-05
268,1.8058903217315674,1075.0000583158385,1710.3084259033203,9.995393750237677e-05
269,1.4424316883087158,1079.0000583158385,1715.9365360736847,9.995226745887838e-05
270,1.4935271739959717,1083.0000583158385,1722.756763935089,9.995056769194385e-05
271,1.3484742641448975,1087.0000583158385,1729.4404754638672,9.99488382025846e-05
272,1.3863260746002197,1091.0000583158385,1736.185118675232,9.994707899182974e-05
273,1.5705078840255737,1095.0000583158385,1741.509742975235,9.994529006072608e-05
274,1.5379544496536255,1099.0000583158385,1748.5188636779785,9.994347141033811e-05
275,1.5175514221191406,1103.0000583158385,1754.4456136226654,9.994162304174797e-05
276,1.3397654294967651,1107.0000583158385,1761.257125377655,9.993974495605554e-05
277,1.6225430965423584,1111.0000583158385,1768.476794719696,9.993783715437833e-05
278,1.4318565130233765,1115.0000583158385,1774.9693269729614,9.993589963785158e-05
279,1.5508943796157837,1119.0000583158385,1780.4115149974823,9.993393240762819e-05
280,1.3395196199417114,1123.0000583158385,1785.191973209381,9.993193546487873e-05
281,1.5363787412643433,1127.0000583158385,1792.8090410232544,9.992990881079143e-05
282,1.5486699342727661,1131.0000583158385,1798.256753206253,9.992785244657227e-05
283,1.5370206832885742,1135.0000583158385,1803.027128458023,9.992576637344486e-05
284,1.5363014936447144,1139.0000583158385,1810.4292104244232,9.992365059265047e-05
285,1.387437105178833,1143.0000583158385,1817.4988718032837,9.99215051054481e-05
286,1.4896752834320068,1147.0000583158385,1824.2840614318848,9.99193299131144e-05
287,1.2451128959655762,1151.0000583158385,1828.7007031440735,9.991712501694367e-05
288,1.5711661577224731,1155.0000583158385,1834.89271235466,9.991489041824792e-05
289,1.3252615928649902,1159.0000583158385,1839.46062374115,9.991262611835683e-05
290,1.6866142749786377,1163.0000583158385,1846.9792006015778,9.991033211861773e-05
291,1.5313570499420166,1167.0000583158385,1853.691045999527,9.990800842039567e-05
292,1.4902329444885254,1171.0000583158385,1861.2397274971008,9.990565502507334e-05
293,1.5657002925872803,1175.0000583158385,1868.7584884166718,9.990327193405106e-05
294,1.2218570709228516,1179.0000583158385,1875.2332537174225,9.99008591487469e-05
295,1.4858378171920776,1183.0000583158385,1880.4560792446136,9.989841667059656e-05
296,1.435295820236206,1187.0000583158385,1887.3224129676819,9.989594450105338e-05
297,1.6775559186935425,1191.0000583158385,1893.5693402290344,9.989344264158844e-05
298,1.366210699081421,1195.0000583158385,1899.097350358963,9.989091109369042e-05
299,1.6261732578277588,1199.0000583158385,1905.7862136363983,9.988834985886569e-05
300,1.0285872220993042,1203.0000583158385,1911.5109276771545,9.988575893863828e-05
301,1.547128438949585,1207.0000583158385,1918.3922381401062,9.988313833454992e-05
302,1.699138879776001,1211.0000583158385,1924.1089639663696,9.988048804815994e-05
303,1.4188354015350342,1215.0000583158385,1929.0058743953705,9.987780808104536e-05
304,1.302354335784912,1219.0000583158385,1935.7089641094208,9.98750984348009e-05
305,1.4054791927337646,1223.0000583158385,1941.6854820251465,9.987235911103887e-05
306,1.412508487701416,1227.0000583158385,1949.169776916504,9.98695901113893e-05
307,1.2746890783309937,1231.0000583158385,1954.3796217441559,9.986679143749983e-05
308,1.4769797325134277,1235.0000583158385,1960.641031742096,9.98639630910358e-05
309,1.3700528144836426,1239.0000583158385,1965.4002785682678,9.986110507368018e-05
310,1.2983943223953247,1243.0000583158385,1971.8041353225708,9.985821738713361e-05
311,1.4764387607574463,1247.0000583158385,1977.865844488144,9.985530003311436e-05
312,1.5309154987335205,1251.0000583158385,1984.7443187236786,9.98523530133584e-05
313,1.3396451473236084,1255.0000583158385,1990.6231467723846,9.984937632961928e-05
314,1.5599281787872314,1259.0000583158385,1997.3217296600342,9.984636998366827e-05
315,1.5257493257522583,1263.0000583158385,2002.4657909870148,9.984333397729427e-05
316,1.5323095321655273,1267.0000583158385,2009.9769418239594,9.984026831230379e-05
317,1.3643672466278076,1271.0000583158385,2017.0214188098907,9.983717299052106e-05
318,1.4564075469970703,1275.0000583158385,2023.5061995983124,9.983404801378788e-05
319,1.4895386695861816,1279.0000583158385,2031.075411081314,9.983089338396378e-05
320,1.5042113065719604,1283.0000583158385,2037.1907002925873,9.982770910292584e-05
321,1.5037133693695068,1287.0000583158385,2042.5642566680908,9.982449517256885e-05
322,1.3296327590942383,1291.0000583158385,2049.2526412010193,9.982125159480524e-05
323,1.3860805034637451,1295.0000583158385,2055.824882745743,9.981797837156505e-05
324,1.6635169982910156,1299.0000583158385,2062.101861000061,9.981467550479598e-05
325,1.432537317276001,1303.0000583158385,2068.1872322559357,9.981134299646337e-05
326,1.471415638923645,1307.0000583158385,2075.465255022049,9.980798084855018e-05
327,1.197633981704712,1311.0000583158385,2081.2080430984497,9.980458906305702e-05
328,1.4110386371612549,1315.0000583158385,2086.955916404724,9.980116764200216e-05
329,1.291691541671753,1319.0000583158385,2093.127671957016,9.979771658742145e-05
330,1.4659056663513184,1323.0000583158385,2098.721794605255,9.979423590136843e-05
331,1.3387314081192017,1327.0000583158385,2105.47753238678,9.97907255859142e-05
332,1.6804455518722534,1331.0000583158385,2112.9283752441406,9.97871856431476e-05
333,1.6396851539611816,1335.0000583158385,2120.1544592380524,9.978361607517497e-05
334,1.4646048545837402,1339.0000583158385,2126.1873111724854,9.978001688412037e-05
335,1.3915517330169678,1343.0000583158385,2131.47532081604,9.977638807212548e-05
336,1.4914370775222778,1347.0000583158385,2137.9292545318604,9.977272964134956e-05
337,1.3957713842391968,1351.0000583158385,2144.0253942012787,9.976904159396952e-05
338,1.4370218515396118,1355.0000583158385,2150.726150751114,9.97653239321799e-05
339,1.2961539030075073,1359.0000583158385,2157.1526868343353,9.976157665819285e-05
340,1.5075491666793823,1363.0000583158385,2163.4763078689575,9.975779977423814e-05
341,1.2705832719802856,1367.0000583158385,2167.8488759994507,9.97539932825632e-05
342,1.5444903373718262,1371.0000583158385,2174.0503981113434,9.9750157185433e-05
343,1.6144880056381226,1375.0000583158385,2180.596089363098,9.974629148513017e-05
344,1.467891812324524,1379.0000583158385,2185.7751870155334,9.974239618395497e-05
345,1.459990382194519,1383.0000583158385,2192.502850294113,9.973847128422524e-05
346,1.316305160522461,1387.0000583158385,2200.0070009231567,9.973451678827648e-05
347,1.7002445459365845,1391.0000583158385,2206.5776011943817,9.973053269846174e-05
348,1.462843656539917,1395.0000583158385,2212.3608734607697,9.972651901715171e-05
349,1.4787964820861816,1399.0000583158385,2219.211617708206,9.972247574673471e-05
350,1.5829821825027466,1403.0000583158385,2224.708941936493,9.971840288961663e-05
351,1.4477720260620117,1407.0000583158385,2231.083004951477,9.971430044822098e-05
352,1.3142178058624268,1411.0000583158385,2236.1875603199005,9.971016842498886e-05
353,1.4793330430984497,1415.0000583158385,2241.36940741539,9.970600682237902e-05
354,1.3307678699493408,1419.0000583158385,2247.3050122261047,9.970181564286774e-05
355,1.4531924724578857,1423.0000583158385,2252.9191024303436,9.969759488894895e-05
356,1.4586304426193237,1427.0000583158385,2258.467811346054,9.969334456313418e-05
357,1.6136225461959839,1431.0000583158385,2265.114227771759,9.968906466795251e-05
358,1.351535677909851,1435.0000583158385,2271.230735063553,9.968475520595068e-05
359,1.7625415325164795,1439.0000583158385,2277.990033388138,9.968041617969296e-05
360,1.2621335983276367,1443.0000583158385,2283.485955476761,9.967604759176125e-05
361,1.5181465148925781,1447.0000583158385,2290.0381112098694,9.967164944475503e-05
362,1.3185197114944458,1451.0000583158385,2295.509994029999,9.966722174129136e-05
363,1.4695698022842407,1455.0000583158385,2302.9192640781403,9.966276448400492e-05
364,1.6545265913009644,1459.0000583158385,2308.4447767734528,9.965827767554793e-05
365,1.641701102256775,1463.0000583158385,2315.4260795116425,9.965376131859024e-05
366,1.2636785507202148,1467.0000583158385,2322.3790521621704,9.964921541581925e-05
367,1.3636155128479004,1471.0000583158385,2329.531204223633,9.964463996993994e-05
368,1.6035239696502686,1475.0000583158385,2336.2586596012115,9.964003498367488e-05
369,1.6536202430725098,1479.0000583158385,2341.95885682106,9.963540045976423e-05
370,1.616706371307373,1483.0000583158385,2348.7275099754333,9.96307364009657e-05
371,1.425049066543579,1487.0000583158385,2354.854777574539,9.962604281005458e-05
372,1.7025477886199951,1491.0000583158385,2361.894087076187,9.962131968982378e-05
373,1.3457330465316772,1495.0000583158385,2369.0424280166626,9.961656704308371e-05
374,1.3064663410186768,1499.0000583158385,2375.1317160129547,9.961178487266238e-05
375,1.5694499015808105,1503.0000583158385,2381.176671743393,9.960697318140538e-05
376,1.4199215173721313,1507.0000583158385,2386.1693980693817,9.960213197217585e-05
377,1.4824504852294922,1511.0000583158385,2393.060542345047,9.95972612478545e-05
378,1.4590556621551514,1515.0000583158385,2399.4841639995575,9.95923610113396e-05
379,1.3156981468200684,1519.0000583158385,2405.467519760132,9.958743126554698e-05
380,1.3697705268859863,1523.0000583158385,2409.9521329402924,9.958247201341004e-05
381,1.4541237354278564,1527.0000583158385,2416.2895002365112,9.957748325787973e-05
382,1.4926172494888306,1531.0000583158385,2423.4756009578705,9.957246500192453e-05
383,1.3167035579681396,1535.0000583158385,2428.378337621689,9.956741724853053e-05
384,1.5520992279052734,1539.0000583158385,2434.371122598648,9.956234000070132e-05
385,1.4975030422210693,1543.0000583158385,2441.360973596573,9.955723326145809e-05
386,1.6065565347671509,1547.0000583158385,2446.8438386917114,9.955209703383953e-05
387,1.354280710220337,1551.0000583158385,2452.9440228939056,9.954693132090187e-05
388,1.4003547430038452,1555.0000583158385,2459.036011695862,9.954173612571895e-05
389,1.3476805686950684,1559.0000583158385,2464.823720216751,9.953651145138212e-05
390,1.5214769840240479,1563.0000583158385,2471.638283729553,9.953125730100023e-05
391,1.3487200736999512,1567.0000583158385,2478.378987789154,9.952597367769973e-05
392,1.3169341087341309,1571.0000583158385,2484.6056592464447,9.952066058462457e-05
393,1.5334956645965576,1575.0000583158385,2490.4242515563965,9.951531802493625e-05
394,1.0780049562454224,1579.0000583158385,2495.560387611389,9.950994600181382e-05
395,1.3991169929504395,1583.0000583158385,2501.588093519211,9.950454451845383e-05
396,1.6456751823425293,1587.0000583158385,2508.2443454265594,9.949911357807039e-05
397,1.452911376953125,1591.0000583158385,2515.6279191970825,9.949365318389508e-05
398,1.377121090888977,1595.0000583158385,2522.1669912338257,9.948816333917708e-05
399,1.4437743425369263,1599.0000583158385,2528.2708325386047,9.948264404718306e-05
400,1.3065577745437622,1603.0000583158385,2535.345672607422,9.947709531119723e-05
401,1.5725146532058716,1607.0000583158385,2541.8090641498566,9.947151713452126e-05
402,1.4846649169921875,1611.0000583158385,2548.0524756908417,9.946590952047443e-05
403,1.624880313873291,1615.0000583158385,2555.440625667572,9.946027247239348e-05
404,1.121781826019287,1619.0000583158385,2560.062376976013,9.945460599363265e-05
405,1.6408441066741943,1623.0000583158385,2565.476509332657,9.944891008756374e-05
406,1.4110032320022583,1627.0000583158385,2571.161846637726,9.944318475757604e-05
407,1.5921884775161743,1631.0000583158385,2576.643547296524,9.943743000707632e-05
408,1.5462161302566528,1635.0000583158385,2583.957216978073,9.943164583948891e-05
409,1.3208214044570923,1639.0000583158385,2588.772563934326,9.942583225825559e-05
410,1.361791729927063,1643.0000583158385,2596.040896654129,9.941998926683569e-05
411,1.411131501197815,1647.0000583158385,2603.025885820389,9.941411686870602e-05
412,1.4069857597351074,1651.0000583158385,2610.25577712059,9.940821506736086e-05
413,1.22141432762146,1655.0000583158385,2616.7251555919647,9.940228386631206e-05
414,1.4388550519943237,1659.0000583158385,2622.6887929439545,9.939632326908885e-05
415,1.2403150796890259,1663.0000583158385,2629.7368161678314,9.939033327923808e-05
416,1.5182039737701416,1667.0000583158385,2635.923403263092,9.9384313900324e-05
417,1.5310368537902832,1671.0000583158385,2643.488897562027,9.937826513592837e-05
418,1.6070642471313477,1675.0000583158385,2650.635694503784,9.937218698965047e-05
419,1.4775973558425903,1679.0000583158385,2657.108555316925,9.936607946510702e-05
420,1.662126898765564,1683.0000583158385,2663.126790523529,9.935994256593221e-05
421,1.2822240591049194,1687.0000583158385,2668.129132270813,9.935377629577778e-05
422,1.3851338624954224,1691.0000583158385,2675.269076347351,9.934758065831288e-05
423,1.4002926349639893,1695.0000583158385,2681.201381444931,9.934135565722414e-05
424,1.4364999532699585,1699.0000583158385,2686.7934999465942,9.933510129621572e-05
425,1.4475994110107422,1703.0000583158385,2692.932783842087,9.932881757900917e-05
426,1.4236030578613281,1707.0000583158385,2700.030988931656,9.932250450934357e-05
427,1.4663221836090088,1711.0000583158385,2706.5885286331177,9.931616209097544e-05
429,1.5592119693756104,1719.0000583158385,2719.475703716278,9.930338922324502e-05
430,1.4546713829040527,1723.0000583158385,2725.5871498584747,9.929695878148307e-05
431,1.5653762817382812,1727.0000583158385,2732.4026052951813,9.929049900621929e-05
432,1.4536027908325195,1731.0000583158385,2737.9538493156433,9.928400990129751e-05
433,1.5506497621536255,1735.0000583158385,2746.0000739097595,9.9277491470579e-05
434,1.5895216464996338,1739.0000583158385,2753.5839314460754,9.927094371794249e-05
435,1.5154359340667725,1743.0000583158385,2760.0886356830597,9.926436664728412e-05
436,1.2794384956359863,1747.0000583158385,2765.8764395713806,9.925776026251753e-05
437,1.5294833183288574,1751.0000583158385,2772.7772872447968,9.925112456757377e-05
438,1.3389394283294678,1755.0000583158385,2778.6550810337067,9.924445956640135e-05
439,1.5191681385040283,1759.0000583158385,2784.4488570690155,9.923776526296618e-05
440,1.5011190176010132,1763.0000583158385,2790.505768060684,9.923104166125166e-05
441,1.3396837711334229,1767.0000583158385,2796.041410446167,9.922428876525858e-05
442,1.2334280014038086,1771.0000583158385,2803.209566116333,9.92175065790052e-05
443,1.3553540706634521,1775.0000583158385,2810.9458434581757,9.921069510652714e-05
444,1.4692286252975464,1779.0000583158385,2816.8897416591644,9.920385435187754e-05
445,1.7628411054611206,1783.0000583158385,2822.9844658374786,9.919698431912689e-05
446,1.3283355236053467,1787.0000583158385,2830.3195493221283,9.919008501236316e-05
447,1.2043144702911377,1791.0000583158385,2835.377251625061,9.918315643569166e-05
448,1.5836166143417358,1795.0000583158385,2841.047106742859,9.917619859323519e-05
449,1.416192650794983,1799.0000583158385,2847.8971939086914,9.916921148913396e-05
450,1.4156317710876465,1803.0000583158385,2854.3225655555725,9.916219512754552e-05
451,1.2750790119171143,1807.0000583158385,2860.9053609371185,9.915514951264492e-05
452,1.5538644790649414,1811.0000583158385,2865.772476196289,9.914807464862457e-05
453,1.5432789325714111,1815.0000583158385,2871.7298827171326,9.914097053969428e-05
454,1.2591601610183716,1819.0000583158385,2877.7385337352753,9.913383719008129e-05
455,1.545954704284668,1823.0000583158385,2882.9459755420685,9.912667460403022e-05
456,1.454352855682373,1827.0000583158385,2888.8687949180603,9.911948278580305e-05
457,1.4961377382278442,1831.0000583158385,2896.0504915714264,9.911226173967924e-05
458,1.2584596872329712,1835.0000583158385,2902.5663566589355,9.910501146995557e-05
459,1.5123822689056396,1839.0000583158385,2909.562591791153,9.909773198094626e-05
460,1.5421395301818848,1843.0000583158385,2917.1645069122314,9.909042327698287e-05
461,1.4074835777282715,1847.0000583158385,2924.933038711548,9.908308536241436e-05
462,1.465306282043457,1851.0000583158385,2930.870936870575,9.907571824160711e-05
463,1.3464853763580322,1855.0000583158385,2936.9977946281433,9.90683219189448e-05
464,1.3011376857757568,1859.0000583158385,2942.7459921836853,9.906089639882855e-05
465,1.5343985557556152,1863.0000583158385,2950.12597990036,9.905344168567686e-05
466,1.5796442031860352,1867.0000583158385,2957.4659628868103,9.904595778392555e-05
467,1.452411413192749,1871.0000583158385,2963.912346839905,9.903844469802783e-05
468,1.327563762664795,1875.0000583158385,2970.099991083145,9.90309024324543e-05
469,1.5259768962860107,1879.0000583158385,2976.5602130889893,9.902333099169288e-05
470,1.608306646347046,1883.0000583158385,2983.947894334793,9.901573038024889e-05
471,1.1265606880187988,1887.0000583158385,2990.630304813385,9.9008100602645e-05
472,1.5996514558792114,1891.0000583158385,2997.8766050338745,9.90004416634212e-05
473,1.4496140480041504,1895.0000583158385,3002.6649363040924,9.89927535671349e-05
474,1.368369460105896,1899.0000583158385,3009.4366953372955,9.898503631836076e-05
475,1.529599666595459,1903.0000583158385,3015.63121509552,9.897728992169089e-05
476,1.769638180732727,1907.0000583158385,3021.925205230713,9.896951438173468e-05
477,1.3947969675064087,1911.0000583158385,3027.125097513199,9.89617097031189e-05
478,1.5157301425933838,1915.0000583158385,3033.9738001823425,9.895387589048762e-05
479,1.399918556213379,1919.0000583158385,3039.5395953655243,9.894601294850228e-05
480,1.4498107433319092,1923.0000583158385,3046.1981530189514,9.893812088184161e-05
481,1.358440637588501,1927.0000583158385,3052.2994391918182,9.893019969520174e-05
482,1.5614120960235596,1931.0000583158385,3059.551070213318,9.892224939329605e-05
483,1.3053805828094482,1935.0000583158385,3065.797329187393,9.891426998085531e-05
484,1.2052597999572754,1939.0000583158385,3072.477488040924,9.890626146262755e-05
485,1.232637882232666,1943.0000583158385,3079.9306995868683,9.889822384337819e-05
486,1.403174877166748,1947.0000583158385,3086.4293835163116,9.88901571278899e-05
487,1.251495122909546,1951.0000583158385,3092.510806322098,9.88820613209627e-05
488,1.5707627534866333,1955.0000583158385,3099.8437826633453,9.887393642741391e-05
489,1.384099006652832,1959.0000583158385,3106.173641681671,9.886578245207818e-05
490,1.4092586040496826,1963.0000583158385,3113.7537581920624,9.885759939980741e-05
491,1.312849521636963,1967.0000583158385,3120.0686140060425,9.884938727547086e-05
492,1.491478681564331,1971.0000583158385,3127.733626842499,9.884114608395506e-05
493,1.2672033309936523,1975.0000583158385,3134.5854773521423,9.883287583016384e-05
494,1.4849681854248047,1979.0000583158385,3140.9833676815033,9.882457651901833e-05
495,1.5026319026947021,1983.0000583158385,3147.260274410248,9.881624815545693e-05
496,1.4942421913146973,1987.0000583158385,3152.447706222534,9.880789074443536e-05
497,1.4679886102676392,1991.0000583158385,3159.2721428871155,9.879950429092659e-05
498,1.527613878250122,1995.0000583158385,3164.9634392261505,9.879108879992092e-05
499,1.2881581783294678,1999.0000583158385,3170.5201630592346,9.878264427642586e-05
500,1.465423583984375,2003.0000583158385,3175.5941891670227,9.877417072546626e-05
501,1.1946957111358643,2007.0000583158385,3182.132482290268,9.876566815208419e-05
502,1.1888983249664307,2011.0000583158385,3188.1718854904175,9.875713656133904e-05
503,1.491947054862976,2015.0000583158385,3195.6314384937286,9.87485759583074e-05
504,1.61459219455719,2019.0000583158385,3201.7551803588867,9.87399863480832e-05
505,1.3290565013885498,2023.0000583158385,3208.405665397644,9.87313677357776e-05
506,1.4812850952148438,2027.0000583158385,3214.459978580475,9.8722720126519e-05
507,1.240283489227295,2031.0000583158385,3221.5240173339844,9.871404352545303e-05
508,1.3229529857635498,2035.0000583158385,3227.5500416755676,9.870533793774266e-05
509,1.6143869161605835,2039.0000583158385,3233.780676841736,9.869660336856804e-05
510,1.1128830909729004,2043.0000583158385,3238.74254322052,9.868783982312658e-05
511,1.5241045951843262,2047.0000583158385,3245.937843799591,9.867904730663293e-05
512,1.3624687194824219,2051.0000583158385,3250.8727626800537,9.867022582431896e-05
513,1.4047609567642212,2055.0000583158385,3256.7749083042145,9.866137538143383e-05
514,1.5036858320236206,2059.0000583158385,3263.0759122371674,9.86524959832439e-05
515,1.7761121988296509,2063.0000583158385,3269.19672870636,9.864358763503275e-05
516,1.2725024223327637,2067.0000583158385,3275.210700750351,9.863465034210118e-05
517,1.4667574167251587,2071.0000583158385,3280.717827320099,9.862568410976723e-05
518,1.4057745933532715,2075.0000583158385,3286.7033529281616,9.86166889433662e-05
519,1.5285154581069946,2079.0000583158385,3294.037225008011,9.860766484825052e-05
520,1.3281620740890503,2083.0000583158385,3301.1599810123444,9.859861182978992e-05
521,1.200693130493164,2087.0000583158385,3307.136127948761,9.858952989337126e-05
522,1.33673894405365,2091.0000583158385,3312.8285908699036,9.858041904439868e-05
523,1.3852849006652832,2095.0000583158385,3319.348291873932,9.857127928829346e-05
524,1.2912763357162476,2099.0000583158385,3324.587236881256,9.856211063049414e-05
525,1.4749031066894531,2103.0000583158385,3331.977024793625,9.855291307645644e-05
526,1.3555915355682373,2107.0000583158385,3336.283342599869,9.854368663165324e-05
527,1.300248384475708,2111.0000583158385,3343.510366678238,9.853443130157462e-05
528,1.6000795364379883,2115.0000583158385,3350.575581550598,9.852514709172791e-05
529,1.3262805938720703,2119.0000583158385,3358.691264152527,9.851583400763756e-05
530,1.5333185195922852,2123.0000583158385,3364.6429257392883,9.850649205484519e-05
531,1.4081047773361206,2127.0000583158385,3369.8492171764374,9.849712123890966e-05
532,1.274573802947998,2131.0000583158385,3376.124853372574,9.848772156540697e-05
533,1.417431116104126,2135.0000583158385,3382.092242002487,9.84782930399303e-05
534,1.72438645362854,2139.0000583158385,3388.7574739456177,9.846883566808998e-05
535,1.2830692529678345,2143.0000583158385,3394.8260984420776,9.845934945551349e-05
536,1.4234590530395508,2147.0000583158385,3401.8368208408356,9.844983440784554e-05
537,1.4656000137329102,2151.0000583158385,3408.2309069633484,9.844029053074795e-05
538,1.1746870279312134,2155.0000583158385,3415.7077000141144,9.843071782989969e-05
539,1.4840573072433472,2159.0000583158385,3420.110724210739,9.842111631099688e-05
540,1.5442183017730713,2163.0000583158385,3425.6542451381683,9.841148597975284e-05
541,1.2663123607635498,2167.0000583158385,3431.3695154190063,9.840182684189794e-05
542,1.4314039945602417,2171.0000583158385,3437.473125934601,9.839213890317977e-05
543,1.5023243427276611,2175.0000583158385,3443.8042261600494,9.838242216936306e-05
544,1.2841103076934814,2179.0000583158385,3450.9909636974335,9.837267664622962e-05
545,1.5595746040344238,2183.0000583158385,3457.6524724960327,9.83629023395784e-05
546,1.5274057388305664,2187.0000583158385,3464.5980055332184,9.835309925522554e-05
547,1.5435410737991333,2191.0000583158385,3471.370474100113,9.834326739900421e-05
548,1.4621011018753052,2195.0000583158385,3477.727416753769,9.833340677676479e-05
549,1.296613097190857,2199.0000583158385,3482.9227261543274,9.832351739437473e-05
550,1.3384110927581787,2203.0000583158385,3488.359339237213,9.831359925771857e-05
551,1.4365179538726807,2207.0000583158385,3494.3133878707886,9.830365237269801e-05
552,1.3495908975601196,2211.0000583158385,3499.2021882534027,9.829367674523185e-05
553,1.5130211114883423,2215.0000583158385,3504.326286315918,9.828367238125596e-05
554,1.5460134744644165,2219.0000583158385,3510.6105029582977,9.827363928672333e-05
555,1.4483275413513184,2223.0000583158385,3517.9756093025208,9.826357746760407e-05
556,1.3912479877471924,2227.0000583158385,3522.261224269867,9.82534869298853e-05
557,1.4825479984283447,2231.0000583158385,3529.274002313614,9.824336767957132e-05
558,1.6304069757461548,2235.0000583158385,3535.7845952510834,9.823321972268351e-05
559,1.4740310907363892,2239.0000583158385,3542.4053177833557,9.822304306526025e-05
560,1.2867422103881836,2243.0000583158385,3549.8982512950897,9.821283771335708e-05
561,1.419368028640747,2247.0000583158385,3556.5577516555786,9.820260367304657e-05
562,1.5153100490570068,2251.0000583158385,3561.854083299637,9.819234095041837e-05
563,1.5674246549606323,2255.0000583158385,3568.2938389778137,9.818204955157922e-05
564,1.3059521913528442,2259.0000583158385,3575.2254416942596,9.81717294826529e-05
565,1.4834575653076172,2263.0000583158385,3581.3658487796783,9.816138074978024e-05
566,1.5444389581680298,2267.0000583158385,3587.6635479927063,9.815100335911916e-05
567,1.4037716388702393,2271.0000583158385,3594.7455146312714,9.814059731684462e-05
568,1.2343268394470215,2275.0000583158385,3600.213630437851,9.81301626291486e-05
569,1.4674866199493408,2279.0000583158385,3606.5114006996155,9.811969930224015e-05
570,1.417323350906372,2283.0000583158385,3612.272720336914,9.810920734234538e-05
571,1.2293022871017456,2287.0000583158385,3617.8449597358704,9.809868675570739e-05
572,1.2742854356765747,2291.0000583158385,3625.879286289215,9.808813754858636e-05
573,1.3427643775939941,2295.0000583158385,3632.6113545894623,9.807755972725947e-05
574,1.4809733629226685,2299.0000583158385,3639.0303795337677,9.806695329802095e-05
575,1.4617921113967896,2303.0000583158385,3645.102445602417,9.805631826718203e-05
576,1.3673232793807983,2307.0000583158385,3651.784962415695,9.804565464107097e-05
577,1.6035995483398438,2311.0000583158385,3659.4179570674896,9.803496242603306e-05
578,1.4224770069122314,2315.0000583158385,3666.1853561401367,9.802424162843057e-05
579,1.520943284034729,2319.0000583158385,3674.023025751114,9.801349225464281e-05
580,1.674109935760498,2323.0000583158385,3680.6783595085144,9.800271431106605e-05
581,1.539551019668579,2327.0000583158385,3687.2788665294647,9.799190780411361e-05
582,1.6325632333755493,2331.0000583158385,3693.886024236679,9.79810727402158e-05
583,1.3154629468917847,2335.0000583158385,3700.2809398174286,9.797020912581986e-05
584,1.464493751525879,2339.0000583158385,3706.6172523498535,9.795931696739012e-05
585,1.427619218826294,2343.0000583158385,3714.0931515693665,9.794839627140781e-05
586,1.3769595623016357,2347.0000583158385,3720.653905391693,9.793744704437117e-05
587,1.2864973545074463,2351.0000583158385,3726.467826604843,9.792646929279543e-05
588,1.6683621406555176,2355.0000583158385,3733.328537940979,9.791546302321278e-05
589,1.4420888423919678,2359.0000583158385,3739.8948109149933,9.790442824217237e-05
590,1.3022035360336304,2363.0000583158385,3746.091908931732,9.789336495624036e-05
591,1.494855284690857,2367.0000583158385,3752.113270044327,9.788227317199981e-05
592,1.3871757984161377,2371.0000583158385,3758.0353994369507,9.787115289605076e-05
593,1.4017632007598877,2375.0000583158385,3765.5698041915894,9.786000413501021e-05
594,1.430069923400879,2379.0000583158385,3770.7159385681152,9.784882689551213e-05
595,1.3403682708740234,2383.0000583158385,3775.8838233947754,9.783762118420742e-05
596,1.3934587240219116,2387.0000583158385,3783.3024849891663,9.78263870077639e-05
597,1.3837974071502686,2391.0000583158385,3789.2041635513306,9.781512437286632e-05
598,1.5219991207122803,2395.0000583158385,3795.633564710617,9.780383328621643e-05
599,1.0578944683074951,2399.0000583158385,3800.862242937088,9.779251375453287e-05
600,1.4680105447769165,2403.0000583158385,3808.186224460602,9.778116578455117e-05
601,1.3833117485046387,2407.0000583158385,3814.6306982040405,9.776978938302384e-05
602,1.3674100637435913,2411.0000583158385,3821.499584913254,9.775838455672028e-05
603,1.5705366134643555,2415.0000583158385,3827.372514486313,9.77469513124268e-05
604,1.1115339994430542,2419.0000583158385,3833.859099149704,9.773548965694666e-05
605,1.5094642639160156,2423.0000583158385,3839.8898360729218,9.772399959709996e-05
606,1.22407865524292,2427.0000583158385,3846.24719953537,9.771248113972373e-05
607,1.392064094543457,2431.0000583158385,3852.1707758903503,9.770093429167194e-05
608,1.3002647161483765,2435.0000583158385,3858.3345086574554,9.768935905981537e-05
609,1.5565016269683838,2439.0000583158385,3864.600061416626,9.767775545104178e-05
610,1.4057369232177734,2443.0000583158385,3870.907834291458,9.766612347225576e-05
611,1.389840006828308,2447.0000583158385,3877.5212275981903,9.765446313037878e-05
612,1.476631999015808,2451.0000583158385,3883.775488138199,9.764277443234919e-05
613,1.4962255954742432,2455.0000583158385,3889.938112258911,9.763105738512226e-05
614,1.4338109493255615,2459.0000583158385,3896.7590708732605,9.761931199567006e-05
615,1.376068115234375,2463.0000583158385,3904.478837490082,9.760753827098157e-05
616,1.407378077507019,2467.0000583158385,3909.3999257087708,9.759573621806262e-05
617,1.3847599029541016,2471.0000583158385,3914.936310529709,9.758390584393588e-05
618,1.4064970016479492,2475.0000583158385,3921.703649044037,9.757204715564092e-05
619,1.3485289812088013,2479.0000583158385,3929.2704842090607,9.756016016023405e-05
620,1.6898102760314941,2483.0000583158385,3936.5792379379272,9.754824486478858e-05
621,1.4204341173171997,2487.0000583158385,3943.502192258835,9.753630127639453e-05
622,1.4696345329284668,2491.0000583158385,3950.6136453151703,9.752432940215884e-05
623,1.3525235652923584,2495.0000583158385,3956.643233537674,9.75123292492052e-05
624,1.4706358909606934,2499.0000583158385,3963.689440011978,9.750030082467418e-05
625,1.4705932140350342,2503.0000583158385,3970.5458645820618,9.74882441357232e-05
626,1.4081149101257324,2507.0000583158385,3976.1079156398773,9.747615918952643e-05
627,1.3727680444717407,2511.0000583158385,3983.4887421131134,9.746404599327488e-05
628,1.2896623611450195,2515.0000583158385,3990.291249036789,9.745190455417641e-05
629,1.6229172945022583,2519.0000583158385,3997.2680978775024,9.743973487945561e-05
630,1.4589595794677734,2523.0000583158385,4003.2583088874817,9.742753697635394e-05
631,1.6795103549957275,2527.0000583158385,4010.481429338455,9.741531085212963e-05
632,1.1945607662200928,2531.0000583158385,4016.2624757289886,9.74030565140577e-05
633,1.2380168437957764,2535.0000583158385,4020.1426525115967,9.739077396942994e-05
634,1.2716227769851685,2539.0000583158385,4026.4464378356934,9.737846322555498e-05
635,1.5127887725830078,2543.0000583158385,4033.3402705192566,9.736612428975816e-05
636,1.6352847814559937,2547.0000583158385,4039.386328458786,9.735375716938166e-05
637,1.5754350423812866,2551.0000583158385,4045.761790037155,9.734136187178438e-05
638,1.3329079151153564,2555.0000583158385,4051.5041501522064,9.732893840434203e-05
639,1.3585376739501953,2559.0000583158385,4059.781544446945,9.731648677444703e-05
640,1.460080623626709,2563.0000583158385,4066.0152037143707,9.730400698950861e-05
641,1.067548394203186,2567.0000583158385,4071.445072889328,9.729149905695272e-05
642,1.3148586750030518,2571.0000583158385,4078.0528087615967,9.727896298422208e-05
643,1.434198021888733,2575.0000583158385,4084.6700718402863,9.726639877877613e-05
644,1.3754947185516357,2579.0000583158385,4091.2078382968903,9.725380644809106e-05
645,1.730063796043396,2583.0000583158385,4097.030238628387,9.724118599965982e-05
646,1.50599205493927,2587.0000583158385,4101.713549852371,9.722853744099207e-05
647,1.2273573875427246,2591.0000583158385,4108.346398591995,9.721586077961418e-05
648,1.333573818206787,2595.0000583158385,4113.852274894714,9.720315602306927e-05
649,1.5519704818725586,2599.0000583158385,4120.642371892929,9.719042317891717e-05
650,1.5254557132720947,2603.0000583158385,4128.434127569199,9.717766225473442e-05
651,1.6097196340560913,2607.0000583158385,4135.24710059166,9.716487325811426e-05
652,1.3614391088485718,2611.0000583158385,4142.476714134216,9.715205619666666e-05
653,1.4266307353973389,2615.0000583158385,4149.507826089859,9.713921107801827e-05
654,1.5199357271194458,2619.0000583158385,4155.835296392441,9.712633790981241e-05
655,1.4311752319335938,2623.0000583158385,4162.270255088806,9.711343669970917e-05
656,1.3233190774917603,2627.0000583158385,4168.691596746445,9.710050745538524e-05
657,1.2931368350982666,2631.0000583158385,4175.467821359634,9.708755018453403e-05
658,1.5985238552093506,2635.0000583158385,4181.281311035156,9.707456489486561e-05
659,1.3137128353118896,2639.0000583158385,4187.615152359009,9.706155159410677e-05
660,1.2234894037246704,2643.0000583158385,4193.217843055725,9.704851029000092e-05
661,1.516564130783081,2647.0000583158385,4200.625590085983,9.703544099030815e-05
662,1.3612430095672607,2651.0000583158385,4208.473499536514,9.70223437028052e-05
663,1.3364498615264893,2655.0000583158385,4215.154233932495,9.700921843528546e-05
664,1.3670845031738281,2659.0000583158385,4221.520215272903,9.699606519555897e-05
665,1.6391929388046265,2663.0000583158385,4228.413840770721,9.698288399145247e-05
666,1.3710120916366577,2667.0000583158385,4236.712852239609,9.696967483080925e-05
667,1.3683421611785889,2671.0000583158385,4241.002136707306,9.695643772148927e-05
668,1.4354214668273926,2675.0000583158385,4248.259802103043,9.694317267136917e-05
669,1.42255699634552,2679.0000583158385,4254.545724630356,9.692987968834216e-05
670,1.5482137203216553,2683.0000583158385,4261.03382062912,9.691655878031804e-05
671,1.496052861213684,2687.0000583158385,4267.484200954437,9.690320995522334e-05
672,1.5300102233886719,2691.0000583158385,4273.784617185593,9.688983322100109e-05
673,1.5532355308532715,2695.0000583158385,4280.6688866615295,9.6876428585611e-05
674,1.5604288578033447,2699.0000583158385,4287.714293003082,9.68629960570293e-05
675,1.3643566370010376,2703.0000583158385,4294.240093231201,9.684953564324895e-05
676,1.389533519744873,2707.0000583158385,4301.7388048172,9.683604735227934e-05
677,1.2441802024841309,2711.0000583158385,4309.1007878780365,9.68225311921466e-05
678,1.247007966041565,2715.0000583158385,4315.586537837982,9.680898717089334e-05
679,1.4675911664962769,2719.0000583158385,4322.505391359329,9.67954152965788e-05
680,1.5592079162597656,2723.0000583158385,4330.334327697754,9.678181557727873e-05
681,1.2851588726043701,2727.0000583158385,4336.090350389481,9.676818802108555e-05
682,1.5329279899597168,2731.0000583158385,4343.110207796097,9.675453263610818e-05
683,1.3685050010681152,2735.0000583158385,4347.826744556427,9.67408494304721e-05
684,1.3112597465515137,2739.0000583158385,4353.513257026672,9.672713841231934e-05
685,1.5489709377288818,2743.0000583158385,4360.545048952103,9.67133995898085e-05
686,1.678826093673706,2747.0000583158385,4366.710315465927,9.669963297111475e-05
687,1.3749349117279053,2751.0000583158385,4373.136062860489,9.668583856442971e-05
688,1.2315665483474731,2755.0000583158385,4380.525093793869,9.667201637796163e-05
689,1.4040248394012451,2759.0000583158385,4386.569196939468,9.665816641993527e-05
690,1.6526368856430054,2763.0000583158385,4393.383594989777,9.664428869859185e-05
691,1.2876455783843994,2767.0000583158385,4398.351003885269,9.663038322218917e-05
692,1.6708929538726807,2771.0000583158385,4405.822772264481,9.661644999900156e-05
693,1.3963751792907715,2775.0000583158385,4412.808757066727,9.66024890373198e-05
694,1.4560796022415161,2779.0000583158385,4418.549847841263,9.658850034545125e-05
695,1.385964035987854,2783.0000583158385,4425.130935192108,9.657448393171968e-05
696,1.2235978841781616,2787.0000583158385,4431.69997048378,9.656043980446543e-05
697,1.221839189529419,2791.0000583158385,4438.434021234512,9.654636797204531e-05
698,1.3102052211761475,2795.0000583158385,4442.874785900116,9.65322684428326e-05
699,1.1743502616882324,2799.0000583158385,4450.326611757278,9.65181412252171e-05
700,1.2212616205215454,2803.0000583158385,4456.253655910492,9.6503986327605e-05
701,1.4889960289001465,2807.0000583158385,4463.077792406082,9.648980375841909e-05
702,1.5300730466842651,2811.0000583158385,4469.58936715126,9.64755935260985e-05
703,1.2039433717727661,2815.0000583158385,4475.2446711063385,9.64613556390989e-05
704,1.3560209274291992,2819.0000583158385,4480.628812789917,9.644709010589237e-05
705,1.2713139057159424,2823.0000583158385,4486.444336175919,9.643279693496748e-05
706,1.4098968505859375,2827.0000583158385,4492.2510941028595,9.641847613482922e-05
707,1.5125069618225098,2831.0000583158385,4498.303505659103,9.640412771399901e-05
708,1.2642104625701904,2835.0000583158385,4504.876091241837,9.638975168101477e-05
709,1.535925269126892,2839.0000583158385,4511.262086629868,9.637534804443076e-05
710,1.78313410282135,2843.0000583158385,4517.946515083313,9.636091681281771e-05
711,1.4479295015335083,2847.0000583158385,4523.831546545029,9.634645799476279e-05
712,1.3888401985168457,2851.0000583158385,4530.547515630722,9.633197159886955e-05
713,1.2324259281158447,2855.0000583158385,4536.056257247925,9.631745763375795e-05
714,1.273367166519165,2859.0000583158385,4541.434523105621,9.63029161080644e-05
715,1.5379936695098877,2863.0000583158385,4546.569103717804,9.628834703044164e-05
716,1.3880620002746582,2867.0000583158385,4551.354713201523,9.627375040955886e-05
717,1.2677831649780273,2871.0000583158385,4558.736421108246,9.625912625410163e-05
718,1.292436957359314,2875.0000583158385,4562.773554325104,9.624447457277188e-05
719,1.5402787923812866,2879.0000583158385,4568.122892379761,9.622979537428795e-05
720,1.3687007427215576,2883.0000583158385,4575.840356588364,9.621508866738451e-05
721,1.4429385662078857,2887.0000583158385,4582.170376777649,9.620035446081266e-05
722,1.3803119659423828,2891.0000583158385,4588.900261878967,9.61855927633398e-05
723,1.2198997735977173,2895.0000583158385,4594.017936706543,9.617080358374975e-05
724,1.201378345489502,2899.0000583158385,4599.699486255646,9.615598693084262e-05
725,1.5553982257843018,2903.0000583158385,4605.906835079193,9.614114281343492e-05
726,1.5431568622589111,2907.0000583158385,4612.666791439056,9.612627124035947e-05
727,1.5067591667175293,2911.0000583158385,4618.025735139847,9.611137222046544e-05
728,1.4262757301330566,2915.0000583158385,4624.464151859283,9.609644576261833e-05
729,1.4313832521438599,2919.0000583158385,4630.459290504456,9.608149187569996e-05
730,1.5582492351531982,2923.0000583158385,4637.922174215317,9.606651056860851e-05
731,1.6286745071411133,2927.0000583158385,4644.857792139053,9.605150185025839e-05
732,1.4464813470840454,2931.0000583158385,4651.628144979477,9.603646572958044e-05
733,1.405017375946045,2935.0000583158385,4659.198989152908,9.602140221552169e-05
734,1.5145586729049683,2939.0000583158385,4666.650889873505,9.600631131704554e-05
735,1.4418604373931885,2943.0000583158385,4673.016375303268,9.599119304313165e-05
736,1.3772701025009155,2947.0000583158385,4678.803069829941,9.5976047402776e-05
737,1.5969899892807007,2951.0000583158385,4685.476292133331,9.596087440499085e-05
738,1.4083995819091797,2955.0000583158385,4691.869376182556,9.594567405880471e-05
739,1.321390151977539,2959.0000583158385,4697.011528253555,9.593044637326239e-05
740,1.50864839553833,2963.0000583158385,4703.271546840668,9.591519135742495e-05
741,1.5160356760025024,2967.0000583158385,4710.378959417343,9.589990902036973e-05
742,1.2862441539764404,2971.0000583158385,4715.0893585681915,9.588459937119033e-05
743,1.5520784854888916,2975.0000583158385,4720.958383798599,9.586926241899655e-05
744,1.5761584043502808,2979.0000583158385,4728.4998087883,9.585389817291451e-05
745,1.32590651512146,2983.0000583158385,4734.836945295334,9.583850664208653e-05
746,1.5018388032913208,2987.0000583158385,4741.9582488536835,9.582308783567118e-05
747,1.4745573997497559,2991.0000583158385,4749.443998336792,9.580764176284327e-05
748,1.1768739223480225,2995.0000583158385,4756.31777215004,9.579216843279377e-05
749,1.4843275547027588,2999.0000583158385,4763.947519302368,9.577666785472995e-05
750,1.4270424842834473,3003.0000583158385,4771.606448173523,9.576114003787526e-05
751,1.1130867004394531,3007.0000583158385,4778.931176662445,9.574558499146935e-05
752,1.345118761062622,3011.0000583158385,4785.111199140549,9.573000272476809e-05
753,1.4786297082901,3015.0000583158385,4791.640869617462,9.571439324704353e-05
754,1.2627404928207397,3019.0000583158385,4796.966607570648,9.569875656758394e-05
755,1.4996459484100342,3023.0000583158385,4803.762122154236,9.568309269569373e-05
756,1.2125074863433838,3027.0000583158385,4810.080711603165,9.566740164069353e-05
757,1.5591496229171753,3031.0000583158385,4816.064035415649,9.565168341192012e-05
758,1.1323941946029663,3035.0000583158385,4822.52906537056,9.563593801872648e-05
759,1.2851638793945312,3039.0000583158385,4827.68012714386,9.562016547048174e-05
760,1.6094458103179932,3043.0000583158385,4834.6955943107605,9.560436577657116e-05
761,1.367390513420105,3047.0000583158385,4841.354890584946,9.558853894639619e-05
762,1.3552868366241455,3051.0000583158385,4847.822891950607,9.557268498937443e-05
763,1.4558836221694946,3055.0000583158385,4855.206682443619,9.555680391493957e-05
764,1.4368367195129395,3059.0000583158385,4862.768759250641,9.554089573254148e-05
765,1.4868474006652832,3063.0000583158385,4870.360929489136,9.552496045164618e-05
766,1.4926642179489136,3067.0000583158385,4876.665682792664,9.550899808173576e-05
767,1.1243031024932861,3071.0000583158385,4884.531108617783,9.549300863230847e-05
768,1.5914061069488525,3075.0000583158385,4890.530206441879,9.547699211287863e-05
769,1.4457241296768188,3079.0000583158385,4895.95258140564,9.546094853297673e-05
770,1.5245046615600586,3083.0000583158385,4902.534463644028,9.54448779021493e-05
771,1.2379534244537354,3087.0000583158385,4908.287131309509,9.542878022995903e-05
772,1.430010437965393,3091.0000583158385,4914.455926179886,9.541265552598464e-05
773,1.4161961078643799,3095.0000583158385,4920.794219017029,9.539650379982095e-05
774,1.3450441360473633,3099.0000583158385,4928.1934106349945,9.538032506107891e-05
775,1.4511816501617432,3103.0000583158385,4932.829589128494,9.536411931938546e-05
776,1.389451503753662,3107.0000583158385,4938.84494137764,9.534788658438366e-05
777,1.4335651397705078,3111.0000583158385,4945.506597995758,9.533162686573265e-05
778,1.1961703300476074,3115.0000583158385,4951.30403137207,9.531534017310757e-05
779,1.0601027011871338,3119.0000583158385,4957.963536262512,9.529902651619966e-05
780,1.3851704597473145,3123.0000583158385,4965.082758188248,9.528268590471616e-05
781,1.3239020109176636,3127.0000583158385,4971.82458281517,9.52663183483804e-05
782,1.211229681968689,3131.0000583158385,4977.154553413391,9.52499238569317e-05
783,1.4016038179397583,3135.0000583158385,4983.861426830292,9.523350244012544e-05
784,1.455211877822876,3139.0000583158385,4990.190607786179,9.521705410773298e-05
785,1.3314592838287354,3143.0000583158385,4996.163804531097,9.520057886954175e-05
786,1.3163448572158813,3147.0000583158385,5002.9218962192535,9.518407673535513e-05
787,1.5485072135925293,3151.0000583158385,5010.313878297806,9.516754771499257e-05
788,1.63736891746521,3155.0000583158385,5018.616007566452,9.515099181828948e-05
789,1.6344828605651855,3159.0000583158385,5025.298559188843,9.513440905509725e-05
790,1.709294319152832,3163.0000583158385,5032.6101405620575,9.511779943528328e-05
791,1.5199286937713623,3167.0000583158385,5039.902506113052,9.510116296873094e-05
792,1.5552502870559692,3171.0000583158385,5046.653661251068,9.50844996653396e-05
793,1.4290218353271484,3175.0000583158385,5053.32749414444,9.506780953502454e-05
794,1.3978095054626465,3179.0000583158385,5061.010808229446,9.505109258771707e-05
795,1.2830983400344849,3183.0000583158385,5067.380255460739,9.503434883336443e-05
796,1.4646685123443604,3187.0000583158385,5073.518268108368,9.501757828192979e-05
797,1.4156919717788696,3191.0000583158385,5079.388846874237,9.50007809433923e-05
798,1.5334935188293457,3195.0000583158385,5085.812608718872,9.498395682774703e-05
799,1.4803314208984375,3199.0000583158385,5091.959156036377,9.496710594500498e-05
800,1.3621189594268799,3203.0000583158385,5097.606586933136,9.49502283051931e-05
801,1.2134933471679688,3207.0000583158385,5104.57551407814,9.493332391835425e-05
802,1.2956329584121704,3211.0000583158385,5111.2994821071625,9.491639279454718e-05
803,1.602536678314209,3215.0000583158385,5118.494004011154,9.489943494384656e-05
804,1.2931995391845703,3219.0000583158385,5124.071847200394,9.488245037634304e-05
805,1.6394858360290527,3223.0000583158385,5129.690226793289,9.486543910214303e-05
806,1.2596650123596191,3227.0000583158385,5135.327441215515,9.484840113136895e-05
807,1.5183627605438232,3231.0000583158385,5141.352322340012,9.483133647415903e-05
808,1.7036707401275635,3235.0000583158385,5148.638191461563,9.481424514066743e-05
809,1.4126627445220947,3239.0000583158385,5155.978708744049,9.479712714106416e-05
810,1.345322608947754,3243.0000583158385,5163.5972764492035,9.47799824855351e-05
811,1.240776538848877,3247.0000583158385,5169.461613893509,9.476281118428198e-05
812,1.290554165840149,3251.0000583158385,5176.551358222961,9.47456132475224e-05
813,1.5844557285308838,3255.0000583158385,5180.916976213455,9.472838868548983e-05
814,1.0494379997253418,3259.0000583158385,5187.828335523605,9.471113750843352e-05
815,1.335430383682251,3263.0000583158385,5194.105803489685,9.469385972661861e-05
816,1.4030166864395142,3267.0000583158385,5199.0133061409,9.467655535032608e-05
817,1.4061002731323242,3271.0000583158385,5205.0871822834015,9.465922438985269e-05
818,1.4451876878738403,3275.0000583158385,5212.01305937767,9.464186685551104e-05
819,1.4923831224441528,3279.0000583158385,5218.765099287033,9.462448275762953e-05
820,1.3883466720581055,3283.0000583158385,5224.766232967377,9.460707210655242e-05
821,1.5097285509109497,3287.0000583158385,5231.098029613495,9.458963491263971e-05
822,1.2929718494415283,3291.0000583158385,5236.208893299103,9.457217118626718e-05
823,1.384946346282959,3295.0000583158385,5240.3423545360565,9.455468093782647e-05
824,1.608292579650879,3299.0000583158385,5246.225869894028,9.453716417772496e-05
825,1.3306195735931396,3303.0000583158385,5252.662759542465,9.451962091638579e-05
826,1.2574912309646606,3307.0000583158385,5259.287621498108,9.45020511642479e-05
827,1.5756399631500244,3311.0000583158385,5265.674284934998,9.448445493176596e-05
828,1.1576014757156372,3315.0000583158385,5270.426102876663,9.446683222941047e-05
829,1.2898237705230713,3319.0000583158385,5276.973114013672,9.444918306766756e-05
830,1.1053317785263062,3323.0000583158385,5281.98516702652,9.443150745703922e-05
831,1.5994633436203003,3327.0000583158385,5287.195154905319,9.441380540804311e-05
832,1.5363609790802002,3331.0000583158385,5293.384709358215,9.439607693121266e-05
833,1.4547641277313232,3335.0000583158385,5299.244240522385,9.437832203709698e-05
834,1.5590416193008423,3339.0000583158385,5305.388218164444,9.436054073626095e-05
835,1.281743049621582,3343.0000583158385,5311.715981721878,9.434273303928513e-05
836,1.3967920541763306,3347.0000583158385,5316.683932065964,9.43248989567658e-05
837,1.255204677581787,3351.0000583158385,5321.704052686691,9.430703849931495e-05
838,1.2895091772079468,3355.0000583158385,5327.878543138504,9.428915167756022e-05
839,1.33439302444458,3359.0000583158385,5333.979608535767,9.4271238502145e-05
840,1.0661746263504028,3363.0000583158385,5341.356169939041,9.42532989837283e-05
841,1.2662558555603027,3367.0000583158385,5347.588972091675,9.423533313298488e-05
842,1.349287748336792,3371.0000583158385,5353.654394865036,9.42173409606051e-05
843,1.3195743560791016,3375.0000583158385,5360.761698007584,9.4199322477295e-05
844,1.5845789909362793,3379.0000583158385,5367.953128576279,9.418127769377627e-05
845,1.6103193759918213,3383.0000583158385,5374.081458091736,9.416320662078632e-05
846,1.3917877674102783,3387.0000583158385,5381.8029770851135,9.414510926907808e-05
847,1.381426453590393,3391.0000583158385,5387.091656446457,9.412698564942024e-05
848,1.3538391590118408,3395.0000583158385,5394.869932889938,9.4108835772597e-05
849,1.496598720550537,3399.0000583158385,5402.277225732803,9.40906596494083e-05
850,1.4954588413238525,3403.0000583158385,5409.646685838699,9.407245729066964e-05
851,1.3286961317062378,3407.0000583158385,5415.317656993866,9.40542287072121e-05
852,1.3177366256713867,3411.0000583158385,5422.727605104446,9.403597390988244e-05
853,1.5763988494873047,3415.0000583158385,5429.195573091507,9.401769290954295e-05
854,1.4598766565322876,3419.0000583158385,5434.657694339752,9.399938571707157e-05
855,1.0719389915466309,3423.0000583158385,5441.27535867691,9.398105234336179e-05
856,1.4046391248703003,3427.0000583158385,5446.02790927887,9.396269279932265e-05
858,1.3972703218460083,3435.0000583158385,5457.789340734482,9.392589524397057e-05
859,1.156416654586792,3439.0000583158385,5464.032190799713,9.390745725455358e-05
860,1.6339097023010254,3443.0000583158385,5470.403270244598,9.388899313859921e-05
861,1.4924044609069824,3447.0000583158385,5476.598191976547,9.387050290709435e-05
862,1.199776291847229,3451.0000583158385,5481.911486625671,9.385198657104141e-05
863,1.1765925884246826,3455.0000583158385,5487.855021238327,9.383344414145832e-05
864,1.4780783653259277,3459.0000583158385,5492.6353533267975,9.381487562937854e-05
865,1.4586889743804932,3463.0000583158385,5500.045073270798,9.37962810458511e-05
866,1.5841691493988037,3467.0000583158385,5507.231191635132,9.377766040194048e-05
867,1.1517926454544067,3471.0000583158385,5511.67075586319,9.37590137087267e-05
868,1.3138340711593628,3475.0000583158385,5516.47284412384,9.374034097730526e-05
869,1.3186750411987305,3479.0000583158385,5523.409107208252,9.372164221878718e-05
870,1.427168607711792,3483.0000583158385,5530.637529373169,9.370291744429895e-05
871,1.1951041221618652,3487.0000583158385,5535.341178417206,9.368416666498252e-05
872,1.4100258350372314,3491.0000583158385,5542.112611293793,9.366538989199539e-05
873,1.3471341133117676,3495.0000583158385,5548.657745361328,9.364658713651044e-05
874,1.4563089609146118,3499.0000583158385,5554.296380281448,9.362775840971604e-05
875,1.2801238298416138,3503.0000583158385,5560.584613084793,9.360890372281604e-05
876,1.6054779291152954,3507.0000583158385,5567.797694683075,9.35900230870297e-05
877,1.2302820682525635,3511.0000583158385,5574.763377904892,9.357111651359175e-05
878,1.4787187576293945,3515.0000583158385,5580.876244306564,9.355218401375234e-05
879,1.3247780799865723,3519.0000583158385,5586.560879230499,9.353322559877705e-05
880,1.2974348068237305,3523.0000583158385,5592.142634630203,9.351424127994687e-05
881,1.1860471963882446,3527.0000583158385,5598.842942714691,9.349523106855823e-05
882,1.1416568756103516,3531.0000583158385,5604.998382091522,9.347619497592292e-05
883,1.5800825357437134,3535.0000583158385,5612.405467987061,9.345713301336819e-05
884,1.1803456544876099,3539.0000583158385,5617.065044403076,9.343804519223665e-05
885,1.3910093307495117,3543.0000583158385,5623.843506813049,9.341893152388629e-05
886,1.3463283777236938,3547.0000583158385,5629.971596240997,9.339979201969049e-05
887,1.524640679359436,3551.0000583158385,5636.8782081604,9.3380626691038e-05
888,1.3118807077407837,3555.0000583158385,5643.436830997467,9.336143554933297e-05
889,1.6220214366912842,3559.0000583158385,5650.665116071701,9.334221860599487e-05
890,1.393850564956665,3563.0000583158385,5657.5402319431305,9.332297587245851e-05
891,1.2060797214508057,3567.0000583158385,5664.1381804943085,9.330370736017408e-05
892,1.2699002027511597,3571.0000583158385,5669.582236289978,9.328441308060712e-05
893,1.4057799577713013,3575.0000583158385,5675.6399648189545,9.326509304523846e-05
894,1.298707127571106,3579.0000583158385,5681.036620378494,9.324574726556428e-05
895,1.3451906442642212,3583.0000583158385,5686.351442098618,9.32263757530961e-05
896,1.5005236864089966,3587.0000583158385,5691.949076890945,9.320697851936069e-05
897,1.5889756679534912,3591.0000583158385,5698.151522636414,9.318755557590019e-05
898,1.1418728828430176,3595.0000583158385,5703.387051820755,9.3168106934272e-05
899,1.370009183883667,3599.0000583158385,5708.744974374771,9.314863260604883e-05
900,1.433182716369629,3603.0000583158385,5714.6827347278595,9.312913260281865e-05
901,1.356778621673584,3607.0000583158385,5721.051995754242,9.310960693618476e-05
902,1.1855250597000122,3611.0000583158385,5727.865317106247,9.309005561776569e-05
903,1.4125943183898926,3615.0000583158385,5734.577862739563,9.307047865919521e-05
904,1.5061534643173218,3619.0000583158385,5739.401854515076,9.305087607212241e-05
905,1.3923661708831787,3623.0000583158385,5744.934993028641,9.303124786821156e-05
906,1.2744858264923096,3627.0000583158385,5750.0566573143005,9.301159405914225e-05
907,1.4100682735443115,3631.0000583158385,5755.508533000946,9.299191465660923e-05
908,1.4574306011199951,3635.0000583158385,5760.004790306091,9.297220967232254e-05
909,1.532317876815796,3639.0000583158385,5766.592103481293,9.295247911800742e-05
910,1.3804627656936646,3643.0000583158385,5772.202014923096,9.29327230054043e-05
911,1.503828763961792,3647.0000583158385,5778.759426355362,9.291294134626886e-05
912,1.4249451160430908,3651.0000583158385,5785.5022876262665,9.289313415237196e-05
913,1.442807912826538,3655.0000583158385,5792.716916322708,9.287330143549964e-05
914,1.4200832843780518,3659.0000583158385,5798.026180505753,9.285344320745316e-05
915,1.4983611106872559,3663.0000583158385,5805.038284540176,9.283355948004893e-05
916,1.3787167072296143,3667.0000583158385,5812.728768587112,9.281365026511856e-05
917,1.4814167022705078,3671.0000583158385,5818.95096373558,9.27937155745088e-05
918,1.1875251531600952,3675.0000583158385,5827.238925695419,9.277375542008159e-05
919,1.5711325407028198,3679.0000583158385,5833.854742527008,9.275376981371398e-05
920,1.5110996961593628,3683.0000583158385,5840.697149753571,9.27337587672982e-05
921,1.3013546466827393,3687.0000583158385,5845.91131567955,9.271372229274161e-05
922,1.514807939529419,3691.0000583158385,5853.168701410294,9.26936604019667e-05
923,1.293468952178955,3695.0000583158385,5858.8663856983185,9.267357310691106e-05
924,1.486307978630066,3699.0000583158385,5865.30070567131,9.265346041952744e-05
925,1.1684244871139526,3703.0000583158385,5870.622045993805,9.263332235178366e-05
926,1.3576939105987549,3707.0000583158385,5876.561147212982,9.261315891566267e-05
927,1.4884281158447266,3711.0000583158385,5883.026795864105,9.259297012316248e-05
928,1.4664583206176758,3715.0000583158385,5889.864310741425,9.257275598629626e-05
929,1.4358210563659668,3719.0000583158385,5896.78891992569,9.255251651709218e-05
930,1.2369279861450195,3723.0000583158385,5902.1359276771545,9.253225172759351e-05
931,1.3161675930023193,3727.0000583158385,5907.602902650833,9.251196162985861e-05
932,1.4706580638885498,3731.0000583158385,5913.381048202515,9.249164623596087e-05
933,1.3999643325805664,3735.0000583158385,5919.3501942157745,9.247130555798876e-05
934,1.4223058223724365,3739.0000583158385,5926.049940109253,9.245093960804577e-05
935,1.589280366897583,3743.0000583158385,5933.483194589615,9.243054839825044e-05
936,1.4452807903289795,3747.0000583158385,5940.329965829849,9.241013194073635e-05
937,1.3652352094650269,3751.0000583158385,5947.009611129761,9.238969024765207e-05
938,1.3153703212738037,3755.0000583158385,5952.110949754715,9.236922333116122e-05
939,1.6195282936096191,3759.0000583158385,5957.7132959365845,9.234873120344242e-05
940,1.4144200086593628,3763.0000583158385,5963.663377523422,9.232821387668927e-05
941,1.4015049934387207,3767.0000583158385,5969.307569980621,9.230767136311039e-05
942,1.2827752828598022,3771.0000583158385,5975.871892690659,9.22871036749294e-05
943,1.2736164331436157,3775.0000583158385,5980.932492017746,9.226651082438487e-05
944,1.1346790790557861,3779.0000583158385,5985.845726490021,9.224589282373033e-05
945,1.5486938953399658,3783.0000583158385,5991.473837137222,9.222524968523433e-05
946,1.2451406717300415,3787.0000583158385,5996.954602718353,9.220458142118033e-05
947,1.4601110219955444,3791.0000583158385,6003.174366950989,9.218388804386676e-05
948,1.140699028968811,3795.0000583158385,6009.302282094955,9.216316956560698e-05
949,1.5804572105407715,3799.0000583158385,6015.277342796326,9.21424259987293e-05
950,1.4229336977005005,3803.0000583158385,6021.954712629318,9.212165735557698e-05
951,1.4549504518508911,3807.0000583158385,6026.998121976852,9.210086364850813e-05
952,1.5135687589645386,3811.0000583158385,6033.643896579742,9.208004488989586e-05
953,1.1679997444152832,3815.0000583158385,6039.392879247665,9.205920109212812e-05
954,1.3449764251708984,3819.0000583158385,6045.964845657349,9.20383322676078e-05
955,1.1440742015838623,3823.0000583158385,6052.854402065277,9.201743842875268e-05
956,1.4745845794677734,3827.0000583158385,6059.874065160751,9.199651958799537e-05
957,1.1864430904388428,3831.0000583158385,6065.1072409152985,9.197557575778344e-05
958,1.3309674263000488,3835.0000583158385,6071.46014547348,9.195460695057927e-05
959,1.268967628479004,3839.0000583158385,6077.424692392349,9.193361317886013e-05
960,1.1703951358795166,3843.0000583158385,6082.407148361206,9.191259445511813e-05
961,1.294193148612976,3847.0000583158385,6088.83579993248,9.189155079186023e-05
962,1.3614675998687744,3851.0000583158385,6094.735892534256,9.187048220160826e-05
963,1.4270477294921875,3855.0000583158385,6101.212832927704,9.184938869689881e-05
964,1.4816932678222656,3859.0000583158385,6108.2433841228485,9.182827029028339e-05
965,1.1819664239883423,3863.0000583158385,6113.315697431564,9.180712699432824e-05
966,1.1236450672149658,3867.0000583158385,6119.696528911591,9.178595882161447e-05
967,0.9853636026382446,3871.0000583158385,6126.01655960083,9.176476578473797e-05
968,1.6818161010742188,3875.0000583158385,6133.033614397049,9.174354789630944e-05
969,1.5102019309997559,3879.0000583158385,6140.309969902039,9.172230516895433e-05
970,1.6885297298431396,3883.0000583158385,6146.941501617432,9.170103761531288e-05
971,1.2717158794403076,3887.0000583158385,6152.569951295853,9.167974524804016e-05
972,1.3287087678909302,3891.0000583158385,6158.575834512711,9.165842807980595e-05
973,1.586557388305664,3895.0000583158385,6165.926604747772,9.163708612329477e-05
974,1.0940287113189697,3899.0000583158385,6171.786287784576,9.161571939120594e-05
975,1.7769079208374023,3903.0000583158385,6178.155816316605,9.159432789625353e-05
976,1.2473942041397095,3907.0000583158385,6184.7195818424225,9.157291165116627e-05
977,1.1897845268249512,3911.0000583158385,6189.78524017334,9.155147066868769e-05
978,1.5655364990234375,3915.0000583158385,6196.261310100555,9.153000496157602e-05
979,1.431742787361145,3919.0000583158385,6202.806605577469,9.150851454260417e-05
980,1.2288488149642944,3923.0000583158385,6209.089999437332,9.148699942455982e-05
981,1.324509620666504,3927.0000583158385,6215.122007608414,9.146545962024526e-05
982,1.1517666578292847,3931.0000583158385,6220.7320766448975,9.144389514247756e-05
983,1.2926337718963623,3935.0000583158385,6225.313470125198,9.142230600408841e-05
984,1.4095323085784912,3939.0000583158385,6230.948637485504,9.140069221792419e-05
985,1.4312665462493896,3943.0000583158385,6236.31649184227,9.137905379684593e-05
986,1.328835129737854,3947.0000583158385,6242.782984018326,9.13573907537294e-05
987,1.2602567672729492,3951.0000583158385,6248.796093702316,9.133570310146489e-05
988,1.3296078443527222,3955.0000583158385,6253.976506471634,9.131399085295745e-05
989,1.5352694988250732,3959.0000583158385,6259.605621576309,9.129225402112668e-05
990,1.4950050115585327,3963.0000583158385,6265.22078371048,9.127049261890687e-05
991,1.3901336193084717,3967.0000583158385,6270.754086971283,9.124870665924692e-05
992,1.2183140516281128,3971.0000583158385,6277.294182777405,9.122689615511028e-05
993,1.328413963317871,3975.0000583158385,6284.809247493744,9.120506111947511e-05
994,1.4172040224075317,3979.0000583158385,6292.107055425644,9.118320156533408e-05
995,1.3104534149169922,3983.0000583158385,6298.653880596161,9.116131750569448e-05
996,1.5733716487884521,3987.0000583158385,6305.177444934845,9.113940895357822e-05
997,1.3003896474838257,3991.0000583158385,6310.739107131958,9.111747592202168e-05
998,1.4184480905532837,3995.0000583158385,6317.28958940506,9.109551842407592e-05
999,1.075137734413147,3999.0000583158385,6323.708471775055,9.10735364728065e-05
1000,1.2032549381256104,4003.0000583158385,6330.507294178009,9.105153008129354e-05
1001,1.407418131828308,4007.0000583158385,6336.070778846741,9.102949926263171e-05
1002,1.4088209867477417,4011.0000583158385,6341.539048433304,9.10074440299302e-05
1003,1.6013133525848389,4015.0000583158385,6348.520933389664,9.098536439631276e-05
1004,1.4229073524475098,4019.0000583158385,6353.686252593994,9.096326037491761e-05
1005,1.3987555503845215,4023.0000583158385,6359.088011741638,9.09411319788975e-05
1006,1.5168225765228271,4027.0000583158385,6365.275279521942,9.091897922141973e-05
1007,1.3976432085037231,4031.0000583158385,6371.139157772064,9.089680211566603e-05
1008,1.3658533096313477,4035.0000583158385,6376.740813732147,9.087460067483265e-05
1009,1.646388053894043,4039.0000583158385,6382.334046840668,9.085237491213034e-05
1010,1.591430902481079,4043.0000583158385,6389.050790786743,9.083012484078427e-05
1011,1.3246055841445923,4047.0000583158385,6396.75486946106,9.08078504740341e-05
1012,1.2742695808410645,4051.0000583158385,6403.069633245468,9.078555182513399e-05
1013,1.662412405014038,4055.0000583158385,6409.529393911362,9.076322890735246e-05
1014,1.0725667476654053,4059.0000583158385,6415.0420253276825,9.074088173397255e-05
1015,1.3128349781036377,4063.0000583158385,6421.711621999741,9.07185103182917e-05
1016,1.3899831771850586,4067.0000583158385,6427.93784403801,9.069611467362177e-05
1017,1.4292118549346924,4071.0000583158385,6434.712260961533,9.067369481328906e-05
1018,1.4242926836013794,4075.0000583158385,6440.069988250732,9.065125075063427e-05
1019,1.1884167194366455,4079.0000583158385,6444.739038467407,9.062878249901246e-05
1020,1.2597365379333496,4083.0000583158385,6450.9366846084595,9.060629007179313e-05
1021,1.379396915435791,4087.0000583158385,6457.10732293129,9.058377348236019e-05
1022,1.1425683498382568,4091.0000583158385,6463.064050197601,9.056123274411187e-05
1023,1.4480335712432861,4095.0000583158385,6468.312905788422,9.053866787046078e-05
1024,1.3762179613113403,4099.000058315839,6474.298039674759,9.051607887483391e-05
1025,1.448367953300476,4103.000058315839,6480.5845403671265,9.04934657706726e-05
1026,1.285038948059082,4107.000058315839,6487.215327501297,9.047082857143254e-05
1027,1.2554218769073486,4111.000058315839,6493.765297174454,9.044816729058374e-05
1028,1.4061198234558105,4115.000058315839,6501.337425947189,9.042548194161056e-05
1029,1.3108887672424316,4119.000058315839,6506.977425098419,9.040277253801166e-05
1030,1.4395228624343872,4123.000058315839,6513.576312303543,9.038003909330002e-05
1031,1.4818415641784668,4127.000058315839,6520.095601797104,9.035728162100296e-05
1032,1.4560917615890503,4131.000058315839,6526.539875745773,9.033450013466202e-05
1033,1.2351120710372925,4135.000058315839,6532.791171312332,9.031169464783312e-05
1034,1.2082431316375732,4139.000058315839,6538.527202367783,9.028886517408639e-05
1035,1.301135778427124,4143.000058315839,6544.923735141754,9.026601172700625e-05
1036,1.2468551397323608,4147.000058315839,6550.916506767273,9.024313432019145e-05
1037,1.3764317035675049,4151.000058315839,6557.092855453491,9.022023296725489e-05
1038,1.2079963684082031,4155.000058315839,6563.243381977081,9.01973076818238e-05
1039,1.383420467376709,4159.000058315839,6571.168827056885,9.017435847753961e-05
1040,1.2224482297897339,4163.000058315839,6576.8295266628265,9.015138536805799e-05
1041,1.4141108989715576,4167.000058315839,6582.5545201301575,9.012838836704886e-05
1042,1.2121152877807617,4171.000058315839,6589.134378910065,9.010536748819633e-05
1043,1.2814706563949585,4175.000058315839,6596.170758008957,9.00823227451987e-05
1044,1.137270212173462,4179.000058315839,6602.704459428787,9.005925415176852e-05
1045,1.2894206047058105,4183.000058315839,6607.61129450798,9.00361617216325e-05
1046,1.149397373199463,4187.000058315839,6612.1912224292755,9.001304546853155e-05
1047,1.2617080211639404,4191.000058315839,6618.38954615593,8.998990540622071e-05
1048,1.2382394075393677,4195.000058315839,6623.287954330444,8.996674154846926e-05
1049,1.1423593759536743,4199.000058315839,6629.188992023468,8.99435539090606e-05
1050,1.307973861694336,4203.000058315839,6634.938348531723,8.992034250179227e-05
1051,1.297785997390747,4207.000058315839,6640.140250682831,8.989710734047597e-05
1052,1.3793975114822388,4211.000058315839,6648.015426158905,8.987384843893753e-05
1053,1.2214934825897217,4215.000058315839,6654.815270662308,8.985056581101691e-05
1054,1.540958285331726,4219.000058315839,6663.111572980881,8.982725947056817e-05
1055,1.1886452436447144,4223.000058315839,6670.276760339737,8.980392943145954e-05
1056,1.5643701553344727,4227.000058315839,6677.710521697998,8.978057570757325e-05
1057,1.2738968133926392,4231.000058315839,6684.042595863342,8.975719831280571e-05
1058,1.5382494926452637,4235.000058315839,6690.653963327408,8.973379726106739e-05
1059,1.3175153732299805,4239.000058315839,6696.992180347443,8.971037256628282e-05
1060,1.4371302127838135,4243.000058315839,6704.483798027039,8.968692424239061e-05
1061,1.4606046676635742,4247.000058315839,6711.56717133522,8.966345230334345e-05
1062,1.3169525861740112,4251.000058315839,6718.132957696915,8.963995676310803e-05
1063,1.2084717750549316,4255.000058315839,6724.242540597916,8.961643763566514e-05
1064,1.1192448139190674,4259.000058315839,6730.863088607788,8.959289493500957e-05
1065,1.1489812135696411,4263.000058315839,6737.7444705963135,8.956932867515016e-05
1066,1.5535805225372314,4267.000058315839,6744.12221288681,8.954573887010976e-05
1067,1.3572816848754883,4271.000058315839,6749.319596290588,8.952212553392522e-05
1068,1.2092530727386475,4275.000058315839,6755.635838985443,8.949848868064738e-05
1069,1.368646264076233,4279.000058315839,6761.373289108276,8.947482832434113e-05
1070,1.3329702615737915,4283.000058315839,6767.30408000946,8.945114447908528e-05
1071,1.138384222984314,4287.000058315839,6774.893084049225,8.942743715897266e-05
1072,1.326051115989685,4291.000058315839,6782.043261051178,8.940370637811006e-05
1073,1.4875850677490234,4295.000058315839,6786.938347816467,8.937995215061821e-05
1074,1.3681657314300537,4299.000058315839,6792.676486730576,8.935617449063181e-05
1075,1.2822632789611816,4303.000058315839,6798.442181587219,8.93323734122995e-05
1076,1.3389866352081299,4307.000058315839,6805.486496686935,8.930854892978385e-05
1077,1.4127683639526367,4311.000058315839,6812.664093255997,8.928470105726136e-05
1078,1.7267258167266846,4315.000058315839,6820.958280324936,8.926082980892246e-05
1079,1.5778234004974365,4319.000058315839,6827.239392280579,8.923693519897146e-05
1080,1.3180270195007324,4323.000058315839,6834.097134590149,8.921301724162658e-05
1081,1.773787260055542,4327.000058315839,6840.894575834274,8.918907595111998e-05
1082,1.5660548210144043,4331.000058315839,6847.626918792725,8.916511134169764e-05
1083,1.4359077215194702,4335.000058315839,6855.426492214203,8.914112342761945e-05
1084,1.5273501873016357,4339.000058315839,6861.970674276352,8.911711222315913e-05
1085,1.4343928098678589,4343.000058315839,6869.570458173752,8.909307774260433e-05
1086,1.2449584007263184,4347.000058315839,6875.487500905991,8.906902000025647e-05
1087,1.3213156461715698,4351.000058315839,6881.900176525116,8.904493901043089e-05
1088,1.3727002143859863,4355.000058315839,6887.449080705643,8.902083478745667e-05
1089,1.54808509349823,4359.000058315839,6895.159637212753,8.899670734567681e-05
1090,1.46597158908844,4363.000058315839,6902.8193526268005,8.897255669944806e-05
1091,1.4494482278823853,4367.000058315839,6909.308348417282,8.894838286314099e-05
1092,1.5465754270553589,4371.000058315839,6915.912082195282,8.892418585114001e-05
1093,1.3588670492172241,4375.000058315839,6921.790370225906,8.889996567784329e-05
1094,1.1078544855117798,4379.000058315839,6927.15447807312,8.887572235766275e-05
1095,1.229703426361084,4383.000058315839,6933.610936880112,8.885145590502412e-05
1096,1.3195090293884277,4387.000058315839,6939.8999099731445,8.882716633436692e-05
1097,1.2020777463912964,4391.000058315839,6946.195871591568,8.880285366014436e-05
1098,1.5694142580032349,4395.000058315839,6953.788316488266,8.877851789682347e-05
1099,1.6096335649490356,4399.000058315839,6960.71582198143,8.875415905888494e-05
1100,1.4081984758377075,4403.000058315839,6967.768003702164,8.872977716082327e-05
1101,1.193146824836731,4407.000058315839,6973.858115911484,8.870537221714663e-05
1102,1.4478611946105957,4411.000058315839,6980.317733287811,8.86809442423769e-05
1103,1.3026847839355469,4415.000058315839,6985.801043510437,8.865649325104972e-05
1104,1.350736379623413,4419.000058315839,6992.419703006744,8.863201925771433e-05
1105,1.0371110439300537,4423.000058315839,6998.687928915024,8.860752227693378e-05
1106,1.2083511352539062,4427.000058315839,7005.243881225586,8.85830023232847e-05
1107,1.1803538799285889,4431.000058315839,7010.897654056549,8.85584594113574e-05
1108,1.0777331590652466,4435.000058315839,7015.6790561676025,8.853389355575592e-05
1109,1.0989859104156494,4439.000058315839,7021.145624160767,8.850930477109787e-05
1110,1.1652553081512451,4443.000058315839,7027.822389125824,8.848469307201455e-05
1111,1.3783282041549683,4447.000058315839,7034.352711677551,8.84600584731509e-05
1112,1.209484338760376,4451.000058315839,7040.564565896988,8.843540098916545e-05
1113,1.4698126316070557,4455.000058315839,7047.172783374786,8.841072063473039e-05
1114,1.36972975730896,4459.000058315839,7053.346964836121,8.838601742453147e-05
1115,1.674222469329834,4463.000058315839,7060.510050773621,8.83612913732681e-05
1116,1.7245560884475708,4467.000058315839,7067.149111509323,8.83365424956532e-05
1117,1.4730993509292603,4471.000058315839,7073.168921947479,8.831177080641338e-05
1118,1.3457707166671753,4475.000058315839,7080.821778535843,8.828697632028874e-05
1119,1.3891241550445557,4479.000058315839,7088.8791680336,8.826215905203295e-05
1120,1.381287693977356,4483.000058315839,7095.19962477684,8.823731901641328e-05
1121,1.3598976135253906,4487.000058315839,7101.422116756439,8.821245622821051e-05
1122,1.5637950897216797,4491.000058315839,7107.71978187561,8.818757070221899e-05
1123,1.3482985496520996,4495.000058315839,7114.737645864487,8.816266245324658e-05
1124,1.550818920135498,4499.000058315839,7122.64963889122,8.813773149611464e-05
1125,1.5011123418807983,4503.000058315839,7128.774322509766,8.81127778456581e-05
1126,1.3696025609970093,4507.000058315839,7133.414446592331,8.808780151672533e-05
1127,1.294944167137146,4511.000058315839,7140.603595256805,8.806280252417824e-05
1128,1.227949857711792,4515.000058315839,7148.4527378082275,8.803778088289219e-05
1129,1.5155816078186035,4519.000058315839,7154.6917424201965,8.801273660775606e-05
1130,1.1897364854812622,4523.000058315839,7160.913936853409,8.798766971367217e-05
1131,1.1122550964355469,4527.000058315839,7165.818806886673,8.796258021555629e-05
1132,1.2245506048202515,4531.000058315839,7172.157153367996,8.793746812833767e-05
1133,1.2921510934829712,4535.000058315839,7179.053000211716,8.791233346695897e-05
1134,1.5342289209365845,4539.000058315839,7185.703041791916,8.78871762463763e-05
1135,1.256464958190918,4543.000058315839,7193.060136318207,8.78619964815592e-05
1136,1.4303025007247925,4547.000058315839,7199.939459562302,8.783679418749062e-05
1137,1.0445342063903809,4551.000058315839,7205.518305540085,8.78115693791669e-05
1138,1.5051159858703613,4555.000058315839,7211.294574260712,8.77863220715978e-05
1139,1.3760687112808228,4559.000058315839,7218.358453035355,8.776105227980645e-05
1140,1.2361950874328613,4563.000058315839,7224.303192853928,8.773576001882936e-05
1141,1.2382465600967407,4567.000058315839,7230.774573326111,8.771044530371643e-05
1142,1.1776825189590454,4571.000058315839,7235.3633444309235,8.768510814953087e-05
1143,1.2698707580566406,4575.000058315839,7242.43568110466,8.765974857134934e-05
1144,1.3870561122894287,4579.000058315839,7248.776668071747,8.763436658426175e-05
1145,1.3878086805343628,4583.000058315839,7255.794434070587,8.760896220337133e-05
1146,1.3451811075210571,4587.000058315839,7261.585019826889,8.758353544379476e-05
1147,1.3833110332489014,4591.000058315839,7267.307722330093,8.755808632066193e-05
1148,1.5238587856292725,4595.000058315839,7273.8008868694305,8.753261484911605e-05
1149,1.150343656539917,4599.000058315839,7280.575299978256,8.750712104431365e-05
1150,1.306643009185791,4603.000058315839,7286.335178613663,8.748160492142454e-05
1151,0.9948711395263672,4607.000058315839,7291.011986732483,8.745606649563183e-05
1152,1.2273013591766357,4611.000058315839,7297.429597854614,8.743050578213187e-05
1153,1.2870168685913086,4615.000058315839,7303.440461874008,8.740492279613427e-05
1154,1.6458451747894287,4619.000058315839,7310.226432085037,8.737931755286193e-05
1155,1.253154993057251,4623.000058315839,7315.358148574829,8.735369006755095e-05
1156,1.3986742496490479,4627.000058315839,7322.529101371765,8.732804035545074e-05
1157,1.6551345586776733,4631.000058315839,7329.388628482819,8.730236843182381e-05
1158,1.3029001951217651,4635.000058315839,7337.422258615494,8.727667431194601e-05
1159,1.283940315246582,4639.000058315839,7344.361205101013,8.725095801110634e-05
1160,1.3918116092681885,4643.000058315839,7351.933282375336,8.722521954460699e-05
1161,1.418287992477417,4647.000058315839,7357.462166309357,8.719945892776336e-05
1162,1.4129202365875244,4651.000058315839,7363.230637788773,8.717367617590405e-05
1163,1.2925976514816284,4655.000058315839,7367.988911390305,8.714787130437077e-05
1164,1.2024085521697998,4659.000058315839,7373.526789426804,8.712204432851845e-05
1165,1.182784080505371,4663.000058315839,7380.368911027908,8.709619526371516e-05
1166,1.476022720336914,4667.000058315839,7385.895421266556,8.707032412534208e-05
1167,1.662772536277771,4671.000058315839,7392.209580898285,8.704443092879357e-05
1168,1.2864478826522827,4675.000058315839,7398.786911010742,8.701851568947711e-05
1169,1.5064131021499634,4679.000058315839,7404.647790431976,8.699257842281324e-05
1170,1.435090184211731,4683.000058315839,7412.245804548264,8.696661914423567e-05
1171,1.6518993377685547,4687.000058315839,7419.475431919098,8.694063786919119e-05
1172,1.4557360410690308,4691.000058315839,7425.40314078331,8.691463461313968e-05
1173,1.3375818729400635,4695.000058315839,7430.801029205322,8.68886093915541e-05
1174,1.407827377319336,4699.000058315839,7437.019379854202,8.686256221992045e-05
1175,1.7410221099853516,4703.000058315839,7443.702416419983,8.683649311373784e-05
1176,1.6663260459899902,4707.000058315839,7451.423156261444,8.681040208851842e-05
1177,1.0413341522216797,4711.000058315839,7457.072942495346,8.678428915978733e-05
1178,1.5570124387741089,4715.000058315839,7464.335380315781,8.675815434308281e-05
1179,1.3182504177093506,4719.000058315839,7470.319838285446,8.67319976539561e-05
1180,1.3010282516479492,4723.000058315839,7475.900368928909,8.670581910797149e-05
1181,1.3136876821517944,4727.000058315839,7481.9991636276245,8.667961872070615e-05
1182,1.2839303016662598,4731.000058315839,7487.411466836929,8.665339650775043e-05
1183,1.200135588645935,4735.000058315839,7495.016467094421,8.662715248470751e-05
1184,1.1902894973754883,4739.000058315839,7499.474634408951,8.660088666719365e-05
1185,1.319474697113037,4743.000058315839,7503.943694591522,8.657459907083801e-05
1186,1.3221534490585327,4747.000058315839,7510.006320953369,8.654828971128277e-05
1187,1.3515371084213257,4751.000058315839,7516.924161434174,8.6521958604183e-05
1188,1.5171856880187988,4755.000058315839,7523.932075023651,8.649560576520675e-05
1189,1.4471945762634277,4759.000058315839,7530.635458469391,8.6469231210035e-05
1190,1.5249524116516113,4763.000058315839,7537.081136226654,8.644283495436163e-05
1191,1.192371129989624,4767.000058315839,7543.61772274971,8.641641701389348e-05
1192,1.5548250675201416,4771.000058315839,7549.352710485458,8.63899774043502e-05
1193,1.5052425861358643,4775.000058315839,7556.913067340851,8.636351614146443e-05
1194,1.3178131580352783,4779.000058315839,7563.24623632431,8.633703324098165e-05
1195,1.4912018775939941,4783.000058315839,7569.4397077560425,8.631052871866024e-05
1196,1.559920310974121,4787.000058315839,7575.326077222824,8.62840025902714e-05
1197,1.3191604614257812,4791.000058315839,7581.842006921768,8.625745487159923e-05
1198,1.240862488746643,4795.000058315839,7588.9406888484955,8.623088557844066e-05
1199,1.289227843284607,4799.000058315839,7595.422979593277,8.620429472660547e-05
1200,1.4578502178192139,4803.000058315839,7602.286409139633,8.617768233191623e-05
1201,1.2858492136001587,4807.000058315839,7610.163954496384,8.61510484102084e-05
1202,1.3379842042922974,4811.000058315839,7615.972892522812,8.612439297733018e-05
1203,0.990111231803894,4815.000058315839,7622.952095508575,8.609771604914257e-05
1204,1.341619610786438,4819.000058315839,7629.803191900253,8.607101764151944e-05
1205,1.197559118270874,4823.000058315839,7635.101438999176,8.604429777034737e-05
1206,1.462428092956543,4827.000058315839,7641.4533314704895,8.60175564515257e-05
1207,1.131598949432373,4831.000058315839,7646.167418956757,8.59907937009666e-05
1208,1.6414062976837158,4835.000058315839,7654.326873064041,8.596400953459492e-05
1209,1.3873686790466309,4839.000058315839,7659.159876823425,8.593720396834833e-05
1210,1.6185585260391235,4843.000058315839,7665.6402225494385,8.591037701817714e-05
1211,1.3836549520492554,4847.000058315839,7671.434052467346,8.58835287000445e-05
1212,1.41655433177948,4851.000058315839,7678.778641700745,8.585665902992616e-05
1213,1.4798957109451294,4855.000058315839,7685.676406383514,8.582976802381064e-05
1214,1.252401351928711,4859.000058315839,7692.364842891693,8.580285569769914e-05
1215,1.2060062885284424,4863.000058315839,7699.70863866806,8.577592206760555e-05
1216,1.2691352367401123,4867.000058315839,7707.047031164169,8.574896714955644e-05
1217,1.2875616550445557,4871.000058315839,7712.263090848923,8.572199095959102e-05
1218,1.2501161098480225,4875.000058315839,7718.799991130829,8.56949935137612e-05
1219,1.2748749256134033,4879.000058315839,7725.130244016647,8.566797482813154e-05
1220,1.6074481010437012,4883.000058315839,7731.5521240234375,8.564093491877917e-05
1221,1.1860181093215942,4887.000058315839,7738.868874788284,8.561387380179391e-05
1222,1.3108257055282593,4891.000058315839,7745.691257715225,8.55867914932782e-05
1223,1.3988345861434937,4895.000058315839,7749.963140964508,8.555968800934704e-05
1224,1.4415359497070312,4899.000058315839,7755.252109527588,8.553256336612811e-05
1225,1.3938665390014648,4903.000058315839,7763.102716684341,8.55054175797616e-05
1226,1.4518332481384277,4907.000058315839,7770.261292695999,8.547825066640034e-05
1227,1.5751867294311523,4911.000058315839,7775.704577445984,8.545106264220968e-05
1228,1.6379616260528564,4915.000058315839,7783.21652340889,8.54238535233676e-05
1229,1.3873133659362793,4919.000058315839,7789.040879011154,8.539662332606452e-05
1230,1.401822805404663,4923.000058315839,7795.188984155655,8.536937206650356e-05
1231,1.1620426177978516,4927.000058315839,7801.138502836227,8.534209976090022e-05
1232,1.2718604803085327,4931.000058315839,7806.814710855484,8.531480642548263e-05
1233,1.8198715448379517,4935.000058315839,7814.685190916061,8.528749207649137e-05
1234,1.3514797687530518,4939.000058315839,7821.651157855988,8.526015673017956e-05
1235,1.3885254859924316,4943.000058315839,7827.9423768520355,8.523280040281278e-05
1236,1.4083645343780518,4947.000058315839,7835.432942867279,8.520542311066916e-05
1237,1.6009619235992432,4951.000058315839,7841.121095895767,8.517802487003922e-05
1238,1.4533710479736328,4955.000058315839,7848.2552921772,8.5150605697226e-05
1239,1.4664000272750854,4959.000058315839,7854.43373465538,8.512316560854498e-05
1240,1.4537683725357056,4963.000058315839,7860.407395601273,8.50957046203241e-05
1241,1.3317980766296387,4967.000058315839,7866.497581720352,8.506822274890369e-05
1242,1.4953646659851074,4971.000058315839,7871.849864959717,8.504072001063657e-05
1243,1.5257760286331177,4975.000058315839,7878.630278110504,8.501319642188793e-05
1244,1.5388681888580322,4979.000058315839,7884.397323131561,8.498565199903541e-05
1245,1.4182913303375244,4983.000058315839,7891.301756620407,8.495808675846899e-05
1246,1.2419755458831787,4987.000058315839,7897.762919187546,8.493050071659108e-05
1247,1.3714436292648315,4991.000058315839,7903.702895402908,8.490289388981646e-05
1248,1.4225343465805054,4995.000058315839,7910.244476556778,8.487526629457225e-05
1249,1.3052641153335571,4999.000058315839,7916.034303188324,8.484761794729798e-05
1250,1.2381335496902466,5003.000058315839,7922.376737117767,8.481994886444549e-05
1251,1.4805960655212402,5007.000058315839,7929.503390550613,8.479225906247896e-05
1252,1.4749778509140015,5011.000058315839,7935.492538690567,8.476454855787491e-05
1253,1.4044606685638428,5015.000058315839,7940.225304365158,8.473681736712218e-05
1254,1.3637096881866455,5019.000058315839,7946.958233118057,8.47090655067219e-05
1255,1.007377028465271,5023.000058315839,7952.735170841217,8.468129299318752e-05
1256,1.3956358432769775,5027.000058315839,7960.042964458466,8.465349984304481e-05
1257,1.261826992034912,5031.000058315839,7966.234138250351,8.462568607283171e-05
1258,1.4979387521743774,5035.000058315839,7974.514506578445,8.459785169909857e-05
1259,1.3823357820510864,5039.000058315839,7980.633183956146,8.456999673840788e-05
1260,1.1266781091690063,5043.000058315839,7985.501477718353,8.454212120733448e-05
1261,1.4089672565460205,5047.000058315839,7991.405286312103,8.451422512246537e-05
1262,1.2639507055282593,5051.000058315839,7997.921938896179,8.448630850039983e-05
1263,1.1770744323730469,5055.000058315839,8002.360226392746,8.445837135774933e-05
1264,1.3496615886688232,5059.000058315839,8009.354079723358,8.443041371113756e-05
1265,1.179427981376648,5063.000058315839,8014.833167791367,8.440243557720044e-05
1266,1.275963306427002,5067.000058315839,8020.141899347305,8.437443697258603e-05
1267,1.5002365112304688,5071.000058315839,8026.34078836441,8.43464179139546e-05
1268,1.388319492340088,5075.000058315839,8032.277405977249,8.431837841797861e-05
1269,1.3753966093063354,5079.000058315839,8039.206637620926,8.429031850134262e-05
1270,1.462784767150879,5083.000058315839,8045.101143360138,8.426223818074341e-05
1271,1.2489506006240845,5087.000058315839,8051.140145778656,8.423413747288985e-05
1272,1.294852614402771,5091.000058315839,8057.733301401138,8.420601639450298e-05
1273,1.2806428670883179,5095.000058315839,8062.750070095062,8.417787496231596e-05
1274,1.3824281692504883,5099.000058315839,8068.3760714530945,8.414971319307398e-05
1275,1.3265178203582764,5103.000058315839,8074.127933263779,8.412153110353445e-05
1276,1.4245237112045288,5107.000058315839,8080.2862200737,8.40933287104668e-05
1277,1.6765514612197876,5111.000058315839,8088.082212686539,8.406510603065255e-05
1278,1.2497296333312988,5115.000058315839,8093.539000749588,8.403686308088532e-05
1279,1.4216854572296143,5119.000058315839,8099.705279827118,8.400859987797074e-05
1280,1.3030017614364624,5123.000058315839,8106.017534971237,8.398031643872657e-05
1281,1.3295978307724,5127.000058315839,8110.9461262226105,8.395201277998253e-05
1282,1.4460817575454712,5131.000058315839,8115.764133214951,8.392368891858039e-05
1283,1.2579553127288818,5135.000058315839,8121.815609455109,8.389534487137398e-05
1284,1.1587936878204346,5139.000058315839,8126.864299058914,8.386698065522914e-05
1285,1.167884111404419,5143.000058315839,8133.584066152573,8.383859628702364e-05
1287,1.3361260890960693,5151.000058315839,8145.19150352478,8.378176716200199e-05
1288,1.541405200958252,5155.000058315839,8152.509473800659,8.375332243900138e-05
1289,1.557560682296753,5159.000058315839,8159.525238990784,8.372485763157123e-05
1290,1.3267455101013184,5163.000058315839,8165.693536758423,8.369637275664918e-05
1291,1.3804397583007812,5167.000058315839,8172.62767624855,8.36678678311849e-05
1292,1.3923014402389526,5171.000058315839,8178.166922092438,8.36393428721399e-05
1293,1.4894191026687622,5175.000058315839,8185.253516435623,8.361079789648767e-05
1294,1.4781832695007324,5179.000058315839,8191.841392278671,8.358223292121357e-05
1295,1.4442991018295288,5183.000058315839,8198.349772453308,8.355364796331488e-05
1296,1.2233816385269165,5187.000058315839,8204.227099180222,8.352504303980079e-05
1297,1.2788374423980713,5191.000058315839,8211.427522182465,8.349641816769234e-05
1298,1.4303333759307861,5195.000058315839,8218.896051168442,8.346777336402244e-05
1299,1.233956217765808,5199.000058315839,8224.243237733841,8.343910864583587e-05
1300,1.3683265447616577,5203.000058315839,8231.406497955322,8.341042403018927e-05
1301,1.5727791786193848,5207.000058315839,8238.245066642761,8.338171953415109e-05
1302,1.455522894859314,5211.000058315839,8244.456758022308,8.335299517480167e-05
1303,1.4397783279418945,5215.000058315839,8250.66037607193,8.332425096923308e-05
1304,1.5529377460479736,5219.000058315839,8257.12669634819,8.329548693454928e-05
1305,1.192793607711792,5223.000058315839,8262.377749681473,8.326670308786598e-05
1306,1.350118637084961,5227.000058315839,8269.937198400497,8.32378994463107e-05
1307,1.3019087314605713,5231.000058315839,8276.407220840454,8.320907602702275e-05
1308,1.299452781677246,5235.000058315839,8284.113047361374,8.318023284715318e-05
1309,1.3753728866577148,5239.000058315839,8289.478262662888,8.31513699238648e-05
1310,1.3510193824768066,5243.000058315839,8296.296244621277,8.312248727433222e-05
1311,1.271916389465332,5247.000058315839,8303.628349781036,8.30935849157417e-05
1312,1.5021579265594482,5251.000058315839,8310.526192903519,8.306466286529128e-05
1313,1.384264588356018,5255.000058315839,8317.359215259552,8.303572114019074e-05
1314,1.3156567811965942,5259.000058315839,8324.08180809021,8.300675975766153e-05
1315,1.3063862323760986,5263.000058315839,8332.01885342598,8.29777787349368e-05
1316,1.3075510263442993,5267.000058315839,8338.232045173645,8.29487780892614e-05
1317,0.9728571176528931,5271.000058315839,8344.973908662796,8.291975783789183e-05
1318,1.324700951576233,5275.000058315839,8351.18129992485,8.289071799809632e-05
1319,1.3321782350540161,5279.000058315839,8356.518030881882,8.286165858715467e-05
1320,1.588235855102539,5283.000058315839,8363.336948633194,8.283257962235838e-05
1321,1.2436752319335938,5287.000058315839,8369.77142238617,8.280348112101057e-05
1322,1.2652647495269775,5291.000058315839,8374.356517791748,8.277436310042599e-05
1323,1.3997511863708496,5295.000058315839,8379.855459451675,8.274522557793102e-05
1324,1.1732709407806396,5299.000058315839,8384.858757257462,8.271606857086361e-05
1325,1.3425366878509521,5303.000058315839,8392.741265773773,8.268689209657332e-05
1326,1.5113210678100586,5307.000058315839,8400.282151222229,8.265769617242128e-05
1327,1.162764310836792,5311.000058315839,8408.145424842834,8.262848081578024e-05
1328,1.3048877716064453,5315.000058315839,8414.085166215897,8.259924604403448e-05
1329,1.362449049949646,5319.000058315839,8421.160880565643,8.25699918745798e-05
1330,1.4332480430603027,5323.000058315839,8427.163930177689,8.254071832482359e-05
1331,1.4296033382415771,5327.000058315839,8435.353357553482,8.251142541218479e-05
1332,1.2754045724868774,5331.000058315839,8440.399471759796,8.24821131540938e-05
1333,1.4485483169555664,5335.000058315839,8448.308509588242,8.245278156799254e-05
1334,1.3892639875411987,5339.000058315839,8452.777880430222,8.24234306713345e-05
1335,1.5039126873016357,5343.000058315839,8457.80253958702,8.23940604815846e-05
1336,1.285194993019104,5347.000058315839,8463.039660930634,8.236467101621922e-05
1337,1.6133452653884888,5351.000058315839,8469.944070100784,8.233526229272628e-05
1338,1.6132235527038574,5355.000058315839,8476.989646196365,8.23058343286051e-05
1339,1.215155005455017,5359.000058315839,8483.831661939621,8.227638714136649e-05
1340,1.2108911275863647,5363.000058315839,8488.271409034729,8.224692074853267e-05
1341,1.2642219066619873,5367.000058315839,8495.135937452316,8.221743516763729e-05
1342,1.0232012271881104,5371.000058315839,8499.240175008774,8.218793041622545e-05
1343,1.4184961318969727,5375.000058315839,8506.75094795227,8.215840651185359e-05
1344,1.6497979164123535,5379.000058315839,8512.747989654541,8.212886347208963e-05
1345,1.0863615274429321,5383.000058315839,8518.786398172379,8.209930131451282e-05
1346,1.4357565641403198,5387.000058315839,8525.465099573135,8.20697200567138e-05
1347,1.4807357788085938,5391.000058315839,8532.861317873001,8.204011971629458e-05
1348,1.3489835262298584,5395.000058315839,8538.255853176117,8.201050031086851e-05
1349,1.2214754819869995,5399.000058315839,8544.050263881683,8.198086185806031e-05
1350,1.2235369682312012,5403.000058315839,8550.718238830566,8.195120437550602e-05
1351,1.6556516885757446,5407.000058315839,8557.914672851562,8.192152788085299e-05
1352,1.0515376329421997,5411.000058315839,8563.77334523201,8.189183239175991e-05
1353,1.4436396360397339,5415.000058315839,8570.093733787537,8.186211792589675e-05
1354,1.2096357345581055,5419.000058315839,8576.22870016098,8.18323845009448e-05
1355,1.4036335945129395,5423.000058315839,8582.186679840088,8.180263213459658e-05
1356,1.2090866565704346,5427.000058315839,8589.350937366486,8.177286084455592e-05
1357,1.4910480976104736,5431.000058315839,8596.388907670975,8.174307064853793e-05
1358,1.457114577293396,5435.000058315839,8601.57214975357,8.171326156426894e-05
1359,1.3417527675628662,5439.000058315839,8608.286539316177,8.168343360948648e-05
1360,1.4303250312805176,5443.000058315839,8615.080039978027,8.16535868019394e-05
1361,1.301408052444458,5447.000058315839,8621.14797091484,8.162372115938769e-05
1362,1.6496951580047607,5451.000058315839,8627.259458303452,8.159383669960259e-05
1363,1.1629934310913086,5455.000058315839,8632.839876890182,8.156393344036651e-05
1364,1.5054007768630981,5459.000058315839,8638.555626392365,8.153401139947309e-05
1365,1.5705132484436035,5463.000058315839,8645.056173324585,8.150407059472707e-05
1366,1.1013418436050415,5467.000058315839,8651.451690912247,8.147411104394445e-05
1367,1.204662561416626,5471.000058315839,8658.043682336807,8.14441327649523e-05
1368,1.4408810138702393,5475.000058315839,8663.71041059494,8.141413577558888e-05
1369,1.5420893430709839,5479.000058315839,8670.859317779541,8.138412009370358e-05
1370,1.2183059453964233,5483.000058315839,8676.038266658783,8.13540857371569e-05
1371,1.2400598526000977,5487.000058315839,8681.33140206337,8.132403272382048e-05
1372,1.4261213541030884,5491.000058315839,8686.916477918625,8.1293961071577e-05
1373,1.315392255783081,5495.000058315839,8693.290843248367,8.126387079832029e-05
1374,1.2238705158233643,5499.000058315839,8698.822649240494,8.123376192195524e-05
1375,1.187380313873291,5503.000058315839,8704.207410097122,8.120363446039782e-05
1376,1.5749250650405884,5507.000058315839,8711.542016744614,8.117348843157504e-05
1377,1.0871350765228271,5511.000058315839,8718.867767333984,8.114332385342497e-05
1378,1.210042953491211,5515.000058315839,8725.028538942337,8.111314074389673e-05
1379,1.0611598491668701,5519.000058315839,8730.707745075226,8.108293912095042e-05
1380,1.4765007495880127,5523.000058315839,8737.53171157837,8.10527190025572e-05
1381,1.1198856830596924,5527.000058315839,8743.33395767212,8.102248040669923e-05
1382,1.3513264656066895,5531.000058315839,8748.896430253983,8.099222335136967e-05
1383,1.2821016311645508,5535.000058315839,8754.568579435349,8.096194785457261e-05
1384,1.4841405153274536,5539.000058315839,8762.510626792908,8.093165393432322e-05
1385,1.471166729927063,5543.000058315839,8768.084074497223,8.090134160864751e-05
1386,1.2030354738235474,5547.000058315839,8774.163019895554,8.087101089558254e-05
1387,1.4536346197128296,5551.000058315839,8780.442247390747,8.084066181317626e-05
1388,1.1815645694732666,5555.000058315839,8786.532381296158,8.081029437948754e-05
1389,1.583640217781067,5559.000058315839,8794.085179805756,8.077990861258623e-05
1390,1.398790717124939,5563.000058315839,8798.970168590546,8.074950453055302e-05
1391,1.5058412551879883,5567.000058315839,8806.223421096802,8.071908215147955e-05
1392,1.2736862897872925,5571.000058315839,8810.875269174576,8.068864149346831e-05
1393,1.3998935222625732,5575.000058315839,8816.03350186348,8.065818257463271e-05
1394,1.282549500465393,5579.000058315839,8821.351588726044,8.062770541309698e-05
1395,1.2124642133712769,5583.000058315839,8828.300859928131,8.059721002699622e-05
1396,1.4275652170181274,5587.000058315839,8834.289969921112,8.056669643447637e-05
1397,1.6697335243225098,5591.000058315839,8841.308757066727,8.053616465369425e-05
1398,1.0645562410354614,5595.000058315839,8846.830663204193,8.050561470281743e-05
1399,1.2184832096099854,5599.000058315839,8854.71197938919,8.047504660002435e-05
1400,1.4141393899917603,5603.000058315839,8860.996833324432,8.044446036350421e-05
1401,1.3510702848434448,5607.000058315839,8867.068238735199,8.041385601145703e-05
1402,1.5988948345184326,5611.000058315839,8873.597553014755,8.03832335620936e-05
1403,1.3164273500442505,5615.000058315839,8880.806111574173,8.035259303363547e-05
1404,1.4617114067077637,5619.000058315839,8887.69055390358,8.032193444431494e-05
1405,1.2508513927459717,5623.000058315839,8893.744235992432,8.029125781237511e-05
1406,1.5439049005508423,5627.000058315839,8901.317563772202,8.026056315606973e-05
1407,1.6446034908294678,5631.000058315839,8907.514813661575,8.022985049366336e-05
1408,1.3992252349853516,5635.000058315839,8913.832103967667,8.019911984343122e-05
1409,1.4278490543365479,5639.000058315839,8919.92899775505,8.016837122365926e-05
1410,1.4058929681777954,5643.000058315839,8926.441787958145,8.013760465264408e-05
1411,1.2492008209228516,5647.000058315839,8933.24531197548,8.010682014869304e-05
1412,1.5856924057006836,5651.000058315839,8940.36849141121,8.007601773012412e-05
1413,1.260779857635498,5655.000058315839,8945.47931933403,8.004519741526592e-05
1414,1.391953945159912,5659.000058315839,8951.64659523964,8.001435922245778e-05
1415,1.1413490772247314,5663.000058315839,8957.980298995972,7.998350317004962e-05
1416,1.1902707815170288,5667.000058315839,8964.336668252945,7.9952629276402e-05
1417,0.9298118352890015,5671.000058315839,8969.38949251175,7.992173755988607e-05
1418,1.516916275024414,5675.000058315839,8976.63979935646,7.989082803888366e-05
1419,1.4335062503814697,5679.000058315839,8982.903133153915,7.98599007317871e-05
1420,1.5854874849319458,5683.000058315839,8990.102027893066,7.982895565699937e-05
1421,1.1879740953445435,5687.000058315839,8996.618898153305,7.979799283293401e-05
1422,1.1049681901931763,5691.000058315839,9002.676091432571,7.97670122780151e-05
1423,1.0976343154907227,5695.000058315839,9008.69351029396,7.973601401067729e-05
1424,1.4059646129608154,5699.000058315839,9014.924310684204,7.970499804936575e-05
1425,1.4793457984924316,5703.000058315839,9021.52861380577,7.967396441253618e-05
1426,1.4527368545532227,5707.000058315839,9027.51108121872,7.964291311865485e-05
1427,1.1313228607177734,5711.000058315839,9035.779849290848,7.961184418619846e-05
1428,1.3479604721069336,5715.000058315839,9043.310928821564,7.958075763365427e-05
1429,1.235148549079895,5719.000058315839,9049.988842964172,7.954965347951999e-05
1430,1.2760565280914307,5723.000058315839,9056.952909231186,7.951853174230377e-05
1431,1.2770767211914062,5727.000058315839,9061.63374042511,7.948739244052432e-05
1432,1.4627255201339722,5731.000058315839,9068.646000146866,7.945623559271071e-05
1433,1.4671211242675781,5735.000058315839,9075.030544042587,7.942506121740248e-05
1434,1.1224918365478516,5739.000058315839,9081.7067861557,7.939386933314963e-05
1435,1.3915817737579346,5743.000058315839,9089.97811126709,7.936265995851254e-05
1436,1.221790075302124,5747.000058315839,9094.39070224762,7.933143311206199e-05
1437,1.4243764877319336,5751.000058315839,9099.55567240715,7.930018881237921e-05
1438,1.5017406940460205,5755.000058315839,9105.171233177185,7.926892707805578e-05
1439,1.283136010169983,5759.000058315839,9111.017090082169,7.923764792769362e-05
1440,1.587619423866272,5763.000058315839,9117.633249521255,7.920635137990507e-05
1441,1.388800024986267,5767.000058315839,9123.1006731987,7.91750374533128e-05
1442,1.278815507888794,5771.000058315839,9127.440399646759,7.914370616654985e-05
1443,1.2546361684799194,5775.000058315839,9134.79181098938,7.911235753825952e-05
1444,1.41434645652771,5779.000058315839,9141.640986204147,7.90809915870955e-05
1445,1.2721871137619019,5783.000058315839,9148.620983362198,7.904960833172174e-05
1446,1.3842121362686157,5787.000058315839,9154.81586766243,7.901820779081253e-05
1447,1.4002596139907837,5791.000058315839,9160.895687580109,7.898678998305238e-05
1448,1.3510468006134033,5795.000058315839,9168.244260311127,7.895535492713615e-05
1449,1.2218687534332275,5799.000058315839,9175.63558268547,7.892390264176892e-05
1450,1.3615702390670776,5803.000058315839,9182.082995176315,7.889243314566607e-05
1451,1.5438705682754517,5807.000058315839,9188.883035421371,7.88609464575531e-05
1452,1.2578308582305908,5811.000058315839,9195.346267223358,7.882944259616588e-05
1453,1.1034409999847412,5815.000058315839,9201.848980426788,7.879792158025044e-05
1454,1.5378245115280151,5819.000058315839,9208.15996146202,7.876638342856299e-05
1455,1.281189203262329,5823.000058315839,9214.07592868805,7.873482815987e-05
1456,1.6248769760131836,5827.000058315839,9220.334878206253,7.870325579294806e-05
1457,1.061087727546692,5831.000058315839,9227.885353803635,7.867166634658397e-05
1458,1.1247854232788086,5835.000058315839,9234.542210578918,7.864005983957471e-05
1459,1.4137482643127441,5839.000058315839,9240.108496665955,7.860843629072737e-05
1460,1.300692081451416,5843.000058315839,9245.877744913101,7.85767957188592e-05
1461,1.4340415000915527,5847.000058315839,9252.875717401505,7.854513814279759e-05
1462,1.102831482887268,5851.000058315839,9258.93262219429,7.851346358138003e-05
1463,1.398658275604248,5855.000058315839,9264.863516807556,7.848177205345412e-05
1464,1.5324256420135498,5859.000058315839,9271.424103498459,7.845006357787758e-05
1465,1.1163703203201294,5863.000058315839,9277.122178077698,7.841833817351817e-05
1466,1.488044261932373,5867.000058315839,9282.94406414032,7.838659585925376e-05
1467,1.430505633354187,5871.000058315839,9290.05129647255,7.835483665397226e-05
1468,1.0834842920303345,5875.000058315839,9294.647165775299,7.832306057657166e-05
1469,1.3448829650878906,5879.000058315839,9300.87442445755,7.829126764595995e-05
1470,1.2585960626602173,5883.000058315839,9306.96304512024,7.825945788105519e-05
1471,1.22027587890625,5887.000058315839,9314.091401576996,7.82276313007854e-05
1472,1.1849534511566162,5891.000058315839,9319.185990571976,7.819578792408868e-05
1473,1.44760000705719,5895.000058315839,9324.748756170273,7.816392776991308e-05
1474,1.2407243251800537,5899.000058315839,9331.330705404282,7.813205085721662e-05
1475,1.4311656951904297,5903.000058315839,9337.172728300095,7.810015720496732e-05
1476,1.2491663694381714,5907.000058315839,9342.361734390259,7.806824683214316e-05
1477,1.5565227270126343,5911.000058315839,9349.36589217186,7.803631975773203e-05
1478,1.2704970836639404,5915.000058315839,9355.104281663895,7.800437600073185e-05
1479,1.3400999307632446,5919.000058315839,9361.59896159172,7.797241558015035e-05
1480,1.1382489204406738,5923.000058315839,9367.081181287766,7.794043851500525e-05
1481,1.4942336082458496,5927.000058315839,9374.040116786957,7.790844482432419e-05
1482,1.3642876148223877,5931.000058315839,9381.273392915726,7.787643452714461e-05
1483,1.2340985536575317,5935.000058315839,9388.993163585663,7.78444076425139e-05
1484,1.1827534437179565,5939.000058315839,9396.181379795074,7.781236418948935e-05
1485,1.174912691116333,5943.000058315839,9401.25302863121,7.778030418713803e-05
1486,1.0871148109436035,5947.000058315839,9407.749811410904,7.774822765453693e-05
1487,1.403249740600586,5951.000058315839,9414.176827192307,7.771613461077283e-05
1488,1.2045280933380127,5955.000058315839,9419.957719802856,7.768402507494234e-05
1489,1.1303986310958862,5959.000058315839,9424.860461473465,7.76518990661519e-05
1490,1.3985958099365234,5963.000058315839,9431.276108503342,7.761975660351773e-05
1491,1.4785093069076538,5967.000058315839,9437.620639801025,7.758759770616585e-05
1492,1.182151436805725,5971.000058315839,9443.23702955246,7.75554223932321e-05
1493,1.2469946146011353,5975.000058315839,9449.476461172104,7.752323068386202e-05
1494,1.0924485921859741,5979.000058315839,9456.862183332443,7.749102259721095e-05
1495,1.1695736646652222,5983.000058315839,9462.376191854477,7.745879815244395e-05
1496,1.0474519729614258,5987.000058315839,9467.510171413422,7.742655736873583e-05
1497,1.4741119146347046,5991.000058315839,9473.881035804749,7.739430026527111e-05
1498,1.3723324537277222,5995.000058315839,9479.604238033295,7.736202686124407e-05
1499,1.449616551399231,5999.000058315839,9486.10963177681,7.732973717585861e-05
1500,1.7452282905578613,6003.000058315839,9493.065279006958,7.729743122832836e-05
1501,1.1600102186203003,6007.000058315839,9499.347796916962,7.726510903787664e-05
1502,1.614606261253357,6011.000058315839,9507.10372543335,7.723277062373642e-05
1503,1.0083757638931274,6015.000058315839,9511.667838335037,7.720041600515031e-05
1504,1.4320988655090332,6019.000058315839,9518.516961812973,7.716804520137056e-05
1505,1.1417171955108643,6023.000058315839,9523.904954195023,7.713565823165912e-05
1506,1.3184996843338013,6027.000058315839,9530.850634336472,7.710325511528744e-05
1507,1.475064754486084,6031.000058315839,9537.87626338005,7.707083587153668e-05
1508,1.1766550540924072,6035.000058315839,9543.415272712708,7.703840051969756e-05
1509,1.3806086778640747,6039.000058315839,9547.978968858719,7.700594907907036e-05
1510,1.469250202178955,6043.000058315839,9555.019471406937,7.6973481568965e-05
1511,1.27853524684906,6047.000058315839,9561.770930290222,7.694099800870087e-05
1512,1.454966425895691,6051.000058315839,9568.482261657715,7.690849841760701e-05
1513,1.33548903465271,6055.000058315839,9574.46970629692,7.687598281502191e-05
1514,1.5456492900848389,6059.000058315839,9581.480786323547,7.684345122029364e-05
1515,1.4667404890060425,6063.000058315839,9587.578310251236,7.681090365277979e-05
1516,1.5268051624298096,6067.000058315839,9594.1372859478,7.677834013184741e-05
1517,1.6185901165008545,6071.000058315839,9600.528670549393,7.674576067687308e-05
1518,1.4530835151672363,6075.000058315839,9606.897635698318,7.671316530724285e-05
1519,1.3424968719482422,6079.000058315839,9613.23927950859,7.668055404235224e-05
1520,1.3368386030197144,6083.000058315839,9619.796376466751,7.664792690160624e-05
1521,1.4198640584945679,6087.000058315839,9626.055223703384,7.661528390441927e-05
1522,1.5613526105880737,6091.000058315839,9632.795811891556,7.65826250702152e-05
1523,1.3319616317749023,6095.000058315839,9639.178253173828,7.65499504184273e-05
1524,1.4905592203140259,6099.000058315839,9646.326900959015,7.651725996849827e-05
1525,1.3454315662384033,6103.000058315839,9652.01459312439,7.64845537398802e-05
1526,1.4020917415618896,6107.000058315839,9657.873813390732,7.645183175203461e-05
1527,1.3236849308013916,6111.000058315839,9664.444623947144,7.641909402443234e-05
1528,1.33302640914917,6115.000058315839,9671.103590726852,7.638634057655362e-05
1529,1.3399004936218262,6119.000058315839,9677.602923631668,7.635357142788803e-05
1530,1.1521687507629395,6123.000058315839,9683.748164892197,7.632078659793451e-05
1531,1.3176188468933105,6127.000058315839,9690.790825128555,7.62879861062013e-05
1532,1.598679542541504,6131.000058315839,9696.652407169342,7.6255169972206e-05
1533,1.3659878969192505,6135.000058315839,9702.239755392075,7.622233821547547e-05
1534,1.415347695350647,6139.000058315839,9708.426025390625,7.618949085554592e-05
1535,1.2388222217559814,6143.000058315839,9716.378513336182,7.615662791196279e-05
1536,1.2477476596832275,6147.000058315839,9722.733315467834,7.612374940428082e-05
1537,1.3766509294509888,6151.000058315839,9728.920818805695,7.609085535206402e-05
1538,1.3935374021530151,6155.000058315839,9734.807054042816,7.605794577488565e-05
1539,1.3801774978637695,6159.000058315839,9741.64339709282,7.602502069232817e-05
1540,1.3070975542068481,6163.000058315839,9746.72409939766,7.59920801239833e-05
1541,1.1939504146575928,6167.000058315839,9754.931961774826,7.595912408945198e-05
1542,1.5281386375427246,6171.000058315839,9761.66363286972,7.592615260834433e-05
1543,1.3153386116027832,6175.000058315839,9768.197826385498,7.589316570027968e-05
1544,1.366112232208252,6179.000058315839,9774.138897657394,7.586016338488653e-05
1545,1.14592707157135,6183.000058315839,9779.963364124298,7.582714568180256e-05
1546,1.2155334949493408,6187.000058315839,9785.719468832016,7.579411261067458e-05
1547,1.4234802722930908,6191.000058315839,9791.457259654999,7.576106419115857e-05
1548,1.4248428344726562,6195.000058315839,9798.056253671646,7.572800044291962e-05
1549,1.1736730337142944,6199.000058315839,9803.212864160538,7.569492138563196e-05
1550,1.14425790309906,6203.000058315839,9809.882447004318,7.566182703897895e-05
1551,1.3888719081878662,6207.000058315839,9815.71763253212,7.562871742265298e-05
1552,1.3658061027526855,6211.000058315839,9821.87470793724,7.55955925563556e-05
1553,1.29318368434906,6215.000058315839,9828.67599773407,7.556245245979739e-05
1554,1.374410629272461,6219.000058315839,9834.209578990936,7.552929715269801e-05
1555,1.3985508680343628,6223.000058315839,9840.864788532257,7.549612665478617e-05
1556,1.6597938537597656,6227.000058315839,9848.218139886856,7.546294098579958e-05
1557,1.4387048482894897,6231.000058315839,9855.382275819778,7.542974016548508e-05
1558,1.3673442602157593,6235.000058315839,9861.923062324524,7.53965242135984e-05
1559,1.270926594734192,6239.000058315839,9868.194534301758,7.536329314990435e-05
1560,1.48065185546875,6243.000058315839,9874.687297821045,7.533004699417672e-05
1561,1.3190819025039673,6247.000058315839,9882.97389793396,7.529678576619828e-05
1562,1.1065980195999146,6251.000058315839,9888.545185089111,7.526350948576074e-05
1563,1.2708830833435059,6255.000058315839,9894.239142656326,7.52302181726648e-05
1564,1.4123597145080566,6259.000058315839,9900.753510475159,7.51969118467201e-05
1565,1.3747491836547852,6263.000058315839,9906.178555250168,7.51635905277452e-05
1566,1.2792727947235107,6267.000058315839,9913.183296203613,7.513025423556761e-05
1567,1.5020451545715332,6271.000058315839,9919.669436454773,7.50969029900237e-05
1568,1.5278780460357666,6275.000058315839,9927.563715696335,7.506353681095881e-05
1569,1.4830944538116455,6279.000058315839,9933.55940937996,7.503015571822707e-05
1570,1.149368405342102,6283.000058315839,9940.20651268959,7.499675973169156e-05
1571,1.3833096027374268,6287.000058315839,9946.854141235352,7.496334887122422e-05
1572,0.9597951173782349,6291.000058315839,9951.10349726677,7.492992315670578e-05
1573,1.2655093669891357,6295.000058315839,9956.387614488602,7.48964826080259e-05
1574,1.3001561164855957,6299.000058315839,9963.470623254776,7.486302724508296e-05
1575,1.0311479568481445,6303.000058315839,9969.909311771393,7.482955708778424e-05
1576,1.2127087116241455,6307.000058315839,9977.420132875443,7.479607215604581e-05
1577,1.4699496030807495,6311.000058315839,9984.826397418976,7.476257246979248e-05
1578,1.5498900413513184,6315.000058315839,9991.934650182724,7.472905804895792e-05
1579,1.589211106300354,6319.000058315839,9999.270392656326,7.469552891348446e-05
1580,1.2055498361587524,6323.000058315839,10004.60792016983,7.466198508332331e-05
1581,1.2520257234573364,6327.000058315839,10010.666071891785,7.462842657843432e-05
1582,1.2843670845031738,6331.000058315839,10016.365149974823,7.459485341878613e-05
1583,1.227491855621338,6335.000058315839,10020.906424045563,7.456126562435611e-05
1584,1.4328234195709229,6339.000058315839,10027.086030483246,7.452766321513028e-05
1585,1.5603971481323242,6343.000058315839,10033.56711268425,7.449404621110338e-05
1586,1.2133634090423584,6347.000058315839,10039.732353448868,7.446041463227887e-05
1587,1.3127837181091309,6351.000058315839,10045.866276741028,7.442676849866886e-05
1588,1.28567636013031,6355.000058315839,10051.863835811615,7.439310783029408e-05
1589,1.312044620513916,6359.000058315839,10057.328388690948,7.435943264718399e-05
1590,1.5059211254119873,6363.000058315839,10064.015312671661,7.432574296937663e-05
1591,1.445719838142395,6367.000058315839,10070.225531339645,7.429203881691866e-05
1592,1.2330223321914673,6371.000058315839,10074.862472295761,7.42583202098654e-05
1593,1.3547428846359253,6375.000058315839,10081.165734529495,7.422458716828068e-05
1594,1.5977694988250732,6379.000058315839,10086.721796751022,7.419083971223706e-05
1595,1.3742666244506836,6383.000058315839,10093.431438922882,7.415707786181555e-05
1596,1.262068271636963,6387.000058315839,10098.341594696045,7.412330163710579e-05
1597,1.1926207542419434,6391.000058315839,10105.325708150864,7.408951105820594e-05
1598,1.4468644857406616,6395.000058315839,10112.181450366974,7.405570614522273e-05
1599,1.3620411157608032,6399.000058315839,10118.739298820496,7.402188691827141e-05
1600,1.1702744960784912,6403.000058315839,10125.84844493866,7.398805339747574e-05
1601,1.2908793687820435,6407.000058315839,10131.157086849213,7.395420560296799e-05
1602,1.1745749711990356,6411.000058315839,10137.932292938232,7.392034355488892e-05
1603,1.4470233917236328,6415.000058315839,10144.36357331276,7.388646727338778e-05
1604,1.3563333749771118,6419.000058315839,10152.092625379562,7.385257677862228e-05
1605,1.3162447214126587,6423.000058315839,10157.772162914276,7.381867209075859e-05
1606,1.3456766605377197,6427.000058315839,10165.028604984283,7.378475322997134e-05
1607,1.413079857826233,6431.000058315839,10171.806834697723,7.375082021644356e-05
1608,1.1668052673339844,6435.000058315839,10177.14964723587,7.371687307036673e-05
1609,1.4129258394241333,6439.000058315839,10183.724249839783,7.368291181194073e-05
1610,1.209229588508606,6443.000058315839,10189.203408241272,7.364893646137386e-05
1611,1.1212546825408936,6447.000058315839,10194.875645399094,7.361494703888274e-05
1612,1.300234317779541,6451.000058315839,10201.486835718155,7.358094356469245e-05
1613,1.442502737045288,6455.000058315839,10209.283199071884,7.354692605903637e-05
1614,1.2632665634155273,6459.000058315839,10214.385360479355,7.351289454215625e-05
1615,1.5646181106567383,6463.000058315839,10221.17837190628,7.347884903430218e-05
1616,1.3378875255584717,6467.000058315839,10227.79689502716,7.344478955573256e-05
1617,1.5137245655059814,6471.000058315839,10235.240220308304,7.34107161267141e-05
1618,1.2773240804672241,6475.000058315839,10241.337630271912,7.337662876752184e-05
1619,1.6722917556762695,6479.000058315839,10248.62925028801,7.334252749843911e-05
1620,1.2305912971496582,6483.000058315839,10253.482640266418,7.33084123397575e-05
1621,1.324981927871704,6487.000058315839,10259.669422388077,7.327428331177685e-05
1622,1.3051297664642334,6491.000058315839,10265.639167308807,7.324014043480526e-05
1623,1.5345737934112549,6495.000058315839,10273.24280500412,7.320598372915909e-05
1624,1.2266275882720947,6499.000058315839,10280.77828669548,7.317181321516291e-05
1625,1.105654001235962,6503.000058315839,10286.320269584656,7.313762891314953e-05
1626,1.1857149600982666,6507.000058315839,10292.986176729202,7.310343084345994e-05
1627,1.3065932989120483,6511.000058315839,10299.272061824799,7.306921902644332e-05
1628,1.3928903341293335,6515.000058315839,10305.957575321198,7.303499348245705e-05
1629,1.5811728239059448,6519.000058315839,10312.28724694252,7.300075423186666e-05
1630,1.5177408456802368,6523.000058315839,10318.563016414642,7.296650129504587e-05
1631,1.285471796989441,6527.000058315839,10324.788555145264,7.29322346923765e-05
1632,1.286734700202942,6531.000058315839,10329.770140171051,7.28979544442485e-05
1633,1.2515835762023926,6535.000058315839,10335.240227222443,7.286366057106e-05
1634,1.3698152303695679,6539.000058315839,10340.804624080658,7.282935309321718e-05
1635,1.577398419380188,6543.000058315839,10347.674167871475,7.279503203113435e-05
1636,1.337554931640625,6547.000058315839,10354.199928045273,7.276069740523385e-05
1637,1.3126468658447266,6551.000058315839,10359.175171375275,7.272634923594615e-05
1638,1.1848461627960205,6555.000058315839,10365.937215328217,7.269198754370974e-05
1639,1.289391040802002,6559.000058315839,10371.276602506638,7.265761234897119e-05
1640,1.2334086894989014,6563.000058315839,10376.704075813293,7.262322367218507e-05
1641,1.372812032699585,6567.000058315839,10383.064962625504,7.258882153381402e-05
1642,1.1827595233917236,6571.000058315839,10389.319863796234,7.255440595432863e-05
1643,1.304340124130249,6575.000058315839,10396.303682804108,7.251997695420753e-05
1644,1.4153786897659302,6579.000058315839,10402.964672803879,7.248553455393731e-05
1645,1.0932035446166992,6583.000058315839,10409.686561822891,7.245107877401257e-05
1646,1.4192677736282349,6587.000058315839,10416.356318473816,7.241660963493581e-05
1647,1.3112465143203735,6591.000058315839,10422.192588567734,7.238212715721758e-05
1648,1.2827458381652832,6595.000058315839,10428.471094369888,7.234763136137623e-05
1649,1.3518270254135132,6599.000058315839,10434.536307811737,7.231312226793816e-05
1650,1.377716064453125,6603.000058315839,10440.546802043915,7.227859989743762e-05
1651,1.425666093826294,6607.000058315839,10446.70239162445,7.224406427041676e-05
1652,1.129672884941101,6611.000058315839,10451.616951465607,7.220951540742565e-05
1653,1.3086957931518555,6615.000058315839,10456.320905685425,7.217495332902221e-05
1654,1.252658486366272,6619.000058315839,10464.028940916061,7.214037805577223e-05
1655,1.5653736591339111,6623.000058315839,10471.569438457489,7.210578960824934e-05
1656,1.5227510929107666,6627.000058315839,10478.344781398773,7.207118800703504e-05
1657,1.542013168334961,6631.000058315839,10484.69924235344,7.203657327271862e-05
1658,1.2875787019729614,6635.000058315839,10491.68188238144,7.20019454258972e-05
1659,1.6432597637176514,6639.000058315839,10498.040851831436,7.196730448717572e-05
1660,1.3221776485443115,6643.000058315839,10505.025320768356,7.19326504771669e-05
1661,1.3172729015350342,6647.000058315839,10511.09090089798,7.18979834164912e-05
1662,1.4472105503082275,6651.000058315839,10518.000501394272,7.18633033257769e-05
1663,1.2608393430709839,6655.000058315839,10523.046619176865,7.182861022566003e-05
1664,1.2580350637435913,6659.000058315839,10529.159296274185,7.179390413678432e-05
1665,1.4263993501663208,6663.000058315839,10537.355142831802,7.175918507980127e-05
1666,1.4494723081588745,6667.000058315839,10543.927434206009,7.172445307537005e-05
1667,1.198636770248413,6671.000058315839,10550.258715629578,7.168970814415758e-05
1668,1.279874324798584,6675.000058315839,10558.410541772842,7.165495030683846e-05
1669,1.4683517217636108,6679.000058315839,10564.024933815002,7.162017958409495e-05
1670,1.1746978759765625,6683.000058315839,10569.067702531815,7.1585395996617e-05
1671,1.2820618152618408,6687.000058315839,10575.769073724747,7.155059956510221e-05
1672,1.187384009361267,6691.000058315839,10581.436210155487,7.15157903102558e-05
1673,1.2757281064987183,6695.000058315839,10586.105710983276,7.148096825279066e-05
1674,1.0606571435928345,6699.000058315839,10592.22353386879,7.144613341342729e-05
1675,1.208693504333496,6703.000058315839,10598.201522350311,7.141128581289375e-05
1676,1.140939712524414,6707.000058315839,10604.003756284714,7.137642547192573e-05
1677,1.4569756984710693,6711.000058315839,10610.157639980316,7.134155241126653e-05
1678,1.0313645601272583,6715.000058315839,10615.043924570084,7.130666665166697e-05
1679,1.58451509475708,6719.000058315839,10622.255205154419,7.127176821388544e-05
1680,1.4454822540283203,6723.000058315839,10628.460385799408,7.123685711868787e-05
1681,1.337207555770874,6727.000058315839,10633.96281170845,7.120193338684774e-05
1682,1.3055862188339233,6731.000058315839,10640.285004854202,7.116699703914602e-05
1683,1.6134345531463623,6735.000058315839,10646.415347099304,7.113204809637123e-05
1684,1.7408711910247803,6739.000058315839,10653.602090358734,7.109708657931933e-05
1685,1.5315561294555664,6743.000058315839,10659.004118442535,7.106211250879383e-05
1686,1.1901365518569946,6747.000058315839,10666.177946329117,7.102712590560565e-05
1687,1.217671275138855,6751.000058315839,10671.294789552689,7.09921267905732e-05
1688,1.4416093826293945,6755.000058315839,10677.473005771637,7.095711518452229e-05
1689,1.4576244354248047,6759.000058315839,10683.244397640228,7.092209110828624e-05
1690,1.1168797016143799,6763.000058315839,10689.369721651077,7.088705458270572e-05
1691,1.5368812084197998,6767.000058315839,10694.85720705986,7.085200562862883e-05
1692,1.3796688318252563,6771.000058315839,10702.399001598358,7.08169442669111e-05
1693,1.1217384338378906,6775.000058315839,10707.627695798874,7.07818705184154e-05
1694,1.1920795440673828,6779.000058315839,10713.83491396904,7.074678440401196e-05
1695,1.2944669723510742,6783.000058315839,10719.485612869263,7.071168594457841e-05
1696,1.2919514179229736,6787.000058315839,10725.082529067993,7.067657516099972e-05
1697,1.3705170154571533,6791.000058315839,10731.394147872925,7.064145207416817e-05
1698,1.1730412244796753,6795.000058315839,10736.39380979538,7.060631670498336e-05
1699,1.1582882404327393,6799.000058315839,10742.549804449081,7.057116907435226e-05
1700,1.0211116075515747,6803.000058315839,10748.332097053528,7.053600920318901e-05
1701,1.20716392993927,6807.000058315839,10754.582083463669,7.050083711241516e-05
1702,0.9879119396209717,6811.000058315839,10759.501580238342,7.046565282295947e-05
1703,1.2575865983963013,6815.000058315839,10766.16010427475,7.043045635575797e-05
1704,1.2909172773361206,6819.000058315839,10773.700483560562,7.039524773175394e-05
1705,1.3747164011001587,6823.000058315839,10780.394223928452,7.036002697189788e-05
1706,1.0170142650604248,6827.000058315839,10785.902116060257,7.032479409714752e-05
1707,1.5566622018814087,6831.000058315839,10792.692093133926,7.028954912846783e-05
1708,1.392289400100708,6835.000058315839,10798.994495630264,7.025429208683093e-05
1709,1.3394838571548462,6839.000058315839,10804.965190172195,7.02190229932161e-05
1710,1.5411261320114136,6843.000058315839,10810.58560204506,7.01837418686099e-05
1711,1.2575480937957764,6847.000058315839,10816.3843896389,7.014844873400592e-05
1712,1.2694696187973022,6851.000058315839,10823.176409006119,7.0113143610405e-05
1713,1.3118841648101807,6855.000058315839,10831.469096422195,7.007782651881506e-05
1714,1.5528571605682373,6859.000058315839,10839.305794000626,7.004249748025114e-05
1716,1.3686940670013428,6867.000058315839,10852.355377197266,6.997180364629712e-05
1717,1.3041588068008423,6871.000058315839,10859.36335682869,6.993643889297261e-05
1718,1.259092092514038,6875.000058315839,10865.51359987259,6.990106227680533e-05
1719,1.554288387298584,6879.000058315839,10872.512004852295,6.98656738188457e-05
1720,1.223492980003357,6883.000058315839,10879.632412910461,6.983027354015128e-05
1721,1.3312313556671143,6887.000058315839,10886.579692363739,6.979486146178659e-05
1722,1.4339003562927246,6891.000058315839,10892.749642372131,6.975943760482322e-05
1723,1.2660311460494995,6895.000058315839,10899.52190041542,6.972400199033976e-05
1724,1.54903244972229,6899.000058315839,10906.03847026825,6.968855463942177e-05
1725,1.3298730850219727,6903.000058315839,10911.71058344841,6.96530955731618e-05
1726,1.4634238481521606,6907.000058315839,10917.590789556503,6.961762481265942e-05
1727,1.5900707244873047,6911.000058315839,10925.006419420242,6.95821423790211e-05
1728,1.342310905456543,6915.000058315839,10930.59631729126,6.954664829336028e-05
1729,1.3256285190582275,6919.000058315839,10936.110528469086,6.951114257679734e-05
1730,1.3278355598449707,6923.000058315839,10943.130888462067,6.947562525045954e-05
1731,1.4508092403411865,6927.000058315839,10950.649126291275,6.944009633548114e-05
1732,1.4791412353515625,6931.000058315839,10956.607106685638,6.940455585300315e-05
1733,1.3533024787902832,6935.000058315839,10962.935437440872,6.936900382417364e-05
1734,1.4023805856704712,6939.000058315839,10968.972777605057,6.933344027014741e-05
1735,1.287341594696045,6943.000058315839,10975.623146295547,6.929786521208616e-05
1736,1.4261739253997803,6947.000058315839,10981.726508378983,6.926227867115847e-05
1737,1.4055730104446411,6951.000058315839,10989.102893590927,6.92266806685397e-05
1738,1.0911449193954468,6955.000058315839,10993.931194543839,6.919107122541207e-05
1739,1.4432202577590942,6959.000058315839,11000.85336446762,6.91554503629646e-05
1740,1.3896652460098267,6963.000058315839,11008.534878015518,6.911981810239308e-05
1741,1.3620244264602661,6967.000058315839,11014.785148143768,6.908417446490012e-05
1742,1.0997639894485474,6971.000058315839,11022.227103948593,6.904851947169505e-05
1743,1.2462793588638306,6975.000058315839,11029.304298639297,6.901285314399402e-05
1744,1.4016368389129639,6979.000058315839,11034.87214756012,6.897717550301987e-05
1745,1.602972388267517,6983.000058315839,11041.879019260406,6.894148657000221e-05
1746,1.5496960878372192,6987.000058315839,11048.666500329971,6.890578636617734e-05
1747,1.339538812637329,6991.000058315839,11055.252715110779,6.887007491278828e-05
1748,1.454505205154419,6995.000058315839,11061.512771129608,6.883435223108472e-05
1749,1.0226556062698364,6999.000058315839,11066.96266245842,6.879861834232312e-05
1750,1.2868847846984863,7003.000058315839,11074.754117488861,6.876287326776649e-05
1751,1.2045130729675293,7007.000058315839,11080.154462814331,6.872711702868456e-05
1752,1.1531686782836914,7011.000058315839,11087.011553525925,6.869134964635371e-05
1753,1.2064919471740723,7015.000058315839,11093.371183395386,6.865557114205689e-05
1754,1.185813069343567,7019.000058315839,11100.131520032883,6.861978153708378e-05
1755,1.5864295959472656,7023.000058315839,11108.355592727661,6.858398085273052e-05
1756,1.0346534252166748,7027.000058315839,11113.838737249374,6.854816911029996e-05
1757,1.4687964916229248,7031.000058315839,11120.00977063179,6.85123463311015e-05
1758,1.3957390785217285,7035.000058315839,11126.445482492447,6.847651253645107e-05
1759,1.550386905670166,7039.000058315839,11133.921371936798,6.844066774767118e-05
1760,1.4002954959869385,7043.000058315839,11140.94102025032,6.84048119860909e-05
1761,1.2889152765274048,7047.000058315839,11146.731763839722,6.83689452730458e-05
1762,1.359476923942566,7051.000058315839,11153.94842505455,6.8333067629878e-05
1763,1.339646339416504,7055.000058315839,11160.808032751083,6.829717907793609e-05
1764,1.3453482389450073,7059.000058315839,11166.12792301178,6.826127963857514e-05
1765,1.2263420820236206,7063.000058315839,11173.1814827919,6.822536933315677e-05
1766,1.1969733238220215,7067.000058315839,11179.226806640625,6.818944818304899e-05
1767,1.1722389459609985,7071.000058315839,11183.940276145935,6.815351620962627e-05
1768,1.4801222085952759,7075.000058315839,11190.950063705444,6.811757343426958e-05
1769,1.3534444570541382,7079.000058315839,11198.048419952393,6.808161987836625e-05
1770,1.4257858991622925,7083.000058315839,11204.20457816124,6.804565556331006e-05
1771,1.3576557636260986,7087.000058315839,11211.125576496124,6.80096805105012e-05
1772,1.1102522611618042,7091.000058315839,11218.376343011856,6.797369474134622e-05
1773,1.4936777353286743,7095.000058315839,11225.521153450012,6.793769827725807e-05
1774,1.292678713798523,7099.000058315839,11232.614127874374,6.790169113965608e-05
1775,1.1945816278457642,7103.000058315839,11238.96132183075,6.786567334996585e-05
1776,1.58480703830719,7107.000058315839,11245.4028673172,6.782964492961942e-05
1777,1.18988835811615,7111.000058315839,11252.168124437332,6.779360590005508e-05
1778,1.1719982624053955,7115.000058315839,11257.966258525848,6.77575562827175e-05
1779,1.1588186025619507,7119.000058315839,11263.220814704895,6.77214960990576e-05
1780,1.152205467224121,7123.000058315839,11267.966817378998,6.76854253705326e-05
1781,1.3058805465698242,7127.000058315839,11274.130110740662,6.764934411860595e-05
1782,1.3840038776397705,7131.000058315839,11281.205791711807,6.761325236474749e-05
1783,1.3605040311813354,7135.000058315839,11287.477095127106,6.757715013043316e-05
1784,1.1246047019958496,7139.000058315839,11293.02523779869,6.754103743714524e-05
1785,1.4100643396377563,7143.000058315839,11299.840990781784,6.750491430637219e-05
1786,1.0273629426956177,7147.000058315839,11304.616171360016,6.746878075960868e-05
1787,1.3221913576126099,7151.000058315839,11311.575870752335,6.74326368183556e-05
1788,1.2173564434051514,7155.000058315839,11317.233750104904,6.739648250411998e-05
1789,1.182555913925171,7159.000058315839,11323.867432832718,6.736031783841508e-05
1790,1.3805246353149414,7163.000058315839,11330.5113799572,6.732414284276028e-05
1791,1.4945194721221924,7167.000058315839,11336.91984629631,6.728795753868114e-05
1792,1.225311279296875,7171.000058315839,11342.880329847336,6.72517619477093e-05
1793,1.4204752445220947,7175.000058315839,11350.773457288742,6.721555609138256e-05
1794,1.2487053871154785,7179.000058315839,11357.334805965424,6.717933999124485e-05
1795,1.4017832279205322,7183.000058315839,11364.055849313736,6.714311366884615e-05
1796,1.3803915977478027,7187.000058315839,11370.232752799988,6.710687714574253e-05
1797,1.272899866104126,7191.000058315839,11376.775543928146,6.707063044349616e-05
1798,1.1973226070404053,7195.000058315839,11383.102736711502,6.703437358367522e-05
1799,1.442033290863037,7199.000058315839,11389.03096652031,6.6998106587854e-05
1800,0.9135781526565552,7203.000058315839,11394.48408818245,6.696182947761275e-05
1801,1.4809010028839111,7207.000058315839,11402.25654387474,6.692554227453779e-05
1802,1.422891616821289,7211.000058315839,11408.017676830292,6.688924500022141e-05
1803,1.4777326583862305,7215.000058315839,11415.12991476059,6.685293767626192e-05
1804,1.1717944145202637,7219.000058315839,11421.790244102478,6.681662032426359e-05
1805,1.39033842086792,7223.000058315839,11429.181943416595,6.67802929658367e-05
1806,1.3328784704208374,7227.000058315839,11435.879087209702,6.674395562259739e-05
1807,1.2178778648376465,7231.000058315839,11442.859235048294,6.670760831616788e-05
1808,1.3073363304138184,7235.000058315839,11449.906954288483,6.667125106817618e-05
1809,1.4152698516845703,7239.000058315839,11456.35791683197,6.663488390025628e-05
1810,1.5474791526794434,7243.000058315839,11461.750213384628,6.65985068340481e-05
1811,1.3847712278366089,7247.000058315839,11468.535862445831,6.656211989119738e-05
1812,1.2334297895431519,7251.000058315839,11475.62748837471,6.652572309335583e-05
1813,1.5543384552001953,7255.000058315839,11482.681740522385,6.648931646218093e-05
1814,1.3650912046432495,7259.000058315839,11489.89245390892,6.645290001933603e-05
1815,1.1689859628677368,7263.000058315839,11495.855565786362,6.64164737864904e-05
1816,1.401326060295105,7267.000058315839,11502.252340316772,6.638003778531902e-05
1817,1.3116337060928345,7271.000058315839,11508.707879781723,6.634359203750277e-05
1818,1.2989461421966553,7275.000058315839,11514.924043416977,6.63071365647283e-05
1819,1.3662943840026855,7279.000058315839,11521.8100771904,6.627067138868803e-05
1820,1.3754584789276123,7283.000058315839,11527.114738702774,6.623419653108016e-05
1821,1.2556252479553223,7287.000058315839,11532.24726676941,6.619771201360868e-05
1822,1.3904978036880493,7291.000058315839,11537.408205032349,6.616121785798329e-05
1823,1.5196846723556519,7295.000058315839,11544.495731115341,6.612471408591944e-05
1824,1.286823034286499,7299.000058315839,11551.052460432053,6.608820071913831e-05
1825,1.3358869552612305,7303.000058315839,11556.868676185608,6.605167777936679e-05
1826,1.3788580894470215,7307.000058315839,11561.584851026535,6.601514528833744e-05
1827,1.1044180393218994,7311.000058315839,11566.60921883583,6.597860326778855e-05
1828,1.2431659698486328,7315.000058315839,11572.4936273098,6.594205173946402e-05
1829,1.3189780712127686,7319.000058315839,11578.12992310524,6.590549072511349e-05
1830,1.299408197402954,7323.000058315839,11584.084450483322,6.586892024649213e-05
1831,1.2760251760482788,7327.000058315839,11589.97663640976,6.583234032536087e-05
1832,1.3769707679748535,7331.000058315839,11597.14882183075,6.579575098348613e-05
1833,1.3167508840560913,7335.000058315839,11603.149641275406,6.575915224264008e-05
1834,1.3766040802001953,7339.000058315839,11610.299710512161,6.572254412460034e-05
1835,1.1434465646743774,7343.000058315839,11615.567279338837,6.568592665115019e-05
1836,1.2136502265930176,7347.000058315839,11623.076234579086,6.564929984407846e-05
1837,1.4765684604644775,7351.000058315839,11630.569163799286,6.561266372517956e-05
1838,1.1527142524719238,7355.000058315839,11635.919452667236,6.557601831625338e-05
1839,1.3078118562698364,7359.000058315839,11642.30989909172,6.55393636391054e-05
1840,1.409010887145996,7363.000058315839,11648.402727127075,6.550269971554657e-05
1841,1.2796517610549927,7367.000058315839,11654.924548149109,6.546602656739337e-05
1842,1.2920913696289062,7371.000058315839,11660.61780333519,6.542934421646776e-05
1843,1.3306810855865479,7375.000058315839,11668.089746713638,6.539265268459716e-05
1844,1.502105951309204,7379.000058315839,11673.503292798996,6.535595199361449e-05
1845,1.36220121383667,7383.000058315839,11680.385732412338,6.53192421653581e-05
1846,1.470008134841919,7387.000058315839,11684.885828971863,6.528252322167173e-05
1847,1.287740707397461,7391.000058315839,11690.556395292282,6.524579518440463e-05
1848,1.3219664096832275,7395.000058315839,11697.076377391815,6.520905807541143e-05
1849,1.1339528560638428,7399.000058315839,11704.424439191818,6.517231191655212e-05
1850,1.238903284072876,7403.000058315839,11712.163412809372,6.513555672969212e-05
1851,1.2226287126541138,7407.000058315839,11718.405200004578,6.509879253670219e-05
1852,1.3067692518234253,7411.000058315839,11724.611294031143,6.506201935945849e-05
1853,1.2927753925323486,7415.000058315839,11731.026300907135,6.502523721984248e-05
1854,1.2894564867019653,7419.000058315839,11737.797935962677,6.498844613974099e-05
1855,1.3137727975845337,7423.000058315839,11744.66182756424,6.495164614104613e-05
1856,1.3537015914916992,7427.000058315839,11752.056211233139,6.491483724565533e-05
1857,1.4635745286941528,7431.000058315839,11758.854403734207,6.487801947547138e-05
1858,1.2491686344146729,7435.000058315839,11764.94214105606,6.484119285240223e-05
1859,1.4843562841415405,7439.000058315839,11770.834501028061,6.480435739836122e-05
1860,1.2477420568466187,7443.000058315839,11775.742078781128,6.476751313526685e-05
1861,1.0557987689971924,7447.000058315839,11782.21902012825,6.47306600850429e-05
1862,1.278594732284546,7451.000058315839,11789.369742631912,6.469379826961842e-05
1863,1.3912009000778198,7455.000058315839,11796.012690067291,6.465692771092758e-05
1864,1.1135623455047607,7459.000058315839,11799.89907693863,6.462004843090982e-05
1865,1.1074076890945435,7463.000058315839,11805.926839828491,6.458316045150979e-05
1866,1.3467296361923218,7467.000058315839,11812.702792167664,6.454626379467725e-05
1867,1.437183141708374,7471.000058315839,11819.550083875656,6.450935848236714e-05
1868,1.3044641017913818,7475.000058315839,11826.547748565674,6.447244453653959e-05
1869,1.2781193256378174,7479.000058315839,11833.799041032791,6.443552197915986e-05
1870,1.2436110973358154,7483.000058315839,11839.737283706665,6.439859083219829e-05
1871,1.2806450128555298,7487.000058315839,11846.09856081009,6.436165111763037e-05
1872,1.609309434890747,7491.000058315839,11852.857630968094,6.432470285743666e-05
1873,1.6359443664550781,7495.000058315839,11858.646691799164,6.428774607360286e-05
1874,1.201911449432373,7499.000058315839,11865.967297554016,6.425078078811965e-05
1875,1.4355897903442383,7503.000058315839,11872.795710086823,6.421380702298288e-05
1876,1.5598583221435547,7507.000058315839,11879.585536718369,6.417682480019336e-05
1877,1.2894716262817383,7511.000058315839,11885.733319759369,6.413983414175693e-05
1878,1.2849875688552856,7515.000058315839,11891.942122459412,6.410283506968453e-05
1879,1.1259831190109253,7519.000058315839,11897.912357330322,6.406582760599203e-05
1880,1.0768637657165527,7523.000058315839,11903.568923950195,6.402881177270032e-05
1881,1.2625833749771118,7527.000058315839,11908.745442152023,6.399178759183529e-05
1882,1.6606276035308838,7531.000058315839,11916.176501274109,6.395475508542774e-05
1883,1.3939788341522217,7535.000058315839,11922.45963358879,6.391771427551351e-05
1884,1.537072777748108,7539.000058315839,11929.397535324097,6.388066518413333e-05
1885,1.280307412147522,7543.000058315839,11935.409578561783,6.38436078333328e-05
1886,1.3474218845367432,7547.000058315839,11941.18081688881,6.380654224516255e-05
1887,1.081289291381836,7551.000058315839,11947.211371421814,6.376946844167803e-05
1888,1.6561721563339233,7555.000058315839,11954.582201957703,6.373238644493963e-05
1889,1.4790822267532349,7559.000058315839,11960.388312339783,6.369529627701257e-05
1890,1.29301917552948,7563.000058315839,11966.333138942719,6.365819795996693e-05
1891,1.2799828052520752,7567.000058315839,11972.529558181763,6.362109151587771e-05
1892,1.365017056465149,7571.000058315839,11978.866928815842,6.358397696682468e-05
1893,1.1716402769088745,7575.000058315839,11986.349965572357,6.354685433489244e-05
1894,1.4540480375289917,7579.000058315839,11992.231313228607,6.350972364217041e-05
1895,1.034153938293457,7583.000058315839,11998.771026849747,6.347258491075283e-05
1896,1.4364709854125977,7587.000058315839,12005.816143751144,6.343543816273865e-05
1897,1.427642583847046,7591.000058315839,12013.204277992249,6.339828342023169e-05
1898,1.381620168685913,7595.000058315839,12018.338307857513,6.336112070534045e-05
1899,1.1871055364608765,7599.000058315839,12025.974888563156,6.332395004017822e-05
1900,1.2776134014129639,7603.000058315839,12032.238392829895,6.328677144686299e-05
1901,1.3589425086975098,7607.000058315839,12038.900319337845,6.324958494751746e-05
1902,1.3338688611984253,7611.000058315839,12046.59250664711,6.321239056426907e-05
1903,1.2110815048217773,7615.000058315839,12052.543068170547,6.317518831924994e-05
1904,1.1661134958267212,7619.000058315839,12057.521826028824,6.313797823459687e-05
1905,1.1730047464370728,7623.000058315839,12064.366674900055,6.31007603324513e-05
1906,1.1771084070205688,7627.000058315839,12069.712259292603,6.306353463495933e-05
1907,1.5341434478759766,7631.000058315839,12075.54938030243,6.302630116427173e-05
1908,1.615619421005249,7635.000058315839,12083.11843085289,6.298905994254388e-05
1909,1.1360210180282593,7639.000058315839,12088.737826108932,6.295181099193573e-05
1910,1.188233494758606,7643.000058315839,12094.223436117172,6.29145543346119e-05
1911,1.3874658346176147,7647.000058315839,12100.716428279877,6.287728999274155e-05
1912,1.3203965425491333,7651.000058315839,12106.639144659042,6.28400179884984e-05
1913,1.1925815343856812,7655.000058315839,12113.279447317123,6.280273834406076e-05
1914,1.3308987617492676,7659.000058315839,12120.42691063881,6.27654510816115e-05
1915,1.511190414428711,7663.000058315839,12128.009122133255,6.272815622333799e-05
1916,1.3451007604599,7667.000058315839,12133.296617984772,6.269085379143214e-05
1917,1.4380764961242676,7671.000058315839,12140.437794446945,6.265354380809033e-05
1918,1.3609776496887207,7675.000058315839,12146.713248729706,6.26162262955135e-05
1919,1.2834179401397705,7679.000058315839,12152.868656873703,6.257890127590698e-05
1920,1.2482099533081055,7683.000058315839,12159.723108768463,6.254156877148066e-05
1921,1.4098047018051147,7687.000058315839,12166.589765071869,6.250422880444884e-05
1922,1.0199337005615234,7691.000058315839,12171.76327586174,6.246688139703024e-05
1923,1.387690782546997,7695.000058315839,12179.109224796295,6.242952657144805e-05
1924,1.1129951477050781,7699.000058315839,12184.447200536728,6.239216434992985e-05
1925,1.4430569410324097,7703.000058315839,12190.38628745079,6.23547947547076e-05
1926,1.3239672183990479,7707.000058315839,12196.467029094696,6.231741780801771e-05
1927,1.0829616785049438,7711.000058315839,12202.068121671677,6.22800335321009e-05
1928,1.1231776475906372,7715.000058315839,12209.308050394058,6.22426419492023e-05
1929,1.2156955003738403,7719.000058315839,12214.960969686508,6.220524308157136e-05
1930,1.2831588983535767,7723.000058315839,12222.25896692276,6.216783695146185e-05
1931,1.0033376216888428,7727.000058315839,12228.765371799469,6.21304235811319e-05
1932,1.3687241077423096,7731.000058315839,12235.303952932358,6.209300299284393e-05
1933,1.478945255279541,7735.000058315839,12242.031815290451,6.205557520886466e-05
1934,1.4417883157730103,7739.000058315839,12248.226644992828,6.201814025146507e-05
1935,1.4124691486358643,7743.000058315839,12253.691962957382,6.198069814292043e-05
1936,1.3521835803985596,7747.000058315839,12260.975067615509,6.194324890551028e-05
1937,1.0356582403182983,7751.000058315839,12266.815385341644,6.190579256151837e-05
1938,1.5001689195632935,7755.000058315839,12273.647197723389,6.186832913323267e-05
1939,1.4938753843307495,7759.000058315839,12280.054015636444,6.183085864294544e-05
1940,1.585323691368103,7763.000058315839,12287.454589605331,6.179338111295303e-05
1941,1.35652494430542,7767.000058315839,12293.600962162018,6.175589656555607e-05
1942,1.079864263534546,7771.000058315839,12298.06345796585,6.171840502305933e-05
1943,1.1734695434570312,7775.000058315839,12303.279049396515,6.168090650777174e-05
1944,1.281394362449646,7779.000058315839,12308.073123931885,6.16434010420064e-05
1945,1.287651538848877,7783.000058315839,12314.39304304123,6.16058886480805e-05
1946,1.383530616760254,7787.000058315839,12321.220607995987,6.15683693483154e-05
1947,1.4245150089263916,7791.000058315839,12327.698907136917,6.153084316503659e-05
1948,1.2646582126617432,7795.000058315839,12335.15318441391,6.149331012057354e-05
1949,1.3527461290359497,7799.000058315839,12341.9733273983,6.145577023725995e-05
1950,1.2831215858459473,7803.000058315839,12348.10668540001,6.14182235374335e-05
1951,1.422043800354004,7807.000058315839,12354.812064170837,6.138067004343592e-05
1952,1.201833724975586,7811.000058315839,12361.29812169075,6.134310977761305e-05
1953,1.2084918022155762,7815.000058315839,12367.046418190002,6.130554276231469e-05
1954,1.3772772550582886,7819.000058315839,12373.906506538391,6.12679690198947e-05
1955,1.270310640335083,7823.000058315839,12380.480172395706,6.123038857271091e-05
1956,1.42014479637146,7827.000058315839,12387.036963224411,6.11928014431252e-05
1957,1.4893778562545776,7831.000058315839,12393.452598333359,6.115520765350331e-05
1958,1.4513814449310303,7835.000058315839,12399.355377435684,6.11176072262151e-05
1959,1.023126482963562,7839.000058315839,12405.372032642365,6.108000018363424e-05
1960,1.5174461603164673,7843.000058315839,12412.042447090149,6.104238654813843e-05
1961,1.3719496726989746,7847.000058315839,12417.53225851059,6.100476634210922e-05
1962,1.3341290950775146,7851.000058315839,12424.42735362053,6.0967139587932136e-05
1963,1.489215612411499,7855.000058315839,12431.487782478333,6.0929506307996545e-05
1964,1.5810861587524414,7859.000058315839,12438.122734069824,6.089186652469574e-05
1965,1.4112749099731445,7863.000058315839,12444.295135974884,6.0854220260426865e-05
1966,1.3740801811218262,7867.000058315839,12450.277131557465,6.08165675375909e-05
1967,1.1726255416870117,7871.000058315839,12456.782315254211,6.077890837859271e-05
1968,1.3311874866485596,7875.000058315839,12463.943625688553,6.074124280584098e-05
1969,1.409803032875061,7879.000058315839,12470.849728822708,6.070357084174818e-05
1970,1.4433015584945679,7883.000058315839,12476.542120218277,6.0665892508730607e-05
1971,1.2300509214401245,7887.000058315839,12481.922533512115,6.062820782920835e-05
1972,1.2912139892578125,7891.000058315839,12488.08589220047,6.059051682560526e-05
1973,1.2120113372802734,7895.000058315839,12494.622536420822,6.0552819520348975e-05
1974,1.3070136308670044,7899.000058315839,12500.314364671707,6.0515115935870854e-05
1975,1.4077434539794922,7903.000058315839,12506.65374135971,6.0477406094606005e-05
1976,1.5368245840072632,7907.000058315839,12513.259178161621,6.043969001899329e-05
1977,1.32691490650177,7911.000058315839,12520.489374876022,6.04019677314752e-05
1978,1.356239676475525,7915.000058315839,12527.575870275497,6.0364239254498e-05
1979,1.2210088968276978,7919.000058315839,12534.560279130936,6.032650461051164e-05
1980,1.1652849912643433,7923.000058315839,12541.185526371002,6.028876382196966e-05
1981,1.5230072736740112,7927.000058315839,12548.408759832382,6.0251016911329335e-05
1982,1.375427007675171,7931.000058315839,12554.195242404938,6.021326390105154e-05
1983,1.2299456596374512,7935.000058315839,12561.32284116745,6.017550481360081e-05
1984,1.4406245946884155,7939.000058315839,12567.883378505707,6.013773967144529e-05
1985,1.4059842824935913,7943.000058315839,12575.286629199982,6.009996849705669e-05
1986,1.2697479724884033,7947.000058315839,12580.025511741638,6.006219131291035e-05
1987,0.9546140432357788,7951.000058315839,12585.759736061096,6.002440814148518e-05
1988,1.1693016290664673,7955.000058315839,12591.73798584938,5.998661900526363e-05
1989,1.411750078201294,7959.000058315839,12598.242689371109,5.994882392673173e-05
1990,1.188026785850525,7963.000058315839,12605.257939100266,5.991102292837902e-05
1991,1.3384349346160889,7967.000058315839,12612.261704921722,5.987321603269861e-05
1992,1.384276032447815,7971.000058315839,12618.444755077362,5.9835403262187036e-05
1993,1.4285876750946045,7975.000058315839,12625.675903558731,5.979758463934439e-05
1994,1.3305195569992065,7979.000058315839,12631.345320940018,5.975976018667426e-05
1995,1.180250883102417,7983.000058315839,12636.674953460693,5.972192992668365e-05
1996,1.2299693822860718,7987.000058315839,12642.989611387253,5.9684093881883055e-05
1997,1.3798527717590332,7991.000058315839,12649.095820188522,5.9646252074786396e-05
1998,1.1289684772491455,7995.000058315839,12654.896925926208,5.9608404527911036e-05
1999,1.2430802583694458,7999.000058315839,12660.831589698792,5.957055126377776e-05
2000,1.1165202856063843,8003.000058315839,12667.631826162338,5.9532692304910704e-05
2001,1.1606659889221191,8007.000058315839,12673.293939828873,5.949482767383746e-05
2002,1.3901588916778564,8011.000058315839,12678.365553379059,5.9456957393088976e-05
2003,1.5382269620895386,8015.000058315839,12685.931658506393,5.941908148519953e-05
2004,1.216294527053833,8019.000058315839,12692.623196840286,5.938119997270679e-05
2005,1.4151513576507568,8023.000058315839,12699.185561180115,5.9343312878151716e-05
2006,1.4327282905578613,8027.000058315839,12706.298481702805,5.930542022407863e-05
2007,1.4177199602127075,8031.000058315839,12713.451897144318,5.926752203303515e-05
2008,1.2457523345947266,8035.000058315839,12720.982880353928,5.922961832757216e-05
2009,1.47683846950531,8039.000058315839,12726.771382331848,5.919170913024385e-05
2010,1.474710464477539,8043.000058315839,12734.06806564331,5.91537944636077e-05
2011,1.5287622213363647,8047.000058315839,12740.837499141693,5.911587435022442e-05
2012,1.2483797073364258,8051.000058315839,12747.36208319664,5.907794881265794e-05
2013,1.2964600324630737,8055.000058315839,12752.552368164062,5.904001787347546e-05
2014,1.262369155883789,8059.000058315839,12758.92084145546,5.9002081555247366e-05
2015,1.3764622211456299,8063.000058315839,12765.44331741333,5.896413988054726e-05
2016,1.4126994609832764,8067.000058315839,12771.677914142609,5.8926192871951914e-05
2017,1.069714903831482,8071.000058315839,12779.539707183838,5.888824055204129e-05
2018,1.2209128141403198,8075.000058315839,12786.45287656784,5.885028294339849e-05
2019,1.1791939735412598,8079.000058315839,12793.348319530487,5.88123200686098e-05
2020,1.1783945560455322,8083.000058315839,12798.638523340225,5.87743519502646e-05
2021,1.450528860092163,8087.000058315839,12804.929290771484,5.8736378610955414e-05
2022,0.9909249544143677,8091.000058315839,12810.035675525665,5.8698400073277864e-05
2023,1.4395887851715088,8095.000058315839,12817.351065635681,5.8660416359830684e-05
2024,1.377819299697876,8099.000058315839,12823.074971437454,5.862242749321564e-05
2025,1.5315887928009033,8103.000058315839,12829.308274745941,5.858443349603762e-05
2026,1.5730972290039062,8107.000058315839,12837.011671543121,5.854643439090453e-05
2027,1.2036781311035156,8111.000058315839,12843.164502382278,5.850843020042732e-05
2028,1.619232177734375,8115.000058315839,12849.254717111588,5.847042094721999e-05
2029,1.385887622833252,8119.000058315839,12856.191185474396,5.8432406653899525e-05
2030,1.3607673645019531,8123.000058315839,12863.034489154816,5.83943873430859e-05
2031,1.3265284299850464,8127.000058315839,12870.37964963913,5.835636303740212e-05
2032,1.2047793865203857,8131.000058315839,12876.467527151108,5.8318333759474105e-05
2033,1.8549292087554932,8135.000058315839,12883.38911986351,5.82802995319308e-05
2034,1.4890130758285522,8139.000058315839,12889.905413389206,5.824226037740404e-05
2035,1.137331247329712,8143.000058315839,12896.737661838531,5.820421631852861e-05
2036,1.2132649421691895,8147.000058315839,12902.295112609863,5.8166167377942234e-05
2037,1.335904836654663,8151.000058315839,12907.924356937408,5.8128113578285506e-05
2038,1.5424041748046875,8155.000058315839,12913.708761930466,5.809005494220192e-05
2039,1.4764742851257324,8159.000058315839,12921.584290027618,5.805199149233787e-05
2040,1.2811529636383057,8163.000058315839,12927.272772789001,5.801392325134259e-05
2041,1.342881679534912,8167.000058315839,12933.91838645935,5.7975850241868176e-05
2042,1.3770809173583984,8171.000058315839,12940.061434745789,5.793777248656956e-05
2043,1.2891992330551147,8175.000058315839,12945.880494356155,5.7899690008104496e-05
2044,1.20987868309021,8179.000058315839,12951.04700922966,5.786160282913354e-05
2045,1.3761541843414307,8183.000058315839,12958.440701961517,5.782351097232008e-05
2046,1.2449195384979248,8187.000058315839,12966.157444238663,5.778541446033025e-05
2047,1.4077554941177368,8191.000058315839,12973.465564250946,5.774731331583297e-05
2048,1.1499251127243042,8195.000058315838,12979.508033037186,5.770920756149989e-05
2049,1.186182975769043,8199.000058315838,12985.026896953583,5.767109722000546e-05
2050,1.375389814376831,8203.000058315838,12991.628443717957,5.763298231402681e-05
2051,1.2734177112579346,8207.000058315838,12997.728213310242,5.759486286624379e-05
2052,1.3943896293640137,8211.000058315838,13003.261046886444,5.755673889933899e-05
2053,1.4162722826004028,8215.000058315838,13009.70422744751,5.751861043599762e-05
2054,1.5490291118621826,8219.000058315838,13016.524506807327,5.748047749890767e-05
2055,1.2742334604263306,8223.000058315838,13023.023461341858,5.7442340110759675e-05
2056,1.212112307548523,8227.000058315838,13029.031534433365,5.7404198294246896e-05
2057,1.481777548789978,8231.000058315838,13035.742950439453,5.736605207206522e-05
2058,1.2566258907318115,8235.000058315838,13042.642340183258,5.732790146691313e-05
2059,1.4901092052459717,8239.000058315838,13049.356736660004,5.728974650149173e-05
2060,1.1970354318618774,8243.000058315838,13054.525358200073,5.725158719850472e-05
2061,1.4330710172653198,8247.000058315838,13062.30191373825,5.721342358065837e-05
2062,1.206804633140564,8251.000058315838,13070.045619010925,5.717525567066155e-05
2063,1.0972552299499512,8255.000058315838,13075.769130706787,5.713708349122566e-05
2064,1.5192986726760864,8259.000058315838,13081.999734401703,5.7098907065064594e-05
2065,1.1375129222869873,8263.000058315838,13087.991275072098,5.706072641489487e-05
2066,1.207298755645752,8267.000058315838,13095.224223136902,5.7022541563435465e-05
2067,1.2031991481781006,8271.000058315838,13101.856576681137,5.698435253340783e-05
2068,1.6193808317184448,8275.000058315838,13108.896712779999,5.694615934753597e-05
2069,1.22197425365448,8279.000058315838,13114.311788082123,5.6907962028546305e-05
2070,1.0909010171890259,8283.000058315838,13119.499359607697,5.6869760599167755e-05
2071,1.1909972429275513,8287.000058315838,13125.114282369614,5.683155508213164e-05
2072,1.2869982719421387,8291.000058315838,13132.11095046997,5.679334550017175e-05
2073,1.1780925989151,8295.000058315838,13138.098201751709,5.6755131876024296e-05
2074,1.3172906637191772,8299.000058315838,13145.359856843948,5.671691423242785e-05
2075,1.622589111328125,8303.000058315838,13152.286474227905,5.667869259212344e-05
2076,1.425216555595398,8307.000058315838,13158.604597568512,5.66404669778544e-05
2077,1.1486499309539795,8311.000058315838,13164.47716331482,5.6602237412366504e-05
2078,1.4008183479309082,8315.000058315838,13170.928847074509,5.656400391840783e-05
2079,1.2850066423416138,8319.000058315838,13176.3096306324,5.652576651872882e-05
2080,1.3123574256896973,8323.000058315838,13181.492876768112,5.648752523608217e-05
2081,1.1222795248031616,8327.000058315838,13187.033235311508,5.6449280093223e-05
2082,1.3473265171051025,8331.000058315838,13193.99648308754,5.641103111290863e-05
2083,1.4581395387649536,8335.000058315838,13201.159446001053,5.637277831789872e-05
2084,1.315692663192749,8339.000058315838,13208.417386770248,5.633452173095518e-05
2085,1.1364353895187378,8343.000058315838,13215.387978315353,5.6296261374842164e-05
2086,1.3402091264724731,8347.000058315838,13221.22555065155,5.62579972723261e-05
2087,1.6026971340179443,8351.000058315838,13228.894639015198,5.62197294461756e-05
2088,1.5533559322357178,8355.000058315838,13236.022450685501,5.618145791916154e-05
2089,1.3167150020599365,8359.000058315838,13241.915587425232,5.614318271405699e-05
2090,1.1697287559509277,8363.000058315838,13247.525453567505,5.6104903853637175e-05
2091,1.169238805770874,8367.000058315838,13254.039525270462,5.6066621360679524e-05
2092,1.2414162158966064,8371.000058315838,13258.743828773499,5.6028335257963616e-05
2093,1.1711231470108032,8375.000058315838,13264.946454048157,5.599004556827117e-05
2094,1.4007790088653564,8379.000058315838,13270.73801279068,5.595175231438607e-05
2095,0.9534609317779541,8383.000058315838,13274.703352928162,5.59134555190943e-05
2096,1.3792352676391602,8387.000058315838,13280.779798746109,5.587515520518394e-05
2097,1.1324676275253296,8391.000058315838,13287.19653749466,5.583685139544518e-05
2098,1.4509342908859253,8395.000058315838,13294.229444265366,5.5798544112670295e-05
2099,1.3221222162246704,8399.000058315838,13300.176484584808,5.57602333796536e-05
2100,1.2796688079833984,8403.000058315838,13306.886112689972,5.572191921919151e-05
2101,1.0581368207931519,8407.000058315838,13313.294270515442,5.568360165408243e-05
2102,1.1237404346466064,8411.000058315838,13318.909765720367,5.564528070712682e-05
2103,1.4959990978240967,8415.000058315838,13324.100475549698,5.5606956401127134e-05
2104,1.4514389038085938,8419.000058315838,13329.539201021194,5.556862875888785e-05
2105,1.1147232055664062,8423.000058315838,13334.722864627838,5.5530297803215416e-05
2106,1.3965479135513306,8427.000058315838,13341.135541677475,5.5491963556918215e-05
2107,1.5958483219146729,8431.000058315838,13348.213024616241,5.545362604280668e-05
2108,1.351915955543518,8435.000058315838,13355.570949077606,5.541528528369309e-05
2109,1.3795814514160156,8439.000058315838,13361.558718442917,5.537694130239171e-05
2110,1.5337327718734741,8443.000058315838,13367.833178520203,5.533859412171873e-05
2111,1.3185715675354004,8447.000058315838,13374.492674589157,5.5300243764492196e-05
2112,1.8332359790802002,8451.000058315838,13382.45645737648,5.526189025353209e-05
2113,1.3042113780975342,8455.000058315838,13390.138158082962,5.5223533611660266e-05
2114,1.3200607299804688,8459.000058315838,13396.472930669785,5.518517386170038e-05
2115,1.3167724609375,8463.000058315838,13402.389884710312,5.5146811026478035e-05
2116,1.3498423099517822,8467.000058315838,13407.324920654297,5.5108445128820585e-05
2117,1.1545162200927734,8471.000058315838,13412.96053647995,5.507007619155726e-05
2118,1.1403875350952148,8475.000058315838,13419.626098394394,5.5031704237519085e-05
2119,1.3993319272994995,8479.000058315838,13427.595408439636,5.499332928953885e-05
2120,1.3066939115524292,8483.000058315838,13433.859525442123,5.495495137045118e-05
2121,1.2552940845489502,8487.000058315838,13439.520030736923,5.491657050309242e-05
2122,1.2313151359558105,8491.000058315838,13445.337815284729,5.487818671030071e-05
2123,1.6080669164657593,8495.000058315838,13453.279279708862,5.483980001491589e-05
2124,1.4064085483551025,8499.000058315838,13459.69264793396,5.480141043977955e-05
2125,1.156848430633545,8503.000058315838,13464.610023021698,5.476301800773499e-05
2126,1.588150978088379,8507.000058315838,13471.96842455864,5.472462274162723e-05
2127,1.3595328330993652,8511.000058315838,13478.964606285095,5.4686224664302927e-05
2128,1.2128674983978271,8515.000058315838,13485.582412958145,5.4647823798610464e-05
2129,1.4694530963897705,8519.000058315838,13491.719204902649,5.4609420167399854e-05
2130,1.0959289073944092,8523.000058315838,13498.883783578873,5.4571013793522744e-05
2131,1.2684473991394043,8527.000058315838,13504.549374818802,5.453260469983245e-05
2132,1.1574171781539917,8531.000058315838,13511.232117891312,5.449419290918387e-05
2133,1.4866552352905273,8535.000058315838,13516.563070058823,5.4455778444433554e-05
2134,1.6990538835525513,8539.000058315838,13523.537021875381,5.441736132843959e-05
2135,1.3747577667236328,8543.000058315838,13530.221914291382,5.4378941584061656e-05
2136,0.9646098613739014,8547.000058315838,13537.741959571838,5.434051923416104e-05
2137,1.581770420074463,8551.000058315838,13545.28878736496,5.4302094301600514e-05
2138,1.5076063871383667,8555.000058315838,13551.462189674377,5.426366680924441e-05
2139,1.426257848739624,8559.000058315838,13558.301545858383,5.422523677995863e-05
2140,1.1850193738937378,8563.000058315838,13564.902308225632,5.418680423661051e-05
2141,1.4439880847930908,8567.000058315838,13572.244262933731,5.4148369202068946e-05
2142,1.267025113105774,8571.000058315838,13576.9992146492,5.410993169920425e-05
2143,1.4304118156433105,8575.000058315838,13582.634579658508,5.407149175088827e-05
2145,1.3247658014297485,8583.000058315838,13595.131735563278,5.3994604609397004e-05
2146,1.5495907068252563,8587.000058315838,13602.668179273605,5.395615746197257e-05
2147,1.4340784549713135,8591.000058315838,13609.001209497452,5.391770796059854e-05
2148,0.9833325147628784,8595.000058315838,13615.381877422333,5.387925612815386e-05
2149,1.2911500930786133,8599.000058315838,13622.110047578812,5.38408019875189e-05
2150,1.257333755493164,8603.000058315838,13629.640404939651,5.3802345561575364e-05
2151,0.876024603843689,8607.000058315838,13634.27591919899,5.3763886873206344e-05
2152,1.2147247791290283,8611.000058315838,13640.389765024185,5.372542594529623e-05
2153,1.3133370876312256,8615.000058315838,13647.508330345154,5.368696280073084e-05
2154,1.2212882041931152,8619.000058315838,13654.2140583992,5.36484974623972e-05
2155,1.2848769426345825,8623.000058315838,13659.6633644104,5.361002995318372e-05
2156,1.4254262447357178,8627.000058315838,13667.258142471313,5.3571560295980055e-05
2157,1.4690040349960327,8631.000058315838,13674.298033475876,5.3533088513677186e-05
2158,1.126375675201416,8635.000058315838,13679.931394338608,5.3494614629167304e-05
2159,1.2755436897277832,8639.000058315838,13687.19416475296,5.345613866534387e-05
2160,1.3843491077423096,8643.000058315838,13693.313786745071,5.341766064510163e-05
2161,1.1100122928619385,8647.000058315838,13698.695078372955,5.337918059133646e-05
2162,1.3001959323883057,8651.000058315838,13704.496966838837,5.3340698526945536e-05
2163,1.2336766719818115,8655.000058315838,13709.56429696083,5.330221447482717e-05
2164,1.285597562789917,8659.000058315838,13715.952215194702,5.32637284578809e-05
2165,1.350313425064087,8663.000058315838,13722.920505046844,5.322524049900742e-05
2166,1.483712911605835,8667.000058315838,13730.432858467102,5.318675062110855e-05
2167,1.4882954359054565,8671.000058315838,13736.609533071518,5.314825884708727e-05
2168,1.409505009651184,8675.000058315838,13742.987018585205,5.3109765199847715e-05
2169,1.0820703506469727,8679.000058315838,13748.399264335632,5.3071269702295105e-05
2170,1.273935317993164,8683.000058315838,13755.395884037018,5.303277237733576e-05
2171,1.1563714742660522,8687.000058315838,13762.147675037384,5.299427324787712e-05
2172,1.234853982925415,8691.000058315838,13768.842477083206,5.295577233682763e-05
2173,1.3501732349395752,8695.000058315838,13774.637801885605,5.291726966709688e-05
2174,1.4053833484649658,8699.000058315838,13779.57416009903,5.287876526159545e-05
2175,1.1819167137145996,8703.000058315838,13786.201337814331,5.284025914323497e-05
2176,1.3247721195220947,8707.000058315838,13792.930792808533,5.280175133492809e-05
2177,1.2471203804016113,8711.000058315838,13799.326186418533,5.276324185958846e-05
2178,1.4208900928497314,8715.000058315838,13805.485893964767,5.272473074013074e-05
2179,1.5689938068389893,8719.000058315838,13811.273001432419,5.268621799947054e-05
2180,1.282563328742981,8723.000058315838,13818.665120840073,5.264770366052444e-05
2181,1.7106578350067139,8727.000058315838,13825.685999631882,5.2609187746210015e-05
2182,1.4411615133285522,8731.000058315838,13832.312631607056,5.2570670279445696e-05
2183,1.2544809579849243,8735.000058315838,13838.696558713913,5.2532151283150915e-05
2184,1.0621687173843384,8739.000058315838,13844.69737815857,5.249363078024597e-05
2185,1.304296612739563,8743.000058315838,13851.267499923706,5.245510879365209e-05
2186,1.369805932044983,8747.000058315838,13859.089848041534,5.241658534629133e-05
2187,1.0731786489486694,8751.000058315838,13865.019163608551,5.2378060461086684e-05
2188,1.2265269756317139,8755.000058315838,13870.961099386215,5.2339534160961944e-05
2189,1.4172519445419312,8759.000058315838,13878.917283058167,5.230100646884178e-05
2190,1.2640883922576904,8763.000058315838,13884.653600692749,5.226247740765167e-05
2191,1.2935601472854614,8767.000058315838,13892.276416301727,5.222394700031792e-05
2192,1.2428113222122192,8771.000058315838,13897.41391134262,5.2185415269767625e-05
2193,1.3904868364334106,8775.000058315838,13903.91546869278,5.2146882238928666e-05
2194,1.2906975746154785,8779.000058315838,13911.054368019104,5.2108347930729735e-05
2195,1.3377406597137451,8783.000058315838,13917.225426912308,5.206981236810022e-05
2196,1.2055569887161255,8787.000058315838,13923.981698513031,5.2031275573970304e-05
2197,1.148749589920044,8791.000058315838,13929.983443498611,5.19927375712709e-05
2198,1.1971052885055542,8795.000058315838,13937.77908539772,5.1954198382933606e-05
2199,1.4359251260757446,8799.000058315838,13943.514723539352,5.191565803189078e-05
2200,1.184192419052124,8803.000058315838,13950.797530889511,5.1877116541075406e-05
2201,1.6275018453598022,8807.000058315838,13958.210312843323,5.18385739334212e-05
2202,1.361050009727478,8811.000058315838,13964.505187511444,5.180003023186252e-05
2203,1.473304033279419,8815.000058315838,13971.09068274498,5.176148545933436e-05
2204,1.4864603281021118,8819.000058315838,13977.861246824265,5.172293963877239e-05
2205,1.5368272066116333,8823.000058315838,13985.420557022095,5.1684392793112884e-05
2206,1.5512855052947998,8827.000058315838,13991.761862277985,5.1645844945292706e-05
2207,1.2280166149139404,8831.000058315838,13998.50059723854,5.160729611824935e-05
2208,1.4034974575042725,8835.000058315838,14006.010746479034,5.156874633492088e-05
2209,1.549116849899292,8839.000058315838,14013.442290782928,5.153019561824591e-05
2210,1.2300924062728882,8843.000058315838,14018.484516143799,5.149164399116365e-05
2211,1.3772577047348022,8847.000058315838,14024.075165748596,5.14530914766138e-05
2212,1.449263572692871,8851.000058315838,14031.637290716171,5.1414538097536634e-05
2213,1.6870017051696777,8855.000058315838,14039.18165063858,5.1375983876872926e-05
2214,1.1365536451339722,8859.000058315838,14044.024963140488,5.133742883756392e-05
2215,1.119896411895752,8863.000058315838,14049.244952201843,5.12988730025514e-05
2216,1.4828650951385498,8867.000058315838,14056.296562194824,5.12603163947776e-05
2217,1.4432101249694824,8871.000058315838,14063.350509166718,5.12217590371852e-05
2218,1.3935531377792358,8875.000058315838,14069.677330493927,5.118320095271733e-05
2219,1.5656722784042358,8879.000058315838,14076.779376268387,5.114464216431757e-05
2220,1.3138655424118042,8883.000058315838,14082.311918735504,5.110608269492992e-05
2221,1.4717484712600708,8887.000058315838,14087.788968086243,5.106752256749876e-05
2222,1.1707435846328735,8891.000058315838,14092.961096525192,5.102896180496887e-05
2223,1.354526400566101,8895.000058315838,14098.5229678154,5.0990400430285424e-05
2224,1.4021347761154175,8899.000058315838,14105.50115275383,5.095183846639395e-05
2225,1.246497392654419,8903.000058315838,14111.793866157532,5.0913275936240334e-05
2226,1.1608798503875732,8907.000058315838,14116.714740753174,5.087471286277078e-05
2227,1.3107516765594482,8911.000058315838,14121.955719470978,5.0836149268931816e-05
2228,1.3468685150146484,8915.000058315838,14127.99571609497,5.0797585177670306e-05
2229,1.211137056350708,8919.000058315838,14132.757834672928,5.075902061193339e-05
2230,1.4311118125915527,8923.000058315838,14139.616643667221,5.072045559466849e-05
2231,1.4645229578018188,8927.000058315838,14146.530339717865,5.068189014882333e-05
2232,1.4737348556518555,8931.000058315838,14152.676225662231,5.0643324297345816e-05
2233,1.4793087244033813,8935.000058315838,14159.681581258774,5.0604758063184184e-05
2234,1.3147685527801514,8939.000058315838,14165.950961112976,5.056619146928682e-05
2235,1.4210091829299927,8943.000058315838,14172.074389457703,5.052762453860237e-05
2236,1.1307941675186157,8947.000058315838,14177.42128443718,5.048905729407967e-05
2237,1.066636085510254,8951.000058315838,14183.091544628143,5.045048975866774e-05
2238,1.6446641683578491,8955.000058315838,14190.312518835068,5.041192195531575e-05
2239,1.4003239870071411,8959.000058315838,14197.036910057068,5.0373353906973084e-05
2240,1.3655972480773926,8963.000058315838,14202.99603152275,5.0334785636589235e-05
2241,1.249950647354126,8967.000058315838,14210.772081375122,5.029621716711383e-05
2242,1.2948254346847534,8971.000058315838,14216.39228963852,5.0257648521496626e-05
2243,1.3334530591964722,8975.000058315838,14223.166646242142,5.021907972268746e-05
2244,1.2363752126693726,8979.000058315838,14228.466799020767,5.01805107936363e-05
2245,1.0252352952957153,8983.000058315838,14233.882222175598,5.014194175729315e-05
2246,1.4662221670150757,8987.000058315838,14240.820346593857,5.0103372636608105e-05
2247,1.4685124158859253,8991.000058315838,14247.116026639938,5.006480345453131e-05
2248,1.2512062788009644,8995.000058315838,14253.296689271927,5.002623423401291e-05
2249,1.5176163911819458,8999.000058315838,14259.677282810211,4.9987664998003144e-05
2250,1.2699707746505737,9003.000058315838,14267.160037517548,4.994909576945217e-05
2251,1.3872244358062744,9007.000058315838,14273.401195049286,4.991052657131024e-05
2252,1.1271578073501587,9011.000058315838,14279.507729768753,4.9871957426527495e-05
2253,1.4278699159622192,9015.000058315838,14284.254708528519,4.98333883580541e-05
2254,1.3706248998641968,9019.000058315838,14291.829364538193,4.979481938884018e-05
2255,1.1212682723999023,9023.000058315838,14297.260739088058,4.9756250541835755e-05
2256,1.3025327920913696,9027.000058315838,14303.633187532425,4.9717681839990805e-05
2257,1.443342924118042,9031.000058315838,14311.421427249908,4.9679113306255224e-05
2258,1.3167004585266113,9035.000058315838,14317.015072345734,4.964054496357882e-05
2259,1.2345209121704102,9039.000058315838,14324.248536348343,4.9601976834911226e-05
2260,1.3852672576904297,9043.000058315838,14330.76234126091,4.956340894320201e-05
2261,1.0369725227355957,9047.000058315838,14336.134823322296,4.952484131140059e-05
2262,1.1971960067749023,9051.000058315838,14342.403656721115,4.948627396245618e-05
2263,1.2875661849975586,9055.000058315838,14348.909504175186,4.94477069193179e-05
2264,1.4528706073760986,9059.000058315838,14355.539373159409,4.9409140204934645e-05
2265,1.1950736045837402,9063.000058315838,14362.681013822556,4.93705738422551e-05
2266,1.3694733381271362,9067.000058315838,14370.81809425354,4.9332007854227774e-05
2267,1.2998418807983398,9071.000058315838,14377.652064800262,4.9293442263800964e-05
2268,1.3343170881271362,9075.000058315838,14385.292349815369,4.925487709392265e-05
2269,1.2550134658813477,9079.000058315838,14391.711678028107,4.921631236754066e-05
2270,1.7198446989059448,9083.000058315838,14398.968607664108,4.9177748107602505e-05
2271,1.0829963684082031,9087.000058315838,14405.465773582458,4.913918433705545e-05
2272,1.4549099206924438,9091.000058315838,14411.743464946747,4.910062107884641e-05
2273,1.3296681642532349,9095.000058315838,14418.507907390594,4.9062058355922056e-05
2274,1.3673697710037231,9099.000058315838,14425.000422239304,4.9023496191228725e-05
2275,1.1756401062011719,9103.000058315838,14432.080095767975,4.898493460771239e-05
2276,1.2853999137878418,9107.000058315838,14439.350165843964,4.894637362831872e-05
2277,1.1530051231384277,9111.000058315838,14444.962059259415,4.8907813275993036e-05
2278,1.408718228340149,9115.000058315838,14452.744581460953,4.88692535736802e-05
2279,1.001044750213623,9119.000058315838,14456.512484788895,4.883069454432477e-05
2280,1.2163869142532349,9123.000058315838,14461.977491378784,4.879213621087091e-05
2281,1.1978065967559814,9127.000058315838,14468.022563934326,4.8753578596262284e-05
2282,1.4563989639282227,9131.000058315838,14473.513852119446,4.871502172344221e-05
2283,1.1498571634292603,9135.000058315838,14478.345401525497,4.8676465615353544e-05
2284,1.4350346326828003,9139.000058315838,14484.46476984024,4.863791029493866e-05
2285,1.2180836200714111,9143.000058315838,14490.516239404678,4.8599355785139495e-05
2286,1.4172217845916748,9147.000058315838,14498.22941327095,4.856080210889749e-05
2287,1.5224837064743042,9151.000058315838,14505.105121135712,4.8522249289153624e-05
2288,1.2630655765533447,9155.000058315838,14511.855355024338,4.848369734884827e-05
2289,1.4164271354675293,9159.000058315838,14517.858751773834,4.844514631092138e-05
2290,1.338357925415039,9163.000058315838,14524.030452489853,4.8406596198312355e-05
2291,1.4493868350982666,9167.000058315838,14529.044139385223,4.8368047033959974e-05
2292,1.2307754755020142,9171.000058315838,14535.42713546753,4.832949884080251e-05
2293,1.4668710231781006,9175.000058315838,14541.560115337372,4.829095164177767e-05
2294,1.0276801586151123,9179.000058315838,14548.589989185333,4.825240545982253e-05
2295,1.1929669380187988,9183.000058315838,14554.606612443924,4.821386031787357e-05
2296,1.3852670192718506,9187.000058315838,14559.638669967651,4.8175316238866696e-05
2297,1.3774043321609497,9191.000058315838,14566.012902736664,4.8136773245737095e-05
2298,1.2252156734466553,9195.000058315838,14572.81138753891,4.809823136141938e-05
2299,1.3127470016479492,9199.000058315838,14577.91597032547,4.805969060884749e-05
2300,1.3908836841583252,9203.000058315838,14584.352491378784,4.802115101095469e-05
2301,1.1273093223571777,9207.000058315838,14590.312139511108,4.79826125906735e-05
2302,1.193174958229065,9211.000058315838,14597.559629678726,4.794407537093584e-05
2303,1.3571534156799316,9215.000058315838,14603.807640075684,4.790553937467286e-05
2304,1.2640851736068726,9219.000058315838,14609.95067691803,4.7867004624814957e-05
2305,1.2170473337173462,9223.000058315838,14614.093918085098,4.782847114429183e-05
2306,1.2381086349487305,9227.000058315838,14621.188751935959,4.7789938956032425e-05
2307,1.3082547187805176,9231.000058315838,14628.073081970215,4.775140808296488e-05
2308,1.3173772096633911,9235.000058315838,14634.920855522156,4.771287854801658e-05
2309,1.3676804304122925,9239.000058315838,14642.35739517212,4.767435037411413e-05
2310,1.4809110164642334,9243.000058315838,14648.999619722366,4.763582358418327e-05
2311,1.2275333404541016,9247.000058315838,14655.536448001862,4.759729820114895e-05
2312,1.3209067583084106,9251.000058315838,14662.962932109833,4.755877424793532e-05
2313,1.314565658569336,9255.000058315838,14668.828371047974,4.752025174746559e-05
2314,1.138339877128601,9259.000058315838,14675.626200437546,4.748173072266218e-05
2315,1.5644742250442505,9263.000058315838,14682.589387178421,4.744321119644661e-05
2316,1.154043436050415,9267.000058315838,14689.001002788544,4.740469319173951e-05
2317,1.1568751335144043,9271.000058315838,14696.380361318588,4.736617673146059e-05
2318,1.4078458547592163,9275.000058315838,14703.773620843887,4.7327661838528646e-05
2319,1.3792340755462646,9279.000058315838,14711.142426013947,4.728914853586159e-05
2320,1.368177890777588,9283.000058315838,14716.24757361412,4.725063684637628e-05
2321,1.3695052862167358,9287.000058315838,14722.594284534454,4.7212126792988734e-05
2322,1.2639514207839966,9291.000058315838,14729.239715099335,4.717361839861392e-05
2323,1.1391477584838867,9295.000058315838,14734.451960802078,4.713511168616584e-05
2324,1.1305794715881348,9299.000058315838,14739.718626976013,4.709660667855748e-05
2325,1.3727531433105469,9303.000058315838,14745.904309272766,4.7058103398700866e-05
2326,1.1847856044769287,9307.000058315838,14752.645988941193,4.701960186950692e-05
2327,1.337209939956665,9311.000058315838,14758.654775381088,4.698110211388559e-05
2328,0.961767315864563,9315.000058315838,14763.834923028946,4.69426041547457e-05
2329,1.4080955982208252,9319.000058315838,14772.12352848053,4.690410801499509e-05
2330,1.6501127481460571,9323.000058315838,14778.71012210846,4.686561371754044e-05
2331,1.4773478507995605,9327.000058315838,14785.56523680687,4.682712128528736e-05
2332,1.046222448348999,9331.000058315838,14790.344128370285,4.678863074114039e-05
2333,1.6676504611968994,9335.000058315838,14797.141134262085,4.675014210800287e-05
2334,1.1153188943862915,9339.000058315838,14803.56427192688,4.671165540877705e-05
2335,1.482159972190857,9343.000058315838,14811.323609828949,4.667317066636406e-05
2336,1.442505955696106,9347.000058315838,14817.546034812927,4.663468790366379e-05
2337,1.2296870946884155,9351.000058315838,14824.486136198044,4.659620714357499e-05
2338,1.1216685771942139,9355.000058315838,14831.366010189056,4.655772840899525e-05
2339,1.2776308059692383,9359.000058315838,14836.358778238297,4.651925172282089e-05
2340,1.2790709733963013,9363.000058315838,14842.42607474327,4.6480777107947066e-05
2341,1.346185564994812,9367.000058315838,14848.506298780441,4.644230458726767e-05
2342,1.167759656906128,9371.000058315838,14854.435267925262,4.640383418367539e-05
2343,1.3126157522201538,9375.000058315838,14862.189926862717,4.636536592006158e-05
2344,1.261074185371399,9379.000058315838,14868.136546850204,4.632689981931637e-05
2345,1.6294715404510498,9383.000058315838,14874.921354055405,4.628843590432863e-05
2346,1.2144488096237183,9387.000058315838,14881.340948343277,4.624997419798585e-05
2347,1.1558337211608887,9391.000058315838,14888.922203540802,4.6211514723174275e-05
2348,1.1511675119400024,9395.000058315838,14895.137767076492,4.61730575027788e-05
2349,1.285983681678772,9399.000058315838,14902.342834949493,4.6134602559682965e-05
2350,1.5961060523986816,9403.000058315838,14910.259368658066,4.6096149916768975e-05
2351,1.1338449716567993,9407.000058315838,14915.643296480179,4.605769959691768e-05
2352,1.2383220195770264,9411.000058315838,14922.504942893982,4.601925162300848e-05
2353,1.159075379371643,9415.000058315838,14928.880386352539,4.598080601791946e-05
2354,1.3118829727172852,9419.000058315838,14935.693962097168,4.5942362804527254e-05
2355,1.3571791648864746,9423.000058315838,14941.85366153717,4.5903922005707064e-05
2356,1.0193184614181519,9427.000058315838,14947.369270563126,4.586548364433268e-05
2357,1.5280935764312744,9431.000058315838,14953.551578998566,4.582704774327643e-05
2358,1.2054462432861328,9435.000058315838,14959.535514593124,4.578861432540921e-05
2359,1.2320773601531982,9439.000058315838,14964.811708211899,4.575018341360036e-05
2360,1.220547080039978,9443.000058315838,14971.119505643845,4.5711755030717794e-05
2361,1.391336441040039,9447.000058315838,14978.410850286484,4.5673329199627933e-05
2362,1.1225659847259521,9451.000058315838,14983.889471054077,4.5634905943195615e-05
2363,1.4219712018966675,9455.000058315838,14991.413069486618,4.559648528428419e-05
2364,1.1719386577606201,9459.000058315838,14997.708037137985,4.555806724575548e-05
2365,1.2550185918807983,9463.000058315838,15003.979146718979,4.551965185046968e-05
2366,1.4346812963485718,9467.000058315838,15010.382179021835,4.548123912128548e-05
2367,1.3948509693145752,9471.000058315838,15016.890577077866,4.544282908105998e-05
2368,1.2571696043014526,9475.000058315838,15024.245141506195,4.5404421752648614e-05
2369,1.3635159730911255,9479.000058315838,15031.106074333191,4.536601715890526e-05
2370,1.2534624338150024,9483.000058315838,15037.95781993866,4.532761532268216e-05
2371,1.2267727851867676,9487.000058315838,15043.29099392891,4.5289216266829924e-05
2372,1.750769853591919,9491.000058315838,15050.142262935638,4.525082001419746e-05
2373,1.2890831232070923,9495.000058315838,15055.278794288635,4.5212426587632074e-05
2374,1.3981142044067383,9499.000058315838,15061.380501747131,4.5174036009979366e-05
2375,1.5748211145401,9503.000058315838,15067.563920021057,4.513564830408319e-05
2376,1.1618813276290894,9507.000058315838,15074.132376909256,4.5097263492785756e-05
2377,1.4936935901641846,9511.000058315838,15081.485540151596,4.5058881598927556e-05
2378,1.5254247188568115,9515.000058315838,15087.677537441254,4.502050264534727e-05
2379,1.4600367546081543,9519.000058315838,15093.354883909225,4.4982126654881906e-05
2380,1.2340419292449951,9523.000058315838,15098.746864080429,4.494375365036669e-05
2381,1.386616587638855,9527.000058315838,15104.630952596664,4.490538365463504e-05
2382,1.1871827840805054,9531.000058315838,15110.05369925499,4.486701669051863e-05
2383,1.4883854389190674,9535.000058315838,15116.548641204834,4.482865278084729e-05
2384,1.2868396043777466,9539.000058315838,15123.64664053917,4.4790291948449035e-05
2385,1.4382835626602173,9543.000058315838,15129.267414569855,4.475193421615009e-05
2386,1.4269479513168335,9547.000058315838,15134.71266078949,4.471357960677479e-05
2387,1.5078624486923218,9551.000058315838,15141.36388540268,4.467522814314565e-05
2388,1.3593320846557617,9555.000058315838,15148.195536613464,4.463687984808327e-05
2389,1.5486278533935547,9559.000058315838,15156.198451519012,4.459853474440639e-05
2390,1.316772699356079,9563.000058315838,15163.077198982239,4.4560192854931874e-05
2391,1.5428626537322998,9567.000058315838,15170.496064901352,4.452185420247461e-05
2392,1.2944210767745972,9571.000058315838,15176.022421836853,4.4483518809847616e-05
2393,1.3494832515716553,9575.000058315838,15182.889181613922,4.4445186699861956e-05
2394,1.2500016689300537,9579.000058315838,15190.499143600464,4.4406857895326726e-05
2395,1.2946598529815674,9583.000058315838,15196.146898269653,4.436853241904907e-05
2396,1.2281622886657715,9587.000058315838,15201.829567193985,4.433021029383416e-05
2397,1.2615116834640503,9591.000058315838,15208.109676599503,4.4291891542485135e-05
2398,1.2813520431518555,9595.000058315838,15214.57491183281,4.425357618780316e-05
2399,1.1990914344787598,9599.000058315838,15220.398597478867,4.421526425258739e-05
2400,1.467824101448059,9603.000058315838,15227.595550775528,4.417695575963493e-05
2401,1.420868158340454,9607.000058315838,15234.570903301239,4.4138650731740794e-05
2402,1.275111198425293,9611.000058315838,15239.863183498383,4.4100349191698e-05
2403,1.427217960357666,9615.000058315838,15246.464297056198,4.4062051162297475e-05
2404,1.3400065898895264,9619.000058315838,15253.943053722382,4.402375666632802e-05
2405,1.166283369064331,9623.000058315838,15260.189804792404,4.398546572657636e-05
2406,1.3732883930206299,9627.000058315838,15266.50091958046,4.394717836582715e-05
2407,1.0328803062438965,9631.000058315838,15271.270921945572,4.390889460686281e-05
2408,1.0796880722045898,9635.000058315838,15278.099001407623,4.387061447246371e-05
2409,1.2858818769454956,9639.000058315838,15285.294935703278,4.383233798540803e-05
2410,1.4783849716186523,9643.000058315838,15292.034648656845,4.379406516847175e-05
2411,1.4244352579116821,9647.000058315838,15299.13776922226,4.375579604442871e-05
2412,1.3539388179779053,9651.000058315838,15305.390446901321,4.3717530636050537e-05
2413,1.2166930437088013,9655.000058315838,15312.213892698288,4.367926896610666e-05
2414,1.641908049583435,9659.000058315838,15318.76867055893,4.364101105736428e-05
2415,1.0916483402252197,9663.000058315838,15324.61343073845,4.36027569325883e-05
2416,1.1718581914901733,9667.000058315838,15329.93356180191,4.356450661454148e-05
2417,1.2814009189605713,9671.000058315838,15335.548173427582,4.352626012598421e-05
2418,1.4720147848129272,9675.000058315838,15341.358781576157,4.3488017489674674e-05
2419,1.2235605716705322,9679.000058315838,15347.936959266663,4.344977872836876e-05
2420,1.3458380699157715,9683.000058315838,15354.726119041443,4.341154386481997e-05
2421,1.2478628158569336,9687.000058315838,15362.155047416687,4.3373312921779586e-05
2422,1.3545676469802856,9691.000058315838,15369.046483039856,4.3335085921996525e-05
2423,1.238398551940918,9695.000058315838,15375.21934723854,4.329686288821731e-05
2424,1.4611947536468506,9699.000058315838,15382.043230772018,4.325864384318616e-05
2425,1.2105752229690552,9703.000058315838,15388.373574256897,4.322042880964492e-05
2426,1.2947520017623901,9707.000058315838,15393.907294034958,4.3182217810333e-05
2427,1.2922732830047607,9711.000058315838,15400.000705003738,4.314401086798748e-05
2428,1.4258849620819092,9715.000058315838,15406.25391292572,4.310580800534295e-05
2429,1.2538142204284668,9719.000058315838,15411.912935256958,4.306760924513165e-05
2430,1.2638779878616333,9723.000058315838,15418.462009429932,4.30294146100833e-05
2431,1.319825291633606,9727.000058315838,15424.817793607712,4.2991224122925204e-05
2432,1.2072283029556274,9731.000058315838,15432.523644447327,4.295303780638224e-05
2433,1.3263678550720215,9735.000058315838,15437.012930870056,4.291485568317671e-05
2434,1.2477415800094604,9739.000058315838,15443.938277482986,4.2876677776028485e-05
2435,1.5032061338424683,9743.000058315838,15450.978229761124,4.2838504107654944e-05
2436,1.3009397983551025,9747.000058315838,15457.254828929901,4.280033470077088e-05
2437,1.299913763999939,9751.000058315838,15463.476740837097,4.27621695780886e-05
2438,1.2897379398345947,9755.000058315838,15469.749744415283,4.272400876231787e-05
2439,1.4880785942077637,9759.000058315838,15476.710720300674,4.268585227616583e-05
2440,1.3546476364135742,9763.000058315838,15484.418237447739,4.2647700142337085e-05
2441,1.0537002086639404,9767.000058315838,15490.051520109177,4.260955238353367e-05
2442,1.347661018371582,9771.000058315838,15495.798574447632,4.2571409022455e-05
2443,1.265601634979248,9775.000058315838,15503.767501354218,4.253327008179785e-05
2444,1.3911184072494507,9779.000058315838,15511.67842721939,4.249513558425638e-05
2445,1.2765991687774658,9783.000058315838,15516.673518180847,4.245700555252214e-05
2446,1.2027188539505005,9787.000058315838,15522.17552280426,4.241888000928395e-05
2447,1.187056064605713,9791.000058315838,15527.997696638107,4.238075897722802e-05
2448,1.0933551788330078,9795.000058315838,15533.429297924042,4.234264247903787e-05
2449,0.9726479053497314,9799.000058315838,15540.301801681519,4.2304530537394283e-05
2450,1.3839685916900635,9803.000058315838,15546.287367343903,4.226642317497538e-05
2451,1.2825860977172852,9807.000058315838,15552.797867298126,4.222832041445654e-05
2452,1.214316487312317,9811.000058315838,15559.828140497208,4.219022227851036e-05
2453,1.3403288125991821,9815.000058315838,15564.66140294075,4.2152128789806747e-05
2454,1.43425714969635,9819.000058315838,15570.915719747543,4.211403997101284e-05
2455,1.3430216312408447,9823.000058315838,15578.337665319443,4.207595584479292e-05
2456,1.2999250888824463,9827.000058315838,15584.550400733948,4.203787643380858e-05
2457,1.5721343755722046,9831.000058315838,15591.822127103806,4.199980176071855e-05
2458,1.1680718660354614,9835.000058315838,15597.422726869583,4.196173184817875e-05
2459,1.2888201475143433,9839.000058315838,15603.140575408936,4.192366671884227e-05
2460,1.2701749801635742,9843.000058315838,15609.243973016739,4.1885606395359344e-05
2461,1.4322839975357056,9847.000058315838,15616.13088464737,4.184755090037738e-05
2462,1.3011432886123657,9851.000058315838,15622.471968889236,4.1809500256540855e-05
2463,1.5987000465393066,9855.000058315838,15629.191295146942,4.177145448649141e-05
2464,1.509423017501831,9859.000058315838,15636.874440431595,4.173341361286777e-05
2465,1.3481101989746094,9863.000058315838,15642.572837591171,4.169537765830573e-05
2466,1.2156336307525635,9867.000058315838,15648.784832000732,4.1657346645438175e-05
2467,1.3506848812103271,9871.000058315838,15655.155776977539,4.161932059689506e-05
2468,1.4221088886260986,9875.000058315838,15662.702993631363,4.158129953530337e-05
2469,1.2529845237731934,9879.000058315838,15668.833998441696,4.1543283483287116e-05
2470,1.5403258800506592,9883.000058315838,15675.785196304321,4.150527246346734e-05
2471,1.3054362535476685,9887.000058315838,15681.557700395584,4.14672664984621e-05
2472,1.4535839557647705,9891.000058315838,15688.241778850555,4.142926561088641e-05
2473,1.2903507947921753,9895.000058315838,15692.890758514404,4.13912698233523e-05
2474,1.2247819900512695,9899.000058315838,15698.337161540985,4.135327915846878e-05
2475,1.099609613418579,9903.000058315838,15704.067749500275,4.1315293638841724e-05
2476,1.4862408638000488,9907.000058315838,15709.552932024002,4.1277313287074036e-05
2477,1.2288845777511597,9911.000058315838,15716.186885595322,4.1239338125765535e-05
2478,1.1875914335250854,9915.000058315838,15721.1646900177,4.120136817751288e-05
2479,1.3882218599319458,9919.000058315838,15728.308679580688,4.11634034649097e-05
2480,1.4628267288208008,9923.000058315838,15735.151463031769,4.11254440105465e-05
2481,1.2420459985733032,9927.000058315838,15740.942224264145,4.1087489837010615e-05
2482,1.1896193027496338,9931.000058315838,15746.512709856033,4.1049540966886276e-05
2483,0.9633258581161499,9935.000058315838,15751.407243013382,4.1011597422754555e-05
2484,0.9294387698173523,9939.000058315838,15757.42013001442,4.0973659227193364e-05
2485,1.4243488311767578,9943.000058315838,15763.84349155426,4.0935726402777366e-05
2486,1.424004316329956,9947.000058315838,15770.728713274002,4.0897798972078105e-05
2487,1.0631558895111084,9951.000058315838,15776.614218473434,4.08598769576639e-05
2488,1.1979849338531494,9955.000058315838,15783.026028633118,4.08219603820998e-05
2489,1.265730857849121,9959.000058315838,15790.139476060867,4.0784049267947674e-05
2490,1.560422420501709,9963.000058315838,15797.277748346329,4.074614363776612e-05
2491,1.288910150527954,9967.000058315838,15802.071460962296,4.070824351411047e-05
2492,1.2368155717849731,9971.000058315838,15807.919090986252,4.0670348919532775e-05
2493,1.656620740890503,9975.000058315838,15814.362072229385,4.063245987658183e-05
2494,1.363033413887024,9979.000058315838,15821.263105869293,4.059457640780306e-05
2495,1.1806857585906982,9983.000058315838,15828.486946105957,4.055669853573863e-05
2496,1.4629853963851929,9987.000058315838,15835.540865421295,4.051882628292737e-05
2497,1.4123096466064453,9991.000058315838,15841.27876830101,4.048095967190472e-05
2498,1.3259384632110596,9995.000058315838,15846.884999990463,4.044309872520282e-05
2499,1.2699711322784424,9999.000058315838,15853.512456178665,4.0405243465350416e-05
2500,1.4822734594345093,10003.000058315838,15858.900058984756,4.036739391487288e-05
2501,1.3176301717758179,10007.000058315838,15865.937013864517,4.032955009629215e-05
2502,1.4610470533370972,10011.000058315838,15872.644617557526,4.0291712032126786e-05
2503,1.3267054557800293,10015.000058315838,15878.78285741806,4.025387974489194e-05
2504,1.2730135917663574,10019.000058315838,15884.260994672775,4.021605325709929e-05
2505,1.246273159980774,10023.000058315838,15890.740817308426,4.017823259125705e-05
2506,1.3887157440185547,10027.000058315838,15897.131617069244,4.014041776987007e-05
2507,1.4271951913833618,10031.000058315838,15902.950850725174,4.0102608815439574e-05
2508,1.3724186420440674,10035.000058315838,15908.928175210953,4.0064805750463395e-05
2509,1.3137950897216797,10039.000058315838,15914.382484436035,4.002700859743586e-05
2510,1.2163423299789429,10043.000058315838,15919.928758621216,3.998921737884772e-05
2511,1.5424818992614746,10047.000058315838,15925.942066907883,3.9951432117186255e-05
2512,1.4737260341644287,10051.000058315838,15933.353930473328,3.9913652834935154e-05
2513,1.1868782043457031,10055.000058315838,15939.258173465729,3.987587955457461e-05
2514,1.4906890392303467,10059.000058315838,15945.81868481636,3.983811229858114e-05
2515,1.320062279701233,10063.000058315838,15952.673431158066,3.980035108942779e-05
2516,1.1000688076019287,10067.000058315838,15957.821056365967,3.976259594958397e-05
2517,1.2407584190368652,10071.000058315838,15964.58156991005,3.9724846901515416e-05
2518,1.1381051540374756,10075.000058315838,15969.202488660812,3.968710396768432e-05
2519,1.2026646137237549,10079.000058315838,15974.840274095535,3.9649367170549206e-05
2520,1.1955643892288208,10083.000058315838,15980.4409968853,3.9611636532564936e-05
2521,1.2703948020935059,10087.000058315838,15986.648499011993,3.957391207618271e-05
2522,1.203606367111206,10091.000058315838,15992.358500480652,3.953619382385008e-05
2523,1.2852592468261719,10095.000058315838,15998.330960035324,3.949848179801087e-05
2524,1.2288089990615845,10099.000058315838,16005.808489322662,3.94607760211052e-05
2525,1.303991675376892,10103.000058315838,16012.211646795273,3.942307651556953e-05
2526,1.4610893726348877,10107.000058315838,16018.877821922302,3.938538330383648e-05
2527,1.4444633722305298,10111.000058315838,16025.637154340744,3.934769640833502e-05
2528,1.201696753501892,10115.000058315838,16031.47389960289,3.931001585149032e-05
2529,1.3852429389953613,10119.000058315838,16039.167109966278,3.927234165572382e-05
2530,1.5174510478973389,10123.000058315838,16044.734590530396,3.9234673843453086e-05
2531,1.3776711225509644,10127.000058315838,16050.511795043945,3.9197012437091976e-05
2532,1.2135536670684814,10131.000058315838,16057.042542934418,3.915935745905051e-05
2533,1.186607837677002,10135.000058315838,16062.821752786636,3.9121708931734836e-05
2534,1.574751615524292,10139.000058315838,16069.265882492065,3.9084066877547324e-05
2535,1.3320204019546509,10143.000058315838,16075.506284713745,3.904643131888648e-05
2536,1.4055465459823608,10147.000058315838,16081.622242927551,3.9008802278146914e-05
2537,1.3494302034378052,10151.000058315838,16087.885942935944,3.89711797777194e-05
2538,1.4888836145401,10155.000058315838,16095.455558538437,3.8933563839990805e-05
2539,1.1392643451690674,10159.000058315838,16102.112196445465,3.889595448734404e-05
2540,1.3244760036468506,10163.000058315838,16110.38594698906,3.885835174215818e-05
2541,1.2933428287506104,10167.000058315838,16117.118701457977,3.882075562680832e-05
2542,1.1695036888122559,10171.000058315838,16121.97767663002,3.878316616366565e-05
2543,1.2217706441879272,10175.000058315838,16128.698775053024,3.8745583375097316e-05
2544,0.9945064783096313,10179.000058315838,16134.451582431793,3.8708007283466584e-05
2545,1.5096757411956787,10183.000058315838,16140.507793426514,3.867043791113271e-05
2546,1.3558433055877686,10187.000058315838,16146.511727571487,3.863287528045091e-05
2547,1.170626163482666,10191.000058315838,16154.23532652855,3.8595319413772435e-05
2548,1.517768383026123,10195.000058315838,16161.833788633347,3.855777033344452e-05
2549,1.4097625017166138,10199.000058315838,16166.647427558899,3.852022806181029e-05
2550,1.302488088607788,10203.000058315838,16173.960903167725,3.84826926212089e-05
2551,1.281270980834961,10207.000058315838,16180.155479431152,3.8445164033975424e-05
2552,1.2971880435943604,10211.000058315838,16187.150770187378,3.840764232244079e-05
2553,1.2677271366119385,10215.000058315838,16194.139076709747,3.837012750893191e-05
2554,1.3659698963165283,10219.000058315838,16201.1340944767,3.833261961577158e-05
2555,1.5486434698104858,10223.000058315838,16207.467650175095,3.829511866527844e-05
2556,1.1351336240768433,10227.000058315838,16214.572946548462,3.825762467976706e-05
2557,1.291835904121399,10231.000058315838,16220.244781017303,3.8220137681547786e-05
2558,1.3202290534973145,10235.000058315838,16227.434240579605,3.818265769292688e-05
2559,1.476709246635437,10239.000058315838,16232.918385267258,3.8145184736206396e-05
2560,1.2419012784957886,10243.000058315838,16240.709060192108,3.81077188336842e-05
2561,1.2672529220581055,10247.000058315838,16247.552408456802,3.807026000765401e-05
2562,1.4919321537017822,10251.000058315838,16255.501322031021,3.803280828040524e-05
2563,1.3793647289276123,10255.000058315838,16262.429528713226,3.799536367422315e-05
2564,1.2754870653152466,10259.000058315838,16269.51448726654,3.7957926211388784e-05
2565,1.4886857271194458,10263.000058315838,16275.903688907623,3.792049591417885e-05
2566,1.5984220504760742,10267.000058315838,16282.792425394058,3.788307280486586e-05
2567,1.2078317403793335,10271.000058315838,16290.36321592331,3.7845656905718035e-05
2568,1.4175130128860474,10275.000058315838,16297.49601149559,3.780824823899929e-05
2569,1.3785194158554077,10279.000058315838,16304.020794153214,3.777084682696925e-05
2570,1.064972996711731,10283.000058315838,16309.598381519318,3.7733452691883226e-05
2571,1.3017337322235107,10287.000058315838,16315.253777742386,3.769606585599221e-05
2572,1.2029392719268799,10291.000058315838,16322.58621764183,3.765868634154278e-05
2574,1.0955703258514404,10299.000058315838,16333.193150758743,3.758394936593353e-05
2575,1.4579274654388428,10303.000058315838,16338.634247303009,3.754659194924511e-05
2576,1.2087111473083496,10307.000058315838,16345.222185850143,3.750924194294114e-05
2577,1.3320621252059937,10311.000058315838,16350.529666900635,3.747189936924634e-05
2578,1.1890935897827148,10315.000058315838,16356.639241695404,3.7434564250380985e-05
2579,1.4932937622070312,10319.000058315838,16362.726705312729,3.739723660856094e-05
2580,1.3746676445007324,10323.000058315838,16369.469529867172,3.735991646599764e-05
2581,1.0751888751983643,10327.000058315838,16376.460193634033,3.732260384489798e-05
2582,1.3291913270950317,10331.000058315838,16383.21770119667,3.728529876746446e-05
2583,1.344244360923767,10335.000058315838,16388.753277778625,3.7248001255895066e-05
2584,1.204012393951416,10339.000058315838,16395.02304291725,3.721071133238329e-05
2585,1.1205992698669434,10343.000058315838,16401.158826112747,3.7173429019118054e-05
2586,1.0730103254318237,10347.000058315838,16405.933045625687,3.713615433828382e-05
2587,1.1812419891357422,10351.000058315838,16412.073590278625,3.70988873120605e-05
2588,1.1638317108154297,10355.000058315838,16418.98761868477,3.70616279626234e-05
2589,1.257027506828308,10359.000058315838,16426.158625125885,3.70243763121433e-05
2590,1.219933271408081,10363.000058315838,16431.922520160675,3.6987132382786404e-05
2591,1.4464986324310303,10367.000058315838,16438.33988380432,3.69498961967143e-05
2592,1.6136419773101807,10371.000058315838,16445.561575889587,3.691266777608398e-05
2593,1.2347323894500732,10375.000058315838,16452.279878616333,3.687544714304783e-05
2594,1.3346725702285767,10379.000058315838,16459.189101696014,3.6838234319753544e-05
2595,1.1700190305709839,10383.000058315838,16463.94743680954,3.6801029328344226e-05
2596,1.1267242431640625,10387.000058315838,16470.755319595337,3.6763832190958336e-05
2597,1.413245439529419,10391.000058315838,16477.18221974373,3.672664292972957e-05
2598,1.2955231666564941,10395.000058315838,16482.161937475204,3.668946156678702e-05
2599,1.2162978649139404,10399.000058315838,16487.971761465073,3.665228812425506e-05
2600,1.4874699115753174,10403.000058315838,16493.498489379883,3.6615122624253356e-05
2601,1.6537797451019287,10407.000058315838,16500.057949066162,3.65779650888968e-05
2602,1.3394420146942139,10411.000058315838,16507.279541015625,3.654081554029561e-05
2603,1.400597095489502,10415.000058315838,16512.971178770065,3.650367400055522e-05
2604,1.7178345918655396,10419.000058315838,16520.033858060837,3.646654049177628e-05
2605,1.4804595708847046,10423.000058315838,16525.41699886322,3.642941503605469e-05
2606,1.489267349243164,10427.000058315838,16533.159738779068,3.639229765548158e-05
2607,1.4416353702545166,10431.000058315838,16539.29764509201,3.63551883721432e-05
2608,1.3717119693756104,10435.000058315838,16546.26560163498,3.6318087208121035e-05
2609,1.2103408575057983,10439.000058315838,16553.61000061035,3.628099418549176e-05
2610,1.394708514213562,10443.000058315838,16560.806843996048,3.6243909326327146e-05
2611,1.5170373916625977,10447.000058315838,16568.16864681244,3.6206832652694154e-05
2612,1.5251851081848145,10451.000058315838,16575.855910539627,3.6169764186654845e-05
2613,1.2869904041290283,10455.000058315838,16582.589514255524,3.6132703950266425e-05
2614,1.4052870273590088,10459.000058315838,16589.30891084671,3.609565196558116e-05
2615,1.069456934928894,10463.000058315838,16594.982119321823,3.605860825464644e-05
2616,1.470172643661499,10467.000058315838,16601.447212934494,3.602157283950475e-05
2617,1.4647446870803833,10471.000058315838,16607.375755786896,3.598454574219358e-05
2618,1.376861333847046,10475.000058315838,16614.055807590485,3.5947526984745514e-05
2619,1.1304576396942139,10479.000058315838,16618.991235733032,3.5910516589188175e-05
2620,1.338273525238037,10483.000058315838,16626.927425146103,3.587351457754417e-05
2621,1.644958734512329,10487.000058315838,16632.823013544083,3.583652097183116e-05
2622,1.3705744743347168,10491.000058315838,16637.349016666412,3.579953579406179e-05
2623,1.1779768466949463,10495.000058315838,16643.807366371155,3.576255906624369e-05
2624,1.1477577686309814,10499.000058315838,16648.01704263687,3.5725590810379455e-05
2625,1.4010646343231201,10503.000058315838,16654.38534140587,3.5688631048466663e-05
2626,1.1824809312820435,10507.000058315838,16659.92733693123,3.565167980249779e-05
2627,1.6255466938018799,10511.000058315838,16666.852624177933,3.561473709446029e-05
2628,1.3209130764007568,10515.000058315838,16673.114414453506,3.557780294633652e-05
2629,1.2961814403533936,10519.000058315838,16678.840174913406,3.554087738010376e-05
2630,1.4324687719345093,10523.000058315838,16684.2018430233,3.550396041773414e-05
2631,1.1835367679595947,10527.000058315838,16689.475296974182,3.546705208119471e-05
2632,1.1458768844604492,10531.000058315838,16696.58620405197,3.543015239244739e-05
2633,1.369207501411438,10535.000058315838,16702.66038942337,3.5393261373448904e-05
2634,1.2424572706222534,10539.000058315838,16709.75883936882,3.5356379046150876e-05
2635,1.172957181930542,10543.000058315838,16714.741394758224,3.531950543249976e-05
2636,1.1782362461090088,10547.000058315838,16721.373841762543,3.5282640554436755e-05
2637,1.5271973609924316,10551.000058315838,16728.630118370056,3.524578443389792e-05
2638,1.4845936298370361,10555.000058315838,16735.808339118958,3.5208937092814125e-05
2639,1.4571809768676758,10559.000058315838,16743.769854307175,3.5172098553110925e-05
2640,1.5196309089660645,10563.000058315838,16749.89055299759,3.513526883670872e-05
2641,1.2315170764923096,10567.000058315838,16756.935215473175,3.509844796552263e-05
2642,1.1596400737762451,10571.000058315838,16763.185381650925,3.506163596146254e-05
2643,1.296269178390503,10575.000058315838,16767.77912378311,3.5024832846433e-05
2644,1.4227590560913086,10579.000058315838,16774.888336658478,3.4988038642333316e-05
2645,1.1725795269012451,10583.000058315838,16780.526928424835,3.495125337105749e-05
2646,1.5351604223251343,10587.000058315838,16787.093287944794,3.491447705449418e-05
2647,1.4335185289382935,10591.000058315838,16793.967950582504,3.487770971452675e-05
2648,1.3932032585144043,10595.000058315838,16800.07774424553,3.4840951373033215e-05
2649,1.3289366960525513,10599.000058315838,16807.263808488846,3.4804202051886196e-05
2650,1.230785608291626,10603.000058315838,16813.344088554382,3.4767461772952986e-05
2651,1.466834545135498,10607.000058315838,16819.302790164948,3.473073055809553e-05
2652,1.2956664562225342,10611.000058315838,16826.13644695282,3.4694008429170295e-05
2653,1.388161540031433,10615.000058315838,16833.064943790436,3.465729540802839e-05
2654,1.464051604270935,10619.000058315838,16839.90099787712,3.462059151651552e-05
2655,1.1810678243637085,10623.000058315838,16847.2275826931,3.4583896776471926e-05
2656,1.2081509828567505,10627.000058315838,16853.7465634346,3.4547211209732415e-05
2657,1.4000773429870605,10631.000058315838,16860.129091501236,3.4510534838126336e-05
2658,1.238271951675415,10635.000058315838,16866.927539110184,3.4473867683477585e-05
2659,1.3730802536010742,10639.000058315838,16874.10127210617,3.443720976760452e-05
2660,1.373549222946167,10643.000058315838,16880.614147901535,3.4400561112320056e-05
2661,1.1230847835540771,10647.000058315838,16886.47646379471,3.436392173943159e-05
2662,1.2308722734451294,10651.000058315838,16893.081392526627,3.432729167074095e-05
2663,1.4257607460021973,10655.000058315838,16900.79929304123,3.429067092804449e-05
2664,1.116231083869934,10659.000058315838,16906.259367465973,3.425405953313298e-05
2665,1.1271119117736816,10663.000058315838,16911.11650967598,3.421745750779162e-05
2666,1.1817891597747803,10667.000058315838,16917.6055996418,3.418086487380007e-05
2667,1.2136890888214111,10671.000058315838,16923.180243253708,3.414428165293238e-05
2668,1.2912368774414062,10675.000058315838,16928.80747961998,3.410770786695696e-05
2669,1.091479778289795,10679.000058315838,16935.011613845825,3.4071143537636685e-05
2670,1.4248802661895752,10683.000058315838,16941.488770723343,3.4034588686728745e-05
2671,1.3441706895828247,10687.000058315838,16948.094884872437,3.399804333598473e-05
2672,1.3848868608474731,10691.000058315838,16953.379508256912,3.396150750715052e-05
2673,1.1473808288574219,10695.000058315838,16959.00694012642,3.3924981221966386e-05
2674,1.2076828479766846,10699.000058315838,16965.53361749649,3.388846450216691e-05
2675,1.1253607273101807,10703.000058315838,16972.131202697754,3.385195736948094e-05
2676,1.445628046989441,10707.000058315838,16978.770658016205,3.381545984563165e-05
2677,1.2300969362258911,10711.000058315838,16984.68994283676,3.377897195233653e-05
2678,1.4213968515396118,10715.000058315838,16991.874258041382,3.3742493711307266e-05
2679,1.451236605644226,10719.000058315838,16999.58828663826,3.370602514424986e-05
2680,1.1877137422561646,10723.000058315838,17006.625190258026,3.366956627286456e-05
2681,1.2693500518798828,10727.000058315838,17013.019869804382,3.363311711884578e-05
2682,1.3599567413330078,10731.000058315838,17019.88684606552,3.3596677703882204e-05
2683,1.3096098899841309,10735.000058315838,17026.680899381638,3.356024804965672e-05
2684,1.2287230491638184,10739.000058315838,17032.439383506775,3.352382817784642e-05
2685,1.5122195482254028,10743.000058315838,17038.741411209106,3.3487418110122506e-05
2686,1.235645055770874,10747.000058315838,17044.241277217865,3.345101786815043e-05
2687,1.3885866403579712,10751.000058315838,17050.897458076477,3.3414627473589745e-05
2688,1.108285903930664,10755.000058315838,17058.15423631668,3.337824694809417e-05
2689,1.3112677335739136,10759.000058315838,17065.354115724564,3.334187631331153e-05
2690,1.2995595932006836,10763.000058315838,17071.934556245804,3.33055155908838e-05
2691,1.3589794635772705,10767.000058315838,17078.36318731308,3.3269164802447015e-05
2692,1.3964407444000244,10771.000058315838,17084.273730516434,3.323282396963131e-05
2693,1.0438508987426758,10775.000058315838,17089.794444084167,3.319649311406094e-05
2694,1.2820993661880493,10779.000058315838,17097.543759584427,3.316017225735414e-05
2695,1.365004539489746,10783.000058315838,17103.594347953796,3.312386142112326e-05
2696,1.1559674739837646,10787.000058315838,17108.786397457123,3.3087560626974684e-05
2697,1.6193909645080566,10791.000058315838,17114.058339118958,3.3051269896508794e-05
2698,1.5223256349563599,10795.000058315838,17120.037175178528,3.301498925132e-05
2699,1.3057507276535034,10799.000058315838,17126.86614203453,3.297871871299669e-05
2700,1.3777621984481812,10803.000058315838,17133.9558968544,3.294245830312128e-05
2701,1.539566159248352,10807.000058315838,17140.261462450027,3.290620804327011e-05
2702,1.0520145893096924,10811.000058315838,17145.099427700043,3.286996795501352e-05
2703,1.339277744293213,10815.000058315838,17151.490874767303,3.28337380599158e-05
2704,1.5894248485565186,10819.000058315838,17156.689242124557,3.2797518379535096e-05
2705,1.4330599308013916,10823.000058315838,17163.43943452835,3.276130893542359e-05
2706,1.4405767917633057,10827.000058315838,17170.67972302437,3.2725109749127323e-05
2707,1.2390153408050537,10831.000058315838,17176.957359075546,3.2688920842186183e-05
2708,1.0570964813232422,10835.000058315838,17181.42614555359,3.265274223613401e-05
2709,1.4205546379089355,10839.000058315838,17188.602826595306,3.261657395249851e-05
2710,1.3682925701141357,10843.000058315838,17194.53187775612,3.2580416012801196e-05
2711,1.3338289260864258,10847.000058315838,17200.812258005142,3.254426843855747e-05
2712,1.617031455039978,10851.000058315838,17206.65764760971,3.2508131251276565e-05
2713,1.4968512058258057,10855.000058315838,17212.550961732864,3.247200447246153e-05
2714,1.4798939228057861,10859.000058315838,17219.170885324478,3.243588812360917e-05
2715,1.1894710063934326,10863.000058315838,17225.34895992279,3.239978222621017e-05
2716,1.3832426071166992,10867.000058315838,17231.85179376602,3.236368680174895e-05
2717,1.2136476039886475,10871.000058315838,17237.07911658287,3.2327601871703664e-05
2718,1.4359040260314941,10875.000058315838,17244.231111049652,3.229152745754629e-05
2719,1.1953433752059937,10879.000058315838,17249.59730744362,3.2255463580742514e-05
2720,1.1138761043548584,10883.000058315838,17257.174559354782,3.221941026275175e-05
2721,1.2461156845092773,10887.000058315838,17263.410863876343,3.218336752502712e-05
2722,1.1052851676940918,10891.000058315838,17269.5565969944,3.214733538901551e-05
2723,1.3332264423370361,10895.000058315838,17277.29576611519,3.21113138761574e-05
2724,1.3714265823364258,10899.000058315838,17283.279175281525,3.207530300788701e-05
2725,1.505105972290039,10903.000058315838,17290.292495012283,3.203930280563226e-05
2726,1.221308708190918,10907.000058315838,17296.110114336014,3.200331329081462e-05
2727,1.3083609342575073,10911.000058315838,17302.801010131836,3.19673344848493e-05
2728,1.2355517148971558,10915.000058315838,17308.90114045143,3.193136640914508e-05
2729,1.2239716053009033,10919.000058315838,17314.59559583664,3.18954090851044e-05
2730,1.342576026916504,10923.000058315838,17320.449166059494,3.1859462534123233e-05
2731,1.2709085941314697,10927.000058315838,17327.78476548195,3.182352677759121e-05
2732,1.3641741275787354,10931.000058315838,17334.6474711895,3.178760183689152e-05
2733,1.5707656145095825,10935.000058315838,17342.346757888794,3.175168773340089e-05
2734,1.4890562295913696,10939.000058315838,17348.96687436104,3.1715784488489635e-05
2735,1.530299425125122,10943.000058315838,17356.24010014534,3.16798921235216e-05
2736,1.348832130432129,10947.000058315838,17361.34894180298,3.1644010659854114e-05
2737,1.2472723722457886,10951.000058315838,17367.590924263,3.160814011883807e-05
2738,1.3036773204803467,10955.000058315838,17374.41179394722,3.1572280521817874e-05
2739,1.2907764911651611,10959.000058315838,17380.307787179947,3.153643189013133e-05
2740,1.2710626125335693,10963.000058315838,17387.058928489685,3.150059424510982e-05
2741,1.1923881769180298,10967.000058315838,17393.274966478348,3.146476760807813e-05
2742,1.446507453918457,10971.000058315838,17399.611096143723,3.142895200035453e-05
2743,1.4247270822525024,10975.000058315838,17405.87954878807,3.1393147443250686e-05
2744,1.411576747894287,10979.000058315838,17413.591851472855,3.135735395807172e-05
2745,1.1756033897399902,10983.000058315838,17418.75779056549,3.132157156611619e-05
2746,0.8827304840087891,10987.000058315838,17424.138559103012,3.128580028867596e-05
2747,1.3424092531204224,10991.000058315838,17429.66869044304,3.125004014703637e-05
2748,1.4688074588775635,10995.000058315838,17436.1082072258,3.121429116247613e-05
2749,1.3498187065124512,10999.000058315838,17442.245079755783,3.117855335626724e-05
2750,1.1376104354858398,11003.000058315838,17447.700892210007,3.1142826749675116e-05
2751,1.3676339387893677,11007.000058315838,17455.25761938095,3.1107111363958506e-05
2752,1.6038388013839722,11011.000058315838,17461.656321763992,3.1071407220369426e-05
2753,1.437673568725586,11015.000058315838,17468.645016670227,3.1035714340153256e-05
2754,1.429886817932129,11019.000058315838,17474.300399065018,3.100003274454867e-05
2755,1.278117299079895,11023.000058315838,17480.940586090088,3.096436245478761e-05
2756,1.1629849672317505,11027.000058315838,17486.51797223091,3.092870349209527e-05
2757,1.4077634811401367,11031.000058315838,17493.846992492676,3.0893055877690154e-05
2758,1.4644625186920166,11035.000058315838,17501.746089220047,3.0857419632784006e-05
2759,1.2503060102462769,11039.000058315838,17508.68706679344,3.0821794778581735e-05
2760,1.63340163230896,11043.000058315838,17515.661050081253,3.0786181336281555e-05
2761,1.1508463621139526,11047.000058315838,17522.324298858643,3.075057932707488e-05
2762,1.3696751594543457,11051.000058315838,17528.86984062195,3.071498877214625e-05
2763,1.1432515382766724,11055.000058315838,17534.49154496193,3.067940969267347e-05
2764,1.405335783958435,11059.000058315838,17540.835333108902,3.06438421098275e-05
2765,1.3052916526794434,11063.000058315838,17546.1958694458,3.06082860447724e-05
2766,1.2010270357131958,11067.000058315838,17551.198452472687,3.057274151866545e-05
2767,1.4050387144088745,11071.000058315838,17558.226444244385,3.053720855265705e-05
2768,1.3662968873977661,11075.000058315838,17565.302429914474,3.0501687167890676e-05
2769,1.009708046913147,11079.000058315838,17571.224452733994,3.0466177385502943e-05
2770,1.3483238220214844,11083.000058315838,17578.34019112587,3.043067922662358e-05
2771,1.3217597007751465,11087.000058315838,17584.009481191635,3.0395192712375395e-05
2772,1.0176223516464233,11091.000058315838,17589.40475845337,3.0359717863874205e-05
2773,1.1469305753707886,11095.000058315838,17594.989381074905,3.0324254702228966e-05
2774,1.444187879562378,11099.000058315838,17602.035353183746,3.0288803248541658e-05
2775,1.478214144706726,11103.000058315838,17609.13753581047,3.025336352390726e-05
2776,1.5502289533615112,11107.000058315838,17616.19384765625,3.0217935549413796e-05
2777,1.379159927368164,11111.000058315838,17622.83296227455,3.018251934614234e-05
2778,1.2189805507659912,11115.000058315838,17629.591085910797,3.0147114935166864e-05
2779,1.251118540763855,11119.000058315838,17635.61429333687,3.0111722337554395e-05
2780,1.1575372219085693,11123.000058315838,17641.28097677231,3.007634157436495e-05
2781,1.181796908378601,11127.000058315838,17646.63309121132,3.0040972666651422e-05
2782,1.2724756002426147,11131.000058315838,17652.612057447433,3.000561563545971e-05
2783,1.1754428148269653,11135.000058315838,17658.680374860764,2.9970270501828642e-05
2784,1.201813817024231,11139.000058315838,17664.818679332733,2.9934937286789955e-05
2785,1.1297760009765625,11143.000058315838,17671.372205018997,2.9899616011368298e-05
2786,1.083535075187683,11147.000058315838,17676.17727613449,2.9864306696581194e-05
2787,1.43448007106781,11151.000058315838,17682.298263311386,2.982900936343909e-05
2788,1.230072021484375,11155.000058315838,17687.076425552368,2.979372403294526e-05
2789,1.3950389623641968,11159.000058315838,17694.449203014374,2.9758450726095876e-05
2790,1.08937406539917,11163.000058315838,17701.205788850784,2.9723189463879945e-05
2791,1.4447590112686157,11167.000058315838,17709.273299217224,2.9687940267279265e-05
2792,1.4622986316680908,11171.000058315838,17716.246658325195,2.9652703157268505e-05
2793,1.3337280750274658,11175.000058315838,17722.57302427292,2.9617478154815158e-05
2794,1.529423475265503,11179.000058315838,17729.884387254715,2.9582265280879423e-05
2795,1.3311444520950317,11183.000058315838,17735.26917243004,2.954706455641436e-05
2796,1.1999881267547607,11187.000058315838,17742.291196107864,2.95118760023658e-05
2797,1.287887454032898,11191.000058315838,17746.951301813126,2.947669963967228e-05
2798,1.1966300010681152,11195.000058315838,17753.666184186935,2.9441535489265128e-05
2799,1.1614643335342407,11199.000058315838,17759.356275081635,2.9406383572068394e-05
2800,1.3832337856292725,11203.000058315838,17765.804745674133,2.937124390899886e-05
2801,1.4376661777496338,11207.000058315838,17772.943655252457,2.933611652096596e-05
2802,1.3229141235351562,11211.000058315838,17778.148203372955,2.930100142887189e-05
2803,1.5956826210021973,11215.000058315838,17784.04151582718,2.9265898653611515e-05
2804,1.4001097679138184,11219.000058315838,17790.54284763336,2.923080821607234e-05
2805,1.309183955192566,11223.000058315838,17797.17499423027,2.919573013713455e-05
2806,1.2983357906341553,11227.000058315838,17803.592019557953,2.916066443767101e-05
2807,1.256498098373413,11231.000058315838,17809.751801013947,2.9125611138547134e-05
2808,1.0893751382827759,11235.000058315838,17815.83449459076,2.909057026062103e-05
2809,1.5549850463867188,11239.000058315838,17822.355553388596,2.905554182474342e-05
2810,1.3448255062103271,11243.000058315838,17829.48925471306,2.9020525851757544e-05
2811,1.375631332397461,11247.000058315838,17836.552359342575,2.89855223624993e-05
2812,1.1280593872070312,11251.000058315838,17843.108231306076,2.895053137779714e-05
2813,1.225207805633545,11255.000058315838,17848.856313467026,2.8915552918472065e-05
2814,1.556575894355774,11259.000058315838,17856.16691684723,2.8880587005337636e-05
2815,1.2822926044464111,11263.000058315838,17862.939858436584,2.884563365919993e-05
2816,1.2406156063079834,11267.000058315838,17867.813995838165,2.8810692900857578e-05
2817,1.4311151504516602,11271.000058315838,17874.130563735962,2.8775764751101663e-05
2818,1.4600157737731934,11275.000058315838,17881.393000602722,2.8740849230715825e-05
2819,1.3604230880737305,11279.000058315838,17888.466647148132,2.870594636047618e-05
2820,1.3286577463150024,11283.000058315838,17894.255021572113,2.8671056161151264e-05
2821,1.3297336101531982,11287.000058315838,17902.10798931122,2.8636178653502133e-05
2822,1.2272917032241821,11291.000058315838,17908.58545923233,2.8601313858282286e-05
2823,1.4113132953643799,11295.000058315838,17916.02812218666,2.856646179623761e-05
2824,1.410597324371338,11299.000058315838,17923.23144030571,2.8531622488106456e-05
2825,1.3883068561553955,11303.000058315838,17930.000978946686,2.8496795954619583e-05
2826,1.4911749362945557,11307.000058315838,17936.573626995087,2.846198221650016e-05
2827,1.2748063802719116,11311.000058315838,17942.15618300438,2.842718129446369e-05
2828,1.5076333284378052,11315.000058315838,17948.700090169907,2.8392393209218097e-05
2829,1.3897501230239868,11319.000058315838,17955.78059077263,2.8357617981463674e-05
2830,1.22450590133667,11323.000058315838,17962.270658016205,2.832285563189301e-05
2831,1.2911227941513062,11327.000058315838,17968.801027297974,2.8288106181191072e-05
2832,1.4219386577606201,11331.000058315838,17976.381153583527,2.8253369650035176e-05
2833,1.5035333633422852,11335.000058315838,17983.832853078842,2.821864605909488e-05
2834,1.338881492614746,11339.000058315838,17990.72578573227,2.818393542903209e-05
2835,1.1692781448364258,11343.000058315838,17998.307443857193,2.8149237780500992e-05
2836,1.4897438287734985,11347.000058315838,18004.662182569504,2.8114553134148052e-05
2837,1.297096610069275,11351.000058315838,18011.553364515305,2.807988151061199e-05
2838,1.3142606019973755,11355.000058315838,18017.24869441986,2.804522293052379e-05
2839,1.3397033214569092,11359.000058315838,18022.921464681625,2.801057741450664e-05
2840,1.3091615438461304,11363.000058315838,18029.756406068802,2.797594498317599e-05
2841,1.3327367305755615,11367.000058315838,18037.146823883057,2.794132565713949e-05
2842,1.3710379600524902,11371.000058315838,18042.82154917717,2.790671945699702e-05
2843,1.098990797996521,11375.000058315838,18050.136689424515,2.787212640334059e-05
2844,1.3690221309661865,11379.000058315838,18057.55584168434,2.783754651675443e-05
2845,1.3227026462554932,11383.000058315838,18062.32990503311,2.780297981781495e-05
2846,1.2275046110153198,11387.000058315838,18067.855529546738,2.776842632709065e-05
2847,1.3336753845214844,11391.000058315838,18074.038779258728,2.7733886065142235e-05
2848,1.193082571029663,11395.000058315838,18082.08796620369,2.7699359052522523e-05
2849,1.33545982837677,11399.000058315838,18088.52031493187,2.7664845309776405e-05
2850,1.3993711471557617,11403.000058315838,18095.35600733757,2.7630344857440935e-05
2851,1.2453641891479492,11407.000058315838,18101.63078045845,2.7595857716045238e-05
2852,1.3394083976745605,11411.000058315838,18108.506866455078,2.7561383906110487e-05
2853,1.243541955947876,11415.000058315838,18114.351849794388,2.7526923448149966e-05
2854,1.2767444849014282,11419.000058315838,18121.545518875122,2.749247636266899e-05
2855,1.2402894496917725,11423.000058315838,18127.155817747116,2.7458042670164935e-05
2856,1.4668347835540771,11427.000058315838,18134.203422784805,2.7423622391127207e-05
2857,1.3356150388717651,11431.000058315838,18140.70313024521,2.7389215546037184e-05
2858,1.4180024862289429,11435.000058315838,18146.930967092514,2.7354822155368304e-05
2859,1.3353955745697021,11439.000058315838,18152.269513368607,2.732044223958598e-05
2860,1.3375043869018555,11443.000058315838,18159.79718852043,2.7286075819147614e-05
2861,1.2693555355072021,11447.000058315838,18165.482397794724,2.7251722914502593e-05
2862,1.3019360303878784,11451.000058315838,18171.87657403946,2.7217383546092185e-05
2863,1.2913645505905151,11455.000058315838,18178.602039813995,2.7183057734349698e-05
2864,1.250495433807373,11459.000058315838,18186.34533715248,2.7148745499700344e-05
2865,1.235750436782837,11463.000058315838,18192.37179374695,2.711444686256121e-05
2866,1.391943097114563,11467.000058315838,18199.083606243134,2.7080161843341346e-05
2867,1.269012689590454,11471.000058315838,18204.53083062172,2.7045890462441694e-05
2868,1.6397370100021362,11475.000058315838,18211.72467136383,2.701163274025504e-05
2869,1.2636544704437256,11479.000058315838,18218.63035082817,2.6977388697166087e-05
2870,1.3667583465576172,11483.000058315838,18225.259243011475,2.6943158353551378e-05
2871,1.4007601737976074,11487.000058315838,18231.06586766243,2.6908941729779323e-05
2872,0.9771648645401001,11491.000058315838,18237.97089624405,2.6874738846210125e-05
2873,1.4734750986099243,11495.000058315838,18243.40358519554,2.6840549723195855e-05
2874,1.3597909212112427,11499.000058315838,18250.051417827606,2.6806374381080398e-05
2875,1.2154333591461182,11503.000058315838,18256.682457208633,2.6772212840199374e-05
2876,1.5911319255828857,11507.000058315838,18263.328921079636,2.673806512088027e-05
2877,1.1587414741516113,11511.000058315838,18268.228714227676,2.6703931243442316e-05
2878,1.3057211637496948,11515.000058315838,18275.486549139023,2.666981122819649e-05
2879,1.2548350095748901,11519.000058315838,18281.377529382706,2.6635705095445553e-05
2880,1.342230200767517,11523.000058315838,18288.088129520416,2.6601612865484007e-05
2881,1.420506238937378,11527.000058315838,18295.88467359543,2.6567534558598014e-05
2882,1.1640090942382812,11531.000058315838,18302.54433131218,2.653347019506554e-05
2883,1.1666327714920044,11535.000058315838,18310.015971183777,2.6499419795156185e-05
2884,1.4760267734527588,11539.000058315838,18317.12281394005,2.646538337913132e-05
2885,1.290698766708374,11543.000058315838,18324.090171813965,2.6431360967243893e-05
2886,1.521789789199829,11547.000058315838,18331.46430015564,2.639735257973859e-05
2887,1.3728421926498413,11551.000058315838,18338.89419412613,2.6363358236851758e-05
2888,1.4736433029174805,11555.000058315838,18345.54518699646,2.6329377958811318e-05
2889,1.0490837097167969,11559.000058315838,18352.052990674973,2.629541176583688e-05
2890,1.1827665567398071,11563.000058315838,18358.131881713867,2.6261459678139697e-05
2891,1.4242100715637207,11567.000058315838,18365.372987508774,2.622752171592254e-05
2892,1.1445090770721436,11571.000058315838,18371.34648156166,2.6193597899379835e-05
2893,1.3785673379898071,11575.000058315838,18377.38280105591,2.6159688248697618e-05
2894,1.4771498441696167,11579.000058315838,18385.327562570572,2.6125792784053413e-05
2895,1.3260347843170166,11583.000058315838,18390.82678627968,2.6091911525616368e-05
2896,1.3826693296432495,11587.000058315838,18397.194883823395,2.6058044493547176e-05
2897,1.18656325340271,11591.000058315838,18402.111745595932,2.6024191707998014e-05
2898,1.506561279296875,11595.000058315838,18407.953251838684,2.5990353189112634e-05
2899,1.0006872415542603,11599.000058315838,18415.12648653984,2.595652895702627e-05
2900,1.3183379173278809,11603.000058315838,18420.888595819473,2.5922719031865675e-05
2901,1.2631430625915527,11607.000058315838,18426.864914894104,2.5888923433749074e-05
2902,1.3856916427612305,11611.000058315838,18432.411961317062,2.5855142182786167e-05
2903,1.2146556377410889,11615.000058315838,18438.39156603813,2.5821375299078157e-05
2904,1.3165298700332642,11619.000058315838,18444.847357034683,2.57876228027176e-05
2905,1.6107779741287231,11623.000058315838,18452.932294607162,2.5753884713788587e-05
2906,1.350698709487915,11627.000058315838,18459.78803873062,2.5720161052366624e-05
2907,1.2157061100006104,11631.000058315838,18464.980989456177,2.5686451838518557e-05
2908,1.5062834024429321,11635.000058315838,18471.51910328865,2.5652757092302727e-05
2909,1.3074294328689575,11639.000058315838,18478.215746879578,2.561907683376883e-05
2910,1.1891491413116455,11643.000058315838,18485.00219154358,2.5585411082957906e-05
2911,1.326318621635437,11647.000058315838,18491.874505758286,2.555175985990242e-05
2912,1.5231631994247437,11651.000058315838,18499.071671247482,2.5518123184626157e-05
2913,1.3511936664581299,11655.000058315838,18504.96939921379,2.548450107714428e-05
2914,1.1751980781555176,11659.000058315838,18511.79732108116,2.5450893557463226e-05
2915,1.5401827096939087,11663.000058315838,18518.807476997375,2.5417300645580796e-05
2916,1.1871458292007446,11667.000058315838,18524.116156816483,2.5383722361486112e-05
2917,1.2478199005126953,11671.000058315838,18530.10110425949,2.5350158725159524e-05
2918,1.1397895812988281,11675.000058315838,18537.334325551987,2.5316609756572738e-05
2919,1.4059611558914185,11679.000058315838,18544.120940208435,2.528307547568872e-05
2920,1.2918860912322998,11683.000058315838,18549.899547100067,2.5249555902461635e-05
2921,1.3439782857894897,11687.000058315838,18556.73272371292,2.5216051056836964e-05
2922,1.3749659061431885,11691.000058315838,18563.10862183571,2.5182560958751415e-05
2923,1.248441219329834,11695.000058315838,18568.329147338867,2.5149085628132893e-05
2924,1.1277655363082886,11699.000058315838,18575.553824663162,2.5115625084900534e-05
2925,1.313899278640747,11703.000058315838,18581.653688430786,2.5082179348964673e-05
2926,1.177141547203064,11707.000058315838,18588.984495162964,2.5048748440226846e-05
2927,1.2200020551681519,11711.000058315838,18594.651000738144,2.501533237857972e-05
2928,1.1746127605438232,11715.000058315838,18600.721622228622,2.4981931183907184e-05
2929,1.3255417346954346,11719.000058315838,18606.006904363632,2.4948544876084267e-05
2930,1.423254370689392,11723.000058315838,18612.062123060226,2.4915173474977097e-05
2931,1.1227469444274902,11727.000058315838,18616.824372529984,2.488181700044298e-05
2932,1.4771742820739746,11731.000058315838,18623.934203624725,2.4848475472330345e-05
2933,1.1894280910491943,11735.000058315838,18630.826072454453,2.4815148910478666e-05
2934,1.4126206636428833,11739.000058315838,18636.753504037857,2.4781837334718576e-05
2935,1.2666696310043335,11743.000058315838,18643.002693414688,2.4748540764871786e-05
2936,1.2057300806045532,11747.000058315838,18650.383989810944,2.4715259220751018e-05
2937,1.054762840270996,11751.000058315838,18656.92851114273,2.4681992722160114e-05
2938,1.4547386169433594,11755.000058315838,18664.315462112427,2.4648741288893962e-05
2939,1.3922218084335327,11759.000058315838,18672.006982326508,2.4615504940738423e-05
2940,1.329813003540039,11763.000058315838,18678.54433441162,2.458228369747046e-05
2941,1.2989568710327148,11767.000058315838,18684.455995082855,2.4549077578857995e-05
2942,1.3217284679412842,11771.000058315838,18691.00711631775,2.451588660465998e-05
2943,1.2109204530715942,11775.000058315838,18696.557334423065,2.4482710794626368e-05
2944,1.4843976497650146,11779.000058315838,18703.283199071884,2.444955016849801e-05
2945,1.388959527015686,11783.000058315838,18709.210998535156,2.4416404746006816e-05
2946,1.5453922748565674,11787.000058315838,18715.30931687355,2.4383274546875597e-05
2947,1.4052555561065674,11791.000058315838,18720.620916366577,2.4350159590818122e-05
2948,1.380307912826538,11795.000058315838,18727.402168750763,2.431705989753911e-05
2949,1.5709173679351807,11799.000058315838,18734.969509601593,2.4283975486734122e-05
2950,1.3450205326080322,11803.000058315838,18742.842493772507,2.425090637808972e-05
2951,1.2113611698150635,11807.000058315838,18749.508343219757,2.421785259128332e-05
2952,1.304298758506775,11811.000058315838,18757.265109300613,2.418481414598318e-05
2953,1.247396469116211,11815.000058315838,18764.201006412506,2.4151791061848503e-05
2954,1.1318761110305786,11819.000058315838,18769.96092915535,2.4118783358529308e-05
2955,1.2731080055236816,11823.000058315838,18776.869772195816,2.4085791055666485e-05
2956,1.2857778072357178,11827.000058315838,18782.587591171265,2.405281417289172e-05
2957,1.20597505569458,11831.000058315838,18787.899202108383,2.401985272982756e-05
2958,1.3968212604522705,11835.000058315838,18794.999484539032,2.398690674608737e-05
2959,1.1337971687316895,11839.000058315838,18800.28139090538,2.395397624127527e-05
2960,1.3731956481933594,11843.000058315838,18806.375292301178,2.3921061234986222e-05
2961,1.074760913848877,11847.000058315838,18811.72838330269,2.3888161746805954e-05
2962,1.0901107788085938,11851.000058315838,18816.594652175903,2.3855277796310916e-05
2963,1.049391508102417,11855.000058315838,18822.852924108505,2.382240940306836e-05
2964,1.3692529201507568,11859.000058315838,18828.503805160522,2.3789556586636276e-05
2965,1.1285865306854248,11863.000058315838,18834.76485967636,2.375671936656337e-05
2966,1.3632633686065674,11867.000058315838,18841.05418229103,2.372389776238907e-05
2967,1.0031523704528809,11871.000058315838,18846.8970785141,2.3691091793643545e-05
2968,1.358901023864746,11875.000058315838,18854.132385015488,2.365830147984759e-05
2969,1.3785200119018555,11879.000058315838,18860.949878931046,2.3625526840512735e-05
2970,1.3509238958358765,11883.000058315838,18867.97340321541,2.3592767895141192e-05
2971,1.1437206268310547,11887.000058315838,18874.685449123383,2.3560024663225816e-05
2972,0.8535434007644653,11891.000058315838,18881.116106271744,2.352729716425009e-05
2973,1.070127248764038,11895.000058315838,18887.676179409027,2.349458541768816e-05
2974,1.2224568128585815,11899.000058315838,18893.64832186699,2.3461889443004835e-05
2975,1.3197823762893677,11903.000058315838,18898.867241621017,2.342920925965544e-05
2976,1.2609666585922241,11907.000058315838,18904.736669778824,2.3396544887086e-05
2977,1.3394670486450195,11911.000058315838,18912.10882115364,2.336389634473311e-05
2978,1.165003776550293,11915.000058315838,18917.656419038773,2.3331263652023896e-05
2979,1.4477208852767944,11919.000058315838,18924.246658563614,2.3298646828376095e-05
2980,1.3545823097229004,11923.000058315838,18931.392790317535,2.3266045893198025e-05
2981,1.6414861679077148,11927.000058315838,18938.285922527313,2.3233460865888478e-05
2982,1.5246539115905762,11931.000058315838,18945.204325675964,2.320089176583684e-05
2983,1.429734468460083,11935.000058315838,18950.55238223076,2.3168338612423e-05
2984,1.4973822832107544,11939.000058315838,18956.16283583641,2.3135801425017378e-05
2985,1.283555507659912,11943.000058315838,18962.958634853363,2.310328022298084e-05
2986,1.4056090116500854,11947.000058315838,18968.92300438881,2.3070775025664788e-05
2987,1.2900899648666382,11951.000058315838,18976.630278110504,2.303828585241109e-05
2988,1.444685935974121,11955.000058315838,18982.137147188187,2.3005812722552076e-05
2989,1.224691390991211,11959.000058315838,18990.336490869522,2.2973355655410533e-05
2990,1.3547017574310303,11963.000058315838,18996.886219739914,2.29409146702997e-05
2991,1.25399649143219,11967.000058315838,19003.903381109238,2.29084897865232e-05
2992,1.1151763200759888,11971.000058315838,19010.55493760109,2.2876081023375122e-05
2993,1.4584981203079224,11975.000058315838,19016.946193933487,2.284368840013998e-05
2994,1.0950254201889038,11979.000058315838,19022.587273836136,2.2811311936092603e-05
2995,1.329356074333191,11983.000058315838,19028.70899248123,2.2778951650498277e-05
2996,1.3847572803497314,11987.000058315838,19034.90078306198,2.2746607562612642e-05
2997,1.2027459144592285,11991.000058315838,19039.980815410614,2.271427969168171e-05
2998,1.1181083917617798,11995.000058315838,19046.394747018814,2.2681968056941803e-05
2999,1.3792052268981934,11999.000058315838,19052.082704782486,2.2649672677619617e-05
3000,1.4052032232284546,12003.000058315838,19059.31980729103,2.2617393572932197e-05
3001,1.1032309532165527,12007.000058315838,19064.50601053238,2.2585130762086822e-05
3003,1.1667976379394531,12015.000058315838,19076.370488643646,2.2520654098703147e-05
3004,1.1222044229507446,12019.000058315838,19081.844712018967,2.2488440284530967e-05
3005,1.3700940608978271,12023.000058315838,19087.85589170456,2.2456242840933112e-05
3006,1.2956312894821167,12027.000058315838,19094.886086702347,2.2424061787068345e-05
3007,0.9658318758010864,12031.000058315838,19100.126437187195,2.2391897142085616e-05
3008,1.3853623867034912,12035.000058315838,19107.409328460693,2.235974892512416e-05
3009,1.3346672058105469,12039.000058315838,19113.43906402588,2.2327617155313438e-05
3010,1.2808446884155273,12043.000058315838,19118.746092796326,2.22955018517731e-05
3011,1.3259882926940918,12047.000058315838,19125.291538000107,2.2263403033613008e-05
3012,1.4071221351623535,12051.000058315838,19132.153633594513,2.223132071993322e-05
3013,1.4906669855117798,12055.000058315838,19138.731115818024,2.219925492982399e-05
3014,1.514082908630371,12059.000058315838,19146.516617298126,2.216720568236568e-05
3015,1.2409788370132446,12063.000058315838,19154.166546821594,2.213517299662887e-05
3016,1.3672212362289429,12067.000058315838,19160.855323553085,2.210315689167427e-05
3017,1.4194293022155762,12071.000058315838,19166.900329589844,2.2071157386552686e-05
3018,1.1989175081253052,12075.000058315838,19172.363053560257,2.2039174500305092e-05
3019,1.3903614282608032,12079.000058315838,19179.428278684616,2.2007208251962578e-05
3020,1.1751445531845093,12083.000058315838,19185.59429335594,2.1975258660546282e-05
3021,1.2026715278625488,12087.000058315838,19192.545513629913,2.194332574506747e-05
3022,1.2916040420532227,12091.000058315838,19198.53153371811,2.1911409524527504e-05
3023,1.2348238229751587,12095.000058315838,19205.90078186989,2.1879510017917742e-05
3024,1.5245845317840576,12099.000058315838,19212.27395963669,2.184762724421966e-05
3025,1.1666252613067627,12103.000058315838,19218.46449327469,2.1815761222404762e-05
3026,1.2737042903900146,12107.000058315838,19224.475297927856,2.1783911971434586e-05
3027,1.2023613452911377,12111.000058315838,19231.130194664,2.1752079510260664e-05
3028,1.4892048835754395,12115.000058315838,19236.82709288597,2.172026385782456e-05
3029,1.2418574094772339,12119.000058315838,19242.432519435883,2.1688465033057855e-05
3030,1.5081294775009155,12123.000058315838,19248.62243795395,2.1656683054882055e-05
3031,1.22969651222229,12127.000058315838,19253.73423886299,2.162491794220871e-05
3032,1.248624324798584,12131.000058315838,19259.79649424553,2.1593169713939298e-05
3033,1.089596152305603,12135.000058315838,19265.686182498932,2.1561438388965265e-05
3034,1.3209198713302612,12139.000058315838,19271.65796971321,2.152972398616798e-05
3035,1.2233268022537231,12143.000058315838,19278.162882328033,2.1498026524418783e-05
3036,1.2854413986206055,12147.000058315838,19284.0742521286,2.1466346022578867e-05
3037,1.55143404006958,12151.000058315838,19291.130531549454,2.1434682499499382e-05
3038,1.4784011840820312,12155.000058315838,19297.140878915787,2.140303597402139e-05
3039,1.305643081665039,12159.000058315838,19303.452426195145,2.137140646497578e-05
3040,1.4000577926635742,12163.000058315838,19310.197422981262,2.1339793991183355e-05
3041,1.1995600461959839,12167.000058315838,19316.778220891953,2.130819857145478e-05
3042,1.6179871559143066,12171.000058315838,19322.62564611435,2.127662022459059e-05
3043,1.2309086322784424,12175.000058315838,19328.51073551178,2.1245058969381096e-05
3044,1.052483320236206,12179.000058315838,19332.52287220955,2.12135148246065e-05
3045,1.2403675317764282,12183.000058315838,19339.97429585457,2.1181987809036824e-05
3046,1.1951379776000977,12187.000058315838,19345.865451335907,2.1150477941431836e-05
3047,1.2488008737564087,12191.000058315838,19352.690866470337,2.1118985240541163e-05
3048,1.1851332187652588,12195.000058315838,19357.93606376648,2.108750972510421e-05
3049,1.0745402574539185,12199.000058315838,19364.307997703552,2.105605141385011e-05
3050,1.424381136894226,12203.000058315838,19370.206577777863,2.10246103254978e-05
3051,1.19040846824646,12207.000058315838,19376.918174505234,2.0993186478755967e-05
3052,1.3098812103271484,12211.000058315838,19382.342539548874,2.0961779892323025e-05
3053,1.0875968933105469,12215.000058315838,19388.75221300125,2.093039058488713e-05
3054,1.4790717363357544,12219.000058315838,19396.048936367035,2.0899018575126156e-05
3055,1.2698948383331299,12223.000058315838,19401.591224193573,2.0867663881707653e-05
3056,1.3568637371063232,12227.000058315838,19407.892786026,2.0836326523288898e-05
3057,1.2610962390899658,12231.000058315838,19413.402939796448,2.080500651851685e-05
3058,1.2826335430145264,12235.000058315838,19420.004873752594,2.0773703886028164e-05
3059,1.2105326652526855,12239.000058315838,19427.13634610176,2.0742418644449086e-05
3060,1.4357330799102783,12243.000058315838,19433.19434452057,2.0711150812395584e-05
3061,1.4287129640579224,12247.000058315838,19440.61636209488,2.067990040847326e-05
3062,1.16807222366333,12251.000058315838,19448.371890068054,2.0648667451277288e-05
3063,1.3254501819610596,12255.000058315838,19454.419317245483,2.0617451959392518e-05
3064,1.2781426906585693,12259.000058315838,19461.091835975647,2.0586253951393418e-05
3065,1.4190891981124878,12263.000058315838,19467.83327817917,2.055507344584398e-05
3066,1.3888399600982666,12267.000058315838,19474.000799894333,2.0523910461297842e-05
3067,1.0329910516738892,12271.000058315838,19479.024262666702,2.0492765016298217e-05
3068,1.016546607017517,12275.000058315838,19485.86195707321,2.046163712937784e-05
3069,1.3330060243606567,12279.000058315838,19491.252903699875,2.0430526819059032e-05
3070,1.151026964187622,12283.000058315838,19497.10951089859,2.0399434103853645e-05
3071,1.4229254722595215,12287.000058315838,19502.925468444824,2.036835900226308e-05
3072,1.2338787317276,12291.000058315838,19509.38454914093,2.033730153277821e-05
3073,1.3419110774993896,12295.000058315838,19515.99288725853,2.030626171387946e-05
3074,1.2593979835510254,12299.000058315838,19520.517795324326,2.0275239564036728e-05
3075,1.2362617254257202,12303.000058315838,19526.676090478897,2.0244235101709423e-05
3076,1.277632236480713,12307.000058315838,19532.52430677414,2.0213248345346408e-05
3077,1.1820627450942993,12311.000058315838,19538.359419345856,2.018227931338603e-05
3078,1.4173805713653564,12315.000058315838,19545.884410381317,2.015132802425605e-05
3079,1.3948055505752563,12319.000058315838,19551.211940526962,2.0120394496373702e-05
3080,1.2366909980773926,12323.000058315838,19558.310610294342,2.0089478748145674e-05
3081,1.275909185409546,12327.000058315838,19565.136776685715,2.0058580797968008e-05
3082,1.1371147632598877,12331.000058315838,19571.063247919083,2.002770066422621e-05
3083,1.510124683380127,12335.000058315838,19578.436256170273,1.9996838365295178e-05
3084,1.3747291564941406,12339.000058315838,19585.147582769394,1.996599391953919e-05
3085,1.1789650917053223,12343.000058315838,19591.73123049736,1.9935167345311875e-05
3086,1.35113525390625,12347.000058315838,19598.45063638687,1.990435866095627e-05
3087,1.3738439083099365,12351.000058315838,19604.359691143036,1.9873567884804764e-05
3088,1.2843027114868164,12355.000058315838,19611.16048002243,1.9842795035179036e-05
3089,1.45084547996521,12359.000058315838,19617.516899824142,1.9812040130390153e-05
3090,1.359645962715149,12363.000058315838,19624.646039247513,1.9781303188738512e-05
3091,1.2834587097167969,12367.000058315838,19630.856636047363,1.975058422851376e-05
3092,1.3098949193954468,12371.000058315838,19637.76708483696,1.9719883267994896e-05
3093,1.5818321704864502,12375.000058315838,19643.75884962082,1.9689200325450215e-05
3094,1.3709821701049805,12379.000058315838,19650.800880908966,1.9658535419137226e-05
3095,1.4136371612548828,12383.000058315838,19656.73281121254,1.9627888567302776e-05
3096,1.3530634641647339,12387.000058315838,19663.328706741333,1.959725978818294e-05
3097,1.2156504392623901,12391.000058315838,19670.248752593994,1.9566649100003038e-05
3098,1.1863751411437988,12395.000058315838,19676.38803935051,1.9536056520977627e-05
3099,1.4794197082519531,12399.000058315838,19682.80359697342,1.9505482069310493e-05
3100,1.2980209589004517,12403.000058315838,19687.551676034927,1.9474925763194653e-05
3101,1.3352633714675903,12407.000058315838,19695.306698799133,1.9444387620812257e-05
3102,1.4629976749420166,12411.000058315838,19703.062661409378,1.941386766033473e-05
3103,1.0966815948486328,12415.000058315838,19708.69787788391,1.938336589992265e-05
3104,1.0744990110397339,12419.000058315838,19714.97070503235,1.9352882357725724e-05
3105,1.4663406610488892,12423.000058315838,19721.69082570076,1.932241705188288e-05
3106,1.2568122148513794,12427.000058315838,19727.375859498978,1.9291970000522174e-05
3107,1.639958143234253,12431.000058315838,19732.858988761902,1.9261541221760765e-05
3108,1.3053069114685059,12435.000058315838,19738.66079235077,1.9231130733704986e-05
3109,1.3660602569580078,12439.000058315838,19744.84822320938,1.9200738554450276e-05
3110,1.3384207487106323,12443.000058315838,19750.92191195488,1.917036470208115e-05
3111,1.233017086982727,12447.000058315838,19756.736281871796,1.9140009194671252e-05
3112,1.3834490776062012,12451.000058315838,19761.8975148201,1.91096720502833e-05
3113,1.3499674797058105,12455.000058315838,19767.752267360687,1.9079353286969095e-05
3114,1.4976450204849243,12459.000058315838,19775.32954645157,1.9049052922769455e-05
3115,1.1473093032836914,12463.000058315838,19781.176655769348,1.9018770975714304e-05
3116,1.2042275667190552,12467.000058315838,19787.42097568512,1.89885074638226e-05
3117,1.4007014036178589,12471.000058315838,19794.887620449066,1.895826240510228e-05
3118,1.2589627504348755,12475.000058315838,19801.25622868538,1.8928035817550368e-05
3119,1.5076379776000977,12479.000058315838,19807.705040216446,1.889782771915285e-05
3120,1.3523894548416138,12483.000058315838,19815.435433626175,1.8867638127884742e-05
3121,1.3373312950134277,12487.000058315838,19821.635635852814,1.8837467061710027e-05
3122,0.9909822940826416,12491.000058315838,19827.546166419983,1.8807314538581692e-05
3123,1.422301173210144,12495.000058315838,19833.190197706223,1.8777180576441624e-05
3124,0.9368595480918884,12499.000058315838,19838.99312400818,1.874706519322074e-05
3125,1.2288329601287842,12503.000058315838,19845.56236886978,1.8716968406838862e-05
3126,1.2545571327209473,12507.000058315838,19850.88372182846,1.868689023520478e-05
3127,1.3149981498718262,12511.000058315838,19857.4712767601,1.8656830696216152e-05
3128,0.9045724868774414,12515.000058315838,19864.42733669281,1.862678980775959e-05
3129,1.3746223449707031,12519.000058315838,19871.118938207626,1.859676758771062e-05
3130,1.1236546039581299,12523.000058315838,19876.770632505417,1.85667640539336e-05
3131,1.3439786434173584,12527.000058315838,19884.643721342087,1.853677922428184e-05
3132,0.9263820648193359,12531.000058315838,19890.59100675583,1.8506813116597483e-05
3133,1.391192078590393,12535.000058315838,19897.967257261276,1.847686574871152e-05
3134,1.1618071794509888,12539.000058315838,19904.220453739166,1.8446937138443814e-05
3135,1.2774120569229126,12543.000058315838,19911.23354792595,1.8417027303603084e-05
3136,1.4327046871185303,12547.000058315838,19918.2742331028,1.8387136261986817e-05
3137,1.4415203332901,12551.000058315838,19924.962458133698,1.8357264031381367e-05
3138,1.4340269565582275,12555.000058315838,19932.56153535843,1.832741062956188e-05
3139,1.3384331464767456,12559.000058315838,19939.496947288513,1.8297576074292304e-05
3140,1.052314281463623,12563.000058315838,19944.623703956604,1.826776038332538e-05
3141,1.4576172828674316,12567.000058315838,19952.490406036377,1.8237963574402582e-05
3142,1.4315732717514038,12571.000058315838,19959.126325130463,1.8208185665254193e-05
3143,1.187475562095642,12575.000058315838,19965.42089533806,1.817842667359924e-05
3144,1.5698046684265137,12579.000058315838,19972.029673099518,1.814868661714548e-05
3145,1.398857593536377,12583.000058315838,19979.624732017517,1.8118965513589427e-05
3146,1.2254960536956787,12587.000058315838,19986.530611276627,1.808926338061628e-05
3147,1.3471308946609497,12591.000058315838,19992.7151491642,1.8059580235899974e-05
3148,1.2508796453475952,12595.000058315838,19999.30920767784,1.802991609710317e-05
3149,1.5291521549224854,12599.000058315838,20004.821397542953,1.8000270981877156e-05
3150,1.4841986894607544,12603.000058315838,20011.62682056427,1.7970644907861948e-05
3151,1.3572973012924194,12607.000058315838,20016.340351581573,1.7941037892686242e-05
3152,1.5115909576416016,12611.000058315838,20023.132791519165,1.791144995396733e-05
3153,1.1647934913635254,12615.000058315838,20029.024554491043,1.7881881109311222e-05
3154,1.3649613857269287,12619.000058315838,20036.175720214844,1.785233137631253e-05
3155,1.2491811513900757,12623.000058315838,20042.154682397842,1.782280077255453e-05
3156,1.183292031288147,12627.000058315838,20048.670931577682,1.7793289315609038e-05
3157,1.4369251728057861,12631.000058315838,20054.07704758644,1.7763797023036555e-05
3158,1.427950382232666,12635.000058315838,20060.406616449356,1.7734323912386168e-05
3159,1.249679446220398,12639.000058315838,20066.54948449135,1.770487000119549e-05
3160,1.1772422790527344,12643.000058315838,20072.572740077972,1.767543530699077e-05
3161,1.4381847381591797,12647.000058315838,20079.31990456581,1.764601984728681e-05
3162,1.2501294612884521,12651.000058315838,20086.0100209713,1.761662363958695e-05
3163,1.349960207939148,12655.000058315838,20092.722279787064,1.7587246701383097e-05
3164,1.31783127784729,12659.000058315838,20098.633323669434,1.7557889050155684e-05
3165,1.2566287517547607,12663.000058315838,20105.92038011551,1.7528550703373642e-05
3166,1.37886643409729,12667.000058315838,20112.034992456436,1.7499231678494443e-05
3167,1.370977759361267,12671.000058315838,20117.722946882248,1.7469931992964058e-05
3168,1.4416429996490479,12675.000058315838,20124.560824394226,1.7440651664216962e-05
3169,1.1456012725830078,12679.000058315838,20129.178029060364,1.7411390709676075e-05
3170,1.4159572124481201,12683.000058315838,20136.835108995438,1.738214914675281e-05
3171,1.257327914237976,12687.000058315838,20142.971286296844,1.7352926992847073e-05
3172,1.2216426134109497,12691.000058315838,20148.38317799568,1.7323724265347146e-05
3173,1.3176583051681519,12695.000058315838,20153.970370292664,1.729454098162982e-05
3174,1.4287232160568237,12699.000058315838,20160.681022167206,1.7265377159060302e-05
3175,1.2282103300094604,12703.000058315838,20166.356850385666,1.723623281499218e-05
3176,1.3053398132324219,12707.000058315838,20173.031667470932,1.7207107966767494e-05
3177,1.4045220613479614,12711.000058315838,20179.682410001755,1.7178002631716683e-05
3178,1.2424101829528809,12715.000058315838,20185.62722849846,1.7148916827158537e-05
3179,1.3290765285491943,12719.000058315838,20192.6799762249,1.711985057040026e-05
3180,1.2384008169174194,12723.000058315838,20200.00994491577,1.7090803878737425e-05
3181,1.0932350158691406,12727.000058315838,20204.835367441177,1.706177676945392e-05
3182,1.1639556884765625,12731.000058315838,20211.919995307922,1.7032769259822036e-05
3183,1.4212464094161987,12735.000058315838,20217.556732416153,1.7003781367102364e-05
3184,1.2296005487442017,12739.000058315838,20223.85342693329,1.6974813108543848e-05
3185,1.2149484157562256,12743.000058315838,20229.712483882904,1.6945864501383726e-05
3186,1.1296581029891968,12747.000058315838,20235.462782859802,1.6916935562847566e-05
3187,1.3237223625183105,12751.000058315838,20241.29936981201,1.688802631014922e-05
3188,1.1623321771621704,12755.000058315838,20248.440766096115,1.6859136760490796e-05
3189,1.4305049180984497,12759.000058315838,20254.568640947342,1.6830266931062736e-05
3190,1.429140329360962,12763.000058315838,20261.414445638657,1.680141683904372e-05
3191,1.4001904726028442,12767.000058315838,20268.711498737335,1.677258650160066e-05
3192,1.460007667541504,12771.000058315838,20276.506153345108,1.6743775935888745e-05
3193,1.3251593112945557,12775.000058315838,20281.936911821365,1.671498515905142e-05
3194,1.0316975116729736,12779.000058315838,20286.763031959534,1.668621418822027e-05
3195,1.3157099485397339,12783.000058315838,20293.77963423729,1.665746304051518e-05
3196,1.0332400798797607,12787.000058315838,20299.035499572754,1.6628731733044204e-05
3197,1.6316767930984497,12791.000058315838,20306.030806303024,1.660002028290362e-05
3198,1.2678472995758057,12795.000058315838,20313.062629699707,1.6571328707177814e-05
3199,1.154699683189392,12799.000058315838,20318.710173130035,1.6542657022939433e-05
3200,1.341252088546753,12803.000058315838,20325.71160054207,1.651400524724926e-05
3201,1.3574224710464478,12807.000058315838,20331.88367319107,1.648537339715619e-05
3202,1.534799337387085,12811.000058315838,20338.569761753082,1.6456761489697307e-05
3203,1.2614850997924805,12815.000058315838,20345.36735033989,1.6428169541897847e-05
3204,1.646302580833435,12819.000058315838,20350.968083381653,1.6399597570771095e-05
3205,1.0838295221328735,12823.000058315838,20357.110127687454,1.6371045593318505e-05
3206,1.4059741497039795,12827.000058315838,20363.805323839188,1.634251362652963e-05
3207,1.1274325847625732,12831.000058315838,20369.281546592712,1.6314001687382103e-05
3208,1.255807876586914,12835.000058315838,20375.911818265915,1.6285509792841646e-05
3209,1.1604676246643066,12839.000058315838,20380.907119750977,1.6257037959862074e-05
3210,1.383868932723999,12843.000058315838,20385.88618707657,1.62285862053852e-05
3211,1.3685280084609985,12847.000058315838,20393.756858348846,1.6200154546340952e-05
3212,1.3844577074050903,12851.000058315838,20400.92375946045,1.6171742999647283e-05
3213,1.4566631317138672,12855.000058315838,20408.52708363533,1.6143351582210188e-05
3214,1.0809110403060913,12859.000058315838,20415.44023823738,1.611498031092364e-05
3215,1.262668490409851,12863.000058315838,20420.52584195137,1.6086629202669677e-05
3216,1.2517609596252441,12867.000058315838,20427.79391503334,1.605829827431833e-05
3217,1.3498950004577637,12871.000058315838,20434.44400858879,1.6029987542727584e-05
3218,1.633852243423462,12875.000058315838,20440.914914608,1.6001697024743443e-05
3219,1.3142249584197998,12879.000058315838,20447.215445280075,1.5973426737199892e-05
3220,1.228522539138794,12883.000058315838,20454.57103562355,1.5945176696918826e-05
3221,1.424945592880249,12887.000058315838,20460.87136912346,1.591694692071014e-05
3222,0.9846452474594116,12891.000058315838,20465.517060518265,1.5888737425371676e-05
3223,1.2875508069992065,12895.000058315838,20471.187482595444,1.5860548227689154e-05
3224,1.410812497138977,12899.000058315838,20477.371012687683,1.5832379344436265e-05
3225,1.4316223859786987,12903.000058315838,20482.722395658493,1.58042307923746e-05
3226,1.0605193376541138,12907.000058315838,20489.38302731514,1.5776102588253653e-05
3227,1.1722779273986816,12911.000058315838,20496.653292179108,1.5747994748810816e-05
3228,1.5953017473220825,12915.000058315838,20503.394876241684,1.5719907290771324e-05
3229,1.1952301263809204,12919.000058315838,20509.357579231262,1.5691840230848334e-05
3230,1.456271767616272,12923.000058315838,20514.984763622284,1.566379358574284e-05
3231,1.124477505683899,12927.000058315838,20520.912086486816,1.56357673721437e-05
3232,1.2493778467178345,12931.000058315838,20526.809829711914,1.5607761606727616e-05
3233,1.2414050102233887,12935.000058315838,20532.465392112732,1.5579776306159094e-05
3234,1.3428092002868652,12939.000058315838,20539.051607131958,1.5551811487090493e-05
3235,1.5603578090667725,12943.000058315838,20545.07008910179,1.5523867166161988e-05
3236,1.3207356929779053,12947.000058315838,20552.005833864212,1.5495943360001525e-05
3237,1.3646876811981201,12951.000058315838,20559.40792298317,1.5468040085224865e-05
3238,1.2374675273895264,12955.000058315838,20565.26915359497,1.544015735843556e-05
3239,1.269289493560791,12959.000058315838,20571.181230068207,1.541229519622493e-05
3240,1.2070618867874146,12963.000058315838,20577.369807481766,1.5384453615172023e-05
3241,1.2746856212615967,12967.000058315838,20583.708733558655,1.5356632631843687e-05
3242,1.2549333572387695,12971.000058315838,20589.347767829895,1.532883226279452e-05
3243,1.1462042331695557,12975.000058315838,20595.37180995941,1.5301052524566793e-05
3244,1.2170125246047974,12979.000058315838,20601.045126199722,1.527329343369054e-05
3245,1.2823588848114014,12983.000058315838,20607.61285352707,1.5245555006683544e-05
3246,1.2127519845962524,12987.000058315838,20613.545749664307,1.5217837260051219e-05
3247,1.42661452293396,12991.000058315838,20618.19400715828,1.5190140210286713e-05
3248,1.057034969329834,12995.000058315838,20624.41890335083,1.5162463873870869e-05
3249,1.3660424947738647,12999.000058315838,20631.11441063881,1.5134808267272185e-05
3250,1.4453322887420654,13003.000058315838,20638.380441904068,1.5107173406946831e-05
3251,1.4507818222045898,13007.000058315838,20645.289875030518,1.5079559309338645e-05
3252,1.2487666606903076,13011.000058315838,20651.496329545975,1.5051965990879066e-05
3253,1.3509204387664795,13015.000058315838,20657.853759765625,1.5024393467987215e-05
3254,1.255735158920288,13019.000058315838,20663.169280290604,1.4996841757069823e-05
3255,1.4046069383621216,13023.000058315838,20669.64762377739,1.4969310874521252e-05
3256,1.2533183097839355,13027.000058315838,20675.522256612778,1.4941800836723421e-05
3257,1.3588850498199463,13031.000058315838,20683.301028490067,1.4914311660045905e-05
3258,0.9052038192749023,13035.000058315838,20688.666724205017,1.4886843360845841e-05
3259,1.3503472805023193,13039.000058315838,20695.60950899124,1.485939595546793e-05
3260,1.6644964218139648,13043.000058315838,20701.697578907013,1.483196946024445e-05
3261,1.3280863761901855,13047.000058315838,20708.413236379623,1.4804563891495264e-05
3262,1.347057580947876,13051.000058315838,20716.170261144638,1.4777179265527731e-05
3263,1.5421042442321777,13055.000058315838,20724.102187633514,1.4749815598636787e-05
3264,1.1672823429107666,13059.000058315838,20729.022120714188,1.4722472907104905e-05
3265,1.238268256187439,13063.000058315838,20735.657903432846,1.4695151207202013e-05
3266,1.2764530181884766,13067.000058315838,20742.726172208786,1.4667850515185626e-05
3267,1.3495230674743652,13071.000058315838,20749.197657346725,1.4640570847300708e-05
3268,1.335134744644165,13075.000058315838,20756.095058202744,1.4613312219779758e-05
3269,1.3135679960250854,13079.000058315838,20761.052468538284,1.458607464884269e-05
3270,1.6679553985595703,13083.000058315838,20767.744779586792,1.4558858150696943e-05
3271,1.2119364738464355,13087.000058315838,20773.95867061615,1.4531662741537395e-05
3272,1.3993415832519531,13091.000058315838,20781.285785913467,1.4504488437546382e-05
3273,1.2122491598129272,13095.000058315838,20785.78931236267,1.4477335254893685e-05
3274,1.2030460834503174,13099.000058315838,20791.81627869606,1.445020320973651e-05
3275,1.2410008907318115,13103.000058315838,20797.048988580704,1.4423092318219472e-05
3276,1.2728712558746338,13107.000058315838,20804.523809194565,1.4396002596474628e-05
3277,1.3829456567764282,13111.000058315838,20811.368359804153,1.4368934060621422e-05
3278,1.0718188285827637,13115.000058315838,20817.37855577469,1.4341886726766682e-05
3279,1.2525627613067627,13119.000058315838,20823.545984506607,1.4314860611004628e-05
3280,1.1360118389129639,13123.000058315838,20829.845885276794,1.4287855729416887e-05
3281,1.6067452430725098,13127.000058315838,20836.268845796585,1.4260872098072388e-05
3282,1.4312444925308228,13131.000058315838,20843.29856324196,1.4233909733027453e-05
3283,1.5449187755584717,13135.000058315838,20849.49376296997,1.420696865032576e-05
3284,0.9711452722549438,13139.000058315838,20855.913145065308,1.418004886599831e-05
3285,1.3406919240951538,13143.000058315838,20863.090715646744,1.4153150396063406e-05
3286,1.4584541320800781,13147.000058315838,20868.974103212357,1.4126273256526701e-05
3287,1.184660792350769,13151.000058315838,20873.88557767868,1.409941746338117e-05
3288,1.4146242141723633,13155.000058315838,20881.263239860535,1.407258303260702e-05
3289,1.488628625869751,13159.000058315838,20887.118979930878,1.4045769980171814e-05
3290,1.5516083240509033,13163.000058315838,20894.187913179398,1.4018978322030372e-05
3291,1.1342707872390747,13167.000058315838,20899.522224903107,1.399220807412476e-05
3292,1.4402508735656738,13171.000058315838,20906.68571615219,1.3965459252384332e-05
3293,1.3745393753051758,13175.000058315838,20912.137578725815,1.3938731872725683e-05
3294,1.5918655395507812,13179.000058315838,20917.601981163025,1.391202595105266e-05
3295,1.5736974477767944,13183.000058315838,20923.959442138672,1.3885341503256322e-05
3296,1.3710137605667114,13187.000058315838,20930.265810489655,1.3858678545214965e-05
3297,1.3125839233398438,13191.000058315838,20936.918365240097,1.3832037092794106e-05
3298,1.2486426830291748,13195.000058315838,20942.81768512726,1.3805417161846424e-05
3299,1.2589689493179321,13199.000058315838,20948.865225315094,1.3778818768211839e-05
3300,1.340676188468933,13203.000058315838,20954.75913786888,1.3752241927717444e-05
3301,1.344212293624878,13207.000058315838,20961.56479358673,1.3725686656177472e-05
3302,1.0609248876571655,13211.000058315838,20968.282930850983,1.3699152969393373e-05
3303,1.3911937475204468,13215.000058315838,20974.119253873825,1.3672640883153728e-05
3304,1.3441903591156006,13219.000058315838,20980.355042696,1.3646150413234256e-05
3305,1.1876378059387207,13223.000058315838,20988.01567339897,1.3619681575397825e-05
3306,1.28641939163208,13227.000058315838,20994.895753383636,1.3593234385394445e-05
3307,1.4238711595535278,13231.000058315838,21003.188720464706,1.3566808858961211e-05
3308,1.3925751447677612,13235.000058315838,21009.408348798752,1.354040501182235e-05
3309,1.3841081857681274,13239.000058315838,21015.376277685165,1.3514022859689203e-05
3310,1.2458829879760742,13243.000058315838,21020.871428012848,1.3487662418260155e-05
3311,1.2257999181747437,13247.000058315838,21027.160301446915,1.3461323703220714e-05
3312,1.0879045724868774,13251.000058315838,21032.748157978058,1.3435006730243447e-05
3313,1.4683862924575806,13255.000058315838,21039.20319867134,1.3408711514987988e-05
3314,1.3270058631896973,13259.000058315838,21045.890102148056,1.3382438073101027e-05
3315,1.382348895072937,13263.000058315838,21053.062955856323,1.3356186420216265e-05
3316,1.3830018043518066,13267.000058315838,21058.96434354782,1.3329956571954484e-05
3317,1.1747058629989624,13271.000058315838,21065.054492473602,1.3303748543923461e-05
3318,1.273940920829773,13275.000058315838,21070.87278532982,1.3277562351718001e-05
3319,1.3833872079849243,13279.000058315838,21078.07422709465,1.3251398010919933e-05
3320,1.1881210803985596,13283.000058315838,21085.11228775978,1.3225255537098032e-05
3321,1.248528242111206,13287.000058315838,21091.789217233658,1.3199134945808109e-05
3322,1.247341275215149,13291.000058315838,21097.50883102417,1.3173036252592952e-05
3323,1.2390010356903076,13295.000058315838,21103.66506433487,1.3146959472982274e-05
3324,1.4744114875793457,13299.000058315838,21110.532606601715,1.3120904622492801e-05
3325,1.191005825996399,13303.000058315838,21116.284882307053,1.309487171662819e-05
3326,1.3526746034622192,13307.000058315838,21121.968821287155,1.3068860770879044e-05
3327,1.3240201473236084,13311.000058315838,21129.01474094391,1.304287180072287e-05
3328,1.3804550170898438,13315.000058315838,21135.242252588272,1.3016904821624142e-05
3329,1.4772140979766846,13319.000058315838,21142.083379268646,1.2990959849034243e-05
3330,1.4381444454193115,13323.000058315838,21148.203784942627,1.2965036898391413e-05
3331,1.1482889652252197,13327.000058315838,21153.86399579048,1.293913598512084e-05
3332,1.2471163272857666,13331.000058315838,21158.98513650894,1.2913257124634594e-05
3333,1.2602429389953613,13335.000058315838,21164.99354481697,1.2887400332331586e-05
3334,1.256572961807251,13339.000058315838,21172.324158668518,1.2861565623597633e-05
3335,1.1926649808883667,13343.000058315838,21179.27380657196,1.2835753013805392e-05
3336,1.3840162754058838,13347.000058315838,21185.555690526962,1.2809962518314389e-05
3337,1.1728277206420898,13351.000058315838,21191.509439706802,1.2784194152470968e-05
3338,1.2564747333526611,13355.000058315838,21197.996843099594,1.2758447931608331e-05
3339,1.1918647289276123,13359.000058315838,21203.69162249565,1.2732723871046467e-05
3340,1.2354199886322021,13363.000058315838,21209.553653001785,1.2707021986092208e-05
3341,0.9965630173683167,13367.000058315838,21214.616010189056,1.268134229203918e-05
3342,1.4516146183013916,13371.000058315838,21221.444668293,1.2655684804167826e-05
3343,1.0216455459594727,13375.000058315838,21227.711535930634,1.2630049537745324e-05
3344,1.0433526039123535,13379.000058315838,21232.780962228775,1.2604436508025672e-05
3345,1.2701724767684937,13383.000058315838,21239.143713235855,1.2578845730249645e-05
3346,1.2063043117523193,13387.000058315838,21245.374932289124,1.2553277219644735e-05
3347,1.2117822170257568,13391.000058315838,21251.165919303894,1.2527730991425204e-05
3348,1.4442732334136963,13395.000058315838,21257.370764493942,1.250220706079209e-05
3349,1.294293761253357,13399.000058315838,21264.18040060997,1.2476705442933095e-05
3350,1.2180794477462769,13403.000058315838,21269.552248716354,1.2451226153022694e-05
3351,1.0484836101531982,13407.000058315838,21274.38906431198,1.242576920622208e-05
3352,1.5104646682739258,13411.000058315838,21281.074684381485,1.2400334617679102e-05
3353,1.0923504829406738,13415.000058315838,21286.41601705551,1.2374922402528347e-05
3354,1.007491946220398,13419.000058315838,21292.14646434784,1.2349532575891082e-05
3355,1.2159807682037354,13423.000058315838,21299.255591392517,1.2324165152875265e-05
3356,1.251154899597168,13427.000058315838,21305.315138578415,1.2298820148575474e-05
3357,1.4147539138793945,13431.000058315838,21311.914474248886,1.227349757807299e-05
3358,1.1198735237121582,13435.000058315838,21317.04630255699,1.2248197456435744e-05
3359,1.4781757593154907,13439.000058315838,21323.740399837494,1.222291979871829e-05
3360,1.139002799987793,13443.000058315838,21330.020057439804,1.2197664619961829e-05
3361,1.2368190288543701,13447.000058315838,21336.37235736847,1.217243193519419e-05
3362,1.4428980350494385,13451.000058315838,21342.937131643295,1.2147221759429783e-05
3363,1.6328877210617065,13455.000058315838,21348.96250271797,1.2122034107669668e-05
3364,1.0690512657165527,13459.000058315838,21355.47150850296,1.2096868994901493e-05
3365,1.0237582921981812,13463.000058315838,21360.859429121017,1.2071726436099463e-05
3366,1.1482062339782715,13467.000058315838,21366.63378548622,1.2046606446224389e-05
3367,1.07410728931427,13471.000058315838,21371.94220161438,1.2021509040223661e-05
3368,1.5008872747421265,13475.000058315838,21377.986422777176,1.1996434233031224e-05
3369,1.4192206859588623,13479.000058315838,21383.55461025238,1.1971382039567543e-05
3370,1.3274885416030884,13483.000058315838,21389.998587608337,1.1946352474739666e-05
3371,1.0733941793441772,13487.000058315838,21395.018142700195,1.192134555344119e-05
3372,1.1798741817474365,13491.000058315838,21400.790749549866,1.1896361290552172e-05
3373,1.2764687538146973,13495.000058315838,21408.00976872444,1.1871399700939246e-05
3374,1.473663091659546,13499.000058315838,21413.712314605713,1.1846460799455547e-05
3375,1.1723880767822266,13503.000058315838,21420.54233813286,1.1821544600940666e-05
3376,1.2064019441604614,13507.000058315838,21425.412011384964,1.1796651120220744e-05
3377,1.364052176475525,13511.000058315838,21432.25641965866,1.1771780372108375e-05
3378,1.2279642820358276,13515.000058315838,21439.917511224747,1.1746932371402612e-05
3379,1.3096829652786255,13519.000058315838,21447.822011232376,1.1722107132888998e-05
3380,1.7271008491516113,13523.000058315838,21455.57741355896,1.1697304671339518e-05
3381,1.4223651885986328,13527.000058315838,21462.037703752518,1.1672525001512618e-05
3382,1.06295907497406,13531.000058315838,21467.964983940125,1.164776813815316e-05
3383,1.5434907674789429,13535.000058315838,21474.502876520157,1.1623034095992458e-05
3384,1.3335611820220947,13539.000058315838,21481.637863636017,1.1598322889748238e-05
3385,1.3464982509613037,13543.000058315838,21488.705808639526,1.157363453412462e-05
3386,1.046257734298706,13547.000058315838,21495.851355314255,1.1548969043812148e-05
3387,1.3129507303237915,13551.000058315838,21502.006479024887,1.1524326433487768e-05
3388,1.4859510660171509,13555.000058315838,21508.2416472435,1.1499706717814775e-05
3389,1.360790729522705,13559.000058315838,21514.24329662323,1.1475109911442877e-05
3390,1.450616717338562,13563.000058315838,21520.411293029785,1.1450536029008148e-05
3391,1.2908425331115723,13567.000058315838,21526.703854560852,1.1425985085132982e-05
3392,1.422553539276123,13571.000058315838,21533.548183918,1.1401457094426172e-05
3393,1.4033043384552002,13575.000058315838,21539.61514735222,1.1376952071482837e-05
3394,1.303200602531433,13579.000058315838,21545.698417901993,1.1352470030884408e-05
3395,1.0956346988677979,13583.000058315838,21551.115616559982,1.1328010987198665e-05
3396,1.449159860610962,13587.000058315838,21556.77023243904,1.1303574954979695e-05
3397,1.4297412633895874,13591.000058315838,21563.621816396713,1.1279161948767915e-05
3398,1.0215157270431519,13595.000058315838,21568.03714108467,1.125477198308999e-05
3399,1.2558280229568481,13599.000058315838,21575.18080353737,1.1230405072458916e-05
3400,1.2405365705490112,13603.000058315838,21580.52691102028,1.120606123137396e-05
3401,1.317492127418518,13607.000058315838,21586.768404960632,1.118174047432067e-05
3402,1.1979236602783203,13611.000058315838,21592.659383535385,1.1157442815770829e-05
3403,1.1099796295166016,13615.000058315838,21597.779487371445,1.1133168270182505e-05
3404,1.037867546081543,13619.000058315838,21604.334959745407,1.1108916852000004e-05
3405,1.2827638387680054,13623.000058315838,21611.476281166077,1.108468857565387e-05
3406,1.3251572847366333,13627.000058315838,21617.852407693863,1.1060483455560891e-05
3407,1.4933745861053467,13631.000058315838,21624.62004828453,1.1036301506124025e-05
3408,1.3511298894882202,13635.000058315838,21630.515781402588,1.1012142741732507e-05
3409,1.4081742763519287,13639.000058315838,21637.313188314438,1.0988007176761739e-05
3410,1.4298409223556519,13643.000058315838,21644.04995059967,1.0963894825573337e-05
3411,1.3640551567077637,13647.000058315838,21650.58678293228,1.0939805702515074e-05
3412,1.425473928451538,13651.000058315838,21657.51677966118,1.0915739821920937e-05
3413,1.217079997062683,13655.000058315838,21664.14010500908,1.0891697198111074e-05
3414,1.2726290225982666,13659.000058315838,21671.39634370804,1.0867677845391761e-05
3415,1.1039470434188843,13663.000058315838,21678.290662527084,1.0843681778055475e-05
3416,1.2417488098144531,13667.000058315838,21685.06493282318,1.0819709010380823e-05
3417,1.3574289083480835,13671.000058315838,21690.686638116837,1.0795759556632511e-05
3418,1.5499848127365112,13675.000058315838,21698.281898021698,1.0771833431061419e-05
3419,1.4585962295532227,13679.000058315838,21703.729007720947,1.0747930647904539e-05
3420,1.2339622974395752,13683.000058315838,21710.53588604927,1.0724051221384943e-05
3421,1.2693760395050049,13687.000058315838,21717.515771627426,1.0700195165711836e-05
3422,1.4253785610198975,13691.000058315838,21725.1491959095,1.06763624950805e-05
3423,1.5075099468231201,13695.000058315838,21732.429733991623,1.0652553223672306e-05
3424,1.2878687381744385,13699.000058315838,21739.058235168457,1.0628767365654715e-05
3425,1.0969510078430176,13703.000058315838,21744.23272895813,1.0605004935181242e-05
3426,1.1802613735198975,13707.000058315838,21751.558086633682,1.058126594639145e-05
3427,1.2920982837677002,13711.000058315838,21757.343109369278,1.0557550413410971e-05
3428,1.300553560256958,13715.000058315838,21763.198893547058,1.0533858350351481e-05
3429,1.5624829530715942,13719.000058315838,21769.051396369934,1.05101897713107e-05
3430,1.4310460090637207,13723.000058315838,21776.17986369133,1.0486544690372326e-05
3432,1.4022845029830933,13731.000058315838,21788.955152750015,1.043932507906787e-05
3433,1.0461903810501099,13735.000058315838,21796.03728079796,1.0415750576799294e-05
3434,1.136963963508606,13739.000058315838,21801.881769180298,1.0392199628828157e-05
3435,1.4709508419036865,13743.000058315838,21808.629911661148,1.0368672249168216e-05
3436,1.176742672920227,13747.000058315838,21815.579306840897,1.0345168451819147e-05
3437,1.2614965438842773,13751.000058315838,21823.210192918777,1.0321688250766656e-05
3438,1.0995994806289673,13755.000058315838,21829.31045436859,1.029823165998237e-05
3439,1.3422750234603882,13759.000058315838,21836.34440588951,1.02747986934239e-05
3440,1.4221012592315674,13763.000058315838,21842.43917989731,1.0251389365034745e-05
3441,1.3596150875091553,13767.000058315838,21849.57174730301,1.0228003688744396e-05
3442,1.2808778285980225,13771.000058315838,21856.10100030899,1.020464167846825e-05
3443,1.5258034467697144,13775.000058315838,21863.180956840515,1.0181303348107597e-05
3444,1.3677071332931519,13779.000058315838,21869.16864991188,1.0157988711549664e-05
3445,1.0474276542663574,13783.000058315838,21875.229268550873,1.0134697782667578e-05
3446,1.2064064741134644,13787.000058315838,21881.428991556168,1.0111430575320355e-05
3447,1.1149766445159912,13791.000058315838,21886.391077518463,1.0088187103352887e-05
3448,1.2585102319717407,13795.000058315838,21893.07463312149,1.0064967380595973e-05
3449,1.0696327686309814,13799.000058315838,21897.424837112427,1.0041771420866226e-05
3450,1.324108600616455,13803.000058315838,21904.47276043892,1.0018599237966166e-05
3451,1.298397421836853,13807.000058315838,21912.33884215355,9.995450845684155e-06
3452,1.2103850841522217,13811.000058315838,21918.72486281395,9.972326257794373e-06
3453,1.1791198253631592,13815.000058315838,21924.916768550873,9.949225488056865e-06
3454,1.172576665878296,13819.000058315838,21930.997377872467,9.926148550217501e-06
3455,1.405874490737915,13823.000058315838,21937.25538253784,9.903095458007967e-06
3456,1.4709937572479248,13827.000058315838,21943.57985639572,9.880066225145732e-06
3457,1.2970199584960938,13831.000058315838,21949.795180797577,9.857060865334104e-06
3458,1.2116061449050903,13835.000058315838,21955.28218102455,9.834079392262193e-06
3459,1.1470973491668701,13839.000058315838,21960.821979045868,9.811121819604835e-06
3460,1.370700478553772,13843.000058315838,21967.950740337372,9.788188161022714e-06
3461,1.52414870262146,13847.000058315838,21973.669934749603,9.765278430162254e-06
3462,1.033218502998352,13851.000058315838,21979.261497735977,9.74239264065563e-06
3463,1.509057879447937,13855.000058315838,21986.80294775963,9.71953080612078e-06
3464,1.5173943042755127,13859.000058315838,21993.44569993019,9.696692940161414e-06
3465,1.1180514097213745,13863.000058315838,21999.99629855156,9.67387905636693e-06
3466,1.4770456552505493,13867.000058315838,22005.33044219017,9.651089168312492e-06
3467,1.5377728939056396,13871.000058315838,22011.80976176262,9.628323289558976e-06
3468,1.3761732578277588,13875.000058315838,22018.023972272873,9.605581433652974e-06
3469,1.170250654220581,13879.000058315838,22025.213438749313,9.582863614126776e-06
3470,0.9390982389450073,13883.000058315838,22031.190017461777,9.560169844498385e-06
3471,1.1850461959838867,13887.000058315838,22037.305228471756,9.537500138271477e-06
3472,1.1902797222137451,13891.000058315838,22043.868094205856,9.514854508935411e-06
3473,1.102135419845581,13895.000058315838,22049.13240838051,9.49223296996522e-06
3474,1.1851600408554077,13899.000058315838,22054.33555150032,9.469635534821621e-06
3475,1.389468789100647,13903.000058315838,22059.829693555832,9.447062216950953e-06
3476,1.319077491760254,13907.000058315838,22066.34288597107,9.424513029785236e-06
3477,1.165898323059082,13911.000058315838,22072.180813074112,9.401987986742126e-06
3478,1.2048152685165405,13915.000058315838,22077.5206387043,9.379487101224884e-06
3479,1.013484239578247,13919.000058315838,22083.257618188858,9.357010386622428e-06
3480,1.2860652208328247,13923.000058315838,22088.511387348175,9.334557856309299e-06
3481,1.0937182903289795,13927.000058315838,22093.080904722214,9.31212952364561e-06
3482,1.2183430194854736,13931.000058315838,22099.443233966827,9.2897254019771e-06
3483,1.1687302589416504,13935.000058315838,22105.168342351913,9.267345504635111e-06
3484,1.1625127792358398,13939.000058315838,22111.64736866951,9.244989844936558e-06
3485,1.1201143264770508,13943.000058315838,22117.082272052765,9.222658436183918e-06
3486,1.1072438955307007,13947.000058315838,22122.590601444244,9.200351291665267e-06
3487,1.5527399778366089,13951.000058315838,22128.97117805481,9.17806842465423e-06
3488,1.3677542209625244,13955.000058315838,22135.90651679039,9.155809848409973e-06
3489,1.0191062688827515,13959.000058315838,22139.956932783127,9.133575576177232e-06
3490,1.2121633291244507,13963.000058315838,22145.698554992676,9.111365621186257e-06
3491,1.2976257801055908,13967.000058315838,22153.335055589676,9.089179996652857e-06
3492,1.3538694381713867,13971.000058315838,22160.48528456688,9.06701871577834e-06
3493,1.3248217105865479,13975.000058315838,22168.767905712128,9.044881791749545e-06
3494,1.435906171798706,13979.000058315838,22175.70225262642,9.02276923773879e-06
3495,1.3421037197113037,13983.000058315838,22182.86555624008,9.000681066903919e-06
3496,1.1524730920791626,13987.000058315838,22188.97442793846,8.97861729238826e-06
3497,1.3422108888626099,13991.000058315838,22195.57907795906,8.956577927320636e-06
3498,1.451899528503418,13995.000058315838,22201.47280073166,8.934562984815311e-06
3499,1.494771957397461,13999.000058315838,22207.278878688812,8.912572477972042e-06
3500,0.9889547824859619,14003.000058315838,22212.429976463318,8.890606419876054e-06
3501,1.3340113162994385,14007.000058315838,22220.624778985977,8.868664823597994e-06
3502,1.339281439781189,14011.000058315838,22227.723499536514,8.846747702193982e-06
3503,1.4753882884979248,14015.000058315838,22234.16711115837,8.824855068705576e-06
3504,1.4346572160720825,14019.000058315838,22239.60745882988,8.802986936159716e-06
3505,1.1481237411499023,14023.000058315838,22245.536981105804,8.781143317568822e-06
3506,1.4671510457992554,14027.000058315838,22252.412581682205,8.759324225930709e-06
3507,1.6120867729187012,14031.000058315838,22258.706778287888,8.73752967422857e-06
3508,1.1295372247695923,14035.000058315838,22265.58666419983,8.715759675431021e-06
3509,1.1050870418548584,14039.000058315838,22272.702043056488,8.69401424249207e-06
3510,1.3843871355056763,14043.000058315838,22280.925374507904,8.672293388351102e-06
3511,1.3044772148132324,14047.000058315838,22287.944034576416,8.650597125932872e-06
3512,1.3240206241607666,14051.000058315838,22294.632803440094,8.628925468147522e-06
3513,1.3783315420150757,14055.000058315838,22301.658749341965,8.607278427890504e-06
3514,1.3853154182434082,14059.000058315838,22307.3937830925,8.58565601804268e-06
3515,1.258914589881897,14063.000058315838,22314.872133255005,8.56405825147022e-06
3516,1.2533742189407349,14067.000058315838,22321.791347503662,8.542485141024656e-06
3517,1.3064225912094116,14071.000058315838,22327.923951864243,8.520936699542809e-06
3518,1.1550709009170532,14075.000058315838,22333.094355344772,8.49941293984686e-06
3519,1.0829623937606812,14079.000058315838,22339.132081985474,8.4779138747443e-06
3520,0.9345481395721436,14083.000058315838,22344.895243883133,8.456439517027885e-06
3521,1.335060477256775,14087.000058315838,22352.064658641815,8.434989879475722e-06
3522,1.2949885129928589,14091.000058315838,22358.576370954514,8.41356497485119e-06
3523,1.3811349868774414,14095.000058315838,22364.70988202095,8.392164815902917e-06
3524,1.3114855289459229,14099.000058315838,22371.403245925903,8.370789415364857e-06
3525,1.3695186376571655,14103.000058315838,22378.40185713768,8.349438785956207e-06
3526,1.3206654787063599,14107.000058315838,22384.1452190876,8.328112940381442e-06
3527,1.1440907716751099,14111.000058315838,22390.708150863647,8.306811891330243e-06
3528,1.3101764917373657,14115.000058315838,22397.53251504898,8.28553565147759e-06
3529,1.418889045715332,14119.000058315838,22404.2666888237,8.264284233483683e-06
3530,1.1991121768951416,14123.000058315838,22410.093411922455,8.243057649993932e-06
3531,1.5871447324752808,14127.000058315838,22416.914378881454,8.22185591363899e-06
3532,1.2737268209457397,14131.000058315838,22423.206041812897,8.200679037034722e-06
3533,1.2331743240356445,14135.000058315838,22429.00396990776,8.179527032782202e-06
3534,1.7691855430603027,14139.000058315838,22436.229871988297,8.158399913467698e-06
3535,1.431491732597351,14143.000058315838,22444.03678870201,8.137297691662686e-06
3536,1.2189538478851318,14147.000058315838,22450.653935194016,8.116220379923791e-06
3537,1.452710509300232,14151.000058315838,22457.328902482986,8.095167990792851e-06
3538,1.351293921470642,14155.000058315838,22462.705395936966,8.07414053679686e-06
3539,1.3761138916015625,14159.000058315838,22468.615830898285,8.05313803044799e-06
3540,1.2579386234283447,14163.000058315838,22475.25107049942,8.032160484243528e-06
3541,1.178389549255371,14167.000058315838,22480.045665740967,8.01120791066595e-06
3542,1.252595067024231,14171.000058315838,22486.31586766243,7.990280322182874e-06
3543,1.5435785055160522,14175.000058315838,22493.178468227386,7.969377731246997e-06
3544,1.4236609935760498,14179.000058315838,22499.803939819336,7.94850015029621e-06
3545,1.2311861515045166,14183.000058315838,22507.658365011215,7.927647591753489e-06
3546,1.2851115465164185,14187.000058315838,22512.453470230103,7.906820068026902e-06
3547,1.5583479404449463,14191.000058315838,22519.09833264351,7.886017591509657e-06
3548,1.5812612771987915,14195.000058315838,22525.295068979263,7.865240174580053e-06
3549,1.4369709491729736,14199.000058315838,22532.27436733246,7.844487829601435e-06
3550,1.2948583364486694,14203.000058315838,22539.283512592316,7.823760568922286e-06
3551,1.4462437629699707,14207.000058315838,22545.102351903915,7.803058404876138e-06
3552,1.1781220436096191,14211.000058315838,22550.068923473358,7.782381349781573e-06
3553,1.180525541305542,14215.000058315838,22555.220675945282,7.761729415942252e-06
3554,1.3617162704467773,14219.000058315838,22561.94967532158,7.741102615646895e-06
3555,1.2531938552856445,14223.000058315838,22567.18830537796,7.720500961169253e-06
3556,1.2911057472229004,14227.000058315838,22575.073999881744,7.699924464768108e-06
3557,1.2529776096343994,14231.000058315838,22581.405219078064,7.67937313868729e-06
3558,1.3687729835510254,14235.000058315838,22587.91908621788,7.658846995155656e-06
3559,1.5588334798812866,14239.000058315838,22593.532608270645,7.638346046387034e-06
3560,1.478366494178772,14243.000058315838,22599.602120161057,7.61787030458031e-06
3561,1.4162979125976562,14247.000058315838,22604.038311958313,7.597419781919359e-06
3562,1.5145331621170044,14251.000058315838,22610.655145168304,7.576994490573024e-06
3563,1.1436002254486084,14255.000058315838,22616.338142633438,7.5565944426951605e-06
3564,1.229726791381836,14259.000058315838,22621.19297003746,7.53621965042461e-06
3565,1.3371018171310425,14263.000058315838,22627.42083454132,7.515870125885147e-06
3566,1.3845235109329224,14267.000058315838,22634.379028320312,7.495545881185545e-06
3567,1.4410107135772705,14271.000058315838,22641.277592658997,7.4752469284195295e-06
3568,1.1918492317199707,14275.000058315838,22646.809360980988,7.454973279665786e-06
3569,1.2307103872299194,14279.000058315838,22653.370771169662,7.4347249469878986e-06
3570,1.551297903060913,14283.000058315838,22659.942417621613,7.414501942434437e-06
3571,1.2958728075027466,14287.000058315838,22665.61843729019,7.394304278038883e-06
3572,1.2261830568313599,14291.000058315838,22672.762996912003,7.3741319658196256e-06
3573,1.3412373065948486,14295.000058315838,22679.383922100067,7.3539850177799865e-06
3574,1.0606017112731934,14299.000058315838,22685.92166376114,7.333863445908205e-06
3575,1.4557068347930908,14303.000058315838,22692.20347213745,7.313767262177369e-06
3576,1.453075885772705,14307.000058315838,22699.019443035126,7.293696478545519e-06
3577,1.4672236442565918,14311.000058315838,22704.944746255875,7.273651106955554e-06
3578,1.2085437774658203,14315.000058315838,22711.32659482956,7.253631159335253e-06
3579,1.4192395210266113,14319.000058315838,22718.18617296219,7.23363664759727e-06
3580,1.2557263374328613,14323.000058315838,22722.57427763939,7.21366758363912e-06
3581,1.374332070350647,14327.000058315838,22728.478256702423,7.19372397934319e-06
3582,1.2210384607315063,14331.000058315838,22734.587676763535,7.173805846576688e-06
3583,1.1229859590530396,14335.000058315838,22739.921394348145,7.153913197191687e-06
3584,1.4345941543579102,14339.000058315838,22746.872983932495,7.1340460430251095e-06
3585,1.3976601362228394,14343.000058315838,22752.66743850708,7.1142043958986625e-06
3586,1.1585898399353027,14347.000058315838,22759.087654829025,7.094388267618917e-06
3587,1.4256947040557861,14351.000058315838,22764.540901184082,7.074597669977258e-06
3588,0.9667503833770752,14355.000058315838,22770.055346250534,7.054832614749843e-06
3589,1.1917810440063477,14359.000058315838,22775.100915670395,7.035093113697661e-06
3590,1.4826267957687378,14363.000058315838,22782.235804080963,7.015379178566501e-06
3591,1.3714362382888794,14367.000058315838,22788.598335266113,6.995690821086907e-06
3592,1.472365140914917,14371.000058315838,22793.162204504013,6.976028052974237e-06
3593,1.1340595483779907,14375.000058315838,22799.884204864502,6.956390885928608e-06
3594,1.4185631275177002,14379.000058315838,22806.00850701332,6.936779331634887e-06
3595,1.500954508781433,14383.000058315838,22812.129634141922,6.917193401762732e-06
3596,1.298639178276062,14387.000058315838,22818.614312410355,6.897633107966529e-06
3597,1.37459397315979,14391.000058315838,22824.000665426254,6.878098461885432e-06
3598,1.404373288154602,14395.000058315838,22830.402916669846,6.858589475143319e-06
3599,1.145914077758789,14399.000058315838,22836.802767515182,6.839106159348784e-06
3600,1.5905768871307373,14403.000058315838,22844.300004720688,6.81964852609517e-06
3601,1.2503548860549927,14407.000058315838,22850.5924680233,6.800216586960535e-06
3602,1.3019518852233887,14411.000058315838,22856.159450769424,6.780810353507644e-06
3603,1.3354008197784424,14415.000058315838,22861.755560159683,6.761429837283975e-06
3604,1.4296064376831055,14419.000058315838,22868.541348695755,6.742075049821675e-06
3605,1.1469515562057495,14423.000058315838,22872.957270622253,6.722746002637606e-06
3606,1.2101070880889893,14427.000058315838,22878.730025053024,6.703442707233323e-06
3607,1.3127400875091553,14431.000058315838,22883.86478281021,6.684165175095024e-06
3608,1.4493528604507446,14435.000058315838,22890.654259443283,6.664913417693594e-06
3609,1.4840872287750244,14439.000058315838,22897.79002761841,6.645687446484595e-06
3610,1.4163978099822998,14443.000058315838,22904.71264743805,6.6264872729082425e-06
3611,1.287841558456421,14447.000058315838,22910.698470830917,6.607312908389361e-06
3612,1.335108757019043,14451.000058315838,22916.266731262207,6.588164364337463e-06
3613,1.0973867177963257,14455.000058315838,22921.458472013474,6.5690416521466985e-06
3614,1.4053356647491455,14459.000058315838,22928.241490602493,6.5499447831958045e-06
3615,1.3242955207824707,14463.000058315838,22935.320946216583,6.5308737688481774e-06
3616,1.3223768472671509,14467.000058315838,22941.254938840866,6.511828620451824e-06
3617,1.5371848344802856,14471.000058315838,22948.154603242874,6.492809349339338e-06
3618,1.1227525472640991,14475.000058315838,22954.311678647995,6.473815966827933e-06
3619,1.4156463146209717,14479.000058315838,22960.314731121063,6.454848484219428e-06
3620,1.5222002267837524,14483.000058315838,22967.116970539093,6.435906912800206e-06
3621,1.2402502298355103,14487.000058315838,22974.105140447617,6.41699126384125e-06
3622,1.3374005556106567,14491.000058315838,22980.654232501984,6.398101548598118e-06
3623,1.4481656551361084,14495.000058315838,22987.160549879074,6.379237778310917e-06
3624,1.3507765531539917,14499.000058315838,22993.268841981888,6.36039996420433e-06
3625,1.1042424440383911,14503.000058315838,23000.32000398636,6.3415881174876e-06
3626,1.1155774593353271,14507.000058315838,23006.159337997437,6.322802249354523e-06
3627,1.4638595581054688,14511.000058315838,23012.249639987946,6.304042370983401e-06
3628,1.1347355842590332,14515.000058315838,23018.70839524269,6.285308493537111e-06
3629,1.3649671077728271,14519.000058315838,23024.381579875946,6.266600628163053e-06
3630,1.2426928281784058,14523.000058315838,23030.16825222969,6.247918785993114e-06
3631,1.3377795219421387,14527.000058315838,23035.93995499611,6.229262978143737e-06
3632,1.334439754486084,14531.000058315838,23043.193594932556,6.21063321571587e-06
3633,1.4063993692398071,14535.000058315838,23049.65518927574,6.192029509794929e-06
3634,1.1209203004837036,14539.000058315838,23055.511305093765,6.173451871450853e-06
3635,1.635033369064331,14543.000058315838,23061.71782374382,6.154900311738083e-06
3636,1.331899642944336,14547.000058315838,23069.37585568428,6.136374841695494e-06
3637,1.2679085731506348,14551.000058315838,23076.74903702736,6.11787547234648e-06
3638,1.0204620361328125,14555.000058315838,23081.49465894699,6.099402214698893e-06
3639,1.2750508785247803,14559.000058315838,23088.53113913536,6.08095507974505e-06
3640,1.2297840118408203,14563.000058315838,23093.90648674965,6.062534078461705e-06
3641,1.3101470470428467,14567.000058315838,23099.33077120781,6.044139221810079e-06
3642,1.2367939949035645,14571.000058315838,23105.792875289917,6.025770520735834e-06
3643,1.311651349067688,14575.000058315838,23113.383602142334,6.007427986169066e-06
3644,1.3245515823364258,14579.000058315838,23119.60258102417,5.989111629024307e-06
3645,1.2265989780426025,14583.000058315838,23125.983012199402,5.9708214602005046e-06
3646,1.452558159828186,14587.000058315838,23132.670360803604,5.952557490581017e-06
3647,1.4669276475906372,14591.000058315838,23138.91330265999,5.934319731033629e-06
3648,1.280048131942749,14595.000058315838,23144.398658037186,5.916108192410526e-06
3649,1.0727636814117432,14599.000058315838,23150.014327287674,5.89792288554827e-06
3650,1.3130275011062622,14603.000058315838,23157.523249149323,5.8797638212678386e-06
3651,1.3234388828277588,14607.000058315838,23164.911781072617,5.8616310103746016e-06
3652,1.3750203847885132,14611.000058315838,23170.286665201187,5.843524463658268e-06
3653,1.4951304197311401,14615.000058315838,23177.016496181488,5.825444191892948e-06
3654,1.1733465194702148,14619.000058315838,23182.99609065056,5.807390205837121e-06
3655,1.5252394676208496,14623.000058315838,23190.20108437538,5.789362516233617e-06
3656,1.0934721231460571,14627.000058315838,23195.868253707886,5.7713611338096016e-06
3657,1.4349466562271118,14631.000058315838,23202.955951690674,5.753386069276612e-06
3658,1.1447975635528564,14635.000058315838,23209.305299043655,5.735437333330524e-06
3659,1.3653186559677124,14639.000058315838,23214.74282860756,5.717514936651517e-06
3660,1.2211378812789917,14643.000058315838,23222.216361045837,5.699618889904135e-06
3661,1.3043469190597534,14647.000058315838,23227.341005802155,5.681749203737226e-06
3662,1.5191357135772705,14651.000058315838,23233.20408153534,5.663905888783945e-06
3663,1.0690028667449951,14655.000058315838,23237.648626089096,5.6460889556617656e-06
3664,0.8756113052368164,14659.000058315838,23244.594186306,5.628298414972459e-06
3665,1.3689594268798828,14663.000058315838,23251.128799915314,5.6105342773021e-06
3666,1.278992772102356,14667.000058315838,23256.318155765533,5.592796553221045e-06
3667,1.4135775566101074,14671.000058315838,23263.87629175186,5.5750852532839305e-06
3668,1.1643644571304321,14675.000058315838,23270.66250371933,5.557400388029686e-06
3669,1.5454821586608887,14679.000058315838,23277.258376836777,5.539741967981477e-06
3670,1.383763313293457,14683.000058315838,23284.01954293251,5.52211000364677e-06
3671,1.212651252746582,14687.000058315838,23289.040361642838,5.504504505517279e-06
3672,1.352272629737854,14691.000058315838,23295.493363380432,5.486925484068944e-06
3673,0.9680894613265991,14695.000058315838,23299.98229432106,5.469372949761983e-06
3674,1.3653390407562256,14699.000058315838,23307.142790317535,5.451846913040855e-06
3675,1.596972107887268,14703.000058315838,23314.41033577919,5.43434738433421e-06
3676,1.11043119430542,14707.000058315838,23321.10526418686,5.416874374054972e-06
3677,1.3176753520965576,14711.000058315838,23328.685381412506,5.39942789260027e-06
3678,1.59700345993042,14715.000058315838,23335.09525489807,5.38200795035143e-06
3679,1.5393407344818115,14719.000058315838,23341.194288492203,5.364614557673998e-06
3680,1.3801225423812866,14723.000058315838,23347.196244716644,5.347247724917732e-06
3681,1.489919662475586,14727.000058315838,23354.39476084709,5.32990746241659e-06
3682,1.3880172967910767,14731.000058315838,23361.829119205475,5.312593780488682e-06
3683,1.39348304271698,14735.000058315838,23367.55591893196,5.295306689436338e-06
3684,1.0939385890960693,14739.000058315838,23373.055397748947,5.278046199546054e-06
3685,1.082761287689209,14743.000058315838,23379.499298095703,5.260812321088514e-06
3686,1.3424584865570068,14747.000058315838,23386.738853931427,5.243605064318516e-06
3687,1.3123745918273926,14751.000058315838,23392.242971658707,5.226424439475074e-06
3688,1.1032259464263916,14755.000058315838,23399.43332195282,5.209270456781327e-06
3689,1.087842345237732,14759.000058315838,23403.912990808487,5.192143126444572e-06
3690,1.2679119110107422,14763.000058315838,23410.944804430008,5.175042458656244e-06
3691,1.4777143001556396,14767.000058315838,23416.840086698532,5.1579684635918914e-06
3692,1.6229044198989868,14771.000058315838,23424.016381263733,5.140921151411225e-06
3693,1.2212656736373901,14775.000058315838,23429.768142223358,5.1239005322580655e-06
3694,1.2885665893554688,14779.000058315838,23436.006373643875,5.1069066162603335e-06
3695,1.518082857131958,14783.000058315838,23444.066933870316,5.089939413530083e-06
3696,1.372544527053833,14787.000058315838,23451.216086387634,5.072998934163464e-06
3697,1.1445717811584473,14791.000058315838,23456.920323610306,5.056085188240739e-06
3698,1.188058614730835,14795.000058315838,23463.04717540741,5.0391981858262184e-06
3699,1.313647985458374,14799.000058315838,23469.043576717377,5.02233793696835e-06
3700,1.3238823413848877,14803.000058315838,23476.020320653915,5.0055044516996474e-06
3701,1.251381754875183,14807.000058315838,23481.09481692314,4.988697740036675e-06
3702,1.303595781326294,14811.000058315838,23488.127489328384,4.971917811980098e-06
3703,1.3791818618774414,14815.000058315838,23494.46163201332,4.955164677514634e-06
3704,1.2115709781646729,14819.000058315838,23501.145886182785,4.938438346609035e-06
3705,1.3880581855773926,14823.000058315838,23507.095347881317,4.921738829216134e-06
3706,1.367337942123413,14827.000058315838,23513.42856502533,4.905066135272803e-06
3707,1.505963921546936,14831.000058315838,23519.783132076263,4.88842027469994e-06
3708,1.31331467628479,14835.000058315838,23525.798477888107,4.871801257402487e-06
3709,1.1923433542251587,14839.000058315838,23532.69947361946,4.8552090932694085e-06
3710,1.2480472326278687,14843.000058315838,23538.61398124695,4.83864379217371e-06
3711,1.3321079015731812,14847.000058315838,23544.235911607742,4.822105363972359e-06
3712,1.3939292430877686,14851.000058315838,23551.90879058838,4.805593818506395e-06
3713,1.3665679693222046,14855.000058315838,23557.90039253235,4.789109165600831e-06
3714,1.03677237033844,14859.000058315838,23563.568888664246,4.772651415064664e-06
3715,1.3371080160140991,14863.000058315838,23570.67878818512,4.756220576690917e-06
3716,1.1626888513565063,14867.000058315838,23576.736731529236,4.739816660256583e-06
3717,1.5366497039794922,14871.000058315838,23583.40338420868,4.723439675522617e-06
3718,1.5876206159591675,14875.000058315838,23590.972348690033,4.707089632233979e-06
3719,1.2047784328460693,14879.000058315838,23598.57106113434,4.690766540119598e-06
3720,1.2106661796569824,14883.000058315838,23604.163429498672,4.674470408892326e-06
3721,1.3301970958709717,14887.000058315838,23611.97460246086,4.658201248249012e-06
3722,1.254440188407898,14891.000058315838,23618.563549518585,4.641959067870451e-06
3723,1.2072373628616333,14895.000058315838,23624.518218755722,4.625743877421364e-06
3724,1.4331339597702026,14899.000058315838,23630.627466917038,4.609555686550424e-06
3725,1.3255466222763062,14903.000058315838,23636.917682409286,4.593394504890247e-06
3726,1.2526682615280151,14907.000058315838,23643.641213178635,4.577260342057377e-06
3727,1.1437655687332153,14911.000058315838,23649.71608710289,4.5611532076522465e-06
3728,1.2276582717895508,14915.000058315838,23656.141850471497,4.545073111259251e-06
3729,1.4018598794937134,14919.000058315838,23661.667678833008,4.52902006244667e-06
3730,1.3137798309326172,14923.000058315838,23667.796482801437,4.512994070766697e-06
3731,1.3790385723114014,14927.000058315838,23672.73402905464,4.496995145755426e-06
3732,1.1437082290649414,14931.000058315838,23678.28072810173,4.481023296932855e-06
3733,1.111275553703308,14935.000058315838,23685.026299715042,4.465078533802843e-06
3734,1.1672192811965942,14939.000058315838,23691.02658700943,4.449160865853151e-06
3735,1.5986571311950684,14943.000058315838,23698.410467386246,4.433270302555426e-06
3736,1.431367039680481,14947.000058315838,23704.575747966766,4.417406853365156e-06
3737,1.405358076095581,14951.000058315838,23710.950200796127,4.40157052772173e-06
3738,1.3428348302841187,14955.000058315838,23716.451964855194,4.385761335048372e-06
3739,1.3737863302230835,14959.000058315838,23722.38865685463,4.369979284752192e-06
3740,1.2112011909484863,14963.000058315838,23728.69605898857,4.354224386224095e-06
3741,1.1927192211151123,14967.000058315838,23734.17161011696,4.338496648838885e-06
3742,1.323278784751892,14971.000058315838,23739.782140016556,4.322796081955183e-06
3743,1.4171439409255981,14975.000058315838,23746.704647302628,4.307122694915426e-06
3744,1.4272644519805908,14979.000058315838,23752.829380750656,4.291476497045902e-06
3745,1.2195909023284912,14983.000058315838,23758.55163192749,4.27585749765672e-06
3746,1.304579496383667,14987.000058315838,23764.37237405777,4.260265706041775e-06
3747,1.194310188293457,14991.000058315838,23770.96683192253,4.244701131478809e-06
3748,0.9644275307655334,14995.000058315838,23775.639902830124,4.229163783229354e-06
3749,1.3610509634017944,14999.000058315838,23782.21278643608,4.213653670538732e-06
3750,1.1533693075180054,15003.000058315838,23787.31107711792,4.19817080263607e-06
3751,1.0192489624023438,15007.000058315838,23792.515323638916,4.182715188734282e-06
3752,1.124237298965454,15011.000058315838,23797.84742617607,4.167286838030065e-06
3753,1.3534481525421143,15015.000058315838,23804.690962076187,4.1518857597038925e-06
3754,1.083258032798767,15019.000058315838,23809.817039966583,4.136511962920004e-06
3755,1.2601550817489624,15023.000058315838,23814.25232720375,4.121165456826423e-06
3756,1.3656092882156372,15027.000058315838,23818.82286310196,4.105846250554907e-06
3757,1.2994294166564941,15031.000058315838,23824.77756547928,4.09055435322099e-06
3758,1.277909755706787,15035.000058315838,23831.41430258751,4.075289773923952e-06
3759,1.332308292388916,15039.000058315838,23836.68932580948,4.060052521746806e-06
3760,1.1906800270080566,15043.000058315838,23844.490695238113,4.044842605756319e-06
3761,1.184696912765503,15047.000058315838,23850.0108833313,4.029660035003e-06
3762,1.6357985734939575,15051.000058315838,23857.30568265915,4.014504818521051e-06
3763,1.1658680438995361,15055.000058315838,23862.339909791946,3.999376965328429e-06
3764,1.2261178493499756,15059.000058315838,23868.167960882187,3.984276484426802e-06
3765,1.4670863151550293,15063.000058315838,23874.72118616104,3.969203384801542e-06
3766,1.2436320781707764,15067.000058315838,23880.141050100327,3.954157675421732e-06
3767,1.130315899848938,15071.000058315838,23885.517666101456,3.939139365240164e-06
3768,1.3713772296905518,15075.000058315838,23891.296459436417,3.924148463193332e-06
3769,1.2345027923583984,15079.000058315838,23895.640896320343,3.909184978201381e-06
3770,1.052615761756897,15083.000058315838,23900.419204711914,3.894248919168186e-06
3771,1.2821030616760254,15087.000058315838,23907.827313661575,3.879340294981292e-06
3772,1.1332265138626099,15091.000058315838,23913.57249736786,3.864459114511917e-06
3773,1.2538808584213257,15095.000058315838,23919.2029504776,3.849605386614925e-06
3774,1.5076158046722412,15099.000058315838,23925.93280029297,3.834779120128883e-06
3775,1.172321081161499,15103.000058315838,23932.011940717697,3.819980323875994e-06
3776,1.5091118812561035,15107.000058315838,23938.14800286293,3.8052090066621268e-06
3777,1.0794230699539185,15111.000058315838,23944.610214948654,3.790465177276795e-06
3778,1.170682668685913,15115.000058315838,23951.685671806335,3.775748844493145e-06
3779,1.3256288766860962,15119.000058315838,23957.308118581772,3.7610600170679706e-06
3780,1.4835792779922485,15123.000058315838,23964.694405078888,3.7463987037417056e-06
3781,1.225426197052002,15127.000058315838,23971.951190710068,3.7317649132384153e-06
3782,1.132066011428833,15131.000058315838,23978.195952892303,3.71715865426576e-06
3783,1.4137284755706787,15135.000058315838,23985.144941091537,3.7025799355150414e-06
3784,1.3477414846420288,15139.000058315838,23993.11145043373,3.6880287656611746e-06
3785,1.3122265338897705,15143.000058315838,23999.748745679855,3.6735051533626656e-06
3786,1.058138132095337,15147.000058315838,24004.060089111328,3.6590091072616334e-06
3787,1.0710930824279785,15151.000058315838,24010.339475870132,3.6445406359838048e-06
3788,1.559191107749939,15155.000058315838,24017.505823373795,3.630099748138475e-06
3789,1.1216633319854736,15159.000058315838,24022.05140709877,3.6156864523185364e-06
3790,1.4097063541412354,15163.000058315838,24027.790634155273,3.601300757100483e-06
3791,1.3641432523727417,15167.000058315838,24034.390595197678,3.5869426710443437e-06
3792,1.6169707775115967,15171.000058315838,24041.23641681671,3.572612202693751e-06
3793,1.3448951244354248,15175.000058315838,24048.71755671501,3.5583093605758934e-06
3794,1.234427809715271,15179.000058315838,24054.036229372025,3.544034153201524e-06
3795,1.3169561624526978,15183.000058315838,24060.22307062149,3.529786589064947e-06
3796,1.5793429613113403,15187.000058315838,24067.5464322567,3.515566676644036e-06
3797,1.233779788017273,15191.000058315838,24073.748785972595,3.5013744244001774e-06
3798,1.4370489120483398,15195.000058315838,24080.358324050903,3.487209840778321e-06
3799,1.347684383392334,15199.000058315838,24086.0826253891,3.4730729342069523e-06
3800,1.0951817035675049,15203.000058315838,24092.708858966827,3.4589637130980862e-06
3801,1.31972336769104,15207.000058315838,24098.66595697403,3.4448821858472573e-06
3802,1.453244924545288,15211.000058315838,24104.681419610977,3.430828360833523e-06
3803,0.9187160730361938,15215.000058315838,24110.18489408493,3.4168022464194723e-06
3804,1.3869740962982178,15219.000058315838,24117.722496509552,3.402803850951173e-06
3805,1.5437369346618652,15223.000058315838,24125.11525964737,3.388833182758235e-06
3806,1.3659121990203857,15227.000058315838,24132.108271837234,3.3748902501537522e-06
3807,1.2433397769927979,15231.000058315838,24138.7692759037,3.3609750614342994e-06
3808,1.3816092014312744,15235.000058315838,24146.68141889572,3.3470876248799704e-06
3809,1.6000083684921265,15239.000058315838,24154.300364494324,3.333227948754338e-06
3810,1.409509301185608,15243.000058315838,24160.580837011337,3.319396041304451e-06
3811,1.2476754188537598,15247.000058315838,24165.728472948074,3.305591910760825e-06
3812,1.0960063934326172,15251.000058315838,24171.590128183365,3.2918155653374685e-06
3813,1.1972832679748535,15255.000058315838,24178.787989139557,3.2780670132318466e-06
3814,1.2247803211212158,15259.000058315838,24185.337990045547,3.264346262624877e-06
3815,1.492896556854248,15263.000058315838,24191.59857773781,3.250653321680952e-06
3816,1.3692703247070312,15267.000058315838,24197.697824001312,3.236988198547904e-06
3817,1.0227850675582886,15271.000058315838,24204.780783891678,3.223350901357013e-06
3818,1.2599021196365356,15275.000058315838,24210.869999408722,3.2097414382230116e-06
3819,1.2300649881362915,15279.000058315838,24216.786918878555,3.196159817244072e-06
3820,1.1075235605239868,15283.000058315838,24221.483078479767,3.1826060465017704e-06
3821,0.9600263833999634,15287.000058315838,24227.21959590912,3.169080134061139e-06
3822,1.4065762758255005,15291.000058315838,24234.357845306396,3.1555820879706356e-06
3823,1.2878016233444214,15295.000058315838,24241.351918935776,3.142111916262114e-06
3824,1.2625020742416382,15299.000058315838,24247.049337863922,3.1286696269508478e-06
3825,1.2317283153533936,15303.000058315838,24254.443360567093,3.1152552280355397e-06
3826,1.1426773071289062,15307.000058315838,24260.15244436264,3.1018687274982896e-06
3827,1.4774682521820068,15311.000058315838,24268.04032611847,3.088510133304566e-06
3828,1.4732182025909424,15315.000058315838,24273.985889673233,3.0751794534032615e-06
3829,1.3559367656707764,15319.000058315838,24281.16995382309,3.0618766957266722e-06
3830,1.237411618232727,15323.000058315838,24287.17769885063,3.0486018681904337e-06
3831,1.1955314874649048,15327.000058315838,24293.10439181328,3.035354978693608e-06
3832,1.345970869064331,15331.000058315838,24300.772523880005,3.022136035118607e-06
3833,1.2689800262451172,15335.000058315838,24306.638830184937,3.008945045331208e-06
3834,1.3704975843429565,15339.000058315838,24312.92608141899,2.9957820171805786e-06
3835,1.131293535232544,15343.000058315838,24320.110258579254,2.9826469584992445e-06
3836,1.6176799535751343,15347.000058315838,24326.08177423477,2.969539877103055e-06
3837,1.369138479232788,15351.000058315838,24332.816232204437,2.9564607807912575e-06
3838,1.2144012451171875,15355.000058315838,24340.435370206833,2.9434096773464173e-06
3839,1.4708304405212402,15359.000058315838,24345.95807337761,2.930386574534458e-06
3840,1.3992871046066284,15363.000058315838,24353.82248687744,2.9173914801046274e-06
3841,1.3453561067581177,15367.000058315838,24360.905123710632,2.9044244017895207e-06
3842,1.3439512252807617,15371.000058315838,24366.82235312462,2.891485347305068e-06
3843,1.173323154449463,15375.000058315838,24373.079523801804,2.8785743243504903e-06
3844,1.228460669517517,15379.000058315838,24380.87371635437,2.8656913406083677e-06
3845,1.146990180015564,15383.000058315838,24387.228493213654,2.852836403744587e-06
3846,1.3726288080215454,15387.000058315838,24394.247616291046,2.840009521408316e-06
3847,1.1927180290222168,15391.000058315838,24401.324852228165,2.827210701232063e-06
3848,1.1867520809173584,15395.000058315838,24405.88368654251,2.8144399508316385e-06
3849,1.2761611938476562,15399.000058315838,24412.70829987526,2.801697277806123e-06
3850,1.1362026929855347,15403.000058315838,24417.782217025757,2.788982689737909e-06
3851,1.0150600671768188,15407.000058315838,24423.02303624153,2.7762961941926813e-06
3852,1.3754078149795532,15411.000058315838,24429.585319519043,2.763637798719399e-06
3853,1.3638416528701782,15415.000058315838,24437.173615932465,2.7510075108502956e-06
3854,1.3266608715057373,15419.000058315838,24441.728589773178,2.738405338100896e-06
3855,1.3038238286972046,15423.000058315838,24447.84952688217,2.725831287969988e-06
3856,1.5825104713439941,15427.000058315838,24455.00115466118,2.713285367939613e-06
3857,1.2423423528671265,15431.000058315838,24461.368082523346,2.700767585475091e-06
3858,1.359727382659912,15435.000058315838,24467.4180495739,2.6882779480249953e-06
3859,1.2629810571670532,15439.000058315838,24473.71730685234,2.6758164630211512e-06
3861,1.469193696975708,15447.000058315838,24486.927648305893,2.6509779799957147e-06
3862,1.1569936275482178,15451.000058315838,24492.643270730972,2.638600996754002e-06
3863,1.391046166419983,15455.000058315838,24500.130210876465,2.626252195518271e-06
3864,1.2898355722427368,15459.000058315838,24506.615124225616,2.6139315836365435e-06
3865,1.4463506937026978,15463.000058315838,24512.38450074196,2.601639168440053e-06
3866,1.344441533088684,15467.000058315838,24518.256083488464,2.589374957243275e-06
3867,1.1757415533065796,15471.000058315838,24524.786299467087,2.577138957343898e-06
3868,1.3164218664169312,15475.000058315838,24530.02195763588,2.56493117602283e-06
3869,1.2574619054794312,15479.000058315838,24535.677886247635,2.5527516205441532e-06
3870,1.3467928171157837,15483.000058315838,24542.875418424606,2.540600298155203e-06
3871,1.4691087007522583,15487.000058315838,24549.29156589508,2.5284772160864884e-06
3872,1.2267094850540161,15491.000058315838,24556.300037384033,2.516382381551705e-06
3873,1.288489580154419,15495.000058315838,24562.892379045486,2.5043158017477606e-06
3874,1.291064977645874,15499.000058315838,24569.040696144104,2.4922774838547507e-06
3875,1.4399877786636353,15503.000058315838,24575.55781364441,2.480267435035933e-06
3876,1.2250062227249146,15507.000058315838,24581.67842555046,2.4682856624377623e-06
3877,1.2451823949813843,15511.000058315838,24586.76025891304,2.4563321731898733e-06
3878,1.0266004800796509,15515.000058315838,24592.32809829712,2.444406974405037e-06
3879,1.4585249423980713,15519.000058315838,24600.2726624012,2.432510073179232e-06
3880,1.4545621871948242,15523.000058315838,24606.193766117096,2.420641476591568e-06
3881,1.3070682287216187,15527.000058315838,24611.485515356064,2.4088011917043387e-06
3882,1.4249200820922852,15531.000058315838,24617.937452554703,2.396989225562964e-06
3883,1.5437068939208984,15535.000058315838,24624.44067645073,2.385205585196043e-06
3884,1.3054704666137695,15539.000058315838,24631.659857988358,2.373450277615284e-06
3885,1.1281183958053589,15543.000058315838,24638.113495349884,2.361723309815563e-06
3886,1.360410213470459,15547.000058315838,24644.2070851326,2.3500246887748875e-06
3887,1.342185139656067,15551.000058315838,24650.933717250824,2.3383544214543994e-06
3888,1.3911497592926025,15555.000058315838,24656.499792814255,2.3267125147983505e-06
3889,1.1752933263778687,15559.000058315838,24661.545306682587,2.315098975734143e-06
3890,1.2751216888427734,15563.000058315838,24668.368937969208,2.3035138111722885e-06
3891,1.3171640634536743,15567.000058315838,24674.198437213898,2.2919570280064004e-06
3892,1.2260551452636719,15571.000058315838,24680.893268823624,2.280428633113228e-06
3893,1.2513830661773682,15575.000058315838,24687.582693099976,2.2689286333526185e-06
3894,1.4681050777435303,15579.000058315838,24694.63450193405,2.2574570355675143e-06
3895,1.4987891912460327,15583.000058315838,24701.54918193817,2.2460138465839727e-06
3896,1.3176077604293823,15587.000058315838,24707.962169885635,2.234599073211136e-06
3897,1.3034952878952026,15591.000058315838,24713.74404025078,2.223212722241244e-06
3898,1.2178293466567993,15595.000058315838,24720.27798295021,2.2118548004496164e-06
3899,1.4869346618652344,15599.000058315838,24726.69391489029,2.200525314594659e-06
3900,1.3204032182693481,15603.000058315838,24733.355594158173,2.189224271417874e-06
3901,1.3496098518371582,15607.000058315838,24738.67849612236,2.177951677643812e-06
3902,1.3765913248062134,15611.000058315838,24746.053735494614,2.166707539980107e-06
3903,1.219038963317871,15615.000058315838,24751.007759332657,2.155491865117465e-06
3904,1.1565042734146118,15619.000058315838,24757.702491521835,2.1443046597296583e-06
3905,1.1635091304779053,15623.000058315838,24764.38508081436,2.1331459304734973e-06
3906,1.317549467086792,15627.000058315838,24769.709080696106,2.1220156839888826e-06
3907,1.1685646772384644,15631.000058315838,24776.4601085186,2.110913926898729e-06
3908,1.255018949508667,15635.000058315838,24782.546199321747,2.09984066580902e-06
3909,1.15936279296875,15639.000058315838,24788.7281229496,2.0887959073087866e-06
3910,1.2234923839569092,15643.000058315838,24796.392020225525,2.07777965797009e-06
3911,1.2633719444274902,15647.000058315838,24801.588686466217,2.0667919243480266e-06
3912,1.2076830863952637,15651.000058315838,24806.9825193882,2.055832712980729e-06
3913,1.2247880697250366,15655.000058315838,24813.172543525696,2.0449020303893667e-06
3914,1.2511779069900513,15659.000058315838,24819.591024398804,2.0339998830781045e-06
3915,1.2158596515655518,15663.000058315838,24826.818321704865,2.023126277534161e-06
3916,1.3185431957244873,15667.000058315838,24833.6848859787,2.012281220227757e-06
3917,1.0534443855285645,15671.000058315838,24838.63635802269,2.0014647176121203e-06
3918,1.3276209831237793,15675.000058315838,24845.834191083908,1.9906767761235e-06
3919,1.1585402488708496,15679.000058315838,24851.76378107071,1.9799174021811402e-06
3920,1.512098789215088,15683.000058315838,24857.433062314987,1.969186602187284e-06
3921,1.2319612503051758,15687.000058315838,24863.4236164093,1.958484382527186e-06
3922,1.5689141750335693,15691.000058315838,24870.99018216133,1.947810749569083e-06
3923,1.2669836282730103,15695.000058315838,24877.756954193115,1.9371657096642126e-06
3924,1.4777413606643677,15699.000058315838,24884.364582300186,1.9265492691467726e-06
3925,1.2265290021896362,15703.000058315838,24889.452718257904,1.9159614343339724e-06
3926,1.118062973022461,15707.000058315838,24894.86319875717,1.9054022115259923e-06
3927,0.9526050686836243,15711.000058315838,24901.144557237625,1.8948716070059698e-06
3928,1.2388747930526733,15715.000058315838,24907.712299585342,1.8843696270400396e-06
3929,1.2146152257919312,15719.000058315838,24913.98149585724,1.8738962778772944e-06
3930,1.3128330707550049,15723.000058315838,24920.334339618683,1.863451565749769e-06
3931,1.1635308265686035,15727.000058315838,24926.798453330994,1.853035496872489e-06
3932,1.041008710861206,15731.000058315838,24933.17054080963,1.8426480774434217e-06
3933,1.2866698503494263,15735.000058315838,24939.833206653595,1.832289313643487e-06
3934,1.16123628616333,15739.000058315838,24946.172689914703,1.821959211636552e-06
3935,1.276543378829956,15743.000058315838,24952.395941495895,1.811657777569442e-06
3936,1.3907709121704102,15747.000058315838,24957.78299832344,1.801385017571901e-06
3937,1.3088032007217407,15751.000058315838,24963.294588327408,1.791140937756626e-06
3938,1.2575020790100098,15755.000058315838,24969.715398311615,1.7809255442192556e-06
3939,1.4075829982757568,15759.000058315838,24975.677879333496,1.7707388430383422e-06
3940,1.322313666343689,15763.000058315838,24982.698733329773,1.7605808402753682e-06
3941,1.2257988452911377,15767.000058315838,24989.670122861862,1.7504515419747468e-06
3942,1.3725433349609375,15771.000058315838,24995.79502916336,1.7403509541638099e-06
3943,1.0974968671798706,15775.000058315838,25002.567693948746,1.7302790828527982e-06
3944,1.042794108390808,15779.000058315838,25008.012582063675,1.7202359340348715e-06
3945,1.2240090370178223,15783.000058315838,25014.696345090866,1.7102215136860977e-06
3946,1.127466082572937,15787.000058315838,25020.810526132584,1.7002358277654472e-06
3947,1.1523069143295288,15791.000058315838,25026.84669327736,1.690278882214788e-06
3948,1.4901938438415527,15795.000058315838,25033.663866519928,1.6803506829589068e-06
3949,1.1668440103530884,15799.000058315838,25039.84442424774,1.6704512359054598e-06
3950,1.213991403579712,15803.000058315838,25045.467146396637,1.6605805469450063e-06
3951,1.25413978099823,15807.000058315838,25052.482237815857,1.6507386219510017e-06
3952,1.3780288696289062,15811.000058315838,25060.7598259449,1.6409254667797718e-06
3953,1.2581321001052856,15815.000058315838,25067.76646542549,1.631141087270522e-06
3954,1.4385395050048828,15819.000058315838,25073.463631391525,1.6213854892453444e-06
3955,1.255203366279602,15823.000058315838,25080.24171113968,1.611658678509211e-06
3956,1.5082950592041016,15827.000058315838,25087.409851551056,1.6019606608499464e-06
3957,1.416218638420105,15831.000058315838,25093.602884054184,1.5922914420382449e-06
3958,1.3788985013961792,15835.000058315838,25100.04773068428,1.5826510278276867e-06
3959,1.45405912399292,15839.000058315838,25105.81019425392,1.5730394239546826e-06
3960,1.3039969205856323,15843.000058315838,25112.198698282242,1.5634566361385176e-06
3961,1.1926653385162354,15847.000058315838,25117.699815034866,1.5539026700813302e-06
3962,1.1602892875671387,15851.000058315838,25124.250039815903,1.5443775314680944e-06
3963,1.2213999032974243,15855.000058315838,25129.523216485977,1.5348812259666428e-06
3964,1.19948410987854,15859.000058315838,25136.850925922394,1.5254137592276603e-06
3965,1.4730876684188843,15863.000058315838,25144.2049305439,1.5159751368846459e-06
3966,1.276570439338684,15867.000058315838,25150.52205848694,1.5065653645539566e-06
3967,1.1804474592208862,15871.000058315838,25157.006125450134,1.4971844478347745e-06
3968,1.4984304904937744,15875.000058315838,25163.270964860916,1.4878323923091121e-06
3969,1.391340732574463,15879.000058315838,25169.443905115128,1.478509203541807e-06
3970,1.4762687683105469,15883.000058315838,25177.372673273087,1.4692148870805325e-06
3971,1.3079535961151123,15887.000058315838,25183.642085790634,1.4599494484557535e-06
3972,1.5086755752563477,15891.000058315838,25190.600895643234,1.450712893180777e-06
3973,1.2340055704116821,15895.000058315838,25196.675127983093,1.4415052267517174e-06
3974,1.5060182809829712,15899.000058315838,25203.463274240494,1.4323264546474983e-06
3975,1.1284995079040527,15903.000058315838,25209.6387860775,1.4231765823298397e-06
3976,1.1031543016433716,15907.000058315838,25216.429933309555,1.4140556152432816e-06
3977,1.0930213928222656,15911.000058315838,25222.495469093323,1.4049635588151551e-06
3978,1.1181318759918213,15915.000058315838,25227.424196958542,1.3959004184555831e-06
3979,1.1867239475250244,15919.000058315838,25233.072201013565,1.3868661995574969e-06
3980,1.2357795238494873,15923.000058315838,25239.301780939102,1.3778609074966137e-06
3981,1.0211637020111084,15927.000058315838,25244.200349330902,1.3688845476314257e-06
3982,0.9949761629104614,15931.000058315838,25248.87944173813,1.3599371253032221e-06
3983,1.252358078956604,15935.000058315838,25255.676717996597,1.3510186458360675e-06
3984,1.529360294342041,15939.000058315838,25261.032476186752,1.342129114536812e-06
3985,1.1753101348876953,15943.000058315838,25267.337738752365,1.3332685366950702e-06
3986,1.2125864028930664,15947.000058315838,25272.772380828857,1.3244369175832308e-06
3987,1.1948661804199219,15951.000058315838,25278.826639175415,1.3156342624564639e-06
3988,1.411241054534912,15955.000058315838,25285.43039751053,1.3068605765526808e-06
3989,1.2448225021362305,15959.000058315838,25292.421259641647,1.2981158650925733e-06
3990,1.4000459909439087,15963.000058315838,25298.016540765762,1.2894001332795914e-06
3991,1.364525318145752,15967.000058315838,25303.98223876953,1.2807133862999273e-06
3992,1.092451572418213,15971.000058315838,25308.789745807648,1.272055629322542e-06
3993,1.4206111431121826,15975.000058315838,25314.810904741287,1.263426867499144e-06
3994,1.3225983381271362,15979.000058315838,25321.46940112114,1.2548271059641778e-06
3995,1.2102187871932983,15983.000058315838,25327.979335308075,1.2462563498348407e-06
3996,1.3390142917633057,15987.000058315838,25333.3274371624,1.237714604211066e-06
3997,1.184062123298645,15991.000058315838,25338.59654855728,1.2292018741755347e-06
3998,1.2375454902648926,15995.000058315838,25345.55119752884,1.2207181647936407e-06
3999,1.3777176141738892,15999.000058315838,25353.32750082016,1.2122634811135316e-06
4000,1.3300784826278687,16003.000058315838,25358.986494779587,1.2038378281660797e-06
4001,1.4973807334899902,16007.000058315838,25366.630481004715,1.1954412109648652e-06
4002,1.1458966732025146,16011.000058315838,25371.062956809998,1.1870736345062164e-06
4003,0.9737588167190552,16015.000058315838,25376.671248674393,1.1787351037691692e-06
4004,1.377058506011963,16019.000058315838,25383.954867124557,1.170425623715468e-06
4005,0.9716325998306274,16023.000058315838,25390.427251577377,1.1621451992895769e-06
4006,1.124577522277832,16027.000058315838,25397.927087068558,1.1538938354186901e-06
4007,1.3776440620422363,16031.000058315838,25403.68872976303,1.1456715370126666e-06
4008,1.437936544418335,16035.000058315838,25411.223343610764,1.1374783089641168e-06
4009,1.5603153705596924,16039.000058315838,25418.153239011765,1.129314156148322e-06
4010,1.3439959287643433,16043.000058315838,25425.233592271805,1.121179083423282e-06
4011,1.4095466136932373,16047.000058315838,25431.36204981804,1.1130730956296721e-06
4012,1.4097903966903687,16051.000058315838,25437.479041337967,1.1049961975908759e-06
4013,1.5203152894973755,16055.000058315838,25445.056818962097,1.0969483941129682e-06
4014,1.3955413103103638,16059.000058315838,25450.23269557953,1.0889296899846994e-06
4015,1.3493541479110718,16063.000058315838,25456.09923839569,1.0809400899775226e-06
4016,1.328532099723816,16067.000058315838,25462.161716222763,1.0729795988455657e-06
4017,1.459886908531189,16071.000058315838,25469.75347685814,1.0650482213256154e-06
4018,1.1421940326690674,16075.000058315838,25474.85054540634,1.0571459621371608e-06
4019,1.3317365646362305,16079.000058315838,25482.17087650299,1.0492728259823605e-06
4020,1.3501334190368652,16083.000058315838,25489.30070376396,1.0414288175460319e-06
4021,1.2406792640686035,16087.000058315838,25497.02837562561,1.0336139414956723e-06
4022,1.6308882236480713,16091.000058315838,25503.11269426346,1.0258282024814328e-06
4023,1.2786102294921875,16095.000058315838,25509.535088300705,1.0180716051361384e-06
4024,1.3959591388702393,16099.000058315838,25516.303308725357,1.010344154075268e-06
4025,1.6269593238830566,16103.000058315838,25522.521152973175,1.0026458538969523e-06
4026,1.2943525314331055,16107.000058315838,25527.15723800659,9.94976709181987e-07
4027,1.2674037218093872,16111.000058315838,25534.463220596313,9.873367244938089e-07
4028,1.094362497329712,16115.000058315838,25541.573720932007,9.79725904378513e-07
4029,1.3238009214401245,16119.000058315838,25547.533039093018,9.721442533648367e-07
4030,1.3320047855377197,16123.000058315838,25554.103385448456,9.64591775964153e-07
4031,1.4861857891082764,16127.000058315838,25559.831775665283,9.570684766704769e-07
4032,1.5326642990112305,16131.000058315838,25566.941237926483,9.495743599604872e-07
4033,1.1374056339263916,16135.000058315838,25572.264298915863,9.421094302934493e-07
4034,1.446212649345398,16139.000058315838,25579.264093399048,9.346736921113086e-07
4035,1.3838903903961182,16143.000058315838,25585.61488890648,9.272671498386138e-07
4036,1.5061622858047485,16147.000058315838,25592.240129232407,9.19889807882544e-07
4037,1.3624968528747559,16151.000058315838,25598.506454229355,9.125416706329147e-07
4038,1.3259668350219727,16155.000058315838,25604.026692390442,9.052227424621497e-07
4039,1.197544813156128,16159.000058315838,25611.336726903915,8.979330277253034e-07
4040,1.36848783493042,16163.000058315838,25619.03045463562,8.90672530760033e-07
4041,1.4797818660736084,16167.000058315838,25625.818855524063,8.834412558866211e-07
4042,1.3623363971710205,16171.000058315838,25633.91059947014,8.762392074079639e-07
4043,1.1200377941131592,16175.000058315838,25639.97030520439,8.690663896095607e-07
4044,1.4130656719207764,16179.000058315838,25646.38064646721,8.619228067595137e-07
4045,1.2510710954666138,16183.000058315838,25651.623759508133,8.548084631085445e-07
4046,1.1795721054077148,16187.000058315838,25657.459188699722,8.477233628899554e-07
4047,1.4040336608886719,16191.000058315838,25664.18214058876,8.406675103196682e-07
4048,1.207674264907837,16195.000058315838,25671.124310016632,8.336409095961854e-07
4049,1.3226256370544434,16199.000058315838,25677.98503923416,8.26643564900607e-07
4050,1.437119722366333,16203.000058315838,25683.69069337845,8.1967548039663e-07
4051,1.414766788482666,16207.000058315838,25690.237617254257,8.127366602305379e-07
4052,1.351978063583374,16211.000058315838,25696.683575868607,8.058271085312058e-07
4053,0.9843825697898865,16215.000058315838,25701.604494810104,7.989468294100784e-07
4054,1.1566678285598755,16219.000058315838,25707.101301431656,7.920958269611979e-07
4055,1.4765899181365967,16223.000058315838,25714.05433988571,7.852741052611756e-07
4056,1.1344592571258545,16227.000058315838,25718.536900758743,7.784816683692041e-07
4057,1.2721678018569946,16231.000058315838,25724.493626832962,7.717185203270507e-07
4058,1.126335859298706,16235.000058315838,25731.560557365417,7.649846651590468e-07
4059,1.0434002876281738,16239.000058315838,25737.68365430832,7.5828010687211e-07
4060,1.2362964153289795,16243.000058315838,25744.293264865875,7.516048494557055e-07
4061,1.2344048023223877,16247.000058315838,25751.1128115654,7.449588968818788e-07
4062,1.2443044185638428,16251.000058315838,25757.09934234619,7.38342253105234e-07
4063,1.4230374097824097,16255.000058315838,25764.008105039597,7.317549220629229e-07
4064,1.5663471221923828,16259.000058315838,25770.81013059616,7.251969076746774e-07
4065,1.2643260955810547,16263.000058315838,25776.212566137314,7.18668213842766e-07
4066,1.008575201034546,16267.000058315838,25782.32581925392,7.121688444520211e-07
4067,1.5931390523910522,16271.000058315838,25789.03897666931,7.056988033698117e-07
4068,1.2501542568206787,16275.000058315838,25795.313885211945,6.992580944460814e-07
4069,1.1475863456726074,16279.000058315838,25801.03847503662,6.928467215132937e-07
4070,1.291527271270752,16283.000058315838,25807.826157808304,6.864646883864705e-07
4071,1.1172773838043213,16287.000058315838,25813.680042028427,6.8011199886317e-07
4072,1.2855809926986694,16291.000058315838,25820.544992685318,6.737886567234922e-07
4073,1.3963685035705566,16295.000058315838,25827.595867872238,6.674946657300677e-07
4074,1.2688626050949097,16299.000058315838,25833.51693725586,6.612300296280748e-07
4075,1.3625954389572144,16303.000058315838,25839.436193227768,6.549947521452165e-07
4076,1.4905598163604736,16307.000058315838,25846.305774450302,6.487888369917212e-07
4077,1.336900234222412,16311.000058315838,25851.82940006256,6.426122878603592e-07
4078,1.3343678712844849,16315.000058315838,25858.165426015854,6.364651084264147e-07
4079,1.3824071884155273,16319.000058315838,25864.195065259933,6.303473023476972e-07
4080,1.2889494895935059,16323.000058315838,25871.137918949127,6.242588732645466e-07
4081,1.2106149196624756,16327.000058315838,25878.05333352089,6.181998247998173e-07
4082,1.2830939292907715,16331.000058315838,25884.403999328613,6.121701605588774e-07
4083,1.2402170896530151,16335.000058315838,25890.714310884476,6.061698841296148e-07
4084,1.072085976600647,16339.000058315838,25896.39171886444,6.001989990824259e-07
4085,1.5022815465927124,16343.000058315838,25902.67100596428,5.942575089702211e-07
4086,1.3590106964111328,16347.000058315838,25908.245224237442,5.883454173284192e-07
4087,1.4692918062210083,16351.000058315838,25914.356553316116,5.824627276749589e-07
4088,1.5015954971313477,16355.000058315838,25921.10573410988,5.766094435102482e-07
4089,1.0958384275436401,16359.000058315838,25927.903923034668,5.707855683172371e-07
4090,1.4641609191894531,16363.000058315838,25934.91539001465,5.649911055613621e-07
4091,1.3718959093093872,16367.000058315838,25942.72483754158,5.5922605869054e-07
4092,1.3191965818405151,16371.000058315838,25949.66701579094,5.534904311352075e-07
4093,1.3569295406341553,16375.000058315838,25956.58518767357,5.477842263082931e-07
4094,1.4610587358474731,16379.000058315838,25961.42197394371,5.421074476052062e-07
4095,1.3166499137878418,16383.000058315838,25968.83575129509,5.364600984038478e-07
4096,1.2971067428588867,16387.00005831584,25974.474739313126,5.308421820646163e-07
4097,1.248706579208374,16391.00005831584,25979.700947999954,5.252537019304022e-07
4098,1.3815405368804932,16395.00005831584,25986.78555226326,5.196946613265544e-07
4099,1.1993051767349243,16399.00005831584,25991.44648885727,5.141650635609246e-07
4100,1.3402281999588013,16403.00005831584,25997.002624750137,5.086649119238401e-07
4101,1.4958057403564453,16407.00005831584,26002.851833105087,5.031942096881085e-07
4102,1.4230417013168335,16411.00005831584,26008.76460623741,4.977529601090129e-07
4103,1.4020696878433228,16415.00005831584,26015.662889957428,4.923411664243116e-07
4104,1.4147132635116577,16419.00005831584,26022.84327316284,4.869588318542212e-07
4105,1.2769006490707397,16423.00005831584,26028.230553388596,4.81605959601456e-07
4106,1.1830074787139893,16427.00005831584,26033.705365657806,4.76282552851183e-07
4107,1.3755474090576172,16431.00005831584,26041.036766290665,4.7098861477102806e-07
4108,1.3874940872192383,16435.00005831584,26047.570407629013,4.657241485110976e-07
4109,1.3384709358215332,16439.00005831584,26054.230579853058,4.6048915720395095e-07
4110,1.3713990449905396,16443.00005831584,26060.89172577858,4.5528364396462295e-07
4111,1.2916680574417114,16447.00005831584,26066.087290287018,4.5010761189059e-07
4112,1.2532193660736084,16451.00005831584,26073.423499584198,4.449610640617928e-07
4113,1.5912379026412964,16455.00005831584,26079.684502601624,4.3984400354064156e-07
4114,1.4376823902130127,16459.00005831584,26086.015034914017,4.3475643337196635e-07
4115,1.3483339548110962,16463.00005831584,26091.5378408432,4.296983565830834e-07
4116,1.5408329963684082,16467.00005831584,26098.336534261703,4.246697761837509e-07
4117,1.2959572076797485,16471.00005831584,26104.017696619034,4.196706951661634e-07
4118,1.1712403297424316,16475.00005831584,26109.014026880264,4.1470111650496827e-07
4119,1.1926119327545166,16479.00005831584,26115.75003862381,4.097610431572662e-07
4120,0.9901921153068542,16483.00005831584,26121.937674999237,4.048504780625884e-07
4121,1.3264638185501099,16487.00005831584,26128.512449502945,3.999694241429191e-07
4122,1.2556285858154297,16491.00005831584,26134.775041103363,3.951178843026679e-07
4123,1.3047435283660889,16495.00005831584,26140.085333824158,3.9029586142869737e-07
4124,1.2583589553833008,16499.00005831584,26146.18998479843,3.855033583903007e-07
4125,1.4589121341705322,16503.00005831584,26151.142317056656,3.807403780392021e-07
4126,1.2385032176971436,16507.00005831584,26157.35108923912,3.7600692320956754e-07
4127,1.1968868970870972,16511.00005831584,26163.22632598877,3.7130299671797717e-07
4128,1.449157476425171,16515.00005831584,26169.306802034378,3.6662860136345856e-07
4129,1.4058690071105957,16519.00005831584,26175.248755455017,3.6198373992746447e-07
4130,1.5374081134796143,16523.00005831584,26180.5227329731,3.573684151738564e-07
4131,1.2920842170715332,16527.00005831584,26187.21439909935,3.5278262984894324e-07
4132,1.384934425354004,16531.00005831584,26194.760866880417,3.482263866814423e-07
4133,1.4075016975402832,16535.00005831584,26200.67230606079,3.4369968838249633e-07
4134,1.084380865097046,16539.00005831584,26205.420499801636,3.392025376456732e-07
4135,1.2530155181884766,16543.00005831584,26211.488052845,3.347349371469495e-07
4136,1.072232723236084,16547.00005831584,26218.325060606003,3.3029688954472697e-07
4137,1.0402908325195312,16551.00005831584,26224.785593509674,3.258883974798103e-07
4138,1.4952293634414673,16555.00005831584,26230.419153928757,3.215094635754296e-07
4139,1.3615005016326904,16559.00005831584,26236.186769247055,3.1716009043721784e-07
4140,1.323521375656128,16563.00005831584,26243.407031059265,3.128402806532334e-07
4141,1.1611031293869019,16567.00005831584,26250.070227622986,3.0855003679391537e-07
4142,1.3832676410675049,16571.00005831584,26256.294982910156,3.0428936141214473e-07
4143,1.2696889638900757,16575.00005831584,26262.200572490692,3.0005825704317785e-07
4144,1.2857433557510376,16579.00005831584,26269.45614886284,2.9585672620469074e-07
4145,1.159448504447937,16583.00005831584,26275.450721263885,2.9168477139675677e-07
4146,1.3757078647613525,16587.00005831584,26281.805088996887,2.875423951018581e-07
4147,1.493416666984558,16591.00005831584,26288.530464172363,2.8342959978486864e-07
4148,1.265760064125061,16595.00005831584,26295.455031871796,2.793463878930599e-07
4149,1.2562649250030518,16599.00005831584,26301.78099513054,2.752927618561064e-07
4150,1.4477572441101074,16603.00005831584,26307.98956346512,2.71268724086069e-07
4151,1.0335769653320312,16607.00005831584,26312.675812005997,2.6727427697741174e-07
4152,1.372037649154663,16611.00005831584,26318.707150697708,2.633094229069904e-07
4153,1.1795287132263184,16615.00005831584,26323.45993232727,2.5937416423404165e-07
4154,1.0677411556243896,16619.00005831584,26330.607451677322,2.554685033001997e-07
4155,1.0252753496170044,16623.00005831584,26336.49209213257,2.515924424294907e-07
4156,1.3671574592590332,16627.00005831584,26343.76072382927,2.477459839283215e-07
4157,1.4037823677062988,16631.00005831584,26350.72572994232,2.4392913008548e-07
4158,1.4577538967132568,16635.00005831584,26357.702907800674,2.4014188317214577e-07
4159,1.317338228225708,16639.00005831584,26363.34989476204,2.363842454418795e-07
4160,1.3457145690917969,16643.00005831584,26367.595947265625,2.3265621913062798e-07
4161,1.3902716636657715,16647.00005831584,26373.433452367783,2.2895780645670793e-07
4162,1.400920033454895,16651.00005831584,26380.189353466034,2.2528900962082232e-07
4163,1.2241790294647217,16655.00005831584,26385.64762878418,2.2164983080603843e-07
4164,1.2007412910461426,16659.00005831584,26392.087619304657,2.1804027217782646e-07
4165,1.2347946166992188,16663.00005831584,26399.43419790268,2.1446033588400422e-07
4166,1.3373677730560303,16667.00005831584,26406.0443110466,2.1091002405477583e-07
4167,1.1867098808288574,16671.00005831584,26414.31449842453,2.0738933880272072e-07
4168,1.3052153587341309,16675.00005831584,26419.819087266922,2.0389828222278254e-07
4169,1.5942021608352661,16679.00005831584,26425.899188041687,2.0043685639226902e-07
4170,1.0995960235595703,16683.00005831584,26430.655578374863,1.9700506337087438e-07
4171,1.43143630027771,16687.00005831584,26438.093351602554,1.9360290520064026e-07
4172,1.4091854095458984,16691.00005831584,26444.63525724411,1.902303839059948e-07
4173,1.3323599100112915,16695.00005831584,26450.245944023132,1.8688750149371355e-07
4174,1.1102173328399658,16699.00005831584,26455.99837422371,1.8357425995294188e-07
4175,1.2234537601470947,16703.00005831584,26463.1350877285,1.8029066125518927e-07
4176,1.1807317733764648,16707.00005831584,26468.298790454865,1.7703670735432941e-07
4177,1.3998401165008545,16711.00005831584,26474.89411520958,1.7381240018658907e-07
4178,1.354527235031128,16715.00005831584,26479.285858392715,1.7061774167055362e-07
4179,1.4570215940475464,16719.00005831584,26486.45143866539,1.6745273370717822e-07
4180,1.3827974796295166,16723.00005831584,26493.386920690536,1.643173781797599e-07
4181,1.3724381923675537,16727.00005831584,26499.963044404984,1.6121167695395997e-07
4182,1.020946979522705,16731.00005831584,26506.985426664352,1.581356318777872e-07
4183,1.5081956386566162,16735.00005831584,26512.230083703995,1.5508924478162012e-07
4184,0.9537915587425232,16739.00005831584,26516.656443595886,1.520725174781737e-07
4185,1.2784608602523804,16743.00005831584,26521.923423290253,1.4908545176251034e-07
4186,1.4692083597183228,16747.00005831584,26529.21102809906,1.4612804941206233e-07
4187,1.033542513847351,16751.00005831584,26535.773995637894,1.432003121865982e-07
4188,0.9486005306243896,16755.00005831584,26542.489235162735,1.4030224182822859e-07
4189,1.6053645610809326,16759.00005831584,26548.96523785591,1.3743384006142827e-07
4190,1.183034896850586,16763.00005831584,26554.438759565353,1.3459510859300289e-07
4191,1.3339043855667114,16767.00005831584,26561.004264831543,1.3178604911210558e-07
4192,1.237779140472412,16771.00005831584,26567.01935863495,1.2900666329024815e-07
4193,1.234358549118042,16775.00005831584,26572.256108045578,1.262569527812622e-07
4194,1.4233729839324951,16779.00005831584,26579.390365362167,1.235369192213434e-07
4195,1.3677445650100708,16783.00005831584,26584.764313459396,1.208465642290073e-07
4196,1.0653327703475952,16787.00005831584,26590.504006147385,1.1818588940512804e-07
4197,1.5288093090057373,16791.00005831584,26596.31918478012,1.1555489633291061e-07
4198,1.3664134740829468,16795.00005831584,26601.69819045067,1.1295358657789646e-07
4199,1.1252007484436035,16799.00005831584,26608.41078853607,1.1038196168796898e-07
4200,1.0126508474349976,16803.00005831584,26614.785857200623,1.07840023193348e-07
4201,1.1835964918136597,16807.00005831584,26620.45779299736,1.0532777260657865e-07
4202,1.3438849449157715,16811.00005831584,26626.28600001335,1.028452114225536e-07
4203,1.3592270612716675,16815.00005831584,26632.23281645775,1.0039234111849641e-07
4204,1.2119646072387695,16819.00005831584,26638.538039684296,9.796916315395039e-08
4205,1.2882375717163086,16823.00005831584,26644.39643883705,9.557567897081746e-08
4206,1.3149381875991821,16827.00005831584,26650.350899219513,9.321188999330268e-08
4207,1.167266845703125,16831.00005831584,26655.669835567474,9.087779762795308e-08
4208,1.2703193426132202,16835.00005831584,26660.847618341446,8.857340326365211e-08
4209,1.222130298614502,16839.00005831584,26667.11385202408,8.629870827159742e-08
4210,1.0768905878067017,16843.00005831584,26673.67951273918,8.405371400532311e-08
4211,0.9885696172714233,16847.00005831584,26678.89517736435,8.183842180069414e-08
4212,1.3703570365905762,16851.00005831584,26684.103009939194,7.965283297589525e-08
4213,1.1355130672454834,16855.00005831584,26690.78749847412,7.749694883143091e-08
4214,1.3735802173614502,16859.00005831584,26696.31947207451,7.537077065013652e-08
4215,1.3898515701293945,16863.00005831584,26701.554835796356,7.32742996971783e-08
4216,1.1018614768981934,16867.00005831584,26706.09384202957,7.12075372200367e-08
4217,1.1763969659805298,16871.00005831584,26711.628883838654,6.917048444851752e-08
4218,1.3368232250213623,16875.00005831584,26717.069067001343,6.716314259473521e-08
4219,1.3103692531585693,16879.00005831584,26722.320362091064,6.518551285315726e-08
4220,1.2489439249038696,16883.00005831584,26729.172810554504,6.323759640053213e-08
4221,1.4723988771438599,16887.00005831584,26735.963872909546,6.131939439595022e-08
4222,1.5914422273635864,16891.00005831584,26743.297268152237,5.9430907980827246e-08
4223,1.128442645072937,16895.00005831584,26748.032351017,5.7572138278876504e-08
4224,1.2413268089294434,16899.00005831584,26755.370067358017,5.574308639614216e-08
4225,1.3630996942520142,16903.00005831584,26761.70446896553,5.3943753420982595e-08
4226,1.2526426315307617,16907.00005831584,26769.11054468155,5.21741404240704e-08
4227,1.2315795421600342,16911.00005831584,26775.930468559265,5.0434248458392387e-08
4228,1.1497437953948975,16915.00005831584,26780.919899702072,4.8724078559255156e-08
4229,1.2011526823043823,16919.00005831584,26786.21639919281,4.7043631744273947e-08
4230,1.4869225025177002,16923.00005831584,26793.012576818466,4.539290901338933e-08
4231,1.1719746589660645,16927.00005831584,26797.385929584503,4.37719113488339e-08
4232,1.518537163734436,16931.00005831584,26803.936406373978,4.218063971517111e-08
4233,1.180016040802002,16935.00005831584,26811.8269405365,4.061909505926753e-08
4234,1.3194613456726074,16939.00005831584,26818.826392412186,3.908727831030395e-08
4235,1.5184885263442993,16943.00005831584,26825.089260339737,3.758519037977538e-08
4236,1.3937774896621704,16947.00005831584,26830.526531934738,3.611283216147439e-08
4237,1.3740907907485962,16951.00005831584,26837.383333444595,3.467020453151888e-08
4238,1.1313480138778687,16955.00005831584,26843.33340382576,3.3257308348329856e-08
4239,1.2034000158309937,16959.00005831584,26849.895039081573,3.187414445263144e-08
4240,1.073294758796692,16963.00005831584,26855.01648068428,3.052071366746198e-08
4241,1.3443236351013184,16967.00005831584,26860.66765666008,2.9197016798162927e-08
4242,1.0975273847579956,16971.00005831584,26867.68591427803,2.790305463238996e-08
4243,1.3397984504699707,16975.00005831584,26874.582007408142,2.6638827940101873e-08
4244,1.3606278896331787,16979.00005831584,26881.313415765762,2.5404337473555023e-08
4245,1.3111530542373657,16983.00005831584,26888.615569114685,2.4199583967331085e-08
4246,1.4234365224838257,16987.00005831584,26894.83315730095,2.3024568138298203e-08
4247,1.5072777271270752,16991.00005831584,26902.208421230316,2.1879290685638727e-08
4248,1.3786356449127197,16995.00005831584,26909.549170970917,2.0763752290838136e-08
4249,1.286160945892334,16999.00005831584,26916.461122989655,1.9677953617679468e-08
4250,1.359769344329834,17003.00005831584,26923.5510866642,1.8621895312265528e-08
4251,1.2769482135772705,17007.00005831584,26931.351836442947,1.7595578002985585e-08
4252,1.068021535873413,17011.00005831584,26937.125195741653,1.6599002300537576e-08
4253,1.1447672843933105,17015.00005831584,26943.383363962173,1.5632168797933658e-08
4254,1.1565344333648682,17019.00005831584,26951.202382564545,1.4695078070461341e-08
4255,1.3054537773132324,17023.00005831584,26957.305319070816,1.3787730675739014e-08
4256,1.3293565511703491,17027.00005831584,26963.07211279869,1.2910127153671523e-08
4257,1.3824243545532227,17031.00005831584,26968.769112586975,1.2062268026466837e-08
4258,1.4331327676773071,17035.00005831584,26975.06371831894,1.1244153798630477e-08
4259,1.3087594509124756,17039.00005831584,26981.03267621994,1.0455784956971096e-08
4260,1.1613438129425049,17043.00005831584,26987.73624610901,9.697161970605999e-09
4261,1.6143649816513062,17047.00005831584,26995.26198387146,8.968285290944514e-09
4262,1.4894397258758545,17051.00005831584,27002.822088956833,8.26915535169353e-09
4263,1.2437738180160522,17055.00005831584,27008.434708833694,7.599772568863053e-09
4264,1.440009593963623,17059.00005831584,27015.665995836258,6.960137340766205e-09
4265,1.2381287813186646,17063.00005831584,27022.27942299843,6.350250048008119e-09
4266,1.360718011856079,17067.00005831584,27028.59301185608,5.770111053491497e-09
4267,1.28213632106781,17071.00005831584,27034.074076652527,5.219720702427702e-09
4268,1.1519383192062378,17075.00005831584,27038.835126399994,4.699079322314566e-09
4269,1.2056856155395508,17079.00005831584,27046.611377716064,4.208187222964134e-09
4270,1.0152140855789185,17083.00005831584,27052.810445547104,3.747044696463814e-09
4271,1.1894962787628174,17087.00005831584,27059.16173028946,3.3156520172207825e-09
4272,1.0773963928222656,17091.00005831584,27063.874635219574,2.914009441928678e-09
4273,1.51791512966156,17095.00005831584,27070.649923801422,2.5421172095787034e-09
4274,1.4081637859344482,17099.00005831584,27077.166964054108,2.199975541465179e-09
4275,1.4100605249404907,17103.00005831584,27083.52884221077,1.8875846411688854e-09
4276,1.2018593549728394,17107.00005831584,27088.397596120834,1.604944694579272e-09
4277,1.3025695085525513,17111.00005831584,27095.206740617752,1.352055869883351e-09
4278,1.1607788801193237,17115.00005831584,27102.381236553192,1.1289183175434972e-09
4279,1.0718128681182861,17119.00005831584,27107.906313180923,9.355321703529546e-10
4280,1.1609487533569336,17123.00005831584,27113.732444047928,7.718975433747775e-10
4281,1.4438070058822632,17127.00005831584,27120.350992441177,6.380145339806867e-10
4282,1.2190546989440918,17131.00005831584,27126.081530332565,5.338832218344167e-10
4283,1.4048597812652588,17135.00005831584,27132.621186971664,4.5950366890281784e-10
4284,1.4725346565246582,17139.00005831584,27139.579569101334,4.148759194392027e-10
4285,1.601671576499939,17143.00005831584,27147.45255279541,3.9999999999999996e-10
4286,1.5812182426452637,17147.00005831584,27151.7568295002,4.148759194392027e-10
