step,training_loss,epoch,elapsed_time,lr_param_group_0
0,4.949566841125488,1.0001166316771635,11.614027738571167,4.005203767033154e-06
1,4.892658710479736,3.0001166316771637,22.758957386016846,4.020813939832951e-06
2,4.754837989807129,5.000116631677163,32.89909100532532,4.046827133745131e-06
3,5.0850629806518555,7.000116631677163,41.493165493011475,4.083237708494647e-06
4,4.787641525268555,9.000116631677164,52.17076921463013,4.130037769408643e-06
5,4.991389274597168,11.000116631677164,62.60193109512329,4.187217169128213e-06
6,4.903362274169922,13.000116631677164,71.91430354118347,4.254763509808549e-06
7,4.9146928787231445,15.000116631677164,82.09401273727417,4.332662145807096e-06
8,4.780094146728516,17.000116631677162,89.93684768676758,4.420896186859127e-06
9,4.77780818939209,19.000116631677162,98.67080235481262,4.519446501739894e-06
10,4.640960693359375,21.000116631677162,108.65331292152405,4.6282917224127164e-06
11,4.661562442779541,23.000116631677162,117.27609753608704,4.747408248662158e-06
12,4.714871406555176,25.000116631677162,124.59378671646118,4.876770253211038e-06
13,4.899839878082275,27.000116631677162,135.75694060325623,5.0163496873203945e-06
14,4.949603080749512,29.000116631677162,145.0553274154663,5.1661162868711755e-06
15,5.144645690917969,31.000116631677162,153.29979991912842,5.326037578926146e-06
16,4.962724208831787,33.000116631677166,160.28859877586365,5.496078888770844e-06
17,4.971775054931641,35.000116631677166,169.07781791687012,5.676203347431793e-06
18,4.667303562164307,37.000116631677166,177.4209587574005,5.866371899670701e-06
19,4.793222427368164,39.000116631677166,187.61400437355042,6.0665433124524476e-06
20,4.969054222106934,41.000116631677166,196.7468593120575,6.276674183885387e-06
21,4.674644947052002,43.000116631677166,205.69395565986633,6.496718952632007e-06
22,4.721308708190918,45.000116631677166,215.27898955345154,6.7266299077875275e-06
23,4.874172210693359,47.000116631677166,223.09463119506836,6.966357199224952e-06
24,4.836060523986816,49.000116631677166,232.7882981300354,7.2158488484036e-06
25,4.788138389587402,51.000116631677166,240.53644132614136,7.475050759639309e-06
26,4.684321403503418,53.000116631677166,250.17465233802795,7.743906731833765e-06
27,4.664970397949219,55.000116631677166,261.35764598846436,8.022358470660083e-06
28,4.951681137084961,57.000116631677166,268.98553586006165,8.310345601202475e-06
29,4.602553844451904,59.000116631677166,277.7410726547241,8.60780568104695e-06
30,4.692201614379883,61.000116631677166,287.68969106674194,8.914674213820301e-06
31,4.924375534057617,63.000116631677166,296.0734043121338,9.230884663174413e-06
32,4.596376895904541,65.00011663167716,304.4236352443695,9.556368467212973e-06
33,4.951964378356934,67.00011663167716,311.94700598716736,9.89105505335725e-06
34,5.1215715408325195,69.00011663167716,321.03172755241394,1.023487185364795e-05
35,4.7705278396606445,71.00011663167716,330.6315243244171,1.0587744320479599e-05
36,4.768998146057129,73.00011663167716,338.14357328414917,1.0949595942764327e-05
37,4.824795722961426,75.00011663167716,348.55928349494934,1.1320348262521137e-05
38,4.741302490234375,77.00011663167716,355.8820993900299,1.1699920891887564e-05
39,4.683366775512695,79.00011663167716,364.87556767463684,1.2088231530549693e-05
40,4.895951271057129,81.00011663167716,370.38742113113403,1.2485195983586632e-05
41,4.789610385894775,83.00011663167716,377.2234148979187,1.289072817972616e-05
42,5.04209041595459,85.00011663167716,386.5109555721283,1.3304740190006869e-05
43,4.82620906829834,87.00011663167716,394.77649092674255,1.3727142246843345e-05
44,4.635502338409424,89.00011663167716,404.81567215919495,1.415784276348982e-05
45,4.852868556976318,91.00011663167716,414.383314371109,1.4596748353898416e-05
46,4.779092311859131,93.00011663167716,423.9179940223694,1.5043763852967354e-05
47,4.556665897369385,95.00011663167716,434.1870713233948,1.5498792337175084e-05
48,4.992027759552002,97.00011663167716,441.51102232933044,1.5961735145595567e-05
49,4.979544162750244,99.00011663167716,449.97989988327026,1.6432491901290257e-05
50,4.777395248413086,101.00011663167716,457.99899077415466,1.6910960533072242e-05
51,4.799684047698975,103.00011663167716,467.0890111923218,1.7397037297637685e-05
52,4.669027328491211,105.00011663167716,476.6876940727234,1.789061680205978e-05
53,4.932687759399414,107.00011663167716,484.08581805229187,1.8391592026640474e-05
54,4.863299369812012,109.00011663167716,492.76218724250793,1.8899854348114847e-05
55,4.916468620300293,111.00011663167716,500.38479924201965,1.941529356320321e-05
56,5.082115173339844,113.00011663167716,509.50185990333557,1.9937797912505757e-05
57,4.949520111083984,115.00011663167716,517.0142676830292,2.0467254104734683e-05
58,4.649463176727295,117.00011663167716,524.9261991977692,2.1003547341278355e-05
59,4.827703475952148,119.00011663167716,532.3274619579315,2.1546561341092465e-05
60,4.819938659667969,121.00011663167716,543.5098567008972,2.2096178365912372e-05
61,5.021103382110596,123.00011663167716,551.7994949817657,2.265227924578162e-05
62,4.886638641357422,125.00011663167716,559.889876127243,2.3214743404890826e-05
63,4.997834205627441,127.00011663167716,569.2125778198242,2.378344888772129e-05
64,4.832935333251953,129.00011663167717,579.9869480133057,2.435827238548789e-05
65,4.598134994506836,131.00011663167717,588.3891978263855,2.4939089262875303e-05
66,4.7973833084106445,133.00011663167717,598.3775234222412,2.5525773585061918e-05
67,4.806008338928223,135.00011663167717,607.1949701309204,2.611819814502545e-05
68,4.712375640869141,137.00011663167717,616.438150882721,2.6716234491124455e-05
69,4.723462104797363,139.00011663167717,626.4420363903046,2.7319752954949652e-05
70,4.863706588745117,141.00011663167717,632.1711599826813,2.792862267943916e-05
71,4.811003684997559,143.00011663167717,642.340142250061,2.8542711647251272e-05
72,4.745125770568848,145.00011663167717,650.8199529647827,2.9161886709389115e-05
73,4.8479485511779785,147.00011663167717,657.4047181606293,2.9786013614070336e-05
74,4.610517501831055,149.00011663167717,667.7072730064392,3.0414957035836116e-05
75,4.827108383178711,151.00011663167717,676.6824617385864,3.1048580604893e-05
76,4.851668357849121,153.00011663167717,686.3005712032318,3.1686746936680944e-05
77,4.6573486328125,155.00011663167717,696.0772638320923,3.232931766166167e-05
78,4.932897567749023,157.00011663167717,705.5158710479736,3.297615345532041e-05
79,4.86823844909668,159.00011663167717,716.3424122333527,3.3627114068374655e-05
80,4.578929901123047,161.00011663167717,723.7442493438721,3.4282058357183704e-05
81,4.654972553253174,163.00011663167717,731.1370787620544,3.494084431435175e-05
82,4.591489315032959,165.00011663167717,739.7477819919586,3.5603329099518556e-05
83,4.878545761108398,167.00011663167717,749.0841810703278,3.6269369070330586e-05
84,4.704773902893066,169.00011663167717,758.5657849311829,3.6938819813586027e-05
85,4.622735023498535,171.00011663167717,769.224377155304,3.761153617654708e-05
86,4.817957401275635,173.00011663167717,778.3178741931915,3.828737229841239e-05
87,4.586831569671631,175.00011663167717,787.3019864559174,3.896618164194317e-05
88,4.818715572357178,177.00011663167717,797.0170266628265,3.9647817025235934e-05
89,4.794015884399414,179.00011663167717,806.626270532608,4.033213065363502e-05
90,4.606845378875732,181.00011663167717,816.1157050132751,4.101897415177792e-05
91,4.955410003662109,183.00011663167717,821.5498995780945,4.170819859576661e-05
92,4.937355041503906,185.00011663167717,831.7717795372009,4.2399654545457763e-05
93,4.720380783081055,187.00011663167717,841.8401536941528,4.309319207686488e-05
94,4.743053913116455,189.00011663167717,851.3856115341187,4.378866081466537e-05
95,4.6925506591796875,191.00011663167717,862.5897378921509,4.4485909964805484e-05
96,4.782978057861328,193.00011663167717,872.0193009376526,4.518478834719596e-05
97,4.826654434204102,195.00011663167717,880.4767129421234,4.5885144428491565e-05
98,4.614587783813477,197.00011663167717,887.9028010368347,4.658682635494699e-05
99,4.746405601501465,199.00011663167717,897.0870373249054,4.7289681985342345e-05
100,4.624688148498535,201.00011663167717,908.2684030532837,4.799355892397106e-05
101,4.656167030334473,203.00011663167717,919.4473896026611,4.869830455368275e-05
102,4.740419864654541,205.00011663167717,927.7729337215424,4.940376606897433e-05
103,4.484928607940674,207.00011663167717,937.591050863266,5.0109790509121776e-05
104,4.719098091125488,209.00011663167717,944.214512348175,5.081622479134563e-05
105,4.6778564453125,211.00011663167717,952.4695718288422,5.152291574400305e-05
106,4.531323432922363,213.00011663167717,962.8933486938477,5.222971013979895e-05
107,4.6042022705078125,215.00011663167717,970.5542635917664,5.293645472900932e-05
108,4.463856220245361,217.00011663167717,981.7543678283691,5.364299627270941e-05
109,4.634304523468018,219.00011663167717,990.6179368495941,5.434918157599952e-05
110,4.6351423263549805,221.00011663167717,1001.8068521022797,5.5054857521221286e-05
111,4.441403388977051,223.00011663167717,1011.8421838283539,5.575987110115723e-05
112,4.543102264404297,225.00011663167717,1020.6831500530243,5.64640694522063e-05
113,4.511918544769287,227.00011663167717,1029.7115552425385,5.716729988752832e-05
114,4.609264373779297,229.00011663167717,1036.2596292495728,5.7869409930150125e-05
115,4.552666664123535,231.00011663167717,1045.3936550617218,5.8570247346026165e-05
116,4.6095170974731445,233.00011663167717,1054.689516544342,5.926966017704641e-05
117,4.7554521560668945,235.00011663167717,1063.5260603427887,5.996749677398452e-05
118,4.6998796463012695,237.00011663167717,1074.726350069046,6.0663605829378904e-05
119,4.748016357421875,239.00011663167717,1085.8162698745728,6.135783641033984e-05
120,4.697964668273926,241.00011663167717,1097.0016362667084,6.205003799127518e-05
121,4.719208717346191,243.00011663167717,1105.2302420139313,6.2740060486528e-05
122,4.752083778381348,245.00011663167717,1114.9745228290558,6.342775428291858e-05
123,4.722897052764893,247.00011663167717,1123.3875105381012,6.411297027218416e-05
124,4.655126571655273,249.00011663167717,1132.211681842804,6.479555988330905e-05
125,4.475296974182129,251.00011663167717,1141.32452750206,6.547537511473848e-05
126,4.45122766494751,253.00011663167717,1152.4949798583984,6.615226856646868e-05
127,4.5587358474731445,255.00011663167717,1162.6799638271332,6.682609347200679e-05
128,4.528851509094238,257.00011663167714,1168.657424211502,6.749670373019324e-05
129,4.618568420410156,259.00011663167714,1177.6235449314117,6.816395393687992e-05
130,4.629033088684082,261.00011663167714,1184.4082899093628,6.882769941645739e-05
131,4.5184478759765625,263.00011663167714,1193.926106929779,6.948779625322371e-05
132,4.268586158752441,265.00011663167714,1203.0642578601837,7.0144101322589e-05
133,4.586871147155762,267.00011663167714,1211.9265208244324,7.07964723221081e-05
134,4.43246603012085,269.00011663167714,1221.3315320014954,7.144476780233515e-05
135,4.495356559753418,271.00011663167714,1230.8791024684906,7.208884719749314e-05
136,4.568517208099365,273.00011663167714,1240.4356944561005,7.272857085595199e-05
137,4.58708381652832,275.00011663167714,1247.5387153625488,7.33638000705081e-05
138,4.581847190856934,277.00011663167714,1257.688891172409,7.399439710845969e-05
139,4.384151458740234,279.00011663167714,1268.2393593788147,7.462022524147016e-05
140,4.630890846252441,281.00011663167714,1278.063261270523,7.52411487752142e-05
141,4.589864730834961,283.00011663167714,1287.6962945461273,7.585703307879954e-05
142,4.700804710388184,285.00011663167714,1296.8561508655548,7.646774461395803e-05
143,4.592925548553467,287.00011663167714,1306.6595437526703,7.707315096399997e-05
144,4.621888160705566,289.00011663167714,1314.1915922164917,7.76731208625251e-05
145,4.660430908203125,291.00011663167714,1325.3692576885223,7.826752422188429e-05
146,4.472606658935547,293.00011663167714,1333.972975730896,7.885623216138563e-05
147,4.619607925415039,295.00011663167714,1341.9887092113495,7.943911703523881e-05
148,4.500305652618408,297.00011663167714,1350.5727574825287,8.001605246023172e-05
149,4.4095563888549805,299.00011663167714,1357.9123556613922,8.05869133431333e-05
150,4.421414375305176,301.00011663167714,1366.433985710144,8.11515759078168e-05
151,4.551923751831055,303.00011663167714,1377.2266764640808,8.170991772209725e-05
152,4.40397310256958,305.00011663167714,1388.4128458499908,8.22618177242777e-05
153,4.549260139465332,307.00011663167714,1398.0919907093048,8.280715624939828e-05
154,4.628908157348633,309.00011663167714,1404.871899843216,8.334581505518239e-05
155,4.605701446533203,311.00011663167714,1414.0054333209991,8.387767734767437e-05
156,4.579011917114258,313.00011663167714,1421.8007762432098,8.440262780656322e-05
157,4.54262638092041,315.00011663167714,1431.2960591316223,8.492055261018676e-05
158,4.6162824630737305,317.00011663167714,1440.5767562389374,8.543133946021089e-05
159,4.371515274047852,319.00011663167714,1450.1405589580536,8.593487760597848e-05
160,4.347395896911621,321.00011663167714,1460.1245012283325,8.643105786852276e-05
161,4.395112991333008,323.00011663167714,1469.2418475151062,8.691977266423983e-05
162,4.364012718200684,325.00011663167714,1478.338541984558,8.740091602821545e-05
163,4.68621826171875,327.00011663167714,1487.9038162231445,8.787438363720061e-05
164,4.425662517547607,329.00011663167714,1499.085881948471,8.834007283223136e-05
165,4.213460922241211,331.00011663167714,1508.7143275737762,8.879788264088769e-05
166,4.479689121246338,333.00011663167714,1518.185028553009,8.924771379918668e-05
167,4.1959547996521,335.00011663167714,1526.147983789444,8.968946877310532e-05
168,4.29942512512207,337.00011663167714,1537.026582956314,9.012305177972819e-05
169,4.2216949462890625,339.00011663167714,1545.1415450572968,9.054836880801547e-05
170,4.385615825653076,341.00011663167714,1553.4981372356415,9.096532763918672e-05
171,4.296918869018555,343.00011663167714,1561.9788143634796,9.13738378667161e-05
172,4.428117752075195,345.00011663167714,1571.0973670482635,9.17738109159347e-05
173,4.42631721496582,347.00011663167714,1578.0064098834991,9.216516006323552e-05
174,4.467232704162598,349.00011663167714,1583.6774752140045,9.254780045487722e-05
175,4.008450031280518,351.00011663167714,1594.8314139842987,9.292164912538254e-05
176,4.358613014221191,353.00011663167714,1602.371788263321,9.328662501552698e-05
177,4.610823154449463,355.00011663167714,1610.738623380661,9.364264898991454e-05
178,4.41379451751709,357.00011663167714,1621.5170967578888,9.398964385413598e-05
179,4.47389030456543,359.00011663167714,1629.0032105445862,9.432753437150651e-05
180,4.253095626831055,361.00011663167714,1638.2054159641266,9.465624727937885e-05
181,4.5351667404174805,363.00011663167714,1646.5752713680267,9.497571130502827e-05
182,4.488893032073975,365.00011663167714,1654.8252596855164,9.528585718110621e-05
183,4.213486671447754,367.00011663167714,1666.037080526352,9.558661766065915e-05
184,4.386584281921387,369.00011663167714,1676.2318241596222,9.587792753170921e-05
185,4.294550895690918,371.00011663167714,1685.564423084259,9.615972363139376e-05
186,4.49142599105835,373.00011663167714,1695.0664246082306,9.643194485966056e-05
187,4.126361846923828,375.00011663167714,1704.8124811649323,9.669453219251573e-05
188,4.006068229675293,377.00011663167714,1712.81147646904,9.694742869482151e-05
189,4.440993309020996,379.00011663167714,1721.0726788043976,9.719057953264118e-05
190,4.381319046020508,381.00011663167714,1731.8118708133698,9.74239319851283e-05
191,4.430625915527344,383.00011663167714,1740.0151765346527,9.764743545595794e-05
192,4.260394096374512,385.00011663167714,1749.5214030742645,9.7861041484297e-05
193,4.19627571105957,387.00011663167714,1758.9775121212006,9.806470375531184e-05
194,4.171260833740234,389.00011663167714,1770.1308062076569,9.825837811021028e-05
195,4.0794453620910645,391.00011663167714,1779.086369752884,9.844202255581635e-05
196,4.1117753982543945,393.00011663167714,1788.6437487602234,9.86155972736754e-05
197,4.332437515258789,395.00011663167714,1795.925635099411,9.877906462868765e-05
198,4.2578935623168945,397.00011663167714,1805.040343284607,9.893238917726838e-05
199,4.110211372375488,399.00011663167714,1814.519228219986,9.907553767503299e-05
200,4.400217056274414,401.00011663167714,1821.0999684333801,9.920847908400504e-05
201,4.286551475524902,403.00011663167714,1832.276649236679,9.933118457934617e-05
202,4.293277740478516,405.00011663167714,1840.9988806247711,9.94436275556059e-05
203,4.154107570648193,407.00011663167714,1851.8733332157135,9.954578363249033e-05
204,4.084016799926758,409.00011663167714,1862.0963366031647,9.963763066014845e-05
205,4.227579116821289,411.00011663167714,1873.2910585403442,9.971914872397464e-05
206,4.091602802276611,413.00011663167714,1882.3904509544373,9.979032014892666e-05
207,4.251527786254883,415.00011663167714,1889.4413855075836,9.985112950335809e-05
208,4.453590393066406,417.00011663167714,1896.5371363162994,9.990156360236415e-05
209,4.258584022521973,419.00011663167714,1906.1458342075348,9.994161151064064e-05
210,4.24603796005249,421.00011663167714,1915.4381346702576,9.997126454485484e-05
211,4.266239166259766,423.00011663167714,1924.7437345981598,9.999051627552833e-05
212,4.103264331817627,425.00011663167714,1933.0084836483002,9.999936252843106e-05
213,4.199366092681885,427.00011663167714,1940.3928472995758,9.999999371492387e-05
214,4.362652778625488,429.00011663167714,1949.1425762176514,9.99999595003128e-05
215,4.2297515869140625,431.00011663167714,1958.531103849411,9.999989553388694e-05
216,4.248936653137207,433.00011663167714,1965.4760537147522,9.999980181568438e-05
217,4.26217794418335,435.00011663167714,1973.0126407146454,9.999967834576087e-05
218,4.191180229187012,437.00011663167714,1981.9408140182495,9.999952512418988e-05
219,4.105007171630859,439.00011663167714,1989.1824910640717,9.999934215106257e-05
220,4.037193775177002,441.00011663167714,1998.814689397812,9.999912942648784e-05
221,4.324872970581055,443.00011663167714,2008.532235622406,9.999888695059226e-05
222,4.157259941101074,445.00011663167714,2019.0128536224365,9.999861472352011e-05
223,4.032505989074707,447.00011663167714,2029.9180374145508,9.999831274543337e-05
224,4.269257545471191,449.00011663167714,2039.6653623580933,9.999798101651174e-05
225,4.408866882324219,451.00011663167714,2047.1946675777435,9.999761953695261e-05
226,3.9551684856414795,453.00011663167714,2056.059445619583,9.999722830697106e-05
227,4.23956298828125,455.00011663167714,2063.7349603176117,9.99968073267999e-05
228,4.112135887145996,457.00011663167714,2074.9342753887177,9.999635659668965e-05
229,4.073568344116211,459.00011663167714,2082.888675928116,9.999587611690848e-05
230,4.429154872894287,461.00011663167714,2088.9669709205627,9.99953658877423e-05
231,4.162079334259033,463.00011663167714,2098.4645075798035,9.999482590949472e-05
232,4.094948768615723,465.00011663167714,2108.424046278,9.999425618248705e-05
233,4.227617263793945,467.00011663167714,2117.5461642742157,9.999365670705831e-05
234,3.969489097595215,469.00011663167714,2126.8922457695007,9.999302748356518e-05
235,4.242674827575684,471.00011663167714,2135.559294462204,9.999236851238211e-05
236,4.090996742248535,473.00011663167714,2144.996349334717,9.999167979390118e-05
237,4.005253314971924,475.00011663167714,2156.1870651245117,9.999096132853225e-05
238,4.236110687255859,477.00011663167714,2163.2403194904327,9.999021311670279e-05
239,4.016034126281738,479.00011663167714,2170.2450239658356,9.998943515885801e-05
240,4.100129127502441,481.00011663167714,2180.0836668014526,9.998862745546089e-05
241,4.396533489227295,483.00011663167714,2189.692851781845,9.998779000699197e-05
242,3.9129300117492676,485.00011663167714,2198.96377825737,9.99869228139496e-05
243,4.175826072692871,487.00011663167714,2206.568410396576,9.99860258768498e-05
244,3.9759790897369385,489.00011663167714,2216.0203800201416,9.998509919622626e-05
245,3.8717408180236816,491.00011663167714,2225.3211159706116,9.998414277263043e-05
246,3.9542458057403564,493.00011663167714,2233.031800031662,9.998315660663138e-05
247,4.036589622497559,495.00011663167714,2240.090386867523,9.998214069881593e-05
248,4.003150939941406,497.00011663167714,2249.256896018982,9.998109504978859e-05
249,4.235499382019043,499.00011663167714,2257.22163772583,9.998001966017155e-05
250,3.9494669437408447,501.00011663167714,2267.615054368973,9.997891453060473e-05
251,3.8710360527038574,503.00011663167714,2276.1394302845,9.997777966174571e-05
252,4.135724067687988,505.00011663167714,2283.0666677951813,9.997661505426978e-05
253,4.154773712158203,507.00011663167714,2290.1351442337036,9.997542070886993e-05
254,4.017538547515869,509.00011663167714,2297.6860349178314,9.997419662625685e-05
255,4.036041736602783,511.00011663167714,2308.849024772644,9.997294280715889e-05
256,4.23262882232666,513.0001166316772,2318.4247720241547,9.997165925232218e-05
257,3.870356559753418,515.0001166316772,2329.632643222809,9.997034596251042e-05
258,4.151614189147949,517.0001166316772,2338.2961764335632,9.99690029385051e-05
259,3.8713290691375732,519.0001166316772,2346.91982960701,9.996763018110538e-05
260,3.9158174991607666,521.0001166316772,2354.542737007141,9.996622769112808e-05
261,4.059441566467285,523.0001166316772,2364.564186811447,9.996479546940776e-05
262,3.7982254028320312,525.0001166316772,2374.7560868263245,9.996333351679662e-05
263,4.257780075073242,527.0001166316772,2381.4181723594666,9.996184183416461e-05
264,4.2200117111206055,529.0001166316772,2389.585170984268,9.996032042239932e-05
265,4.060644149780273,531.0001166316772,2399.158980369568,9.995876928240605e-05
266,3.9611449241638184,533.0001166316772,2406.4150409698486,9.995718841510781e-05
267,3.912214517593384,535.0001166316772,2417.3519797325134,9.995557782144525e-05
268,3.896777391433716,537.0001166316772,2428.5477418899536,9.995393750237677e-05
269,4.059686660766602,539.0001166316772,2436.5833892822266,9.995226745887838e-05
270,3.9819400310516357,541.0001166316772,2445.585691690445,9.995056769194385e-05
271,4.003492832183838,543.0001166316772,2453.899564743042,9.99488382025846e-05
272,4.202523231506348,545.0001166316772,2464.1539771556854,9.994707899182974e-05
273,4.0924530029296875,547.0001166316772,2473.5689787864685,9.994529006072608e-05
274,3.9104294776916504,549.0001166316772,2481.757087945938,9.994347141033811e-05
275,3.9191815853118896,551.0001166316772,2491.7912092208862,9.994162304174797e-05
276,3.984231472015381,553.0001166316772,2501.5570425987244,9.993974495605554e-05
277,4.11399507522583,555.0001166316772,2512.6066992282867,9.993783715437833e-05
278,3.901183605194092,557.0001166316772,2520.7817735671997,9.993589963785158e-05
279,4.0363030433654785,559.0001166316772,2530.1671957969666,9.993393240762819e-05
280,4.01509428024292,561.0001166316772,2541.347095966339,9.993193546487873e-05
281,4.045017242431641,563.0001166316772,2550.9051909446716,9.992990881079143e-05
282,3.8760244846343994,565.0001166316772,2562.1076395511627,9.992785244657227e-05
283,4.320137977600098,567.0001166316772,2571.3428406715393,9.992576637344486e-05
284,3.944765329360962,569.0001166316772,2582.4185960292816,9.992365059265047e-05
285,3.7489254474639893,571.0001166316772,2593.588268518448,9.99215051054481e-05
286,4.010658264160156,573.0001166316772,2603.1288402080536,9.99193299131144e-05
287,4.201842308044434,575.0001166316772,2612.738242149353,9.991712501694367e-05
288,3.7535572052001953,577.0001166316772,2623.930627822876,9.991489041824792e-05
289,3.976407051086426,579.0001166316772,2633.5623297691345,9.991262611835683e-05
290,4.013158798217773,581.0001166316772,2642.311195373535,9.991033211861773e-05
291,3.8607587814331055,583.0001166316772,2652.522344350815,9.990800842039567e-05
292,3.635807514190674,585.0001166316772,2663.484894990921,9.990565502507334e-05
293,4.01781702041626,587.0001166316772,2672.5124135017395,9.990327193405106e-05
294,3.6106619834899902,589.0001166316772,2683.7165625095367,9.99008591487469e-05
295,3.9263954162597656,591.0001166316772,2694.905105829239,9.989841667059656e-05
296,4.004643440246582,593.0001166316772,2704.2293841838837,9.989594450105338e-05
297,3.9380710124969482,595.0001166316772,2711.477570772171,9.989344264158844e-05
298,4.013920307159424,597.0001166316772,2720.940648794174,9.989091109369042e-05
299,3.8196120262145996,599.0001166316772,2729.5657732486725,9.988834985886569e-05
300,4.044550895690918,601.0001166316772,2738.853843688965,9.988575893863828e-05
301,3.815634250640869,603.0001166316772,2750.0418083667755,9.988313833454992e-05
302,4.334414482116699,605.0001166316772,2756.9683816432953,9.988048804815994e-05
303,3.883911609649658,607.0001166316772,2765.4322028160095,9.987780808104536e-05
304,3.814934730529785,609.0001166316772,2775.627489566803,9.98750984348009e-05
305,3.9321606159210205,611.0001166316772,2785.216333627701,9.987235911103887e-05
306,4.088930606842041,613.0001166316772,2793.5200266838074,9.98695901113893e-05
307,3.868870973587036,615.0001166316772,2802.619419336319,9.986679143749983e-05
308,4.141016960144043,617.0001166316772,2812.2375428676605,9.98639630910358e-05
309,3.7619194984436035,619.0001166316772,2819.603138923645,9.986110507368018e-05
310,4.026717662811279,621.0001166316772,2828.7145709991455,9.985821738713361e-05
311,3.7769360542297363,623.0001166316772,2839.5127532482147,9.985530003311436e-05
312,3.633204936981201,625.0001166316772,2849.528616666794,9.98523530133584e-05
313,3.8949553966522217,627.0001166316772,2860.465963602066,9.984937632961928e-05
314,4.009088516235352,629.0001166316772,2868.688646554947,9.984636998366827e-05
315,3.9183249473571777,631.0001166316772,2879.8570532798767,9.984333397729427e-05
316,3.7805066108703613,633.0001166316772,2888.5201189517975,9.984026831230379e-05
317,3.703707695007324,635.0001166316772,2898.347704410553,9.983717299052106e-05
318,3.881812334060669,637.0001166316772,2906.691645383835,9.983404801378788e-05
319,3.7831125259399414,639.0001166316772,2915.3462500572205,9.983089338396378e-05
320,4.073239326477051,641.0001166316772,2923.793048620224,9.982770910292584e-05
321,3.734405994415283,643.0001166316772,2929.237142562866,9.982449517256885e-05
322,3.979517936706543,645.0001166316772,2938.063478946686,9.982125159480524e-05
323,4.031017780303955,647.0001166316772,2945.8070924282074,9.981797837156505e-05
324,4.050599575042725,649.0001166316772,2955.1208350658417,9.981467550479598e-05
325,3.715197801589966,651.0001166316772,2964.6094608306885,9.981134299646337e-05
326,3.9676015377044678,653.0001166316772,2973.349748134613,9.980798084855018e-05
327,3.7294678688049316,655.0001166316772,2984.531279563904,9.980458906305702e-05
328,3.897878646850586,657.0001166316772,2995.7173993587494,9.980116764200216e-05
329,3.8626835346221924,659.0001166316772,3003.4123978614807,9.979771658742145e-05
330,3.8514184951782227,661.0001166316772,3012.8475868701935,9.979423590136843e-05
331,4.194291114807129,663.0001166316772,3022.645604610443,9.97907255859142e-05
332,3.690903902053833,665.0001166316772,3032.367126941681,9.97871856431476e-05
333,3.998732089996338,667.0001166316772,3042.1140444278717,9.978361607517497e-05
334,3.6963789463043213,669.0001166316772,3052.7532773017883,9.978001688412037e-05
335,3.9045066833496094,671.0001166316772,3062.5094726085663,9.977638807212548e-05
336,3.7887325286865234,673.0001166316772,3071.9090852737427,9.977272964134956e-05
337,3.5970747470855713,675.0001166316772,3081.728580236435,9.976904159396952e-05
338,3.8304038047790527,677.0001166316772,3090.1241459846497,9.97653239321799e-05
339,3.6972708702087402,679.0001166316772,3100.1773307323456,9.976157665819285e-05
340,3.914544105529785,681.0001166316772,3109.155096054077,9.975779977423814e-05
341,4.008472442626953,683.0001166316772,3119.1570284366608,9.97539932825632e-05
342,3.9977355003356934,685.0001166316772,3128.219376564026,9.9750157185433e-05
343,3.855156421661377,687.0001166316772,3138.274088859558,9.974629148513017e-05
344,4.0207438468933105,689.0001166316772,3149.2051990032196,9.974239618395497e-05
345,3.640775442123413,691.0001166316772,3160.3856785297394,9.973847128422524e-05
346,3.9700541496276855,693.0001166316772,3169.8359870910645,9.973451678827648e-05
347,3.834200859069824,695.0001166316772,3179.43514752388,9.973053269846174e-05
348,3.875260829925537,697.0001166316772,3187.712723970413,9.972651901715171e-05
349,3.738823890686035,699.0001166316772,3198.020452976227,9.972247574673471e-05
350,3.8709182739257812,701.0001166316772,3207.5057475566864,9.971840288961663e-05
351,3.64497709274292,703.0001166316772,3217.2813713550568,9.971430044822098e-05
352,3.9107863903045654,705.0001166316772,3228.25749874115,9.971016842498886e-05
353,3.9307899475097656,707.0001166316772,3237.8210802078247,9.970600682237902e-05
354,3.663203239440918,709.0001166316772,3244.6114156246185,9.970181564286774e-05
355,3.893193244934082,711.0001166316772,3254.002813100815,9.969759488894895e-05
356,4.065637111663818,713.0001166316772,3261.2634987831116,9.969334456313418e-05
357,3.7252564430236816,715.0001166316772,3271.661361217499,9.968906466795251e-05
358,3.911271333694458,717.0001166316772,3278.584874868393,9.968475520595068e-05
359,3.5854697227478027,719.0001166316772,3286.5351934432983,9.968041617969296e-05
360,3.908149480819702,721.0001166316772,3295.916737794876,9.967604759176125e-05
361,3.8708436489105225,723.0001166316772,3304.4421355724335,9.967164944475503e-05
362,3.925246477127075,725.0001166316772,3314.1415622234344,9.966722174129136e-05
363,3.4969253540039062,727.0001166316772,3324.6406738758087,9.966276448400492e-05
364,3.77706241607666,729.0001166316772,3335.8600583076477,9.965827767554793e-05
365,3.553514003753662,731.0001166316772,3345.4780576229095,9.965376131859024e-05
366,3.985569953918457,733.0001166316772,3354.9610526561737,9.964921541581925e-05
367,3.7654411792755127,735.0001166316772,3366.1383616924286,9.964463996993994e-05
368,3.739058256149292,737.0001166316772,3373.948385000229,9.964003498367488e-05
369,3.576434373855591,739.0001166316772,3383.4182794094086,9.963540045976423e-05
370,3.9996373653411865,741.0001166316772,3394.15567278862,9.96307364009657e-05
371,3.50557017326355,743.0001166316772,3405.3290247917175,9.962604281005458e-05
372,3.8412985801696777,745.0001166316772,3416.526176929474,9.962131968982378e-05
373,3.910975933074951,747.0001166316772,3423.5958569049835,9.961656704308371e-05
374,3.8760643005371094,749.0001166316772,3432.4074487686157,9.961178487266238e-05
375,3.6466245651245117,751.0001166316772,3440.924295902252,9.960697318140538e-05
376,3.8320586681365967,753.0001166316772,3447.517559528351,9.960213197217585e-05
377,3.805479049682617,755.0001166316772,3457.0440084934235,9.95972612478545e-05
378,3.621966600418091,757.0001166316772,3465.0682582855225,9.95923610113396e-05
379,3.4131393432617188,759.0001166316772,3476.2385733127594,9.958743126554698e-05
380,3.577390193939209,761.0001166316772,3487.444096326828,9.958247201341004e-05
381,3.9752118587493896,763.0001166316772,3495.4504816532135,9.957748325787973e-05
382,3.742180824279785,765.0001166316772,3504.9056293964386,9.957246500192453e-05
383,3.619865655899048,767.0001166316772,3511.2288739681244,9.956741724853053e-05
384,3.4104700088500977,769.0001166316772,3520.340439558029,9.956234000070132e-05
385,3.81815767288208,771.0001166316772,3531.3981149196625,9.955723326145809e-05
386,3.4563496112823486,773.0001166316772,3541.129056453705,9.955209703383953e-05
387,3.566372871398926,775.0001166316772,3550.5549762248993,9.954693132090187e-05
388,3.7546133995056152,777.0001166316772,3558.3202238082886,9.954173612571895e-05
389,3.638822078704834,779.0001166316772,3567.405230283737,9.953651145138212e-05
390,3.9336791038513184,781.0001166316772,3573.0975489616394,9.953125730100023e-05
391,3.849738597869873,783.0001166316772,3582.2246966362,9.952597367769973e-05
392,3.590984344482422,785.0001166316772,3593.4044246673584,9.952066058462457e-05
393,3.658257246017456,787.0001166316772,3604.2764732837677,9.951531802493625e-05
394,3.9115445613861084,789.0001166316772,3613.22154545784,9.950994600181382e-05
395,3.6648802757263184,791.0001166316772,3620.345445394516,9.950454451845383e-05
396,3.483989715576172,793.0001166316772,3630.4873650074005,9.949911357807039e-05
397,3.5143771171569824,795.0001166316772,3640.488926410675,9.949365318389508e-05
398,3.7941532135009766,797.0001166316772,3649.2670736312866,9.948816333917708e-05
399,3.499298572540283,799.0001166316772,3660.442036151886,9.948264404718306e-05
400,3.6490249633789062,801.0001166316772,3667.8190224170685,9.947709531119723e-05
401,3.845773220062256,803.0001166316772,3674.9510746002197,9.947151713452126e-05
402,3.743590831756592,805.0001166316772,3684.655061483383,9.946590952047443e-05
403,3.545072078704834,807.0001166316772,3695.8357770442963,9.946027247239348e-05
404,3.64975643157959,809.0001166316772,3705.5612139701843,9.945460599363265e-05
405,3.792637825012207,811.0001166316772,3714.6028156280518,9.944891008756374e-05
406,3.8481273651123047,813.0001166316772,3721.8654012680054,9.944318475757604e-05
407,3.4877076148986816,815.0001166316772,3731.4708285331726,9.943743000707632e-05
408,3.8109872341156006,817.0001166316772,3741.052160024643,9.943164583948891e-05
409,3.437239170074463,819.0001166316772,3752.2303383350372,9.942583225825559e-05
410,3.7570738792419434,821.0001166316772,3760.859706878662,9.941998926683569e-05
411,3.653355121612549,823.0001166316772,3770.831622838974,9.941411686870602e-05
412,3.5132813453674316,825.0001166316772,3779.3376548290253,9.940821506736086e-05
413,3.673856258392334,827.0001166316772,3788.2899417877197,9.940228386631206e-05
414,3.4311373233795166,829.0001166316772,3799.464820623398,9.939632326908885e-05
415,3.455947160720825,831.0001166316772,3808.8615493774414,9.939033327923808e-05
416,3.679337739944458,833.0001166316772,3816.860031604767,9.9384313900324e-05
417,3.725944995880127,835.0001166316772,3824.2461235523224,9.937826513592837e-05
418,3.5117225646972656,837.0001166316772,3833.8917803764343,9.937218698965047e-05
419,3.67029070854187,839.0001166316772,3842.7080614566803,9.936607946510702e-05
420,3.347735643386841,841.0001166316772,3853.8666257858276,9.935994256593221e-05
421,3.517397880554199,843.0001166316772,3860.597532272339,9.935377629577778e-05
422,3.6107215881347656,845.0001166316772,3867.6972720623016,9.934758065831288e-05
423,3.6438698768615723,847.0001166316772,3876.386338710785,9.934135565722414e-05
424,3.4498867988586426,849.0001166316772,3886.0174827575684,9.933510129621572e-05
425,3.5478782653808594,851.0001166316772,3895.102865457535,9.932881757900917e-05
426,3.613704204559326,853.0001166316772,3903.3466753959656,9.932250450934357e-05
427,3.5932393074035645,855.0001166316772,3913.148708820343,9.931616209097544e-05
429,3.608471155166626,859.0001166316772,3925.95406126976,9.930338922324502e-05
430,3.5598418712615967,861.0001166316772,3934.9720463752747,9.929695878148307e-05
431,3.5620837211608887,863.0001166316772,3942.1690678596497,9.929049900621929e-05
432,3.6071579456329346,865.0001166316772,3951.4946167469025,9.928400990129751e-05
433,3.630281448364258,867.0001166316772,3961.2997958660126,9.9277491470579e-05
434,3.753678798675537,869.0001166316772,3972.170807123184,9.927094371794249e-05
435,3.547912120819092,871.0001166316772,3983.326179265976,9.926436664728412e-05
436,3.5088698863983154,873.0001166316772,3992.3225100040436,9.925776026251753e-05
437,3.5391054153442383,875.0001166316772,4000.014876127243,9.925112456757377e-05
438,3.554170608520508,877.0001166316772,4011.191318511963,9.924445956640135e-05
439,3.705090284347534,879.0001166316772,4020.0449175834656,9.923776526296618e-05
440,3.4110937118530273,881.0001166316772,4031.176591873169,9.923104166125166e-05
441,3.5548226833343506,883.0001166316772,4040.306042909622,9.922428876525858e-05
442,3.514024019241333,885.0001166316772,4049.165618658066,9.92175065790052e-05
443,3.5829005241394043,887.0001166316772,4057.0967655181885,9.921069510652714e-05
444,3.524596929550171,889.0001166316772,4066.2471041679382,9.920385435187754e-05
445,3.6752357482910156,891.0001166316772,4073.172105550766,9.919698431912689e-05
446,3.49033260345459,893.0001166316772,4081.6378498077393,9.919008501236316e-05
447,3.6881163120269775,895.0001166316772,4090.81640124321,9.918315643569166e-05
448,3.710999011993408,897.0001166316772,4096.849673032761,9.917619859323519e-05
449,3.505148410797119,899.0001166316772,4106.3197565078735,9.916921148913396e-05
450,3.424731731414795,901.0001166316772,4114.953023195267,9.916219512754552e-05
451,3.552316665649414,903.0001166316772,4122.104273080826,9.915514951264492e-05
452,3.7572731971740723,905.0001166316772,4129.024104118347,9.914807464862457e-05
453,3.283186912536621,907.0001166316772,4138.511005401611,9.914097053969428e-05
454,3.5489847660064697,909.0001166316772,4147.3125829696655,9.913383719008129e-05
455,3.7457611560821533,911.0001166316772,4158.487669229507,9.912667460403022e-05
456,3.2552497386932373,913.0001166316772,4168.53519153595,9.911948278580305e-05
457,3.414491653442383,915.0001166316772,4176.70884847641,9.911226173967924e-05
458,3.434767007827759,917.0001166316772,4183.335864305496,9.910501146995557e-05
459,3.4245553016662598,919.0001166316772,4190.995914936066,9.909773198094626e-05
460,3.4055123329162598,921.0001166316772,4198.655518293381,9.909042327698287e-05
461,3.4865870475769043,923.0001166316772,4208.188508987427,9.908308536241436e-05
462,3.3301496505737305,925.0001166316772,4215.598355293274,9.907571824160711e-05
463,3.46108341217041,927.0001166316772,4225.046980142593,9.90683219189448e-05
464,3.4847161769866943,929.0001166316772,4231.887794494629,9.906089639882855e-05
465,3.5355968475341797,931.0001166316772,4243.066785812378,9.905344168567686e-05
466,3.3452208042144775,933.0001166316772,4254.018899202347,9.904595778392555e-05
467,3.6684370040893555,935.0001166316772,4263.3304307460785,9.903844469802783e-05
468,3.378284454345703,937.0001166316772,4270.367091655731,9.90309024324543e-05
469,3.6609928607940674,939.0001166316772,4279.953127622604,9.902333099169288e-05
470,3.475780487060547,941.0001166316772,4288.721909284592,9.901573038024889e-05
471,3.4076414108276367,943.0001166316772,4299.890112161636,9.9008100602645e-05
472,3.468221426010132,945.0001166316772,4308.5177364349365,9.90004416634212e-05
473,3.42553973197937,947.0001166316772,4317.999479055405,9.89927535671349e-05
474,3.365375518798828,949.0001166316772,4329.1926555633545,9.898503631836076e-05
475,3.6438677310943604,951.0001166316772,4338.609001398087,9.897728992169089e-05
476,3.403264284133911,953.0001166316772,4348.457398414612,9.896951438173468e-05
477,3.3049323558807373,955.0001166316772,4357.964264631271,9.89617097031189e-05
478,3.316572666168213,957.0001166316772,4366.787113189697,9.895387589048762e-05
479,3.573275566101074,959.0001166316772,4375.859227657318,9.894601294850228e-05
480,3.382615566253662,961.0001166316772,4382.478613138199,9.893812088184161e-05
481,3.2907161712646484,963.0001166316772,4390.546328544617,9.893019969520174e-05
482,3.258007526397705,965.0001166316772,4401.737730979919,9.892224939329605e-05
483,3.5665464401245117,967.0001166316772,4411.07944560051,9.891426998085531e-05
484,3.2319095134735107,969.0001166316772,4421.473470449448,9.890626146262755e-05
485,3.3489179611206055,971.0001166316772,4430.623284339905,9.889822384337819e-05
486,3.653813362121582,973.0001166316772,4440.237792253494,9.88901571278899e-05
487,3.3549468517303467,975.0001166316772,4451.425556898117,9.88820613209627e-05
488,3.328613758087158,977.0001166316772,4459.973449230194,9.887393642741391e-05
489,3.3949055671691895,979.0001166316772,4471.155835390091,9.886578245207818e-05
490,3.5364298820495605,981.0001166316772,4478.522355794907,9.885759939980741e-05
491,3.2634599208831787,983.0001166316772,4485.577815055847,9.884938727547086e-05
492,3.540071964263916,985.0001166316772,4493.726732254028,9.884114608395506e-05
493,3.2662007808685303,987.0001166316772,4502.3766050338745,9.883287583016384e-05
494,3.315776824951172,989.0001166316772,4510.123644590378,9.882457651901833e-05
495,3.4637396335601807,991.0001166316772,4519.275251150131,9.881624815545693e-05
496,3.449326992034912,993.0001166316772,4529.133837461472,9.880789074443536e-05
497,3.356998920440674,995.0001166316772,4537.439291238785,9.879950429092659e-05
498,3.392960786819458,997.0001166316772,4546.318758487701,9.879108879992092e-05
499,3.4209117889404297,999.0001166316772,4555.894038200378,9.878264427642586e-05
500,3.407784938812256,1001.0001166316772,4564.545689344406,9.877417072546626e-05
501,3.1599700450897217,1003.0001166316772,4572.528599023819,9.876566815208419e-05
502,3.349336624145508,1005.0001166316772,4581.816622495651,9.875713656133904e-05
503,3.248660087585449,1007.0001166316772,4592.832131624222,9.87485759583074e-05
504,3.328590154647827,1009.0001166316772,4600.557938337326,9.87399863480832e-05
505,3.0790469646453857,1011.0001166316772,4611.660863637924,9.87313677357776e-05
506,3.232459545135498,1013.0001166316772,4620.234956979752,9.8722720126519e-05
507,3.2856011390686035,1015.0001166316772,4627.085785865784,9.871404352545303e-05
508,3.4742166996002197,1017.0001166316772,4636.056839704514,9.870533793774266e-05
509,3.4237613677978516,1019.0001166316772,4645.876210451126,9.869660336856804e-05
510,3.280932903289795,1021.0001166316772,4657.0470650196075,9.868783982312658e-05
511,3.547288417816162,1023.0001166316772,4664.674525737762,9.867904730663293e-05
512,3.1891345977783203,1025.0001166316772,4673.106803894043,9.867022582431896e-05
513,3.650747299194336,1027.0001166316772,4681.048114776611,9.866137538143383e-05
514,3.350067377090454,1029.0001166316772,4688.24333691597,9.86524959832439e-05
515,3.296318531036377,1031.0001166316772,4697.411345720291,9.864358763503275e-05
516,3.4769248962402344,1033.0001166316772,4706.990503787994,9.863465034210118e-05
517,3.2266526222229004,1035.0001166316772,4716.816273927689,9.862568410976723e-05
518,3.2843971252441406,1037.0001166316772,4725.172703266144,9.86166889433662e-05
519,3.419612169265747,1039.0001166316772,4734.045316696167,9.860766484825052e-05
520,3.3518033027648926,1041.0001166316772,4744.879464626312,9.859861182978992e-05
521,3.3990676403045654,1043.0001166316772,4755.176535367966,9.858952989337126e-05
522,3.3936548233032227,1045.0001166316772,4763.158280611038,9.858041904439868e-05
523,3.279702663421631,1047.0001166316772,4772.770141124725,9.857127928829346e-05
524,3.414963722229004,1049.0001166316772,4781.706463813782,9.856211063049414e-05
525,3.4995675086975098,1051.0001166316772,4789.353458881378,9.855291307645644e-05
526,3.3634958267211914,1053.0001166316772,4800.5351712703705,9.854368663165324e-05
527,3.3145980834960938,1055.0001166316772,4809.324984073639,9.853443130157462e-05
528,3.477792739868164,1057.0001166316772,4815.760998249054,9.852514709172791e-05
529,3.29345440864563,1059.0001166316772,4824.860507965088,9.851583400763756e-05
530,3.197556495666504,1061.0001166316772,4832.902689933777,9.850649205484519e-05
531,3.1752099990844727,1063.0001166316772,4840.256737470627,9.849712123890966e-05
532,3.05004620552063,1065.0001166316772,4851.433605194092,9.848772156540697e-05
533,3.417046546936035,1067.0001166316772,4861.636127471924,9.84782930399303e-05
534,3.305140256881714,1069.0001166316772,4871.346292257309,9.846883566808998e-05
535,3.2457685470581055,1071.0001166316772,4877.460451841354,9.845934945551349e-05
536,3.3227503299713135,1073.0001166316772,4887.118165016174,9.844983440784554e-05
537,3.2243897914886475,1075.0001166316772,4896.887094497681,9.844029053074795e-05
538,3.2257587909698486,1077.0001166316772,4904.196133613586,9.843071782989969e-05
539,3.386439800262451,1079.0001166316772,4911.942590713501,9.842111631099688e-05
540,3.1757588386535645,1081.0001166316772,4919.521072387695,9.841148597975284e-05
541,3.2888259887695312,1083.0001166316772,4927.417112350464,9.840182684189794e-05
542,3.163332462310791,1085.0001166316772,4933.983148097992,9.839213890317977e-05
543,3.2383744716644287,1087.0001166316772,4943.091701745987,9.838242216936306e-05
544,3.2943050861358643,1089.0001166316772,4954.268256664276,9.837267664622962e-05
545,3.119682550430298,1091.0001166316772,4959.627490282059,9.83629023395784e-05
546,3.2048826217651367,1093.0001166316772,4969.876458406448,9.835309925522554e-05
547,3.2938232421875,1095.0001166316772,4979.254968881607,9.834326739900421e-05
548,3.201012134552002,1097.0001166316772,4988.441613674164,9.833340677676479e-05
549,3.153723955154419,1099.0001166316772,4999.079454898834,9.832351739437473e-05
550,3.3331708908081055,1101.0001166316772,5008.887649536133,9.831359925771857e-05
551,3.024383544921875,1103.0001166316772,5018.943870067596,9.830365237269801e-05
552,3.1963419914245605,1105.0001166316772,5028.365288734436,9.829367674523185e-05
553,3.282457113265991,1107.0001166316772,5037.268595695496,9.828367238125596e-05
554,3.261256217956543,1109.0001166316772,5047.077391862869,9.827363928672333e-05
555,3.2869489192962646,1111.0001166316772,5052.893909692764,9.826357746760407e-05
556,3.367814540863037,1113.0001166316772,5062.591238737106,9.82534869298853e-05
557,3.2599658966064453,1115.0001166316772,5071.994721651077,9.824336767957132e-05
558,3.2982308864593506,1117.0001166316772,5081.591401100159,9.823321972268351e-05
559,3.1962361335754395,1119.0001166316772,5092.7867612838745,9.822304306526025e-05
560,3.2692832946777344,1121.0001166316772,5100.811283111572,9.821283771335708e-05
561,3.132007598876953,1123.0001166316772,5110.5144765377045,9.820260367304657e-05
562,3.153571605682373,1125.0001166316772,5119.820329666138,9.819234095041837e-05
563,3.07903790473938,1127.0001166316772,5131.00831246376,9.818204955157922e-05
564,3.090484142303467,1129.0001166316772,5138.261416435242,9.81717294826529e-05
565,3.0608091354370117,1131.0001166316772,5145.831254482269,9.816138074978024e-05
566,3.2677133083343506,1133.0001166316772,5153.168328046799,9.815100335911916e-05
567,3.281533718109131,1135.0001166316772,5162.038953781128,9.814059731684462e-05
568,3.0098447799682617,1137.0001166316772,5171.589531183243,9.81301626291486e-05
569,3.2338132858276367,1139.0001166316772,5181.330661773682,9.811969930224015e-05
570,3.034583330154419,1141.0001166316772,5189.06245803833,9.810920734234538e-05
571,3.317924737930298,1143.0001166316772,5198.62146115303,9.809868675570739e-05
572,3.211508274078369,1145.0001166316772,5208.0417602062225,9.808813754858636e-05
573,3.064347743988037,1147.0001166316772,5216.937869310379,9.807755972725947e-05
574,3.0883188247680664,1149.0001166316772,5226.55134510994,9.806695329802095e-05
575,3.308901071548462,1151.0001166316772,5233.0572419166565,9.805631826718203e-05
576,3.2037792205810547,1153.0001166316772,5242.0803399086,9.804565464107097e-05
577,3.2342238426208496,1155.0001166316772,5250.790500640869,9.803496242603306e-05
578,3.2756357192993164,1157.0001166316772,5261.149319648743,9.802424162843057e-05
579,3.2938170433044434,1159.0001166316772,5270.795485973358,9.801349225464281e-05
580,3.256118059158325,1161.0001166316772,5281.992785453796,9.800271431106605e-05
581,3.298337936401367,1163.0001166316772,5291.293504476547,9.799190780411361e-05
582,3.1461548805236816,1165.0001166316772,5302.47185754776,9.79810727402158e-05
583,2.9781112670898438,1167.0001166316772,5311.971374988556,9.797020912581986e-05
584,3.210193395614624,1169.0001166316772,5321.468471765518,9.795931696739012e-05
585,3.1344008445739746,1171.0001166316772,5331.078134298325,9.794839627140781e-05
586,3.1450259685516357,1173.0001166316772,5340.110607624054,9.793744704437117e-05
587,3.266030788421631,1175.0001166316772,5350.11094045639,9.792646929279543e-05
588,3.0801501274108887,1177.0001166316772,5361.319842815399,9.791546302321278e-05
589,2.756364345550537,1179.0001166316772,5371.54675412178,9.790442824217237e-05
590,3.0354645252227783,1181.0001166316772,5378.178099155426,9.789336495624036e-05
591,3.0924880504608154,1183.0001166316772,5384.498938322067,9.788227317199981e-05
592,3.303636074066162,1185.0001166316772,5392.533691167831,9.787115289605076e-05
593,3.208829402923584,1187.0001166316772,5402.358129501343,9.786000413501021e-05
594,2.927628517150879,1189.0001166316772,5409.216907978058,9.784882689551213e-05
595,3.143588066101074,1191.0001166316772,5418.784740447998,9.783762118420742e-05
596,3.0632433891296387,1193.0001166316772,5426.119030952454,9.78263870077639e-05
597,3.2403740882873535,1195.0001166316772,5437.0241820812225,9.781512437286632e-05
598,3.1106839179992676,1197.0001166316772,5444.146265268326,9.780383328621643e-05
599,3.0342488288879395,1199.0001166316772,5453.039212465286,9.779251375453287e-05
600,2.9353020191192627,1201.0001166316772,5464.252470970154,9.778116578455117e-05
601,3.1141977310180664,1203.0001166316772,5472.296812295914,9.776978938302384e-05
602,3.0624217987060547,1205.0001166316772,5481.093035459518,9.775838455672028e-05
603,3.056377410888672,1207.0001166316772,5490.709476709366,9.77469513124268e-05
604,3.010814905166626,1209.0001166316772,5500.589366197586,9.773548965694666e-05
605,3.066727638244629,1211.0001166316772,5508.241114854813,9.772399959709996e-05
606,2.9441795349121094,1213.0001166316772,5517.946601867676,9.771248113972373e-05
607,3.133059501647949,1215.0001166316772,5526.551505327225,9.770093429167194e-05
608,3.1954333782196045,1217.0001166316772,5534.753947734833,9.768935905981537e-05
609,3.099400520324707,1219.0001166316772,5544.164171218872,9.767775545104178e-05
610,2.923302173614502,1221.0001166316772,5553.333413600922,9.766612347225576e-05
611,2.973785877227783,1223.0001166316772,5561.391457557678,9.765446313037878e-05
612,3.3665881156921387,1225.0001166316772,5569.935398340225,9.764277443234919e-05
613,3.015860080718994,1227.0001166316772,5577.883955478668,9.763105738512226e-05
614,3.161090612411499,1229.0001166316772,5586.207473516464,9.761931199567006e-05
615,3.2448222637176514,1231.0001166316772,5595.602811098099,9.760753827098157e-05
616,3.155144691467285,1233.0001166316772,5604.995069503784,9.759573621806262e-05
617,3.148052215576172,1235.0001166316772,5613.956568002701,9.758390584393588e-05
618,3.060555934906006,1237.0001166316772,5620.69887471199,9.757204715564092e-05
619,3.2005889415740967,1239.0001166316772,5629.818024396896,9.756016016023405e-05
620,3.159107208251953,1241.0001166316772,5641.022146463394,9.754824486478858e-05
621,3.049747943878174,1243.0001166316772,5647.9031019210815,9.753630127639453e-05
622,2.936629056930542,1245.0001166316772,5656.994784116745,9.752432940215884e-05
623,2.9688029289245605,1247.0001166316772,5664.109306335449,9.75123292492052e-05
624,3.0555686950683594,1249.0001166316772,5671.965480804443,9.750030082467418e-05
625,3.05812406539917,1251.0001166316772,5680.0250952243805,9.74882441357232e-05
626,3.070878028869629,1253.0001166316772,5689.640044212341,9.747615918952643e-05
627,3.195538282394409,1255.0001166316772,5696.772975444794,9.746404599327488e-05
628,2.891366481781006,1257.0001166316772,5707.778301715851,9.745190455417641e-05
629,2.979079484939575,1259.0001166316772,5713.832994222641,9.743973487945561e-05
630,3.022853374481201,1261.0001166316772,5723.216416835785,9.742753697635394e-05
631,3.135223865509033,1263.0001166316772,5733.514907121658,9.741531085212963e-05
632,3.060333728790283,1265.0001166316772,5739.72146320343,9.74030565140577e-05
633,2.9927616119384766,1267.0001166316772,5747.879678010941,9.739077396942994e-05
634,3.166588068008423,1269.0001166316772,5755.408329486847,9.737846322555498e-05
635,3.2583086490631104,1271.0001166316772,5762.615352630615,9.736612428975816e-05
636,2.991257667541504,1273.0001166316772,5773.265515327454,9.735375716938166e-05
637,2.9511055946350098,1275.0001166316772,5781.481083393097,9.734136187178438e-05
638,2.969726800918579,1277.0001166316772,5789.666585445404,9.732893840434203e-05
639,2.887756586074829,1279.0001166316772,5799.242481946945,9.731648677444703e-05
640,3.0264368057250977,1281.0001166316772,5807.589362621307,9.730400698950861e-05
641,2.9346346855163574,1283.0001166316772,5818.775635719299,9.729149905695272e-05
642,3.0084710121154785,1285.0001166316772,5827.896028518677,9.727896298422208e-05
643,3.0394511222839355,1287.0001166316772,5835.346338510513,9.726639877877613e-05
644,3.035264730453491,1289.0001166316772,5845.566494703293,9.725380644809106e-05
645,3.1309189796447754,1291.0001166316772,5855.7764620780945,9.724118599965982e-05
646,2.983057737350464,1293.0001166316772,5866.007853507996,9.722853744099207e-05
647,3.019960403442383,1295.0001166316772,5871.357258081436,9.721586077961418e-05
648,3.1683802604675293,1297.0001166316772,5879.920814275742,9.720315602306927e-05
649,2.977252960205078,1299.0001166316772,5891.098169565201,9.719042317891717e-05
650,2.91626238822937,1301.0001166316772,5901.2813284397125,9.717766225473442e-05
651,2.984572410583496,1303.0001166316772,5908.87730884552,9.716487325811426e-05
652,2.881157875061035,1305.0001166316772,5917.99578666687,9.715205619666666e-05
653,2.9036011695861816,1307.0001166316772,5926.675830841064,9.713921107801827e-05
654,2.923630475997925,1309.0001166316772,5932.735474586487,9.712633790981241e-05
655,2.8143622875213623,1311.0001166316772,5941.647357225418,9.711343669970917e-05
656,2.747464656829834,1313.0001166316772,5951.394700527191,9.710050745538524e-05
657,3.0342812538146973,1315.0001166316772,5958.024143218994,9.708755018453403e-05
658,3.158890724182129,1317.0001166316772,5967.635977506638,9.707456489486561e-05
659,3.0114259719848633,1319.0001166316772,5975.369659900665,9.706155159410677e-05
660,3.3372039794921875,1321.0001166316772,5982.640083312988,9.704851029000092e-05
661,3.195767402648926,1323.0001166316772,5990.962819337845,9.703544099030815e-05
662,2.909864664077759,1325.0001166316772,6000.052525520325,9.70223437028052e-05
663,2.9134583473205566,1327.0001166316772,6009.655796289444,9.700921843528546e-05
664,3.254291296005249,1329.0001166316772,6018.771271467209,9.699606519555897e-05
665,2.8719685077667236,1331.0001166316772,6026.008994817734,9.698288399145247e-05
666,2.9211087226867676,1333.0001166316772,6035.488625049591,9.696967483080925e-05
667,2.945887565612793,1335.0001166316772,6043.824805259705,9.695643772148927e-05
668,3.00998854637146,1337.0001166316772,6050.714723110199,9.694317267136917e-05
669,3.0156264305114746,1339.0001166316772,6059.690050125122,9.692987968834216e-05
670,3.0155391693115234,1341.0001166316772,6069.218239068985,9.691655878031804e-05
671,2.830825090408325,1343.0001166316772,6077.954031705856,9.690320995522334e-05
672,2.911205291748047,1345.0001166316772,6087.436252593994,9.688983322100109e-05
673,2.7638754844665527,1347.0001166316772,6097.746600389481,9.6876428585611e-05
674,2.9800655841827393,1349.0001166316772,6107.291064023972,9.68629960570293e-05
675,3.0067214965820312,1351.0001166316772,6115.466438770294,9.684953564324895e-05
676,2.987977981567383,1353.0001166316772,6126.656774759293,9.683604735227934e-05
677,2.90511155128479,1355.0001166316772,6136.414001703262,9.68225311921466e-05
678,2.8645431995391846,1357.0001166316772,6143.45583152771,9.680898717089334e-05
679,2.654782772064209,1359.0001166316772,6154.650947093964,9.67954152965788e-05
680,3.0107319355010986,1361.0001166316772,6163.701533079147,9.678181557727873e-05
681,2.9418938159942627,1363.0001166316772,6171.145508050919,9.676818802108555e-05
682,3.0602500438690186,1365.0001166316772,6180.8740911483765,9.675453263610818e-05
683,2.9666199684143066,1367.0001166316772,6188.283467054367,9.67408494304721e-05
684,3.092288017272949,1369.0001166316772,6193.3130939006805,9.672713841231934e-05
685,2.8530027866363525,1371.0001166316772,6204.058504104614,9.67133995898085e-05
686,2.9516866207122803,1373.0001166316772,6215.2314484119415,9.669963297111475e-05
687,2.85064435005188,1375.0001166316772,6226.420140028,9.668583856442971e-05
688,2.84674072265625,1377.0001166316772,6233.3587474823,9.667201637796163e-05
689,3.1498799324035645,1379.0001166316772,6243.2115483284,9.665816641993527e-05
690,2.9811718463897705,1381.0001166316772,6253.8818526268005,9.664428869859185e-05
691,2.8538293838500977,1383.0001166316772,6261.370434761047,9.663038322218917e-05
692,2.941789150238037,1385.0001166316772,6268.7332084178925,9.661644999900156e-05
693,2.730808734893799,1387.0001166316772,6275.326461553574,9.66024890373198e-05
694,2.8375473022460938,1389.0001166316772,6286.544793128967,9.658850034545125e-05
695,3.107543468475342,1391.0001166316772,6295.949337244034,9.657448393171968e-05
696,2.9314589500427246,1393.0001166316772,6305.652538776398,9.656043980446543e-05
697,2.934511184692383,1395.0001166316772,6316.840434074402,9.654636797204531e-05
698,2.9706568717956543,1397.0001166316772,6327.376857042313,9.65322684428326e-05
699,2.817894697189331,1399.0001166316772,6338.033636569977,9.65181412252171e-05
700,2.827387809753418,1401.0001166316772,6347.651156663895,9.6503986327605e-05
701,2.7598440647125244,1403.0001166316772,6358.824429035187,9.648980375841909e-05
702,2.9683351516723633,1405.0001166316772,6366.326675653458,9.64755935260985e-05
703,2.5768370628356934,1407.0001166316772,6373.533707618713,9.64613556390989e-05
704,2.8515238761901855,1409.0001166316772,6380.30242228508,9.644709010589237e-05
705,2.9691309928894043,1411.0001166316772,6387.327488660812,9.643279693496748e-05
706,3.1168501377105713,1413.0001166316772,6397.150032281876,9.641847613482922e-05
707,2.8292248249053955,1415.0001166316772,6408.319965362549,9.640412771399901e-05
708,2.8028135299682617,1417.0001166316772,6418.108285903931,9.638975168101477e-05
709,3.1088075637817383,1419.0001166316772,6424.743446350098,9.637534804443076e-05
710,2.929635524749756,1421.0001166316772,6432.74041390419,9.636091681281771e-05
711,3.110757350921631,1423.0001166316772,6441.644166946411,9.634645799476279e-05
712,2.919360637664795,1425.0001166316772,6451.75976228714,9.633197159886955e-05
713,2.9138784408569336,1427.0001166316772,6458.306894779205,9.631745763375795e-05
714,2.8974666595458984,1429.0001166316772,6466.23388171196,9.63029161080644e-05
715,2.997668981552124,1431.0001166316772,6475.668728351593,9.628834703044164e-05
716,2.937891721725464,1433.0001166316772,6481.592218160629,9.627375040955886e-05
717,2.996671676635742,1435.0001166316772,6489.587770223618,9.625912625410163e-05
718,2.7077443599700928,1437.0001166316772,6499.793945789337,9.624447457277188e-05
719,2.6790554523468018,1439.0001166316772,6510.97608423233,9.622979537428795e-05
720,2.867021322250366,1441.0001166316772,6517.894525527954,9.621508866738451e-05
721,2.9457123279571533,1443.0001166316772,6526.887427806854,9.620035446081266e-05
722,2.8346621990203857,1445.0001166316772,6537.020657777786,9.61855927633398e-05
723,2.9689197540283203,1447.0001166316772,6545.2455859184265,9.617080358374975e-05
724,2.9310784339904785,1449.0001166316772,6555.0748682022095,9.615598693084262e-05
725,3.0037612915039062,1451.0001166316772,6564.692841291428,9.614114281343492e-05
726,2.90279221534729,1453.0001166316772,6574.328756809235,9.612627124035947e-05
727,2.862323760986328,1455.0001166316772,6585.504389286041,9.611137222046544e-05
728,2.8749701976776123,1457.0001166316772,6593.557760715485,9.609644576261833e-05
729,2.8473072052001953,1459.0001166316772,6603.659105300903,9.608149187569996e-05
730,2.8256735801696777,1461.0001166316772,6612.897853851318,9.606651056860851e-05
731,2.8368937969207764,1463.0001166316772,6621.488185167313,9.605150185025839e-05
732,2.6959176063537598,1465.0001166316772,6628.858469009399,9.603646572958044e-05
733,2.852815866470337,1467.0001166316772,6637.355481863022,9.602140221552169e-05
734,2.7186694145202637,1469.0001166316772,6644.403477668762,9.600631131704554e-05
735,2.7775237560272217,1471.0001166316772,6655.587686538696,9.599119304313165e-05
736,2.828558921813965,1473.0001166316772,6663.844412088394,9.5976047402776e-05
737,2.7105422019958496,1475.0001166316772,6674.331997394562,9.596087440499085e-05
738,3.1051318645477295,1477.0001166316772,6683.526856422424,9.594567405880471e-05
739,2.7194905281066895,1479.0001166316772,6694.720303058624,9.593044637326239e-05
740,2.8678700923919678,1481.0001166316772,6702.164748907089,9.591519135742495e-05
741,2.9089462757110596,1483.0001166316772,6712.669612646103,9.589990902036973e-05
742,2.7639732360839844,1485.0001166316772,6718.386899232864,9.588459937119033e-05
743,2.721297264099121,1487.0001166316772,6726.285232305527,9.586926241899655e-05
744,2.7034432888031006,1489.0001166316772,6733.0466401577,9.585389817291451e-05
745,2.658322334289551,1491.0001166316772,6742.800030231476,9.583850664208653e-05
746,2.939563751220703,1493.0001166316772,6751.4910209178925,9.582308783567118e-05
747,2.6536037921905518,1495.0001166316772,6760.167383670807,9.580764176284327e-05
748,2.8217175006866455,1497.0001166316772,6767.262812376022,9.579216843279377e-05
749,2.5928211212158203,1499.0001166316772,6776.217324495316,9.577666785472995e-05
750,2.6516621112823486,1501.0001166316772,6784.531314611435,9.576114003787526e-05
751,2.9254961013793945,1503.0001166316772,6793.801299571991,9.574558499146935e-05
752,2.8565611839294434,1505.0001166316772,6804.981372594833,9.573000272476809e-05
753,2.880511999130249,1507.0001166316772,6812.916924953461,9.571439324704353e-05
754,2.740924119949341,1509.0001166316772,6820.852623224258,9.569875656758394e-05
755,2.8397436141967773,1511.0001166316772,6829.010749101639,9.568309269569373e-05
756,2.8335487842559814,1513.0001166316772,6835.488294839859,9.566740164069353e-05
757,2.8758816719055176,1515.0001166316772,6845.071705341339,9.565168341192012e-05
758,2.7039875984191895,1517.0001166316772,6851.4609811306,9.563593801872648e-05
759,2.8737576007843018,1519.0001166316772,6860.934179782867,9.562016547048174e-05
760,2.670295476913452,1521.0001166316772,6869.09165263176,9.560436577657116e-05
761,2.7014122009277344,1523.0001166316772,6876.710918664932,9.558853894639619e-05
762,2.71795654296875,1525.0001166316772,6886.500076293945,9.557268498937443e-05
763,2.8153510093688965,1527.0001166316772,6892.777039527893,9.555680391493957e-05
764,2.6996302604675293,1529.0001166316772,6901.901188850403,9.554089573254148e-05
765,2.6781063079833984,1531.0001166316772,6911.238527059555,9.552496045164618e-05
766,2.806629180908203,1533.0001166316772,6920.701802253723,9.550899808173576e-05
767,2.8524692058563232,1535.0001166316772,6929.765605688095,9.549300863230847e-05
768,2.729611873626709,1537.0001166316772,6939.752088308334,9.547699211287863e-05
769,2.809539318084717,1539.0001166316772,6947.1504991054535,9.546094853297673e-05
770,2.6821677684783936,1541.0001166316772,6956.002395391464,9.54448779021493e-05
771,2.681788921356201,1543.0001166316772,6963.569818735123,9.542878022995903e-05
772,2.7787551879882812,1545.0001166316772,6970.4427881240845,9.541265552598464e-05
773,2.7913310527801514,1547.0001166316772,6979.312484025955,9.539650379982095e-05
774,2.6069817543029785,1549.0001166316772,6988.340688228607,9.538032506107891e-05
775,2.836343765258789,1551.0001166316772,6997.40650343895,9.536411931938546e-05
776,2.748990535736084,1553.0001166316772,7006.58137512207,9.534788658438366e-05
777,2.9276506900787354,1555.0001166316772,7013.71994638443,9.533162686573265e-05
778,2.8534996509552,1557.0001166316772,7021.117787599564,9.531534017310757e-05
779,2.8028292655944824,1559.0001166316772,7029.309149265289,9.529902651619966e-05
780,2.463019847869873,1561.0001166316772,7039.57101726532,9.528268590471616e-05
781,2.7938201427459717,1563.0001166316772,7047.908557891846,9.52663183483804e-05
782,2.885815382003784,1565.0001166316772,7057.477319955826,9.52499238569317e-05
783,2.8718223571777344,1567.0001166316772,7065.846804141998,9.523350244012544e-05
784,2.652158498764038,1569.0001166316772,7076.569281339645,9.521705410773298e-05
785,2.7859597206115723,1571.0001166316772,7086.399697303772,9.520057886954175e-05
786,2.7334883213043213,1573.0001166316772,7097.593200683594,9.518407673535513e-05
787,2.8553311824798584,1575.0001166316772,7106.43023109436,9.516754771499257e-05
788,2.77062726020813,1577.0001166316772,7117.452154159546,9.515099181828948e-05
789,2.547128915786743,1579.0001166316772,7128.65465760231,9.513440905509725e-05
790,2.660360813140869,1581.0001166316772,7139.848702669144,9.511779943528328e-05
791,2.6342108249664307,1583.0001166316772,7147.150189876556,9.510116296873094e-05
792,2.7521092891693115,1585.0001166316772,7156.444357872009,9.50844996653396e-05
793,2.894387722015381,1587.0001166316772,7163.792535305023,9.506780953502454e-05
794,2.9413909912109375,1589.0001166316772,7172.389138698578,9.505109258771707e-05
795,2.8267722129821777,1591.0001166316772,7181.212606430054,9.503434883336443e-05
796,2.701678991317749,1593.0001166316772,7190.6242842674255,9.501757828192979e-05
797,2.6341357231140137,1595.0001166316772,7199.043931484222,9.50007809433923e-05
798,2.64988374710083,1597.0001166316772,7208.1978931427,9.498395682774703e-05
799,2.662219524383545,1599.0001166316772,7215.490820884705,9.496710594500498e-05
800,2.6497366428375244,1601.0001166316772,7225.065210819244,9.49502283051931e-05
801,2.674304485321045,1603.0001166316772,7232.951950788498,9.493332391835425e-05
802,2.8326733112335205,1605.0001166316772,7241.767235517502,9.491639279454718e-05
803,2.7951879501342773,1607.0001166316772,7249.145185947418,9.489943494384656e-05
804,2.841808319091797,1609.0001166316772,7260.348515510559,9.488245037634304e-05
805,2.627617359161377,1611.0001166316772,7271.517628669739,9.486543910214303e-05
806,2.76051664352417,1613.0001166316772,7281.379640817642,9.484840113136895e-05
807,2.5760817527770996,1615.0001166316772,7292.564113616943,9.483133647415903e-05
808,2.7764902114868164,1617.0001166316772,7299.926280498505,9.481424514066743e-05
809,2.8037266731262207,1619.0001166316772,7309.3609437942505,9.479712714106416e-05
810,3.0019588470458984,1621.0001166316772,7318.540702819824,9.47799824855351e-05
811,2.6086525917053223,1623.0001166316772,7327.619868516922,9.476281118428198e-05
812,2.7991771697998047,1625.0001166316772,7334.236183643341,9.47456132475224e-05
813,2.6540186405181885,1627.0001166316772,7343.341893196106,9.472838868548983e-05
814,2.7808926105499268,1629.0001166316772,7349.997217178345,9.471113750843352e-05
815,2.6854405403137207,1631.0001166316772,7359.563830375671,9.469385972661861e-05
816,2.9408469200134277,1633.0001166316772,7368.651087760925,9.467655535032608e-05
817,2.5892550945281982,1635.0001166316772,7377.671917915344,9.465922438985269e-05
818,2.6945438385009766,1637.0001166316772,7388.899019956589,9.464186685551104e-05
819,2.8882246017456055,1639.0001166316772,7398.43318271637,9.462448275762953e-05
820,2.589089870452881,1641.0001166316772,7409.069697141647,9.460707210655242e-05
821,2.6323909759521484,1643.0001166316772,7418.879208803177,9.458963491263971e-05
822,2.573622941970825,1645.0001166316772,7428.400055885315,9.457217118626718e-05
823,2.637256145477295,1647.0001166316772,7437.642353057861,9.455468093782647e-05
824,2.731462240219116,1649.0001166316772,7446.3850882053375,9.453716417772496e-05
825,2.6213815212249756,1651.0001166316772,7456.612293481827,9.451962091638579e-05
826,2.775791645050049,1653.0001166316772,7465.787487745285,9.45020511642479e-05
827,2.670055389404297,1655.0001166316772,7473.273712158203,9.448445493176596e-05
828,2.6429238319396973,1657.0001166316772,7481.985555410385,9.446683222941047e-05
829,2.703026294708252,1659.0001166316772,7491.199789047241,9.444918306766756e-05
830,2.6241469383239746,1661.0001166316772,7500.692442417145,9.443150745703922e-05
831,2.8321692943573,1663.0001166316772,7510.675459384918,9.441380540804311e-05
832,2.7104909420013428,1665.0001166316772,7520.432101964951,9.439607693121266e-05
833,2.816373348236084,1667.0001166316772,7528.011034488678,9.437832203709698e-05
834,2.7527942657470703,1669.0001166316772,7536.667439460754,9.436054073626095e-05
835,2.6029443740844727,1671.0001166316772,7544.851877689362,9.434273303928513e-05
836,2.802046298980713,1673.0001166316772,7554.48619890213,9.43248989567658e-05
837,2.4628748893737793,1675.0001166316772,7565.531263828278,9.430703849931495e-05
838,2.7093935012817383,1677.0001166316772,7572.088368177414,9.428915167756022e-05
839,2.6399712562561035,1679.0001166316772,7580.9355318546295,9.4271238502145e-05
840,2.67724871635437,1681.0001166316772,7591.23086309433,9.42532989837283e-05
841,2.552456855773926,1683.0001166316772,7598.971291303635,9.423533313298488e-05
842,2.850278854370117,1685.0001166316772,7610.160076141357,9.42173409606051e-05
843,2.6971511840820312,1687.0001166316772,7617.570385456085,9.4199322477295e-05
844,2.6243185997009277,1689.0001166316772,7628.208221912384,9.418127769377627e-05
845,2.6421704292297363,1691.0001166316772,7638.053512811661,9.416320662078632e-05
846,2.641007661819458,1693.0001166316772,7648.827602624893,9.414510926907808e-05
847,2.680483341217041,1695.0001166316772,7660.027386188507,9.412698564942024e-05
848,2.593438148498535,1697.0001166316772,7669.162882566452,9.4108835772597e-05
849,2.6046969890594482,1699.0001166316772,7676.337352275848,9.40906596494083e-05
850,2.567258834838867,1701.0001166316772,7686.437967300415,9.407245729066964e-05
851,2.71323561668396,1703.0001166316772,7695.976923704147,9.40542287072121e-05
852,2.6464109420776367,1705.0001166316772,7702.745418310165,9.403597390988244e-05
853,2.4184932708740234,1707.0001166316772,7713.536168336868,9.401769290954295e-05
854,2.4238662719726562,1709.0001166316772,7718.860361099243,9.399938571707157e-05
855,2.6526827812194824,1711.0001166316772,7727.674046039581,9.398105234336179e-05
856,2.4912924766540527,1713.0001166316772,7734.456224679947,9.396269279932265e-05
858,2.5752015113830566,1717.0001166316772,7755.1878979206085,9.392589524397057e-05
859,2.5566253662109375,1719.0001166316772,7761.542288303375,9.390745725455358e-05
860,2.5439538955688477,1721.0001166316772,7771.095500469208,9.388899313859921e-05
861,2.733262538909912,1723.0001166316772,7781.261169672012,9.387050290709435e-05
862,2.6270182132720947,1725.0001166316772,7790.753139734268,9.385198657104141e-05
863,2.4806206226348877,1727.0001166316772,7799.550716638565,9.383344414145832e-05
864,2.5354859828948975,1729.0001166316772,7806.840250968933,9.381487562937854e-05
865,2.511046886444092,1731.0001166316772,7816.001048564911,9.37962810458511e-05
866,2.565829277038574,1733.0001166316772,7822.971078872681,9.377766040194048e-05
867,2.489238739013672,1735.0001166316772,7829.278911828995,9.37590137087267e-05
868,2.584897518157959,1737.0001166316772,7840.481775045395,9.374034097730526e-05
869,2.587042808532715,1739.0001166316772,7848.312481880188,9.372164221878718e-05
870,2.659834861755371,1741.0001166316772,7857.900648355484,9.370291744429895e-05
871,2.7494473457336426,1743.0001166316772,7867.380487442017,9.368416666498252e-05
872,2.5211315155029297,1745.0001166316772,7874.191066026688,9.366538989199539e-05
873,2.4684252738952637,1747.0001166316772,7885.143310070038,9.364658713651044e-05
874,2.6034700870513916,1749.0001166316772,7894.328550815582,9.362775840971604e-05
875,2.503807544708252,1751.0001166316772,7901.103257417679,9.360890372281604e-05
876,2.819831371307373,1753.0001166316772,7910.167396783829,9.35900230870297e-05
877,2.5933451652526855,1755.0001166316772,7916.127534151077,9.357111651359175e-05
878,2.6794636249542236,1757.0001166316772,7927.29354095459,9.355218401375234e-05
879,2.7360544204711914,1759.0001166316772,7936.372881412506,9.353322559877705e-05
880,2.5140957832336426,1761.0001166316772,7944.717498064041,9.351424127994687e-05
881,2.643479347229004,1763.0001166316772,7955.895557403564,9.349523106855823e-05
882,2.7333390712738037,1765.0001166316772,7962.175676584244,9.347619497592292e-05
883,2.7498939037323,1767.0001166316772,7972.618321180344,9.345713301336819e-05
884,2.4066386222839355,1769.0001166316772,7983.470636844635,9.343804519223665e-05
885,2.735790729522705,1771.0001166316772,7992.40344953537,9.341893152388629e-05
886,2.5532889366149902,1773.0001166316772,8001.422936677933,9.339979201969049e-05
887,2.7536964416503906,1775.0001166316772,8012.635167598724,9.3380626691038e-05
888,2.6433465480804443,1777.0001166316772,8022.003430843353,9.336143554933297e-05
889,2.4487504959106445,1779.0001166316772,8030.510136842728,9.334221860599487e-05
890,2.5183322429656982,1781.0001166316772,8040.255333900452,9.332297587245851e-05
891,2.582801342010498,1783.0001166316772,8048.384136199951,9.330370736017408e-05
892,2.680393695831299,1785.0001166316772,8057.53441119194,9.328441308060712e-05
893,2.6726083755493164,1787.0001166316772,8064.9985518455505,9.326509304523846e-05
894,2.637516498565674,1789.0001166316772,8073.630054473877,9.324574726556428e-05
895,2.542545795440674,1791.0001166316772,8082.7830011844635,9.32263757530961e-05
896,2.6567132472991943,1793.0001166316772,8092.408672094345,9.320697851936069e-05
897,2.7732748985290527,1795.0001166316772,8101.735347986221,9.318755557590019e-05
898,2.5357398986816406,1797.0001166316772,8108.153797388077,9.3168106934272e-05
899,2.5280051231384277,1799.0001166316772,8115.898693084717,9.314863260604883e-05
900,2.4755702018737793,1801.0001166316772,8125.3768899440765,9.312913260281865e-05
901,2.439499855041504,1803.0001166316772,8132.318825483322,9.310960693618476e-05
902,2.609851360321045,1805.0001166316772,8143.512204408646,9.309005561776569e-05
903,2.603092908859253,1807.0001166316772,8154.676037073135,9.307047865919521e-05
904,2.5928850173950195,1809.0001166316772,8163.962388277054,9.305087607212241e-05
905,2.549046754837036,1811.0001166316772,8175.145220518112,9.303124786821156e-05
906,2.489304542541504,1813.0001166316772,8183.784576416016,9.301159405914225e-05
907,2.461688280105591,1815.0001166316772,8192.282556056976,9.299191465660923e-05
908,2.586693286895752,1817.0001166316772,8199.944954395294,9.297220967232254e-05
909,2.4371371269226074,1819.0001166316772,8210.409488916397,9.295247911800742e-05
910,2.605036735534668,1821.0001166316772,8217.695627450943,9.29327230054043e-05
911,2.5730984210968018,1823.0001166316772,8228.718611240387,9.291294134626886e-05
912,2.5203680992126465,1825.0001166316772,8237.197153806686,9.289313415237196e-05
913,2.5187525749206543,1827.0001166316772,8246.15567445755,9.287330143549964e-05
914,2.397221326828003,1829.0001166316772,8254.326204061508,9.285344320745316e-05
915,2.413463830947876,1831.0001166316772,8263.954461812973,9.283355948004893e-05
916,2.6856508255004883,1833.0001166316772,8271.945802688599,9.281365026511856e-05
917,2.4818131923675537,1835.0001166316772,8281.788434505463,9.27937155745088e-05
918,2.5665574073791504,1837.0001166316772,8291.426773786545,9.277375542008159e-05
919,2.6866848468780518,1839.0001166316772,8299.12382555008,9.275376981371398e-05
920,2.7240233421325684,1841.0001166316772,8305.802593708038,9.27337587672982e-05
921,2.5936994552612305,1843.0001166316772,8316.24926519394,9.271372229274161e-05
922,2.540518045425415,1845.0001166316772,8327.435200452805,9.26936604019667e-05
923,2.4816112518310547,1847.0001166316772,8338.61412024498,9.267357310691106e-05
924,2.5733752250671387,1849.0001166316772,8344.432299613953,9.265346041952744e-05
925,2.407088279724121,1851.0001166316772,8353.301904678345,9.263332235178366e-05
926,2.59969162940979,1853.0001166316772,8358.997633695602,9.261315891566267e-05
927,2.6723713874816895,1855.0001166316772,8367.454788684845,9.259297012316248e-05
928,2.2785115242004395,1857.0001166316772,8376.029889345169,9.257275598629626e-05
929,2.436947822570801,1859.0001166316772,8386.406518220901,9.255251651709218e-05
930,2.4784042835235596,1861.0001166316772,8396.673489570618,9.253225172759351e-05
931,2.5445261001586914,1863.0001166316772,8406.181149482727,9.251196162985861e-05
932,2.54567813873291,1865.0001166316772,8417.368870735168,9.249164623596087e-05
933,2.8005425930023193,1867.0001166316772,8427.143245220184,9.247130555798876e-05
934,2.4722745418548584,1869.0001166316772,8438.344670534134,9.245093960804577e-05
935,2.6723434925079346,1871.0001166316772,8449.535019636154,9.243054839825044e-05
936,2.5332281589508057,1873.0001166316772,8459.367882490158,9.241013194073635e-05
937,2.5142927169799805,1875.0001166316772,8466.975078105927,9.238969024765207e-05
938,2.284142255783081,1877.0001166316772,8475.027851819992,9.236922333116122e-05
939,2.4275708198547363,1879.0001166316772,8482.058074951172,9.234873120344242e-05
940,2.6554150581359863,1881.0001166316772,8491.88181424141,9.232821387668927e-05
941,2.4485621452331543,1883.0001166316772,8498.257143497467,9.230767136311039e-05
942,2.6295595169067383,1885.0001166316772,8509.458960056305,9.22871036749294e-05
943,2.5605037212371826,1887.0001166316772,8519.167130470276,9.226651082438487e-05
944,2.449963092803955,1889.0001166316772,8526.945229768753,9.224589282373033e-05
945,2.3575053215026855,1891.0001166316772,8533.219143867493,9.222524968523433e-05
946,2.464046001434326,1893.0001166316772,8544.48390698433,9.220458142118033e-05
947,2.6275405883789062,1895.0001166316772,8553.976858139038,9.218388804386676e-05
948,2.5322015285491943,1897.0001166316772,8565.183150053024,9.216316956560698e-05
949,2.713441848754883,1899.0001166316772,8574.758934736252,9.21424259987293e-05
950,2.3931314945220947,1901.0001166316772,8584.971154689789,9.212165735557698e-05
951,2.6828174591064453,1903.0001166316772,8594.555036783218,9.210086364850813e-05
952,2.2953553199768066,1905.0001166316772,8604.367133617401,9.208004488989586e-05
953,2.582409620285034,1907.0001166316772,8612.003849029541,9.205920109212812e-05
954,2.5449719429016113,1909.0001166316772,8620.668130874634,9.20383322676078e-05
955,2.3385608196258545,1911.0001166316772,8628.52272939682,9.201743842875268e-05
956,2.621427536010742,1913.0001166316772,8637.59979724884,9.199651958799537e-05
957,2.6425039768218994,1915.0001166316772,8646.541542053223,9.197557575778344e-05
958,2.61685848236084,1917.0001166316772,8655.483616828918,9.195460695057927e-05
959,2.6074819564819336,1919.0001166316772,8663.899488687515,9.193361317886013e-05
960,2.694553852081299,1921.0001166316772,8673.026100635529,9.191259445511813e-05
961,2.7521045207977295,1923.0001166316772,8681.285924196243,9.189155079186023e-05
962,2.515442132949829,1925.0001166316772,8691.005189418793,9.187048220160826e-05
963,2.5471348762512207,1927.0001166316772,8702.163901805878,9.184938869689881e-05
964,2.4205482006073,1929.0001166316772,8711.382521867752,9.182827029028339e-05
965,2.4867289066314697,1931.0001166316772,8721.375687360764,9.180712699432824e-05
966,2.508234977722168,1933.0001166316772,8730.92233300209,9.178595882161447e-05
967,2.494493007659912,1935.0001166316772,8738.392422437668,9.176476578473797e-05
968,2.463618755340576,1937.0001166316772,8746.168598890305,9.174354789630944e-05
969,2.3953731060028076,1939.0001166316772,8754.871530771255,9.172230516895433e-05
970,2.6230626106262207,1941.0001166316772,8763.772486925125,9.170103761531288e-05
971,2.4213740825653076,1943.0001166316772,8771.950024604797,9.167974524804016e-05
972,2.6594552993774414,1945.0001166316772,8782.185652971268,9.165842807980595e-05
973,2.483196258544922,1947.0001166316772,8792.682204008102,9.163708612329477e-05
974,2.6386990547180176,1949.0001166316772,8799.95896577835,9.161571939120594e-05
975,2.375490188598633,1951.0001166316772,8811.12578034401,9.159432789625353e-05
976,2.4059693813323975,1953.0001166316772,8820.12861585617,9.157291165116627e-05
977,2.5369741916656494,1955.0001166316772,8828.085304021835,9.155147066868769e-05
978,2.3948073387145996,1957.0001166316772,8834.374141216278,9.153000496157602e-05
979,2.3505702018737793,1959.0001166316772,8840.427405834198,9.150851454260417e-05
980,2.325136661529541,1961.0001166316772,8848.133540391922,9.148699942455982e-05
981,2.4347853660583496,1963.0001166316772,8858.148587226868,9.146545962024526e-05
982,2.3435161113739014,1965.0001166316772,8863.401204109192,9.144389514247756e-05
983,2.5480599403381348,1967.0001166316772,8871.046149730682,9.142230600408841e-05
984,2.4639692306518555,1969.0001166316772,8880.646711826324,9.140069221792419e-05
985,2.4503462314605713,1971.0001166316772,8891.844019412994,9.137905379684593e-05
986,2.460421085357666,1973.0001166316772,8900.960924625397,9.13573907537294e-05
987,2.4504425525665283,1975.0001166316772,8906.807537317276,9.133570310146489e-05
988,2.372729778289795,1977.0001166316772,8915.973318815231,9.131399085295745e-05
989,2.340423583984375,1979.0001166316772,8926.750689029694,9.129225402112668e-05
990,2.5708811283111572,1981.0001166316772,8937.940470933914,9.127049261890687e-05
991,2.585719108581543,1983.0001166316772,8947.272426843643,9.124870665924692e-05
992,2.4663078784942627,1985.0001166316772,8954.036382436752,9.122689615511028e-05
993,2.5722618103027344,1987.0001166316772,8963.482687234879,9.120506111947511e-05
994,2.576345920562744,1989.0001166316772,8971.791169643402,9.118320156533408e-05
995,2.5404229164123535,1991.0001166316772,8980.805852174759,9.116131750569448e-05
996,2.410191297531128,1993.0001166316772,8991.99327659607,9.113940895357822e-05
997,2.516794204711914,1995.0001166316772,8999.682371139526,9.111747592202168e-05
998,2.4037513732910156,1997.0001166316772,9010.875638961792,9.109551842407592e-05
999,2.587306261062622,1999.0001166316772,9018.695814847946,9.10735364728065e-05
1000,2.393345832824707,2001.0001166316772,9025.750640630722,9.105153008129354e-05
1001,2.4891507625579834,2003.0001166316772,9035.812165260315,9.102949926263171e-05
1002,2.860544204711914,2005.0001166316772,9044.847796201706,9.10074440299302e-05
1003,2.5445175170898438,2007.0001166316772,9053.819302558899,9.098536439631276e-05
1004,2.3206729888916016,2009.0001166316772,9062.599129676819,9.096326037491761e-05
1005,2.657226085662842,2011.0001166316772,9073.77904009819,9.09411319788975e-05
1006,2.418893814086914,2013.0001166316772,9081.367405891418,9.091897922141973e-05
1007,2.3245301246643066,2015.0001166316772,9089.803280591965,9.089680211566603e-05
1008,2.564488410949707,2017.0001166316772,9100.01758313179,9.087460067483265e-05
1009,2.373081922531128,2019.0001166316772,9106.130398988724,9.085237491213034e-05
1010,2.3917508125305176,2021.0001166316772,9114.018980026245,9.083012484078427e-05
1011,2.5144102573394775,2023.0001166316772,9120.801812648773,9.08078504740341e-05
1012,2.4041624069213867,2025.0001166316772,9130.819184303284,9.078555182513399e-05
1013,2.320943832397461,2027.0001166316772,9140.259392738342,9.076322890735246e-05
1014,2.585422992706299,2029.0001166316772,9151.49299454689,9.074088173397255e-05
1015,2.4642562866210938,2031.0001166316772,9159.787124633789,9.07185103182917e-05
1016,2.605067253112793,2033.0001166316772,9168.661130666733,9.069611467362177e-05
1017,2.6840877532958984,2035.0001166316772,9177.77400636673,9.067369481328906e-05
1018,2.411100149154663,2037.0001166316772,9188.93556690216,9.065125075063427e-05
1019,2.435603141784668,2039.0001166316772,9200.14206790924,9.062878249901246e-05
1020,2.4869420528411865,2041.0001166316772,9207.175268650055,9.060629007179313e-05
1021,2.674471378326416,2043.0001166316772,9216.049496412277,9.058377348236019e-05
1022,2.5724081993103027,2045.0001166316772,9225.773041248322,9.056123274411187e-05
1023,2.6176280975341797,2047.0001166316772,9236.24087715149,9.053866787046078e-05
1024,2.471660614013672,2049.000116631677,9244.734577178955,9.051607887483391e-05
1025,2.319826602935791,2051.000116631677,9249.63728761673,9.04934657706726e-05
1026,2.3999643325805664,2053.000116631677,9259.792966365814,9.047082857143254e-05
1027,2.3655457496643066,2055.000116631677,9268.284750938416,9.044816729058374e-05
1028,2.417142868041992,2057.000116631677,9276.982454299927,9.042548194161056e-05
1029,2.466221332550049,2059.000116631677,9286.460702180862,9.040277253801166e-05
1030,2.5626487731933594,2061.000116631677,9295.623944282532,9.038003909330002e-05
1031,2.37155818939209,2063.000116631677,9302.87089586258,9.035728162100296e-05
1032,2.6208696365356445,2065.000116631677,9311.977931022644,9.033450013466202e-05
1033,2.494417190551758,2067.000116631677,9323.06496334076,9.031169464783312e-05
1034,2.3413143157958984,2069.000116631677,9332.734025239944,9.028886517408639e-05
1035,2.4192094802856445,2071.000116631677,9340.89602303505,9.026601172700625e-05
1036,2.3413264751434326,2073.000116631677,9352.071260213852,9.024313432019145e-05
1037,2.263984441757202,2075.000116631677,9361.710534572601,9.022023296725489e-05
1038,2.3875770568847656,2077.000116631677,9369.57419013977,9.01973076818238e-05
1039,2.4963691234588623,2079.000116631677,9378.811960458755,9.017435847753961e-05
1040,2.425652027130127,2081.000116631677,9387.153814792633,9.015138536805799e-05
1041,2.5861058235168457,2083.000116631677,9395.212859630585,9.012838836704886e-05
1042,2.4695944786071777,2085.000116631677,9402.919969320297,9.010536748819633e-05
1043,2.353412628173828,2087.000116631677,9412.063051223755,9.00823227451987e-05
1044,2.645582675933838,2089.000116631677,9420.900281190872,9.005925415176852e-05
1045,2.4015696048736572,2091.000116631677,9431.680416107178,9.00361617216325e-05
1046,2.27675199508667,2093.000116631677,9440.0153195858,9.001304546853155e-05
1047,2.432124137878418,2095.000116631677,9448.660791158676,8.998990540622071e-05
1048,2.401892900466919,2097.000116631677,9456.540786266327,8.996674154846926e-05
1049,2.2369418144226074,2099.000116631677,9466.368969917297,8.99435539090606e-05
1050,2.292226552963257,2101.000116631677,9475.142546892166,8.992034250179227e-05
1051,2.509983539581299,2103.000116631677,9483.819745779037,8.989710734047597e-05
1052,2.604475975036621,2105.000116631677,9491.90533208847,8.987384843893753e-05
1053,2.4715840816497803,2107.000116631677,9499.453246116638,8.985056581101691e-05
1054,2.2766380310058594,2109.000116631677,9506.642680168152,8.982725947056817e-05
1055,2.561014175415039,2111.000116631677,9514.6134827137,8.980392943145954e-05
1056,2.571913957595825,2113.000116631677,9521.99437379837,8.978057570757325e-05
1057,2.498016834259033,2115.000116631677,9530.949693918228,8.975719831280571e-05
1058,2.4326815605163574,2117.000116631677,9539.676639556885,8.973379726106739e-05
1059,2.5881290435791016,2119.000116631677,9548.733317136765,8.971037256628282e-05
1060,2.774570941925049,2121.000116631677,9556.466401576996,8.968692424239061e-05
1061,2.356320381164551,2123.000116631677,9564.868318796158,8.966345230334345e-05
1062,2.3411922454833984,2125.000116631677,9573.139629364014,8.963995676310803e-05
1063,2.5278587341308594,2127.000116631677,9582.941097974777,8.961643763566514e-05
1064,2.4331235885620117,2129.000116631677,9592.699445009232,8.959289493500957e-05
1065,2.498335361480713,2131.000116631677,9601.835843801498,8.956932867515016e-05
1066,2.299051284790039,2133.000116631677,9611.319423913956,8.954573887010976e-05
1067,2.473984718322754,2135.000116631677,9622.493904829025,8.952212553392522e-05
1068,2.6001288890838623,2137.000116631677,9631.386818408966,8.949848868064738e-05
1069,2.4815430641174316,2139.000116631677,9639.710503578186,8.947482832434113e-05
1070,2.312401533126831,2141.000116631677,9648.882873296738,8.945114447908528e-05
1071,2.3505640029907227,2143.000116631677,9656.888163089752,8.942743715897266e-05
1072,2.4083635807037354,2145.000116631677,9667.869458436966,8.940370637811006e-05
1073,2.2908473014831543,2147.000116631677,9677.275849580765,8.937995215061821e-05
1074,2.442948818206787,2149.000116631677,9688.02368736267,8.935617449063181e-05
1075,2.2984020709991455,2151.000116631677,9696.392537593842,8.93323734122995e-05
1076,2.261688709259033,2153.000116631677,9702.428341388702,8.930854892978385e-05
1077,2.3030781745910645,2155.000116631677,9712.208016633987,8.928470105726136e-05
1078,2.3621528148651123,2157.000116631677,9717.318689107895,8.926082980892246e-05
1079,2.345738410949707,2159.000116631677,9725.118781805038,8.923693519897146e-05
1080,2.342374324798584,2161.000116631677,9734.846744537354,8.921301724162658e-05
1081,2.490814208984375,2163.000116631677,9743.531133651733,8.918907595111998e-05
1082,2.4940547943115234,2165.000116631677,9752.517824411392,8.916511134169764e-05
1083,2.3329246044158936,2167.000116631677,9760.38976764679,8.914112342761945e-05
1084,2.4642748832702637,2169.000116631677,9768.435508966446,8.911711222315913e-05
1085,2.5722904205322266,2171.000116631677,9779.635714769363,8.909307774260433e-05
1086,2.3095877170562744,2173.000116631677,9790.563951969147,8.906902000025647e-05
1087,2.414623737335205,2175.000116631677,9799.26965045929,8.904493901043089e-05
1088,2.562826633453369,2177.000116631677,9808.598724842072,8.902083478745667e-05
1089,2.421937942504883,2179.000116631677,9819.778477430344,8.899670734567681e-05
1090,2.2711548805236816,2181.000116631677,9830.948467254639,8.897255669944806e-05
1091,2.4043610095977783,2183.000116631677,9838.600625991821,8.894838286314099e-05
1092,2.3423290252685547,2185.000116631677,9848.204812526703,8.892418585114001e-05
1093,2.2107884883880615,2187.000116631677,9857.32650899887,8.889996567784329e-05
1094,2.400500774383545,2189.000116631677,9866.275506973267,8.887572235766275e-05
1095,2.44284725189209,2191.000116631677,9877.462485551834,8.885145590502412e-05
1096,2.368617057800293,2193.000116631677,9886.13859987259,8.882716633436692e-05
1097,2.4349710941314697,2195.000116631677,9894.137157917023,8.880285366014436e-05
1098,2.254013776779175,2197.000116631677,9900.79000210762,8.877851789682347e-05
1099,2.343393325805664,2199.000116631677,9908.877685308456,8.875415905888494e-05
1100,2.3300528526306152,2201.000116631677,9917.886557340622,8.872977716082327e-05
1101,2.403428077697754,2203.000116631677,9927.903726577759,8.870537221714663e-05
1102,2.3617334365844727,2205.000116631677,9937.223167181015,8.86809442423769e-05
1103,2.503551483154297,2207.000116631677,9946.174932956696,8.865649325104972e-05
1104,2.571855068206787,2209.000116631677,9955.283039808273,8.863201925771433e-05
1105,2.2346348762512207,2211.000116631677,9961.632224082947,8.860752227693378e-05
1106,2.288175582885742,2213.000116631677,9969.635996341705,8.85830023232847e-05
1107,2.364450454711914,2215.000116631677,9980.812646150589,8.85584594113574e-05
1108,2.5585358142852783,2217.000116631677,9990.149489402771,8.853389355575592e-05
1109,2.506540060043335,2219.000116631677,9997.884661197662,8.850930477109787e-05
1110,2.4243836402893066,2221.000116631677,10009.073811292648,8.848469307201455e-05
1111,2.3557932376861572,2223.000116631677,10019.402734041214,8.84600584731509e-05
1112,2.5609560012817383,2225.000116631677,10026.904302120209,8.843540098916545e-05
1113,2.272970676422119,2227.000116631677,10037.088351011276,8.841072063473039e-05
1114,2.4988746643066406,2229.000116631677,10045.870257616043,8.838601742453147e-05
1115,2.1943061351776123,2231.000116631677,10055.039746284485,8.83612913732681e-05
1116,2.337406635284424,2233.000116631677,10063.89165854454,8.83365424956532e-05
1117,2.305635452270508,2235.000116631677,10072.938732147217,8.831177080641338e-05
1118,2.2306337356567383,2237.000116631677,10080.71130990982,8.828697632028874e-05
1119,2.4328606128692627,2239.000116631677,10088.529878377914,8.826215905203295e-05
1120,2.3128793239593506,2241.000116631677,10097.699229478836,8.823731901641328e-05
1121,2.296417236328125,2243.000116631677,10106.494787693024,8.821245622821051e-05
1122,2.4483423233032227,2245.000116631677,10113.157559156418,8.818757070221899e-05
1123,2.4045326709747314,2247.000116631677,10123.512650728226,8.816266245324658e-05
1124,2.242044448852539,2249.000116631677,10131.296454429626,8.813773149611464e-05
1125,2.250181198120117,2251.000116631677,10141.334363222122,8.81127778456581e-05
1126,2.100499153137207,2253.000116631677,10149.31049990654,8.808780151672533e-05
1127,2.490265130996704,2255.000116631677,10158.350951433182,8.806280252417824e-05
1128,2.313107490539551,2257.000116631677,10165.72508430481,8.803778088289219e-05
1129,2.306108236312866,2259.000116631677,10175.203051328659,8.801273660775606e-05
1130,2.7072372436523438,2261.000116631677,10183.111352682114,8.798766971367217e-05
1131,2.4688730239868164,2263.000116631677,10192.495547056198,8.796258021555629e-05
1132,2.179616928100586,2265.000116631677,10202.140594482422,8.793746812833767e-05
1133,2.380204200744629,2267.000116631677,10213.265647411346,8.791233346695897e-05
1134,2.169923782348633,2269.000116631677,10220.372626543045,8.78871762463763e-05
1135,2.305116891860962,2271.000116631677,10226.511800765991,8.78619964815592e-05
1136,2.495425224304199,2273.000116631677,10235.65813612938,8.783679418749062e-05
1137,2.3660683631896973,2275.000116631677,10243.080685853958,8.78115693791669e-05
1138,2.192143201828003,2277.000116631677,10252.850756883621,8.77863220715978e-05
1139,2.209059238433838,2279.000116631677,10261.65473985672,8.776105227980645e-05
1140,2.164501428604126,2281.000116631677,10272.84713435173,8.773576001882936e-05
1141,2.281601667404175,2283.000116631677,10282.457575321198,8.771044530371643e-05
1142,2.381807327270508,2285.000116631677,10289.499988079071,8.768510814953087e-05
1143,2.221810817718506,2287.000116631677,10298.184922456741,8.765974857134934e-05
1144,2.3395156860351562,2289.000116631677,10307.635057210922,8.763436658426175e-05
1145,2.277373790740967,2291.000116631677,10314.281725645065,8.760896220337133e-05
1146,2.2841317653656006,2293.000116631677,10320.539360046387,8.758353544379476e-05
1147,2.3712868690490723,2295.000116631677,10330.005010128021,8.755808632066193e-05
1148,2.2756900787353516,2297.000116631677,10339.086815834045,8.753261484911605e-05
1149,2.31715726852417,2299.000116631677,10347.746957302094,8.750712104431365e-05
1150,2.328901767730713,2301.000116631677,10356.42859864235,8.748160492142454e-05
1151,2.3855533599853516,2303.000116631677,10366.00705742836,8.745606649563183e-05
1152,2.0161824226379395,2305.000116631677,10376.341509580612,8.743050578213187e-05
1153,2.199936866760254,2307.000116631677,10385.946163654327,8.740492279613427e-05
1154,2.426117420196533,2309.000116631677,10394.054563760757,8.737931755286193e-05
1155,2.0649077892303467,2311.000116631677,10400.755099534988,8.735369006755095e-05
1156,2.3427352905273438,2313.000116631677,10409.566903114319,8.732804035545074e-05
1157,2.2978901863098145,2315.000116631677,10420.75063920021,8.730236843182381e-05
1158,2.4311118125915527,2317.000116631677,10429.924294233322,8.727667431194601e-05
1159,2.3636839389801025,2319.000116631677,10438.058021783829,8.725095801110634e-05
1160,2.4162964820861816,2321.000116631677,10447.647289514542,8.722521954460699e-05
1161,2.534719467163086,2323.000116631677,10455.860941886902,8.719945892776336e-05
1162,2.2367653846740723,2325.000116631677,10463.301304101944,8.717367617590405e-05
1163,2.366401195526123,2327.000116631677,10474.482301235199,8.714787130437077e-05
1164,2.2227821350097656,2329.000116631677,10485.703857660294,8.712204432851845e-05
1165,2.7321596145629883,2331.000116631677,10495.24137020111,8.709619526371516e-05
1166,2.3302347660064697,2333.000116631677,10504.41975235939,8.707032412534208e-05
1167,2.3991141319274902,2335.000116631677,10512.194507837296,8.704443092879357e-05
1168,2.387009620666504,2337.000116631677,10521.98866724968,8.701851568947711e-05
1169,2.1918892860412598,2339.000116631677,10529.100213766098,8.699257842281324e-05
1170,2.2933120727539062,2341.000116631677,10536.397556781769,8.696661914423567e-05
1171,2.3515830039978027,2343.000116631677,10545.9545712471,8.694063786919119e-05
1172,2.234738826751709,2345.000116631677,10554.666350364685,8.691463461313968e-05
1173,2.2570438385009766,2347.000116631677,10564.37520980835,8.68886093915541e-05
1174,2.336385726928711,2349.000116631677,10573.957379341125,8.686256221992045e-05
1175,2.398533821105957,2351.000116631677,10585.12670969963,8.683649311373784e-05
1176,2.1410374641418457,2353.000116631677,10592.571002721786,8.681040208851842e-05
1177,2.5259153842926025,2355.000116631677,10598.836431980133,8.678428915978733e-05
1178,2.186054229736328,2357.000116631677,10609.94634604454,8.675815434308281e-05
1179,1.9878201484680176,2359.000116631677,10618.03931260109,8.67319976539561e-05
1180,2.211902141571045,2361.000116631677,10627.002579212189,8.670581910797149e-05
1181,2.5496180057525635,2363.000116631677,10638.183323860168,8.667961872070615e-05
1182,2.4558539390563965,2365.000116631677,10647.495310544968,8.665339650775043e-05
1183,2.168858289718628,2367.000116631677,10654.800374984741,8.662715248470751e-05
1184,2.3139307498931885,2369.000116631677,10664.251851558685,8.660088666719365e-05
1185,2.36845064163208,2371.000116631677,10671.871007204056,8.657459907083801e-05
1186,2.2289044857025146,2373.000116631677,10682.341960668564,8.654828971128277e-05
1187,2.5133204460144043,2375.000116631677,10690.32706618309,8.6521958604183e-05
1188,2.2634363174438477,2377.000116631677,10700.056043863297,8.649560576520675e-05
1189,2.176145076751709,2379.000116631677,10708.224999666214,8.6469231210035e-05
1190,2.3840537071228027,2381.000116631677,10717.55934882164,8.644283495436163e-05
1191,2.501695156097412,2383.000116631677,10726.756343841553,8.641641701389348e-05
1192,2.394948720932007,2385.000116631677,10737.987385749817,8.63899774043502e-05
1193,2.151479959487915,2387.000116631677,10746.316368341446,8.636351614146443e-05
1194,2.302943229675293,2389.000116631677,10755.567454576492,8.633703324098165e-05
1195,2.3791534900665283,2391.000116631677,10765.771609067917,8.631052871866024e-05
1196,2.1258437633514404,2393.000116631677,10773.80601143837,8.62840025902714e-05
1197,2.2266838550567627,2395.000116631677,10782.465845823288,8.625745487159923e-05
1198,2.3664186000823975,2397.000116631677,10790.940420150757,8.623088557844066e-05
1199,2.466552734375,2399.000116631677,10800.11855840683,8.620429472660547e-05
1200,2.22544002532959,2401.000116631677,10808.222002506256,8.617768233191623e-05
1201,2.024446964263916,2403.000116631677,10815.717178821564,8.61510484102084e-05
1202,2.2606186866760254,2405.000116631677,10825.18543624878,8.612439297733018e-05
1203,2.399495840072632,2407.000116631677,10834.32637834549,8.609771604914257e-05
1204,2.481005907058716,2409.000116631677,10844.15020442009,8.607101764151944e-05
1205,2.388796806335449,2411.000116631677,10853.293711185455,8.604429777034737e-05
1206,2.16412353515625,2413.000116631677,10861.79875612259,8.60175564515257e-05
1207,2.4168386459350586,2415.000116631677,10869.564626455307,8.59907937009666e-05
1208,2.237100601196289,2417.000116631677,10878.520312786102,8.596400953459492e-05
1209,2.385647773742676,2419.000116631677,10886.023392438889,8.593720396834833e-05
1210,2.106322765350342,2421.000116631677,10894.451558113098,8.591037701817714e-05
1211,2.123079538345337,2423.000116631677,10905.643263578415,8.58835287000445e-05
1212,2.175065755844116,2425.000116631677,10915.432591438293,8.585665902992616e-05
1213,2.3463821411132812,2427.000116631677,10926.638479471207,8.582976802381064e-05
1214,2.3090739250183105,2429.000116631677,10936.183536529541,8.580285569769914e-05
1215,2.159198522567749,2431.000116631677,10943.505940914154,8.577592206760555e-05
1216,2.386491298675537,2433.000116631677,10951.678097248077,8.574896714955644e-05
1217,2.3282904624938965,2435.000116631677,10962.883397340775,8.572199095959102e-05
1218,2.188708543777466,2437.000116631677,10969.945851802826,8.56949935137612e-05
1219,2.260117769241333,2439.000116631677,10979.246183395386,8.566797482813154e-05
1220,2.2656197547912598,2441.000116631677,10986.612392663956,8.564093491877917e-05
1221,2.2027359008789062,2443.000116631677,10997.80884718895,8.561387380179391e-05
1222,2.5101568698883057,2445.000116631677,11008.275537967682,8.55867914932782e-05
1223,2.303758144378662,2447.000116631677,11018.267577886581,8.555968800934704e-05
1224,2.2327702045440674,2449.000116631677,11027.142045021057,8.553256336612811e-05
1225,2.2511086463928223,2451.000116631677,11036.435941457748,8.55054175797616e-05
1226,2.4171242713928223,2453.000116631677,11047.619799375534,8.547825066640034e-05
1227,2.031392812728882,2455.000116631677,11058.787678956985,8.545106264220968e-05
1228,2.232736349105835,2457.000116631677,11068.481617450714,8.54238535233676e-05
1229,2.191255569458008,2459.000116631677,11077.791533708572,8.539662332606452e-05
1230,2.279797077178955,2461.000116631677,11086.15377998352,8.536937206650356e-05
1231,2.3862338066101074,2463.000116631677,11097.078683376312,8.534209976090022e-05
1232,2.33315110206604,2465.000116631677,11104.872524023056,8.531480642548263e-05
1233,1.8601447343826294,2467.000116631677,11113.431027173996,8.528749207649137e-05
1234,2.2583866119384766,2469.000116631677,11121.716094017029,8.526015673017956e-05
1235,2.2377400398254395,2471.000116631677,11130.68076133728,8.523280040281278e-05
1236,2.2066421508789062,2473.000116631677,11138.752202749252,8.520542311066916e-05
1237,2.2882280349731445,2475.000116631677,11149.06829214096,8.517802487003922e-05
1238,2.2083559036254883,2477.000116631677,11160.290360212326,8.5150605697226e-05
1239,2.3679332733154297,2479.000116631677,11168.693299531937,8.512316560854498e-05
1240,2.1082005500793457,2481.000116631677,11175.091031074524,8.50957046203241e-05
1241,2.156439781188965,2483.000116631677,11184.475664377213,8.506822274890369e-05
1242,2.389688014984131,2485.000116631677,11191.760354757309,8.504072001063657e-05
1243,2.2235355377197266,2487.000116631677,11201.06865119934,8.501319642188793e-05
1244,2.3596854209899902,2489.000116631677,11211.439507484436,8.498565199903541e-05
1245,2.0620203018188477,2491.000116631677,11220.664186954498,8.495808675846899e-05
1246,2.109243869781494,2493.000116631677,11231.850471735,8.493050071659108e-05
1247,2.1718502044677734,2495.000116631677,11241.556075572968,8.490289388981646e-05
1248,2.205361843109131,2497.000116631677,11249.491762399673,8.487526629457225e-05
1249,2.175837278366089,2499.000116631677,11259.313741922379,8.484761794729798e-05
1250,2.146507501602173,2501.000116631677,11266.710421562195,8.481994886444549e-05
1251,2.13417649269104,2503.000116631677,11273.40875697136,8.479225906247896e-05
1252,2.156682014465332,2505.000116631677,11283.446526765823,8.476454855787491e-05
1253,2.283963203430176,2507.000116631677,11293.791597604752,8.473681736712218e-05
1254,2.2485694885253906,2509.000116631677,11301.683405160904,8.47090655067219e-05
1255,2.2534685134887695,2511.000116631677,11310.862366199493,8.468129299318752e-05
1256,2.492785930633545,2513.000116631677,11322.066565036774,8.465349984304481e-05
1257,2.1108970642089844,2515.000116631677,11333.237274169922,8.462568607283171e-05
1258,2.1019656658172607,2517.000116631677,11344.435153722763,8.459785169909857e-05
1259,2.096817970275879,2519.000116631677,11355.618786096573,8.456999673840788e-05
1260,2.170620918273926,2521.000116631677,11362.468794822693,8.454212120733448e-05
1261,2.207475185394287,2523.000116631677,11370.049486875534,8.451422512246537e-05
1262,2.004314422607422,2525.000116631677,11379.185931682587,8.448630850039983e-05
1263,2.261563777923584,2527.000116631677,11390.363233089447,8.445837135774933e-05
1264,2.0904996395111084,2529.000116631677,11398.276166200638,8.443041371113756e-05
1265,2.428222894668579,2531.000116631677,11406.51990556717,8.440243557720044e-05
1266,2.3727805614471436,2533.000116631677,11416.59322476387,8.437443697258603e-05
1267,2.2154648303985596,2535.000116631677,11423.595903396606,8.43464179139546e-05
1268,2.3226842880249023,2537.000116631677,11432.957135677338,8.431837841797861e-05
1269,2.199910879135132,2539.000116631677,11443.475090026855,8.429031850134262e-05
1270,2.3701910972595215,2541.000116631677,11450.961488246918,8.426223818074341e-05
1271,2.2539122104644775,2543.000116631677,11457.700082540512,8.423413747288985e-05
1272,2.2598493099212646,2545.000116631677,11466.009019374847,8.420601639450298e-05
1273,2.1371054649353027,2547.000116631677,11477.212761640549,8.417787496231596e-05
1274,2.2715373039245605,2549.000116631677,11485.15717124939,8.414971319307398e-05
1275,2.151528835296631,2551.000116631677,11491.017924308777,8.412153110353445e-05
1276,2.1903491020202637,2553.000116631677,11497.38176369667,8.40933287104668e-05
1277,2.275448799133301,2555.000116631677,11508.573841571808,8.406510603065255e-05
1278,2.23982572555542,2557.000116631677,11517.675551176071,8.403686308088532e-05
1279,2.2687559127807617,2559.000116631677,11527.17766404152,8.400859987797074e-05
1280,2.192692756652832,2561.000116631677,11535.885986566544,8.398031643872657e-05
1281,2.1261725425720215,2563.000116631677,11543.84070611,8.395201277998253e-05
1282,2.1050798892974854,2565.000116631677,11552.857709169388,8.392368891858039e-05
1283,1.9669779539108276,2567.000116631677,11560.233623743057,8.389534487137398e-05
1284,2.34206485748291,2569.000116631677,11568.065590381622,8.386698065522914e-05
1285,2.281153917312622,2571.000116631677,11575.160195827484,8.383859628702364e-05
1287,2.3936960697174072,2575.000116631677,11592.487093448639,8.378176716200199e-05
1288,2.0329465866088867,2577.000116631677,11601.657108545303,8.375332243900138e-05
1289,2.099531650543213,2579.000116631677,11611.198800086975,8.372485763157123e-05
1290,2.1057801246643066,2581.000116631677,11618.522058725357,8.369637275664918e-05
1291,2.2129883766174316,2583.000116631677,11627.89403796196,8.36678678311849e-05
1292,2.2196245193481445,2585.000116631677,11635.386404275894,8.36393428721399e-05
1293,2.1931092739105225,2587.000116631677,11643.910584926605,8.361079789648767e-05
1294,2.161395788192749,2589.000116631677,11653.74632024765,8.358223292121357e-05
1295,2.0297131538391113,2591.000116631677,11664.920910835266,8.355364796331488e-05
1296,2.142777919769287,2593.000116631677,11673.009276628494,8.352504303980079e-05
1297,2.3479855060577393,2595.000116631677,11681.456696271896,8.349641816769234e-05
1298,1.992142915725708,2597.000116631677,11691.193879365921,8.346777336402244e-05
1299,2.072444438934326,2599.000116631677,11699.087488174438,8.343910864583587e-05
1300,2.184128522872925,2601.000116631677,11708.678911685944,8.341042403018927e-05
1301,1.9748599529266357,2603.000116631677,11719.871920347214,8.338171953415109e-05
1302,2.1857032775878906,2605.000116631677,11728.547896385193,8.335299517480167e-05
1303,2.3080010414123535,2607.000116631677,11737.762949228287,8.332425096923308e-05
1304,2.165822982788086,2609.000116631677,11748.950121164322,8.329548693454928e-05
1305,2.24367618560791,2611.000116631677,11759.263405323029,8.326670308786598e-05
1306,2.0980896949768066,2613.000116631677,11765.43785905838,8.32378994463107e-05
1307,2.408252000808716,2615.000116631677,11773.73339676857,8.320907602702275e-05
1308,2.1153907775878906,2617.000116631677,11780.88445687294,8.318023284715318e-05
1309,2.169952392578125,2619.000116631677,11790.816667556763,8.31513699238648e-05
1310,2.2563648223876953,2621.000116631677,11798.420003414154,8.312248727433222e-05
1311,2.055408239364624,2623.000116631677,11808.505140066147,8.30935849157417e-05
1312,2.20352840423584,2625.000116631677,11815.658274888992,8.306466286529128e-05
1313,2.1066598892211914,2627.000116631677,11824.929153680801,8.303572114019074e-05
1314,2.3813552856445312,2629.000116631677,11833.035928726196,8.300675975766153e-05
1315,2.0690975189208984,2631.000116631677,11843.106081962585,8.29777787349368e-05
1316,2.220379590988159,2633.000116631677,11852.86276960373,8.29487780892614e-05
1317,2.0980336666107178,2635.000116631677,11864.04645562172,8.291975783789183e-05
1318,2.1853559017181396,2637.000116631677,11874.35154747963,8.289071799809632e-05
1319,2.251771926879883,2639.000116631677,11884.854172468185,8.286165858715467e-05
1320,2.4120211601257324,2641.000116631677,11893.912049293518,8.283257962235838e-05
1321,2.11034893989563,2643.000116631677,11901.35646390915,8.280348112101057e-05
1322,2.2736034393310547,2645.000116631677,11908.096861362457,8.277436310042599e-05
1323,2.171383857727051,2647.000116631677,11917.202865839005,8.274522557793102e-05
1324,2.4664275646209717,2649.000116631677,11928.390837907791,8.271606857086361e-05
1325,2.313464879989624,2651.000116631677,11935.8220205307,8.268689209657332e-05
1326,2.266383409500122,2653.000116631677,11943.701842546463,8.265769617242128e-05
1327,2.1399669647216797,2655.000116631677,11953.678871393204,8.262848081578024e-05
1328,2.27142333984375,2657.000116631677,11962.793143510818,8.259924604403448e-05
1329,2.086632490158081,2659.000116631677,11969.17268538475,8.25699918745798e-05
1330,2.069471597671509,2661.000116631677,11978.675107479095,8.254071832482359e-05
1331,2.152055263519287,2663.000116631677,11988.40640616417,8.251142541218479e-05
1332,2.0057101249694824,2665.000116631677,11998.510376214981,8.24821131540938e-05
1333,2.188058614730835,2667.000116631677,12006.661935567856,8.245278156799254e-05
1334,2.1660046577453613,2669.000116631677,12015.904087543488,8.24234306713345e-05
1335,2.048112392425537,2671.000116631677,12026.599295854568,8.23940604815846e-05
1336,2.3352792263031006,2673.000116631677,12037.808462142944,8.236467101621922e-05
1337,2.2326815128326416,2675.000116631677,12045.857043504715,8.233526229272628e-05
1338,2.254765510559082,2677.000116631677,12053.44213628769,8.23058343286051e-05
1339,2.325892686843872,2679.000116631677,12061.551063776016,8.227638714136649e-05
1340,2.0235040187835693,2681.000116631677,12070.010704278946,8.224692074853267e-05
1341,2.153325080871582,2683.000116631677,12079.55646944046,8.221743516763729e-05
1342,2.046419620513916,2685.000116631677,12086.620747089386,8.218793041622545e-05
1343,2.2228176593780518,2687.000116631677,12096.673150777817,8.215840651185359e-05
1344,2.049889326095581,2689.000116631677,12106.47133731842,8.212886347208963e-05
1345,2.350008726119995,2691.000116631677,12114.653065681458,8.209930131451282e-05
1346,2.1758155822753906,2693.000116631677,12123.531036376953,8.20697200567138e-05
1347,2.067969560623169,2695.000116631677,12132.258933544159,8.204011971629458e-05
1348,2.2825329303741455,2697.000116631677,12141.666165590286,8.201050031086851e-05
1349,2.151303768157959,2699.000116631677,12152.153816461563,8.198086185806031e-05
1350,2.2892794609069824,2701.000116631677,12161.630955219269,8.195120437550602e-05
1351,2.297358274459839,2703.000116631677,12171.351023674011,8.192152788085299e-05
1352,2.216817855834961,2705.000116631677,12179.957533121109,8.189183239175991e-05
1353,2.1531982421875,2707.000116631677,12191.138740062714,8.186211792589675e-05
1354,2.2439756393432617,2709.000116631677,12200.697484970093,8.18323845009448e-05
1355,2.0381546020507812,2711.000116631677,12211.893456220627,8.180263213459658e-05
1356,2.17157244682312,2713.000116631677,12221.436574697495,8.177286084455592e-05
1357,2.093411445617676,2715.000116631677,12231.011856794357,8.174307064853793e-05
1358,2.29093074798584,2717.000116631677,12240.16020655632,8.171326156426894e-05
1359,2.1172797679901123,2719.000116631677,12249.856853485107,8.168343360948648e-05
1360,2.1728668212890625,2721.000116631677,12261.03814983368,8.16535868019394e-05
1361,2.042912483215332,2723.000116631677,12270.569595575333,8.162372115938769e-05
1362,2.1986489295959473,2725.000116631677,12279.429176568985,8.159383669960259e-05
1363,2.363541603088379,2727.000116631677,12288.376654863358,8.156393344036651e-05
1364,2.05008864402771,2729.000116631677,12295.30374622345,8.153401139947309e-05
1365,1.9802131652832031,2731.000116631677,12303.841333150864,8.150407059472707e-05
1366,2.140261650085449,2733.000116631677,12313.458895206451,8.147411104394445e-05
1367,2.200072765350342,2735.000116631677,12320.975999593735,8.14441327649523e-05
1368,2.261521339416504,2737.000116631677,12331.141662836075,8.141413577558888e-05
1369,2.0389795303344727,2739.000116631677,12341.275590896606,8.138412009370358e-05
1370,2.13223934173584,2741.000116631677,12349.555744171143,8.13540857371569e-05
1371,2.1057915687561035,2743.000116631677,12358.134467601776,8.132403272382048e-05
1372,2.3254714012145996,2745.000116631677,12365.618167877197,8.1293961071577e-05
1373,2.236358165740967,2747.000116631677,12374.79816865921,8.126387079832029e-05
1374,2.2167418003082275,2749.000116631677,12385.66178560257,8.123376192195524e-05
1375,2.1747758388519287,2751.000116631677,12396.409580230713,8.120363446039782e-05
1376,2.1294374465942383,2753.000116631677,12404.419334411621,8.117348843157504e-05
1377,2.137146472930908,2755.000116631677,12411.978257894516,8.114332385342497e-05
1378,2.228893756866455,2757.000116631677,12421.418356180191,8.111314074389673e-05
1379,2.026301145553589,2759.000116631677,12430.62107682228,8.108293912095042e-05
1380,2.081495523452759,2761.000116631677,12437.487956762314,8.10527190025572e-05
1381,2.1786746978759766,2763.000116631677,12448.174830675125,8.102248040669923e-05
1382,2.153296947479248,2765.000116631677,12455.631881475449,8.099222335136967e-05
1383,1.920686960220337,2767.000116631677,12462.15859913826,8.096194785457261e-05
1384,2.218421459197998,2769.000116631677,12470.173116922379,8.093165393432322e-05
1385,2.134451150894165,2771.000116631677,12480.34754896164,8.090134160864751e-05
1386,2.058861255645752,2773.000116631677,12488.54382777214,8.087101089558254e-05
1387,1.8534603118896484,2775.000116631677,12494.928348064423,8.084066181317626e-05
1388,2.241642475128174,2777.000116631677,12503.231668710709,8.081029437948754e-05
1389,2.0395216941833496,2779.000116631677,12514.033018112183,8.077990861258623e-05
1390,2.012185573577881,2781.000116631677,12520.108926773071,8.074950453055302e-05
1391,2.219712734222412,2783.000116631677,12530.98772931099,8.071908215147955e-05
1392,2.3255186080932617,2785.000116631677,12540.042055606842,8.068864149346831e-05
1393,2.263000011444092,2787.000116631677,12550.458426713943,8.065818257463271e-05
1394,2.130621910095215,2789.000116631677,12558.696771383286,8.062770541309698e-05
1395,1.9126402139663696,2791.000116631677,12567.803416013718,8.059721002699622e-05
1396,2.2053585052490234,2793.000116631677,12575.395877361298,8.056669643447637e-05
1397,1.962697982788086,2795.000116631677,12584.022863864899,8.053616465369425e-05
1398,2.2408809661865234,2797.000116631677,12592.013270378113,8.050561470281743e-05
1399,2.240169048309326,2799.000116631677,12601.114031553268,8.047504660002435e-05
1400,2.059159994125366,2801.000116631677,12607.26041674614,8.044446036350421e-05
1401,2.2985129356384277,2803.000116631677,12618.231108665466,8.041385601145703e-05
1402,2.0346744060516357,2805.000116631677,12628.528816461563,8.03832335620936e-05
1403,2.1715660095214844,2807.000116631677,12639.70734500885,8.035259303363547e-05
1404,2.1192727088928223,2809.000116631677,12650.882767438889,8.032193444431494e-05
1405,2.058828830718994,2811.000116631677,12657.995189666748,8.029125781237511e-05
1406,2.0346946716308594,2813.000116631677,12665.228267669678,8.026056315606973e-05
1407,1.8420138359069824,2815.000116631677,12675.016417741776,8.022985049366336e-05
1408,2.311338424682617,2817.000116631677,12684.349743127823,8.019911984343122e-05
1409,2.2557730674743652,2819.000116631677,12691.096713542938,8.016837122365926e-05
1410,2.1084301471710205,2821.000116631677,12700.904515743256,8.013760465264408e-05
1411,2.2375149726867676,2823.000116631677,12709.344686508179,8.010682014869304e-05
1412,2.068406105041504,2825.000116631677,12720.550759792328,8.007601773012412e-05
1413,1.964024543762207,2827.000116631677,12728.726696014404,8.004519741526592e-05
1414,2.054844379425049,2829.000116631677,12737.082262039185,8.001435922245778e-05
1415,2.0828092098236084,2831.000116631677,12743.323133707047,7.998350317004962e-05
1416,2.013575792312622,2833.000116631677,12752.203658342361,7.9952629276402e-05
1417,2.154730796813965,2835.000116631677,12761.041517019272,7.992173755988607e-05
1418,1.877300500869751,2837.000116631677,12769.220019340515,7.989082803888366e-05
1419,2.087245225906372,2839.000116631677,12775.267483949661,7.98599007317871e-05
1420,1.8918198347091675,2841.000116631677,12782.851764678955,7.982895565699937e-05
1421,1.9687250852584839,2843.000116631677,12790.290504932404,7.979799283293401e-05
1422,2.04254150390625,2845.000116631677,12799.76498579979,7.97670122780151e-05
1423,2.131671667098999,2847.000116631677,12809.265846729279,7.973601401067729e-05
1424,2.0219321250915527,2849.000116631677,12818.088809251785,7.970499804936575e-05
1425,2.4883086681365967,2851.000116631677,12827.843007802963,7.967396441253618e-05
1426,2.2659497261047363,2853.000116631677,12837.582465171814,7.964291311865485e-05
1427,2.2117505073547363,2855.000116631677,12847.290575027466,7.961184418619846e-05
1428,2.151552677154541,2857.000116631677,12858.030419111252,7.958075763365427e-05
1429,2.1150293350219727,2859.000116631677,12869.21071100235,7.954965347951999e-05
1430,2.1681528091430664,2861.000116631677,12877.487186670303,7.951853174230377e-05
1431,1.9817278385162354,2863.000116631677,12884.231338739395,7.948739244052432e-05
1432,1.9247654676437378,2865.000116631677,12894.335222244263,7.945623559271071e-05
1433,2.1416354179382324,2867.000116631677,12903.351846456528,7.942506121740248e-05
1434,2.2138187885284424,2869.000116631677,12910.840848445892,7.939386933314963e-05
1435,1.9992963075637817,2871.000116631677,12919.080843925476,7.936265995851254e-05
1436,2.097107172012329,2873.000116631677,12928.092612981796,7.933143311206199e-05
1437,2.047327995300293,2875.000116631677,12935.879945755005,7.930018881237921e-05
1438,2.1228890419006348,2877.000116631677,12944.34262084961,7.926892707805578e-05
1439,2.0384891033172607,2879.000116631677,12953.098538637161,7.923764792769362e-05
1440,2.2228786945343018,2881.000116631677,12960.856946706772,7.920635137990507e-05
1441,2.0390992164611816,2883.000116631677,12970.15533876419,7.91750374533128e-05
1442,2.3110334873199463,2885.000116631677,12980.322068691254,7.914370616654985e-05
1443,2.052565574645996,2887.000116631677,12989.601680755615,7.911235753825952e-05
1444,2.2204582691192627,2889.000116631677,13000.291059970856,7.90809915870955e-05
1445,2.165154457092285,2891.000116631677,13010.6599547863,7.904960833172174e-05
1446,2.106595039367676,2893.000116631677,13017.615119695663,7.901820779081253e-05
1447,2.03330135345459,2895.000116631677,13028.80315876007,7.898678998305238e-05
1448,2.1805076599121094,2897.000116631677,13036.130559682846,7.895535492713615e-05
1449,2.027729034423828,2899.000116631677,13047.31594157219,7.892390264176892e-05
1450,1.8220266103744507,2901.000116631677,13056.604283332825,7.889243314566607e-05
1451,1.8966131210327148,2903.000116631677,13063.131850481033,7.88609464575531e-05
1452,1.9861036539077759,2905.000116631677,13072.605987071991,7.882944259616588e-05
1453,2.0623040199279785,2907.000116631677,13083.780736207962,7.879792158025044e-05
1454,2.1406567096710205,2909.000116631677,13091.584922075272,7.876638342856299e-05
1455,2.1919915676116943,2911.000116631677,13101.369194984436,7.873482815987e-05
1456,2.2150163650512695,2913.000116631677,13108.060874700546,7.870325579294806e-05
1457,2.062471389770508,2915.000116631677,13119.328341960907,7.867166634658397e-05
1458,2.1504907608032227,2917.000116631677,13129.52926826477,7.864005983957471e-05
1459,2.0782532691955566,2919.000116631677,13138.81533575058,7.860843629072737e-05
1460,2.2199790477752686,2921.000116631677,13148.264452457428,7.85767957188592e-05
1461,2.1608943939208984,2923.000116631677,13157.61341547966,7.854513814279759e-05
1462,2.043140411376953,2925.000116631677,13167.17468547821,7.851346358138003e-05
1463,1.802189588546753,2927.000116631677,13174.079672336578,7.848177205345412e-05
1464,2.275785446166992,2929.000116631677,13183.797891378403,7.845006357787758e-05
1465,2.129634380340576,2931.000116631677,13190.547355413437,7.841833817351817e-05
1466,1.9884599447250366,2933.000116631677,13199.622077465057,7.838659585925376e-05
1467,2.0112719535827637,2935.000116631677,13207.507296800613,7.835483665397226e-05
1468,2.428717613220215,2937.000116631677,13216.342080116272,7.832306057657166e-05
1469,2.177222728729248,2939.000116631677,13225.619312047958,7.829126764595995e-05
1470,1.9838201999664307,2941.000116631677,13235.07489490509,7.825945788105519e-05
1471,1.8544957637786865,2943.000116631677,13241.872698545456,7.82276313007854e-05
1472,1.9063408374786377,2945.000116631677,13249.198474645615,7.819578792408868e-05
1473,2.010486602783203,2947.000116631677,13256.38423705101,7.816392776991308e-05
1474,2.124842882156372,2949.000116631677,13264.80577158928,7.813205085721662e-05
1475,1.9948993921279907,2951.000116631677,13276.003452062607,7.810015720496732e-05
1476,2.1675379276275635,2953.000116631677,13283.893090486526,7.806824683214316e-05
1477,2.209744930267334,2955.000116631677,13293.892483472824,7.803631975773203e-05
1478,1.9861717224121094,2957.000116631677,13301.513625383377,7.800437600073185e-05
1479,1.9623286724090576,2959.000116631677,13311.576471328735,7.797241558015035e-05
1480,2.254753351211548,2961.000116631677,13322.753025770187,7.794043851500525e-05
1481,2.106419563293457,2963.000116631677,13330.359728574753,7.790844482432419e-05
1482,2.306133270263672,2965.000116631677,13339.192939519882,7.787643452714461e-05
1483,2.182216167449951,2967.000116631677,13348.813784837723,7.78444076425139e-05
1484,2.0692050457000732,2969.000116631677,13358.858314037323,7.781236418948935e-05
1485,2.1306982040405273,2971.000116631677,13366.975630998611,7.778030418713803e-05
1486,2.0016887187957764,2973.000116631677,13377.499017953873,7.774822765453693e-05
1487,2.003831386566162,2975.000116631677,13386.104498386383,7.771613461077283e-05
1488,2.1193318367004395,2977.000116631677,13394.199150800705,7.768402507494234e-05
1489,2.1178767681121826,2979.000116631677,13403.449243307114,7.76518990661519e-05
1490,2.0813803672790527,2981.000116631677,13411.333211183548,7.761975660351773e-05
1491,1.8065298795700073,2983.000116631677,13418.983455181122,7.758759770616585e-05
1492,2.141730785369873,2985.000116631677,13429.053539991379,7.75554223932321e-05
1493,2.072902202606201,2987.000116631677,13438.023357629776,7.752323068386202e-05
1494,2.134768486022949,2989.000116631677,13448.202391386032,7.749102259721095e-05
1495,2.10660982131958,2991.000116631677,13456.45518565178,7.745879815244395e-05
1496,2.1629748344421387,2993.000116631677,13466.27047920227,7.742655736873583e-05
1497,1.8256510496139526,2995.000116631677,13474.73435497284,7.739430026527111e-05
1498,2.087209701538086,2997.000116631677,13483.837871789932,7.736202686124407e-05
1499,2.0792202949523926,2999.000116631677,13492.306513309479,7.732973717585861e-05
1500,2.1069226264953613,3001.000116631677,13502.313493728638,7.729743122832836e-05
1501,2.1567211151123047,3003.000116631677,13511.45505976677,7.726510903787664e-05
1502,2.079650402069092,3005.000116631677,13520.32499575615,7.723277062373642e-05
1503,2.1181623935699463,3007.000116631677,13527.573655605316,7.720041600515031e-05
1504,1.9549248218536377,3009.000116631677,13536.61392736435,7.716804520137056e-05
1505,1.9179737567901611,3011.000116631677,13546.30190372467,7.713565823165912e-05
1506,2.052856206893921,3013.000116631677,13557.514175415039,7.710325511528744e-05
1507,1.982475757598877,3015.000116631677,13566.59905409813,7.707083587153668e-05
1508,2.0408613681793213,3017.000116631677,13576.684402227402,7.703840051969756e-05
1509,1.8078193664550781,3019.000116631677,13586.664409399033,7.700594907907036e-05
1510,1.8087869882583618,3021.000116631677,13593.459038734436,7.6973481568965e-05
1511,2.134536027908325,3023.000116631677,13601.026186704636,7.694099800870087e-05
1512,2.0882561206817627,3025.000116631677,13612.208648443222,7.690849841760701e-05
1513,1.9046285152435303,3027.000116631677,13617.95540857315,7.687598281502191e-05
1514,2.185812473297119,3029.000116631677,13626.60077381134,7.684345122029364e-05
1515,2.0276827812194824,3031.000116631677,13636.415501832962,7.681090365277979e-05
1516,2.1840970516204834,3033.000116631677,13643.832383394241,7.677834013184741e-05
1517,2.121572494506836,3035.000116631677,13651.524007320404,7.674576067687308e-05
1518,1.9372507333755493,3037.000116631677,13662.706419944763,7.671316530724285e-05
1519,2.0290746688842773,3039.000116631677,13673.889071702957,7.668055404235224e-05
1520,2.046469211578369,3041.000116631677,13682.98621916771,7.664792690160624e-05
1521,2.152707099914551,3043.000116631677,13692.116768360138,7.661528390441927e-05
1522,1.9163072109222412,3045.000116631677,13701.932767152786,7.65826250702152e-05
1523,2.023221015930176,3047.000116631677,13712.330839633942,7.65499504184273e-05
1524,1.866182804107666,3049.000116631677,13722.332374095917,7.651725996849827e-05
1525,2.029287338256836,3051.000116631677,13733.502988815308,7.64845537398802e-05
1526,2.212996006011963,3053.000116631677,13742.1512196064,7.645183175203461e-05
1527,2.0871849060058594,3055.000116631677,13749.290217161179,7.641909402443234e-05
1528,1.8442378044128418,3057.000116631677,13757.479463338852,7.638634057655362e-05
1529,2.088510274887085,3059.000116631677,13767.964794158936,7.635357142788803e-05
1530,2.1692631244659424,3061.000116631677,13779.165481805801,7.632078659793451e-05
1531,2.0034685134887695,3063.000116631677,13788.961761951447,7.62879861062013e-05
1532,2.215463399887085,3065.000116631677,13798.259232282639,7.6255169972206e-05
1533,1.9438072443008423,3067.000116631677,13809.010936498642,7.622233821547547e-05
1534,2.006862163543701,3069.000116631677,13816.739728450775,7.618949085554592e-05
1535,1.895345687866211,3071.000116631677,13824.189755678177,7.615662791196279e-05
1536,2.2251551151275635,3073.000116631677,13832.049152374268,7.612374940428082e-05
1537,2.068970203399658,3075.000116631677,13841.834675312042,7.609085535206402e-05
1538,2.1652584075927734,3077.000116631677,13850.960211753845,7.605794577488565e-05
1539,2.036893129348755,3079.000116631677,13861.18530678749,7.602502069232817e-05
1540,2.1090142726898193,3081.000116631677,13869.147968292236,7.59920801239833e-05
1541,1.982993721961975,3083.000116631677,13876.348435878754,7.595912408945198e-05
1542,2.1622185707092285,3085.000116631677,13886.711273908615,7.592615260834433e-05
1543,2.0848183631896973,3087.000116631677,13897.743799209595,7.589316570027968e-05
1544,1.8783164024353027,3089.000116631677,13905.853412628174,7.586016338488653e-05
1545,2.0119893550872803,3091.000116631677,13914.796561002731,7.582714568180256e-05
1546,2.0985560417175293,3093.000116631677,13925.997557163239,7.579411261067458e-05
1547,1.9403927326202393,3095.000116631677,13932.983407735825,7.576106419115857e-05
1548,1.7301381826400757,3097.000116631677,13940.754649877548,7.572800044291962e-05
1549,1.8734376430511475,3099.000116631677,13947.636824846268,7.569492138563196e-05
1550,2.03823184967041,3101.000116631677,13956.657147169113,7.566182703897895e-05
1551,1.8729767799377441,3103.000116631677,13967.824790239334,7.562871742265298e-05
1552,1.8453830480575562,3105.000116631677,13977.301917791367,7.55955925563556e-05
1553,2.0673069953918457,3107.000116631677,13985.985671281815,7.556245245979739e-05
1554,1.9020931720733643,3109.000116631677,13995.731916427612,7.552929715269801e-05
1555,2.073188304901123,3111.000116631677,14004.984514474869,7.549612665478617e-05
1556,1.8600410223007202,3113.000116631677,14013.776799201965,7.546294098579958e-05
1557,1.9812135696411133,3115.000116631677,14020.70571756363,7.542974016548508e-05
1558,2.0469884872436523,3117.000116631677,14030.695696353912,7.53965242135984e-05
1559,2.1482958793640137,3119.000116631677,14039.251600027084,7.536329314990435e-05
1560,1.807470440864563,3121.000116631677,14047.34000468254,7.533004699417672e-05
1561,1.9578306674957275,3123.000116631677,14056.498224020004,7.529678576619828e-05
1562,1.717960000038147,3125.000116631677,14065.794052362442,7.526350948576074e-05
1563,1.9637285470962524,3127.000116631677,14075.338008403778,7.52302181726648e-05
1564,2.098600387573242,3129.000116631677,14082.987824678421,7.51969118467201e-05
1565,2.144190788269043,3131.000116631677,14090.441959381104,7.51635905277452e-05
1566,2.0347702503204346,3133.000116631677,14101.639903783798,7.513025423556761e-05
1567,1.977884292602539,3135.000116631677,14112.27105641365,7.50969029900237e-05
1568,2.084155321121216,3137.000116631677,14121.903736114502,7.506353681095881e-05
1569,1.961171269416809,3139.000116631677,14128.763391494751,7.503015571822707e-05
1570,2.091397762298584,3141.000116631677,14138.106108903885,7.499675973169156e-05
1571,2.195101737976074,3143.000116631677,14146.597523212433,7.496334887122422e-05
1572,1.6918474435806274,3145.000116631677,14153.02466225624,7.492992315670578e-05
1573,2.0285449028015137,3147.000116631677,14164.20803308487,7.48964826080259e-05
1574,1.8968040943145752,3149.000116631677,14175.287370204926,7.486302724508296e-05
1575,1.950652837753296,3151.000116631677,14184.996832847595,7.482955708778424e-05
1576,2.1064600944519043,3153.000116631677,14196.151709079742,7.479607215604581e-05
1577,2.0112037658691406,3155.000116631677,14205.025948524475,7.476257246979248e-05
1578,1.8375539779663086,3157.000116631677,14213.757474422455,7.472905804895792e-05
1579,2.006077289581299,3159.000116631677,14222.468227148056,7.469552891348446e-05
1580,1.966039776802063,3161.000116631677,14229.722395896912,7.466198508332331e-05
1581,1.9376578330993652,3163.000116631677,14238.898391962051,7.462842657843432e-05
1582,1.9065911769866943,3165.000116631677,14246.602284431458,7.459485341878613e-05
1583,2.074840784072876,3167.000116631677,14254.458652496338,7.456126562435611e-05
1584,1.942118525505066,3169.000116631677,14264.69652223587,7.452766321513028e-05
1585,2.029076099395752,3171.000116631677,14274.213509559631,7.449404621110338e-05
1586,1.9515037536621094,3173.000116631677,14283.973603010178,7.446041463227887e-05
1587,2.171207904815674,3175.000116631677,14293.947775125504,7.442676849866886e-05
1588,1.9425709247589111,3177.000116631677,14302.658699512482,7.439310783029408e-05
1589,1.8457260131835938,3179.000116631677,14311.031961202621,7.435943264718399e-05
1590,1.9108831882476807,3181.000116631677,14320.17015004158,7.432574296937663e-05
1591,1.9205780029296875,3183.000116631677,14329.167773485184,7.429203881691866e-05
1592,2.0569677352905273,3185.000116631677,14338.590457677841,7.42583202098654e-05
1593,1.890529751777649,3187.000116631677,14344.982697486877,7.422458716828068e-05
1594,1.808462381362915,3189.000116631677,14352.424328565598,7.419083971223706e-05
1595,2.092905044555664,3191.000116631677,14360.64033150673,7.415707786181555e-05
1596,1.8505910634994507,3193.000116631677,14370.672849178314,7.412330163710579e-05
1597,1.8801329135894775,3195.000116631677,14379.778986692429,7.408951105820594e-05
1598,2.157482862472534,3197.000116631677,14389.229749679565,7.405570614522273e-05
1599,1.9814496040344238,3199.000116631677,14398.356936454773,7.402188691827141e-05
1600,1.8990224599838257,3201.000116631677,14407.764434576035,7.398805339747574e-05
1601,2.019308090209961,3203.000116631677,14414.06707072258,7.395420560296799e-05
1602,2.169945478439331,3205.000116631677,14420.010849237442,7.392034355488892e-05
1603,1.9400110244750977,3207.000116631677,14427.363078832626,7.388646727338778e-05
1604,1.92400062084198,3209.000116631677,14432.647795915604,7.385257677862228e-05
1605,2.0485010147094727,3211.000116631677,14441.493463516235,7.381867209075859e-05
1606,2.185988187789917,3213.000116631677,14448.643391132355,7.378475322997134e-05
1607,2.042973279953003,3215.000116631677,14457.030661821365,7.375082021644356e-05
1608,1.857292890548706,3217.000116631677,14465.239411354065,7.371687307036673e-05
1609,1.9760922193527222,3219.000116631677,14473.92186331749,7.368291181194073e-05
1610,2.1414384841918945,3221.000116631677,14484.072724819183,7.364893646137386e-05
1611,1.9322055578231812,3223.000116631677,14494.4767100811,7.361494703888274e-05
1612,1.9473154544830322,3225.000116631677,14503.410319805145,7.358094356469245e-05
1613,2.2543864250183105,3227.000116631677,14513.479551792145,7.354692605903637e-05
1614,2.1507983207702637,3229.000116631677,14523.066979408264,7.351289454215625e-05
1615,1.9701015949249268,3231.000116631677,14532.669846057892,7.347884903430218e-05
1616,2.003176212310791,3233.000116631677,14542.84030866623,7.344478955573256e-05
1617,2.0769124031066895,3235.000116631677,14554.025403738022,7.34107161267141e-05
1618,1.8189916610717773,3237.000116631677,14563.056273937225,7.337662876752184e-05
1619,2.398068428039551,3239.000116631677,14570.072508335114,7.334252749843911e-05
1620,1.7538557052612305,3241.000116631677,14579.836923360825,7.33084123397575e-05
1621,2.045968532562256,3243.000116631677,14588.812436819077,7.327428331177685e-05
1622,1.9981476068496704,3245.000116631677,14600.010914564133,7.324014043480526e-05
1623,1.9207382202148438,3247.000116631677,14611.188517570496,7.320598372915909e-05
1624,1.8173333406448364,3249.000116631677,14620.662941455841,7.317181321516291e-05
1625,1.7990461587905884,3251.000116631677,14628.765726804733,7.313762891314953e-05
1626,1.7093451023101807,3253.000116631677,14638.239780426025,7.310343084345994e-05
1627,1.8848967552185059,3255.000116631677,14648.005434274673,7.306921902644332e-05
1628,2.0458998680114746,3257.000116631677,14655.372277021408,7.303499348245705e-05
1629,2.133286714553833,3259.000116631677,14662.191968917847,7.300075423186666e-05
1630,1.832552433013916,3261.000116631677,14671.020928621292,7.296650129504587e-05
1631,1.851582646369934,3263.000116631677,14677.517540693283,7.29322346923765e-05
1632,1.9606215953826904,3265.000116631677,14686.397986888885,7.28979544442485e-05
1633,1.7999624013900757,3267.000116631677,14695.262030601501,7.286366057106e-05
1634,2.1028478145599365,3269.000116631677,14703.884527683258,7.282935309321718e-05
1635,2.2623651027679443,3271.000116631677,14713.605227947235,7.279503203113435e-05
1636,2.0153050422668457,3273.000116631677,14722.437742233276,7.276069740523385e-05
1637,1.7960553169250488,3275.000116631677,14730.605199337006,7.272634923594615e-05
1638,1.8377182483673096,3277.000116631677,14737.890257835388,7.269198754370974e-05
1639,1.9156742095947266,3279.000116631677,14744.343925714493,7.265761234897119e-05
1640,1.7839630842208862,3281.000116631677,14751.938609600067,7.262322367218507e-05
1641,1.844944715499878,3283.000116631677,14761.391191720963,7.258882153381402e-05
1642,1.9172420501708984,3285.000116631677,14771.062382936478,7.255440595432863e-05
1643,1.846533179283142,3287.000116631677,14778.651461839676,7.251997695420753e-05
1644,1.8614625930786133,3289.000116631677,14787.303233861923,7.248553455393731e-05
1645,1.9712374210357666,3291.000116631677,14796.578090667725,7.245107877401257e-05
1646,1.7926234006881714,3293.000116631677,14807.787617206573,7.241660963493581e-05
1647,2.0011672973632812,3295.000116631677,14815.530672311783,7.238212715721758e-05
1648,2.077587127685547,3297.000116631677,14826.698534488678,7.234763136137623e-05
1649,1.958962082862854,3299.000116631677,14836.861227273941,7.231312226793816e-05
1650,1.8609284162521362,3301.000116631677,14845.979417562485,7.227859989743762e-05
1651,2.0156478881835938,3303.000116631677,14853.246381521225,7.224406427041676e-05
1652,2.066068649291992,3305.000116631677,14863.840385198593,7.220951540742565e-05
1653,1.7220022678375244,3307.000116631677,14873.454412221909,7.217495332902221e-05
1654,2.0003209114074707,3309.000116631677,14883.498025417328,7.214037805577223e-05
1655,2.156818151473999,3311.000116631677,14891.45572090149,7.210578960824934e-05
1656,1.7872729301452637,3313.000116631677,14898.269939899445,7.207118800703504e-05
1657,1.7649884223937988,3315.000116631677,14906.95631980896,7.203657327271862e-05
1658,2.033865451812744,3317.000116631677,14914.76989531517,7.20019454258972e-05
1659,1.9472376108169556,3319.000116631677,14925.986099004745,7.196730448717572e-05
1660,1.9911408424377441,3321.000116631677,14932.595259904861,7.19326504771669e-05
1661,1.916762113571167,3323.000116631677,14943.746975421906,7.18979834164912e-05
1662,2.0934102535247803,3325.000116631677,14951.755692720413,7.18633033257769e-05
1663,1.8299946784973145,3327.000116631677,14960.714406728745,7.182861022566003e-05
1664,1.9726232290267944,3329.000116631677,14971.928769826889,7.179390413678432e-05
1665,1.9200942516326904,3331.000116631677,14982.08762049675,7.175918507980127e-05
1666,1.9545977115631104,3333.000116631677,14993.272245645523,7.172445307537005e-05
1667,1.9038074016571045,3335.000116631677,15003.032911539078,7.168970814415758e-05
1668,1.819901943206787,3337.000116631677,15011.833580493927,7.165495030683846e-05
1669,1.751136064529419,3339.000116631677,15017.276560783386,7.162017958409495e-05
1670,1.7036315202713013,3341.000116631677,15024.285525798798,7.1585395996617e-05
1671,1.9607025384902954,3343.000116631677,15032.307381868362,7.155059956510221e-05
1672,1.856956958770752,3345.000116631677,15041.04648399353,7.15157903102558e-05
1673,2.0232439041137695,3347.000116631677,15048.474927902222,7.148096825279066e-05
1674,1.980309009552002,3349.000116631677,15058.641653776169,7.144613341342729e-05
1675,1.7145671844482422,3351.000116631677,15069.084474563599,7.141128581289375e-05
1676,1.9603214263916016,3353.000116631677,15078.383610963821,7.137642547192573e-05
1677,1.6741673946380615,3355.000116631677,15085.316606521606,7.134155241126653e-05
1678,1.8948739767074585,3357.000116631677,15095.141249895096,7.130666665166697e-05
1679,2.1033430099487305,3359.000116631677,15102.06957578659,7.127176821388544e-05
1680,1.8905267715454102,3361.000116631677,15108.44536280632,7.123685711868787e-05
1681,2.080843448638916,3363.000116631677,15115.990241289139,7.120193338684774e-05
1682,1.904890775680542,3365.000116631677,15122.116915225983,7.116699703914602e-05
1683,1.8759572505950928,3367.000116631677,15133.305022239685,7.113204809637123e-05
1684,2.1827924251556396,3369.000116631677,15142.603178024292,7.109708657931933e-05
1685,1.8802505731582642,3371.000116631677,15149.696769237518,7.106211250879383e-05
1686,1.8575587272644043,3373.000116631677,15159.894607067108,7.102712590560565e-05
1687,1.7016232013702393,3375.000116631677,15165.024315357208,7.09921267905732e-05
1688,1.969609022140503,3377.000116631677,15172.12096619606,7.095711518452229e-05
1689,2.0277600288391113,3379.000116631677,15183.278705120087,7.092209110828624e-05
1690,2.0351338386535645,3381.000116631677,15194.475935697556,7.088705458270572e-05
1691,1.9707529544830322,3383.000116631677,15202.952606201172,7.085200562862883e-05
1692,1.8339383602142334,3385.000116631677,15212.721394062042,7.08169442669111e-05
1693,2.022451400756836,3387.000116631677,15221.156793355942,7.07818705184154e-05
1694,1.798356294631958,3389.000116631677,15230.855782032013,7.074678440401196e-05
1695,2.0449934005737305,3391.000116631677,15242.067531347275,7.071168594457841e-05
1696,1.9878792762756348,3393.000116631677,15253.261907815933,7.067657516099972e-05
1697,1.9698981046676636,3395.000116631677,15262.266638040543,7.064145207416817e-05
1698,1.8532376289367676,3397.000116631677,15271.071946382523,7.060631670498336e-05
1699,1.8767352104187012,3399.000116631677,15280.159501791,7.057116907435226e-05
1700,1.7234251499176025,3401.000116631677,15290.801287174225,7.053600920318901e-05
1701,1.8473119735717773,3403.000116631677,15302.006975650787,7.050083711241516e-05
1702,2.01546049118042,3405.000116631677,15309.071156263351,7.046565282295947e-05
1703,1.9738774299621582,3407.000116631677,15316.55453634262,7.043045635575797e-05
1704,1.8711611032485962,3409.000116631677,15324.640264511108,7.039524773175394e-05
1705,1.8388473987579346,3411.000116631677,15333.303952932358,7.036002697189788e-05
1706,1.9115240573883057,3413.000116631677,15344.50378537178,7.032479409714752e-05
1707,1.9025791883468628,3415.000116631677,15353.532546758652,7.028954912846783e-05
1708,1.964209794998169,3417.000116631677,15364.727660894394,7.025429208683093e-05
1709,1.8271331787109375,3419.000116631677,15372.761894226074,7.02190229932161e-05
1710,1.9372591972351074,3421.000116631677,15383.633596420288,7.01837418686099e-05
1711,1.9596080780029297,3423.000116631677,15394.842638015747,7.014844873400592e-05
1712,2.0212910175323486,3425.000116631677,15401.831788778305,7.0113143610405e-05
1713,2.114046812057495,3427.000116631677,15412.212603092194,7.007782651881506e-05
1714,1.7698973417282104,3429.000116631677,15421.256644248962,7.004249748025114e-05
1716,1.9724243879318237,3433.000116631677,15443.28904914856,6.997180364629712e-05
1717,1.7589499950408936,3435.000116631677,15452.190300226212,6.993643889297261e-05
1718,1.7490322589874268,3437.000116631677,15461.053585290909,6.990106227680533e-05
1719,1.8942030668258667,3439.000116631677,15470.529665708542,6.98656738188457e-05
1720,1.7552580833435059,3441.000116631677,15478.562772989273,6.983027354015128e-05
1721,1.9721105098724365,3443.000116631677,15486.819773197174,6.979486146178659e-05
1722,1.7880593538284302,3445.000116631677,15497.20708990097,6.975943760482322e-05
1723,1.9460078477859497,3447.000116631677,15505.985312700272,6.972400199033976e-05
1724,1.731149435043335,3449.000116631677,15512.842604637146,6.968855463942177e-05
1725,2.000629186630249,3451.000116631677,15519.880655765533,6.96530955731618e-05
1726,1.8976768255233765,3453.000116631677,15529.715219020844,6.961762481265942e-05
1727,1.8091495037078857,3455.000116631677,15538.730706691742,6.95821423790211e-05
1728,1.9780700206756592,3457.000116631677,15548.54646730423,6.954664829336028e-05
1729,1.9548311233520508,3459.000116631677,15557.386720657349,6.951114257679734e-05
1730,1.9463601112365723,3461.000116631677,15566.476306200027,6.947562525045954e-05
1731,1.917799949645996,3463.000116631677,15576.232164621353,6.944009633548114e-05
1732,1.808669090270996,3465.000116631677,15583.849407672882,6.940455585300315e-05
1733,1.936241626739502,3467.000116631677,15595.046360254288,6.936900382417364e-05
1734,1.8949437141418457,3469.000116631677,15604.579499721527,6.933344027014741e-05
1735,1.8605804443359375,3471.000116631677,15614.157858133316,6.929786521208616e-05
1736,1.9727938175201416,3473.000116631677,15622.193756818771,6.926227867115847e-05
1737,1.8390082120895386,3475.000116631677,15633.3846783638,6.92266806685397e-05
1738,1.6566402912139893,3477.000116631677,15642.480658531189,6.919107122541207e-05
1739,1.9568575620651245,3479.000116631677,15652.030278205872,6.91554503629646e-05
1740,2.0107364654541016,3481.000116631677,15661.07108259201,6.911981810239308e-05
1741,1.9119000434875488,3483.000116631677,15672.147181034088,6.908417446490012e-05
1742,1.8174948692321777,3485.000116631677,15681.300272226334,6.904851947169505e-05
1743,1.8432105779647827,3487.000116631677,15689.965560674667,6.901285314399402e-05
1744,1.8866957426071167,3489.000116631677,15699.577203035355,6.897717550301987e-05
1745,1.7375596761703491,3491.000116631677,15705.548037528992,6.894148657000221e-05
1746,1.9758970737457275,3493.000116631677,15716.771717071533,6.890578636617734e-05
1747,1.845699429512024,3495.000116631677,15725.057312488556,6.887007491278828e-05
1748,2.153200626373291,3497.000116631677,15731.928527593613,6.883435223108472e-05
1749,2.001735210418701,3499.000116631677,15738.965850353241,6.879861834232312e-05
1750,1.7033987045288086,3501.000116631677,15746.402966976166,6.876287326776649e-05
1751,1.8998150825500488,3503.000116631677,15756.51005911827,6.872711702868456e-05
1752,1.9046871662139893,3505.000116631677,15765.171257257462,6.869134964635371e-05
1753,2.018556833267212,3507.000116631677,15774.980632305145,6.865557114205689e-05
1754,1.7583417892456055,3509.000116631677,15786.156768321991,6.861978153708378e-05
1755,1.8255512714385986,3511.000116631677,15795.931955575943,6.858398085273052e-05
1756,1.769271731376648,3513.000116631677,15802.105103254318,6.854816911029996e-05
1757,1.9587353467941284,3515.000116631677,15812.152135372162,6.85123463311015e-05
1758,1.8642394542694092,3517.000116631677,15820.8373503685,6.847651253645107e-05
1759,1.887434959411621,3519.000116631677,15829.912715435028,6.844066774767118e-05
1760,1.8217428922653198,3521.000116631677,15837.638447284698,6.84048119860909e-05
1761,1.8397886753082275,3523.000116631677,15845.956778287888,6.83689452730458e-05
1762,1.7122807502746582,3525.000116631677,15851.215283870697,6.8333067629878e-05
1763,2.007812738418579,3527.000116631677,15858.533909082413,6.829717907793609e-05
1764,1.8090269565582275,3529.000116631677,15867.810791492462,6.826127963857514e-05
1765,1.6674436330795288,3531.000116631677,15878.993032455444,6.822536933315677e-05
1766,1.847907304763794,3533.000116631677,15888.277436494827,6.818944818304899e-05
1767,1.8338860273361206,3535.000116631677,15895.248298168182,6.815351620962627e-05
1768,1.791585087776184,3537.000116631677,15904.947105884552,6.811757343426958e-05
1769,1.958937644958496,3539.000116631677,15911.737446546555,6.808161987836625e-05
1770,1.9478312730789185,3541.000116631677,15920.764306545258,6.804565556331006e-05
1771,1.9988436698913574,3543.000116631677,15928.469479322433,6.80096805105012e-05
1772,1.8748772144317627,3545.000116631677,15937.595533847809,6.797369474134622e-05
1773,1.8977057933807373,3547.000116631677,15947.189405918121,6.793769827725807e-05
1774,1.9072513580322266,3549.000116631677,15954.30962729454,6.790169113965608e-05
1775,1.9511045217514038,3551.000116631677,15964.525781154633,6.786567334996585e-05
1776,2.1251142024993896,3553.000116631677,15974.327992677689,6.782964492961942e-05
1777,1.9266693592071533,3555.000116631677,15983.868583917618,6.779360590005508e-05
1778,1.8819386959075928,3557.000116631677,15991.164574861526,6.77575562827175e-05
1779,2.025944232940674,3559.000116631677,16000.185188055038,6.77214960990576e-05
1780,1.812801718711853,3561.000116631677,16007.194175958633,6.76854253705326e-05
1781,2.0934650897979736,3563.000116631677,16015.859860658646,6.764934411860595e-05
1782,1.9088613986968994,3565.000116631677,16024.304836034775,6.761325236474749e-05
1783,1.7292834520339966,3567.000116631677,16030.47803735733,6.757715013043316e-05
1784,1.7901684045791626,3569.000116631677,16036.047494411469,6.754103743714524e-05
1785,1.8936965465545654,3571.000116631677,16046.378695487976,6.750491430637219e-05
1786,1.7716844081878662,3573.000116631677,16055.780147314072,6.746878075960868e-05
1787,1.7525607347488403,3575.000116631677,16062.859826087952,6.74326368183556e-05
1788,1.7537648677825928,3577.000116631677,16071.490800857544,6.739648250411998e-05
1789,1.9788020849227905,3579.000116631677,16080.427294969559,6.736031783841508e-05
1790,1.594065546989441,3581.000116631677,16087.905788898468,6.732414284276028e-05
1791,2.1698427200317383,3583.000116631677,16095.841096878052,6.728795753868114e-05
1792,1.8275806903839111,3585.000116631677,16106.901326417923,6.72517619477093e-05
1793,1.8801655769348145,3587.000116631677,16116.540404558182,6.721555609138256e-05
1794,1.7847670316696167,3589.000116631677,16123.94960308075,6.717933999124485e-05
1795,1.6726402044296265,3591.000116631677,16132.36273598671,6.714311366884615e-05
1796,2.0070416927337646,3593.000116631677,16142.507376194,6.710687714574253e-05
1797,1.8799846172332764,3595.000116631677,16152.998907327652,6.707063044349616e-05
1798,1.7920688390731812,3597.000116631677,16164.201055049896,6.703437358367522e-05
1799,1.6559877395629883,3599.000116631677,16172.091530561447,6.6998106587854e-05
1800,1.6812719106674194,3601.000116631677,16180.457427501678,6.696182947761275e-05
1801,1.7566797733306885,3603.000116631677,16186.642625808716,6.692554227453779e-05
1802,2.0869104862213135,3605.000116631677,16195.76505947113,6.688924500022141e-05
1803,1.8645950555801392,3607.000116631677,16206.94546842575,6.685293767626192e-05
1804,1.7596819400787354,3609.000116631677,16218.131249189377,6.681662032426359e-05
1805,1.914658784866333,3611.000116631677,16227.273370742798,6.67802929658367e-05
1806,1.9522676467895508,3613.000116631677,16234.544907569885,6.674395562259739e-05
1807,1.8351022005081177,3615.000116631677,16241.943804264069,6.670760831616788e-05
1808,1.953010082244873,3617.000116631677,16251.047602891922,6.667125106817618e-05
1809,1.9038147926330566,3619.000116631677,16259.896800994873,6.663488390025628e-05
1810,1.8685451745986938,3621.000116631677,16271.128242254257,6.65985068340481e-05
1811,1.565927505493164,3623.000116631677,16279.912155389786,6.656211989119738e-05
1812,2.004488945007324,3625.000116631677,16291.043384075165,6.652572309335583e-05
1813,1.8129832744598389,3627.000116631677,16300.650507211685,6.648931646218093e-05
1814,1.6550735235214233,3629.000116631677,16309.27239537239,6.645290001933603e-05
1815,1.9902122020721436,3631.000116631677,16318.114634513855,6.64164737864904e-05
1816,1.8716678619384766,3633.000116631677,16327.693551778793,6.638003778531902e-05
1817,2.004899263381958,3635.000116631677,16334.218118190765,6.634359203750277e-05
1818,1.7445402145385742,3637.000116631677,16341.340290546417,6.63071365647283e-05
1819,1.761443853378296,3639.000116631677,16351.515309810638,6.627067138868803e-05
1820,1.9924553632736206,3641.000116631677,16360.288117647171,6.623419653108016e-05
1821,1.9789483547210693,3643.000116631677,16369.006115913391,6.619771201360868e-05
1822,1.822824478149414,3645.000116631677,16375.779918432236,6.616121785798329e-05
1823,1.759126901626587,3647.000116631677,16381.427599668503,6.612471408591944e-05
1824,1.5597939491271973,3649.000116631677,16391.464864730835,6.608820071913831e-05
1825,1.671006441116333,3651.000116631677,16396.628017663956,6.605167777936679e-05
1826,1.9360630512237549,3653.000116631677,16406.612274885178,6.601514528833744e-05
1827,1.8234422206878662,3655.000116631677,16417.81996178627,6.597860326778855e-05
1828,2.0743350982666016,3657.000116631677,16427.588109970093,6.594205173946402e-05
1829,1.7186391353607178,3659.000116631677,16437.147361278534,6.590549072511349e-05
1830,1.9701303243637085,3661.000116631677,16445.406799316406,6.586892024649213e-05
1831,2.044623613357544,3663.000116631677,16453.235507011414,6.583234032536087e-05
1832,1.9159824848175049,3665.000116631677,16462.61335992813,6.579575098348613e-05
1833,2.0011420249938965,3667.000116631677,16472.916120767593,6.575915224264008e-05
1834,1.9314632415771484,3669.000116631677,16480.875767707825,6.572254412460034e-05
1835,1.7765488624572754,3671.000116631677,16487.953637123108,6.568592665115019e-05
1836,1.7975823879241943,3673.000116631677,16496.8957195282,6.564929984407846e-05
1837,2.026655673980713,3675.000116631677,16505.409727096558,6.561266372517956e-05
1838,1.7006179094314575,3677.000116631677,16512.662446022034,6.557601831625338e-05
1839,1.9923546314239502,3679.000116631677,16521.358614206314,6.55393636391054e-05
1840,1.8847503662109375,3681.000116631677,16532.22842860222,6.550269971554657e-05
1841,1.8341546058654785,3683.000116631677,16540.402378082275,6.546602656739337e-05
1842,1.733112096786499,3685.000116631677,16551.58992743492,6.542934421646776e-05
1843,1.9682362079620361,3687.000116631677,16562.797548770905,6.539265268459716e-05
1844,1.8231916427612305,3689.000116631677,16571.261017799377,6.535595199361449e-05
1845,1.8840452432632446,3691.000116631677,16581.933996915817,6.53192421653581e-05
1846,1.7365319728851318,3693.000116631677,16591.451716899872,6.528252322167173e-05
1847,1.640615701675415,3695.000116631677,16597.99876666069,6.524579518440463e-05
1848,1.9544305801391602,3697.000116631677,16605.363199710846,6.520905807541143e-05
1849,1.91145658493042,3699.000116631677,16614.667726755142,6.517231191655212e-05
1850,1.9443092346191406,3701.000116631677,16624.937120437622,6.513555672969212e-05
1851,1.809937596321106,3703.000116631677,16636.130261182785,6.509879253670219e-05
1852,2.1794652938842773,3705.000116631677,16647.306539058685,6.506201935945849e-05
1853,1.845798134803772,3707.000116631677,16657.219730377197,6.502523721984248e-05
1854,1.7170976400375366,3709.000116631677,16665.79877305031,6.498844613974099e-05
1855,1.9857629537582397,3711.000116631677,16674.82085418701,6.495164614104613e-05
1856,1.701790690422058,3713.000116631677,16685.99171066284,6.491483724565533e-05
1857,1.8727995157241821,3715.000116631677,16696.060388088226,6.487801947547138e-05
1858,1.9793281555175781,3717.000116631677,16705.70640730858,6.484119285240223e-05
1859,1.8707008361816406,3719.000116631677,16713.74782395363,6.480435739836122e-05
1860,1.848519206047058,3721.000116631677,16722.01108121872,6.476751313526685e-05
1861,1.6834099292755127,3723.000116631677,16732.043296337128,6.47306600850429e-05
1862,1.875847339630127,3725.000116631677,16741.808866024017,6.469379826961842e-05
1863,1.8855074644088745,3727.000116631677,16748.67493391037,6.465692771092758e-05
1864,1.687083125114441,3729.000116631677,16759.861356973648,6.462004843090982e-05
1865,1.8351531028747559,3731.000116631677,16768.545382976532,6.458316045150979e-05
1866,1.9869086742401123,3733.000116631677,16777.942214250565,6.454626379467725e-05
1867,1.9198499917984009,3735.000116631677,16787.328172683716,6.450935848236714e-05
1868,1.9366042613983154,3737.000116631677,16797.076759815216,6.447244453653959e-05
1869,1.8458833694458008,3739.000116631677,16807.30511021614,6.443552197915986e-05
1870,1.7436293363571167,3741.000116631677,16814.828075885773,6.439859083219829e-05
1871,1.8496758937835693,3743.000116631677,16822.94088244438,6.436165111763037e-05
1872,2.0919008255004883,3745.000116631677,16834.137473106384,6.432470285743666e-05
1873,1.6105942726135254,3747.000116631677,16843.536400556564,6.428774607360286e-05
1874,1.7579121589660645,3749.000116631677,16852.461059093475,6.425078078811965e-05
1875,1.9599921703338623,3751.000116631677,16860.29264330864,6.421380702298288e-05
1876,1.6953125,3753.000116631677,16869.522093057632,6.417682480019336e-05
1877,1.8603073358535767,3755.000116631677,16878.219804763794,6.413983414175693e-05
1878,1.6979317665100098,3757.000116631677,16889.007205724716,6.410283506968453e-05
1879,1.749068021774292,3759.000116631677,16896.95360302925,6.406582760599203e-05
1880,1.9477678537368774,3761.000116631677,16908.130163908005,6.402881177270032e-05
1881,1.7840261459350586,3763.000116631677,16916.13257265091,6.399178759183529e-05
1882,1.8544137477874756,3765.000116631677,16922.49511218071,6.395475508542774e-05
1883,1.727104902267456,3767.000116631677,16932.974848270416,6.391771427551351e-05
1884,1.7994956970214844,3769.000116631677,16944.194499254227,6.388066518413333e-05
1885,1.5462039709091187,3771.000116631677,16949.19636654854,6.38436078333328e-05
1886,1.8352067470550537,3773.000116631677,16957.888619422913,6.380654224516255e-05
1887,1.9013774394989014,3775.000116631677,16968.609419107437,6.376946844167803e-05
1888,1.8328827619552612,3777.000116631677,16977.082422971725,6.373238644493963e-05
1889,1.7699594497680664,3779.000116631677,16987.23197746277,6.369529627701257e-05
1890,1.7644352912902832,3781.000116631677,16997.050240278244,6.365819795996693e-05
1891,1.842909812927246,3783.000116631677,17004.972757577896,6.362109151587771e-05
1892,1.7843387126922607,3785.000116631677,17015.21657538414,6.358397696682468e-05
1893,1.9236409664154053,3787.000116631677,17024.53820323944,6.354685433489244e-05
1894,1.7634851932525635,3789.000116631677,17035.756534576416,6.350972364217041e-05
1895,1.8326332569122314,3791.000116631677,17043.840181350708,6.347258491075283e-05
1896,1.783006191253662,3793.000116631677,17055.018141269684,6.343543816273865e-05
1897,1.9034478664398193,3795.000116631677,17065.54370856285,6.339828342023169e-05
1898,1.8827307224273682,3797.000116631677,17074.71706533432,6.336112070534045e-05
1899,1.9175176620483398,3799.000116631677,17084.016760110855,6.332395004017822e-05
1900,1.6864120960235596,3801.000116631677,17093.055795669556,6.328677144686299e-05
1901,1.7486317157745361,3803.000116631677,17102.05760717392,6.324958494751746e-05
1902,1.9695762395858765,3805.000116631677,17109.74973487854,6.321239056426907e-05
1903,1.766445517539978,3807.000116631677,17120.941547632217,6.317518831924994e-05
1904,1.8869245052337646,3809.000116631677,17132.157294511795,6.313797823459687e-05
1905,1.8433043956756592,3811.000116631677,17142.20682501793,6.31007603324513e-05
1906,1.7632677555084229,3813.000116631677,17151.758359909058,6.306353463495933e-05
1907,1.8462799787521362,3815.000116631677,17160.106192588806,6.302630116427173e-05
1908,1.8912334442138672,3817.000116631677,17169.837203264236,6.298905994254388e-05
1909,1.6957796812057495,3819.000116631677,17179.33774137497,6.295181099193573e-05
1910,1.73401939868927,3821.000116631677,17186.748075723648,6.29145543346119e-05
1911,1.7426702976226807,3823.000116631677,17197.95641374588,6.287728999274155e-05
1912,1.7056304216384888,3825.000116631677,17206.83252978325,6.28400179884984e-05
1913,1.825875163078308,3827.000116631677,17217.9996509552,6.280273834406076e-05
1914,1.8439842462539673,3829.000116631677,17227.039551496506,6.27654510816115e-05
1915,1.5273089408874512,3831.000116631677,17234.964408636093,6.272815622333799e-05
1916,1.8439399003982544,3833.000116631677,17244.376651763916,6.269085379143214e-05
1917,1.7205803394317627,3835.000116631677,17252.967533826828,6.265354380809033e-05
1918,1.9215139150619507,3837.000116631677,17259.8097615242,6.26162262955135e-05
1919,1.7554837465286255,3839.000116631677,17270.99201822281,6.257890127590698e-05
1920,1.6635642051696777,3841.000116631677,17281.28170633316,6.254156877148066e-05
1921,1.6872491836547852,3843.000116631677,17288.82874083519,6.250422880444884e-05
1922,1.4940112829208374,3845.000116631677,17296.920197963715,6.246688139703024e-05
1923,1.7726497650146484,3847.000116631677,17305.72118997574,6.242952657144805e-05
1924,2.1922547817230225,3849.000116631677,17312.71093273163,6.239216434992985e-05
1925,1.7026070356369019,3851.000116631677,17321.735090970993,6.23547947547076e-05
1926,1.8321186304092407,3853.000116631677,17331.107484340668,6.231741780801771e-05
1927,1.7459118366241455,3855.000116631677,17338.14636158943,6.22800335321009e-05
1928,1.7697088718414307,3857.000116631677,17349.325374364853,6.22426419492023e-05
1929,1.694502353668213,3859.000116631677,17358.324296474457,6.220524308157136e-05
1930,1.6475391387939453,3861.000116631677,17369.14435696602,6.216783695146185e-05
1931,1.8042763471603394,3863.000116631677,17378.18832540512,6.21304235811319e-05
1932,1.7448313236236572,3865.000116631677,17387.69568157196,6.209300299284393e-05
1933,1.601046085357666,3867.000116631677,17397.70620417595,6.205557520886466e-05
1934,1.8294953107833862,3869.000116631677,17408.649450063705,6.201814025146507e-05
1935,1.6658519506454468,3871.000116631677,17416.173560142517,6.198069814292043e-05
1936,1.721680760383606,3873.000116631677,17423.22564816475,6.194324890551028e-05
1937,2.0339436531066895,3875.000116631677,17430.208413362503,6.190579256151837e-05
1938,1.6248807907104492,3877.000116631677,17441.387889623642,6.186832913323267e-05
1939,1.7782801389694214,3879.000116631677,17450.093152284622,6.183085864294544e-05
1940,1.673405647277832,3881.000116631677,17459.181557178497,6.179338111295303e-05
1941,1.8889315128326416,3883.000116631677,17467.36499762535,6.175589656555607e-05
1942,1.8388290405273438,3885.000116631677,17478.481085777283,6.171840502305933e-05
1943,1.8863391876220703,3887.000116631677,17487.382871866226,6.168090650777174e-05
1944,1.6097559928894043,3889.000116631677,17495.47327184677,6.16434010420064e-05
1945,1.840465784072876,3891.000116631677,17502.416865348816,6.16058886480805e-05
1946,1.7489947080612183,3893.000116631677,17509.88258910179,6.15683693483154e-05
1947,1.84438955783844,3895.000116631677,17518.88698220253,6.153084316503659e-05
1948,1.7160536050796509,3897.000116631677,17525.640430688858,6.149331012057354e-05
1949,1.7655428647994995,3899.000116631677,17536.846155166626,6.145577023725995e-05
1950,1.840080976486206,3901.000116631677,17545.488944530487,6.14182235374335e-05
1951,1.6782883405685425,3903.000116631677,17554.60122680664,6.138067004343592e-05
1952,1.824966549873352,3905.000116631677,17564.430030107498,6.134310977761305e-05
1953,1.6428890228271484,3907.000116631677,17571.47761964798,6.130554276231469e-05
1954,1.7516961097717285,3909.000116631677,17579.31179833412,6.12679690198947e-05
1955,1.8011131286621094,3911.000116631677,17588.58823108673,6.123038857271091e-05
1956,1.760742425918579,3913.000116631677,17597.714267253876,6.11928014431252e-05
1957,1.7372024059295654,3915.000116631677,17605.969999551773,6.115520765350331e-05
1958,1.986825942993164,3917.000116631677,17613.543115854263,6.11176072262151e-05
1959,1.770665168762207,3919.000116631677,17622.666079998016,6.108000018363424e-05
1960,1.9927955865859985,3921.000116631677,17633.759920358658,6.104238654813843e-05
1961,1.7257565259933472,3923.000116631677,17642.35313487053,6.100476634210922e-05
1962,1.7962837219238281,3925.000116631677,17651.99052810669,6.0967139587932136e-05
1963,1.9051815271377563,3927.000116631677,17660.140100955963,6.0929506307996545e-05
1964,1.732271671295166,3929.000116631677,17667.624314069748,6.089186652469574e-05
1965,1.9674127101898193,3931.000116631677,17676.765904188156,6.0854220260426865e-05
1966,1.7501424551010132,3933.000116631677,17686.930883169174,6.08165675375909e-05
1967,1.8003884553909302,3935.000116631677,17696.911819696426,6.077890837859271e-05
1968,1.6249467134475708,3937.000116631677,17705.63121366501,6.074124280584098e-05
1969,1.6450953483581543,3939.000116631677,17714.666078805923,6.070357084174818e-05
1970,1.96894109249115,3941.000116631677,17724.29092693329,6.0665892508730607e-05
1971,1.6784541606903076,3943.000116631677,17735.468341112137,6.062820782920835e-05
1972,1.767257809638977,3945.000116631677,17742.092350959778,6.059051682560526e-05
1973,1.9007842540740967,3947.000116631677,17752.176008939743,6.0552819520348975e-05
1974,1.7821811437606812,3949.000116631677,17760.635088920593,6.0515115935870854e-05
1975,1.944201946258545,3951.000116631677,17771.83089852333,6.0477406094606005e-05
1976,1.8719077110290527,3953.000116631677,17779.54306769371,6.043969001899329e-05
1977,1.6324880123138428,3955.000116631677,17789.084584474564,6.04019677314752e-05
1978,1.817179560661316,3957.000116631677,17799.83271765709,6.0364239254498e-05
1979,1.9284271001815796,3959.000116631677,17809.571681022644,6.032650461051164e-05
1980,1.7880051136016846,3961.000116631677,17817.853196382523,6.028876382196966e-05
1981,1.7084484100341797,3963.000116631677,17825.093820095062,6.0251016911329335e-05
1982,1.9896528720855713,3965.000116631677,17834.64837384224,6.021326390105154e-05
1983,1.8594098091125488,3967.000116631677,17843.782276391983,6.017550481360081e-05
1984,1.909179925918579,3969.000116631677,17854.955119371414,6.013773967144529e-05
1985,1.9845759868621826,3971.000116631677,17864.56401371956,6.009996849705669e-05
1986,1.7030225992202759,3973.000116631677,17872.67702150345,6.006219131291035e-05
1987,1.816568374633789,3975.000116631677,17881.863248348236,6.002440814148518e-05
1988,1.8301092386245728,3977.000116631677,17891.576384544373,5.998661900526363e-05
1989,1.7626926898956299,3979.000116631677,17899.8129863739,5.994882392673173e-05
1990,1.8706941604614258,3981.000116631677,17907.37515592575,5.991102292837902e-05
1991,1.9356406927108765,3983.000116631677,17915.96903347969,5.987321603269861e-05
1992,1.7796931266784668,3985.000116631677,17926.84658074379,5.9835403262187036e-05
1993,1.778568983078003,3987.000116631677,17936.211245059967,5.979758463934439e-05
1994,1.974137544631958,3989.000116631677,17944.598323106766,5.975976018667426e-05
1995,1.9090454578399658,3991.000116631677,17953.768917560577,5.972192992668365e-05
1996,1.5736966133117676,3993.000116631677,17962.47562599182,5.9684093881883055e-05
1997,1.795415997505188,3995.000116631677,17969.088583946228,5.9646252074786396e-05
1998,1.7103800773620605,3997.000116631677,17976.849504947662,5.9608404527911036e-05
1999,1.8985114097595215,3999.000116631677,17984.301451683044,5.957055126377776e-05
2000,1.63969886302948,4001.000116631677,17991.489861488342,5.9532692304910704e-05
2001,1.822171926498413,4003.000116631677,18002.20627760887,5.949482767383746e-05
2002,1.9648663997650146,4005.000116631677,18009.35483431816,5.9456957393088976e-05
2003,1.5465821027755737,4007.000116631677,18019.569634199142,5.941908148519953e-05
2004,1.716955304145813,4009.000116631677,18030.783655166626,5.938119997270679e-05
2005,1.6344494819641113,4011.000116631677,18039.23191165924,5.9343312878151716e-05
2006,1.69123113155365,4013.000116631677,18048.856824874878,5.930542022407863e-05
2007,1.854117512702942,4015.000116631677,18059.80953001976,5.926752203303515e-05
2008,1.768862009048462,4017.000116631677,18068.4528696537,5.922961832757216e-05
2009,1.7649602890014648,4019.000116631677,18076.963582515717,5.919170913024385e-05
2010,1.7271536588668823,4021.000116631677,18086.26239824295,5.91537944636077e-05
2011,1.8547132015228271,4023.000116631677,18095.060946941376,5.911587435022442e-05
2012,1.8524470329284668,4025.000116631677,18103.95516872406,5.907794881265794e-05
2013,1.6863731145858765,4027.000116631677,18115.14235663414,5.904001787347546e-05
2014,1.7774643898010254,4029.000116631677,18124.68331551552,5.9002081555247366e-05
2015,1.5181199312210083,4031.000116631677,18132.585396528244,5.896413988054726e-05
2016,1.7905601263046265,4033.000116631677,18140.641666412354,5.8926192871951914e-05
2017,1.7892966270446777,4035.000116631677,18151.069816589355,5.888824055204129e-05
2018,1.7505184412002563,4037.000116631677,18159.88782095909,5.885028294339849e-05
2019,1.7984706163406372,4039.000116631677,18169.59519648552,5.88123200686098e-05
2020,1.8773654699325562,4041.000116631677,18176.579013109207,5.87743519502646e-05
2021,1.528498888015747,4043.000116631677,18184.249283075333,5.8736378610955414e-05
2022,1.5627332925796509,4045.000116631677,18192.40052175522,5.8698400073277864e-05
2023,1.7877715826034546,4047.000116631677,18203.604735136032,5.8660416359830684e-05
2024,1.7307684421539307,4049.000116631677,18212.609460115433,5.862242749321564e-05
2025,1.4594846963882446,4051.000116631677,18221.346440553665,5.858443349603762e-05
2026,1.7557597160339355,4053.000116631677,18230.02112531662,5.854643439090453e-05
2027,1.9606062173843384,4055.000116631677,18238.550721883774,5.850843020042732e-05
2028,1.5995498895645142,4057.000116631677,18248.594658374786,5.847042094721999e-05
2029,1.8575941324234009,4059.000116631677,18257.642964839935,5.8432406653899525e-05
2030,2.016193151473999,4061.000116631677,18265.336102485657,5.83943873430859e-05
2031,1.7725887298583984,4063.000116631677,18275.14513039589,5.835636303740212e-05
2032,1.6449306011199951,4065.000116631677,18284.279674768448,5.8318333759474105e-05
2033,1.7517186403274536,4067.000116631677,18293.83468747139,5.82802995319308e-05
2034,1.8534436225891113,4069.000116631677,18304.99978709221,5.824226037740404e-05
2035,1.706254243850708,4071.000116631677,18312.25877404213,5.820421631852861e-05
2036,1.6313605308532715,4073.000116631677,18323.162271261215,5.8166167377942234e-05
2037,1.7382097244262695,4075.000116631677,18329.804613113403,5.8128113578285506e-05
2038,1.7666633129119873,4077.000116631677,18339.83224272728,5.809005494220192e-05
2039,1.7689859867095947,4079.000116631677,18348.173413038254,5.805199149233787e-05
2040,1.4908441305160522,4081.000116631677,18355.875563383102,5.801392325134259e-05
2041,1.7571302652359009,4083.000116631677,18365.304171562195,5.7975850241868176e-05
2042,1.9700508117675781,4085.000116631677,18374.866295814514,5.793777248656956e-05
2043,1.7650790214538574,4087.000116631677,18382.613144159317,5.7899690008104496e-05
2044,1.7446831464767456,4089.000116631677,18390.19661784172,5.786160282913354e-05
2045,1.869736671447754,4091.000116631677,18398.965006828308,5.782351097232008e-05
2046,1.610145092010498,4093.000116631677,18407.229141950607,5.778541446033025e-05
2047,1.8685290813446045,4095.000116631677,18416.614079236984,5.774731331583297e-05
2048,1.7287890911102295,4097.000116631677,18427.818096399307,5.770920756149989e-05
2049,1.7212402820587158,4099.000116631677,18434.79187989235,5.767109722000546e-05
2050,1.8255109786987305,4101.000116631677,18444.62862443924,5.763298231402681e-05
2051,1.6306675672531128,4103.000116631677,18453.2614467144,5.759486286624379e-05
2052,1.7916661500930786,4105.000116631677,18459.5735373497,5.755673889933899e-05
2053,1.8262840509414673,4107.000116631677,18467.5764670372,5.751861043599762e-05
2054,1.8231220245361328,4109.000116631677,18477.426349639893,5.748047749890767e-05
2055,1.6998862028121948,4111.000116631677,18485.275371074677,5.7442340110759675e-05
2056,1.6228060722351074,4113.000116631677,18496.15290927887,5.7404198294246896e-05
2057,1.7804834842681885,4115.000116631677,18504.937033891678,5.736605207206522e-05
2058,1.7951042652130127,4117.000116631677,18511.3240339756,5.732790146691313e-05
2059,1.6302101612091064,4119.000116631677,18519.65551352501,5.728974650149173e-05
2060,1.8990558385849,4121.000116631677,18530.836985826492,5.725158719850472e-05
2061,1.924572229385376,4123.000116631677,18541.129700422287,5.721342358065837e-05
2062,1.737545132637024,4125.000116631677,18548.31302833557,5.717525567066155e-05
2063,1.8333426713943481,4127.000116631677,18556.47528886795,5.713708349122566e-05
2064,1.810964584350586,4129.000116631677,18566.161118268967,5.7098907065064594e-05
2065,1.8397160768508911,4131.000116631677,18575.350596904755,5.706072641489487e-05
2066,1.8712807893753052,4133.000116631677,18584.30972790718,5.7022541563435465e-05
2067,1.6036230325698853,4135.000116631677,18593.42108297348,5.698435253340783e-05
2068,1.7086071968078613,4137.000116631677,18599.475215673447,5.694615934753597e-05
2069,1.8143945932388306,4139.000116631677,18606.995295763016,5.6907962028546305e-05
2070,1.512061595916748,4141.000116631677,18615.596976041794,5.6869760599167755e-05
2071,1.6917753219604492,4143.000116631677,18625.436047315598,5.683155508213164e-05
2072,1.799773931503296,4145.000116631677,18636.21527695656,5.679334550017175e-05
2073,1.7014726400375366,4147.000116631677,18645.663001060486,5.6755131876024296e-05
2074,1.6422462463378906,4149.000116631677,18653.274312257767,5.671691423242785e-05
2075,1.6916813850402832,4151.000116631677,18664.459932088852,5.667869259212344e-05
2076,1.6034739017486572,4153.000116631677,18671.66411614418,5.66404669778544e-05
2077,1.6159515380859375,4155.000116631677,18679.89580845833,5.6602237412366504e-05
2078,1.8883068561553955,4157.000116631677,18690.68412089348,5.656400391840783e-05
2079,1.5637004375457764,4159.000116631677,18701.8780875206,5.652576651872882e-05
2080,1.7079356908798218,4161.000116631677,18709.661040067673,5.648752523608217e-05
2081,1.7685920000076294,4163.000116631677,18717.2674407959,5.6449280093223e-05
2082,1.7196459770202637,4165.000116631677,18726.130579948425,5.641103111290863e-05
2083,1.5478475093841553,4167.000116631677,18737.32842683792,5.637277831789872e-05
2084,1.6235804557800293,4169.000116631677,18745.97131204605,5.633452173095518e-05
2085,1.9257513284683228,4171.000116631677,18753.177151203156,5.6296261374842164e-05
2086,1.7214316129684448,4173.000116631677,18762.7564804554,5.62579972723261e-05
2087,1.7132220268249512,4175.000116631677,18771.76133084297,5.62197294461756e-05
2088,1.8149856328964233,4177.000116631677,18780.833797216415,5.618145791916154e-05
2089,1.5559759140014648,4179.000116631677,18791.19313597679,5.614318271405699e-05
2090,1.8647942543029785,4181.000116631677,18800.74766278267,5.6104903853637175e-05
2091,1.6788380146026611,4183.000116631677,18811.92501759529,5.6066621360679524e-05
2092,1.7249547243118286,4185.000116631677,18821.319325208664,5.6028335257963616e-05
2093,1.6684455871582031,4187.000116631677,18830.584057331085,5.599004556827117e-05
2094,1.5757615566253662,4189.000116631677,18839.23027420044,5.595175231438607e-05
2095,1.7751106023788452,4191.000116631677,18846.80893754959,5.59134555190943e-05
2096,1.9424971342086792,4193.000116631677,18855.03848195076,5.587515520518394e-05
2097,1.7924116849899292,4195.000116631677,18866.221169948578,5.583685139544518e-05
2098,1.5754308700561523,4197.000116631677,18874.57445192337,5.5798544112670295e-05
2099,1.683040738105774,4199.000116631677,18883.788634300232,5.57602333796536e-05
2100,1.4858061075210571,4201.000116631677,18893.32980155945,5.572191921919151e-05
2101,1.5379559993743896,4203.000116631677,18900.735569000244,5.568360165408243e-05
2102,1.657662272453308,4205.000116631677,18910.05425429344,5.564528070712682e-05
2103,1.8715978860855103,4207.000116631677,18918.51370215416,5.5606956401127134e-05
2104,1.678098440170288,4209.000116631677,18927.8303027153,5.556862875888785e-05
2105,1.6719270944595337,4211.000116631677,18934.663836717606,5.5530297803215416e-05
2106,1.559201717376709,4213.000116631677,18941.17991042137,5.5491963556918215e-05
2107,1.8212724924087524,4215.000116631677,18951.194160938263,5.545362604280668e-05
2108,1.8443138599395752,4217.000116631677,18961.241276741028,5.541528528369309e-05
2109,1.7983615398406982,4219.000116631677,18969.530821323395,5.537694130239171e-05
2110,1.814553141593933,4221.000116631677,18977.600740909576,5.533859412171873e-05
2111,1.5406055450439453,4223.000116631677,18984.95779800415,5.5300243764492196e-05
2112,1.7078759670257568,4225.000116631677,18994.78250145912,5.526189025353209e-05
2113,1.6583752632141113,4227.000116631677,19001.223438739777,5.5223533611660266e-05
2114,1.6602201461791992,4229.000116631677,19010.053822994232,5.518517386170038e-05
2115,1.700961947441101,4231.000116631677,19016.831105947495,5.5146811026478035e-05
2116,1.7131576538085938,4233.000116631677,19025.707237005234,5.5108445128820585e-05
2117,1.814449667930603,4235.000116631677,19034.998373746872,5.507007619155726e-05
2118,1.7357453107833862,4237.000116631677,19042.253571748734,5.5031704237519085e-05
2119,1.8557078838348389,4239.000116631677,19049.360116004944,5.499332928953885e-05
2120,1.7106062173843384,4241.000116631677,19058.163287878036,5.495495137045118e-05
2121,1.6259191036224365,4243.000116631677,19066.628229141235,5.491657050309242e-05
2122,1.5824577808380127,4245.000116631677,19077.80029439926,5.487818671030071e-05
2123,1.853398084640503,4247.000116631677,19084.819664478302,5.483980001491589e-05
2124,1.7151074409484863,4249.000116631677,19093.6357755661,5.480141043977955e-05
2125,1.7683985233306885,4251.000116631677,19103.356585264206,5.476301800773499e-05
2126,1.5688190460205078,4253.000116631677,19111.25516986847,5.472462274162723e-05
2127,1.848974347114563,4255.000116631677,19118.69064283371,5.4686224664302927e-05
2128,1.8094522953033447,4257.000116631677,19125.854415655136,5.4647823798610464e-05
2129,1.9726604223251343,4259.000116631677,19134.895285844803,5.4609420167399854e-05
2130,1.7397050857543945,4261.000116631677,19144.07073521614,5.4571013793522744e-05
2131,1.6663281917572021,4263.000116631677,19155.249606370926,5.453260469983245e-05
2132,1.641597032546997,4265.000116631677,19166.457503795624,5.449419290918387e-05
2133,1.7226577997207642,4267.000116631677,19175.65414762497,5.4455778444433554e-05
2134,1.7758052349090576,4269.000116631677,19186.83547925949,5.441736132843959e-05
2135,1.6497504711151123,4271.000116631677,19196.66765022278,5.4378941584061656e-05
2136,1.660302996635437,4273.000116631677,19207.857655525208,5.434051923416104e-05
2137,1.6567482948303223,4275.000116631677,19216.01744890213,5.4302094301600514e-05
2138,1.64015793800354,4277.000116631677,19227.210598945618,5.426366680924441e-05
2139,1.6279611587524414,4279.000116631677,19236.373713493347,5.422523677995863e-05
2140,1.4636220932006836,4281.000116631677,19244.8797185421,5.418680423661051e-05
2141,1.752647876739502,4283.000116631677,19251.523984193802,5.4148369202068946e-05
2142,1.699763536453247,4285.000116631677,19260.211660146713,5.410993169920425e-05
2143,1.8735567331314087,4287.000116631677,19267.959879159927,5.407149175088827e-05
2145,1.737436056137085,4291.000116631677,19285.386240005493,5.3994604609397004e-05
2146,1.713275671005249,4293.000116631677,19292.377698898315,5.395615746197257e-05
2147,1.3870049715042114,4295.000116631677,19300.005885124207,5.391770796059854e-05
2148,1.6989669799804688,4297.000116631677,19307.81889605522,5.387925612815386e-05
2149,1.7986153364181519,4299.000116631677,19318.91930127144,5.38408019875189e-05
2150,1.7308883666992188,4301.000116631677,19329.181588172913,5.3802345561575364e-05
2151,1.7957789897918701,4303.000116631677,19336.747626304626,5.3763886873206344e-05
2152,1.6341397762298584,4305.000116631677,19347.928367614746,5.372542594529623e-05
2153,1.919491171836853,4307.000116631677,19358.73096346855,5.368696280073084e-05
2154,1.8593709468841553,4309.000116631677,19369.908325195312,5.36484974623972e-05
2155,1.707829236984253,4311.000116631677,19377.911836385727,5.361002995318372e-05
2156,1.627303123474121,4313.000116631677,19387.07500553131,5.3571560295980055e-05
2157,1.7562057971954346,4315.000116631677,19396.44823551178,5.3533088513677186e-05
2158,1.614119291305542,4317.000116631677,19407.21444940567,5.3494614629167304e-05
2159,1.7082157135009766,4319.000116631677,19413.094225406647,5.345613866534387e-05
2160,1.7931249141693115,4321.000116631677,19421.399417877197,5.341766064510163e-05
2161,1.728097677230835,4323.000116631677,19428.694874048233,5.337918059133646e-05
2162,1.595056176185608,4325.000116631677,19436.898140907288,5.3340698526945536e-05
2163,1.6865217685699463,4327.000116631677,19444.034652471542,5.330221447482717e-05
2164,1.6853200197219849,4329.000116631677,19454.764743089676,5.32637284578809e-05
2165,1.713346242904663,4331.000116631677,19462.83824634552,5.322524049900742e-05
2166,1.7953205108642578,4333.000116631677,19472.674149036407,5.318675062110855e-05
2167,1.5580116510391235,4335.000116631677,19481.459480285645,5.314825884708727e-05
2168,1.61943519115448,4337.000116631677,19491.988406181335,5.3109765199847715e-05
2169,1.7460057735443115,4339.000116631677,19500.879726409912,5.3071269702295105e-05
2170,1.8866653442382812,4341.000116631677,19508.36142230034,5.303277237733576e-05
2171,1.8153159618377686,4343.000116631677,19517.043041706085,5.299427324787712e-05
2172,1.9986704587936401,4345.000116631677,19526.115507364273,5.295577233682763e-05
2173,1.5267810821533203,4347.000116631677,19532.82214832306,5.291726966709688e-05
2174,1.5815318822860718,4349.000116631677,19544.00360918045,5.287876526159545e-05
2175,1.6163921356201172,4351.000116631677,19555.20779633522,5.284025914323497e-05
2176,1.6467150449752808,4353.000116631677,19565.664838075638,5.280175133492809e-05
2177,1.7051142454147339,4355.000116631677,19571.19156575203,5.276324185958846e-05
2178,1.6611979007720947,4357.000116631677,19578.128416776657,5.272473074013074e-05
2179,1.621203899383545,4359.000116631677,19589.308452367783,5.268621799947054e-05
2180,1.6494499444961548,4361.000116631677,19597.941354751587,5.264770366052444e-05
2181,1.8093807697296143,4363.000116631677,19609.069147109985,5.2609187746210015e-05
2182,1.6426737308502197,4365.000116631677,19618.198813438416,5.2570670279445696e-05
2183,1.5058872699737549,4367.000116631677,19628.67917084694,5.2532151283150915e-05
2184,1.7839196920394897,4369.000116631677,19636.12332201004,5.249363078024597e-05
2185,1.587862253189087,4371.000116631677,19642.725750923157,5.245510879365209e-05
2186,1.6444553136825562,4373.000116631677,19649.211082935333,5.241658534629133e-05
2187,1.7231693267822266,4375.000116631677,19658.353020191193,5.2378060461086684e-05
2188,1.7577784061431885,4377.000116631677,19669.54281115532,5.2339534160961944e-05
2189,1.7344169616699219,4379.000116631677,19676.81396985054,5.230100646884178e-05
2190,1.8971017599105835,4381.000116631677,19685.98232960701,5.226247740765167e-05
2191,1.9255988597869873,4383.000116631677,19692.92217540741,5.222394700031792e-05
2192,1.6684377193450928,4385.000116631677,19703.37342453003,5.2185415269767625e-05
2193,1.927494764328003,4387.000116631677,19712.681013584137,5.2146882238928666e-05
2194,1.5734937191009521,4389.000116631677,19720.671367168427,5.2108347930729735e-05
2195,1.7520477771759033,4391.000116631677,19730.237855196,5.206981236810022e-05
2196,1.7055774927139282,4393.000116631677,19739.80149769783,5.2031275573970304e-05
2197,1.5698378086090088,4395.000116631677,19747.759412527084,5.19927375712709e-05
2198,1.8891276121139526,4397.000116631677,19755.928634643555,5.1954198382933606e-05
2199,1.7281394004821777,4399.000116631677,19763.141356229782,5.191565803189078e-05
2200,1.6781177520751953,4401.000116631677,19772.709240436554,5.1877116541075406e-05
2201,1.7180633544921875,4403.000116631677,19781.822157859802,5.18385739334212e-05
2202,1.6264842748641968,4405.000116631677,19790.826939105988,5.180003023186252e-05
2203,1.5515004396438599,4407.000116631677,19798.55186676979,5.176148545933436e-05
2204,1.860742449760437,4409.000116631677,19808.947083234787,5.172293963877239e-05
2205,1.5647063255310059,4411.000116631677,19813.971099615097,5.1684392793112884e-05
2206,1.7512624263763428,4413.000116631677,19821.34658241272,5.1645844945292706e-05
2207,1.8875824213027954,4415.000116631677,19830.345021486282,5.160729611824935e-05
2208,1.8829213380813599,4417.000116631677,19839.046181678772,5.156874633492088e-05
2209,1.6630332469940186,4419.000116631677,19845.420214891434,5.153019561824591e-05
2210,1.7533981800079346,4421.000116631677,19853.59723520279,5.149164399116365e-05
2211,1.6159673929214478,4423.000116631677,19863.20729327202,5.14530914766138e-05
2212,1.601632833480835,4425.000116631677,19869.978546857834,5.1414538097536634e-05
2213,1.7465136051177979,4427.000116631677,19878.170041322708,5.1375983876872926e-05
2214,1.7741763591766357,4429.000116631677,19887.61773133278,5.133742883756392e-05
2215,1.757718801498413,4431.000116631677,19895.71606373787,5.12988730025514e-05
2216,1.6898287534713745,4433.000116631677,19906.35667347908,5.12603163947776e-05
2217,1.7273635864257812,4435.000116631677,19915.51697564125,5.12217590371852e-05
2218,1.5603283643722534,4437.000116631677,19925.6936211586,5.118320095271733e-05
2219,1.8977468013763428,4439.000116631677,19936.619289398193,5.114464216431757e-05
2220,1.6355865001678467,4441.000116631677,19944.617416381836,5.110608269492992e-05
2221,1.7189463376998901,4443.000116631677,19953.536128759384,5.106752256749876e-05
2222,1.5696637630462646,4445.000116631677,19960.24458050728,5.102896180496887e-05
2223,1.868955135345459,4447.000116631677,19969.863429784775,5.0990400430285424e-05
2224,1.8907015323638916,4449.000116631677,19977.34854245186,5.095183846639395e-05
2225,1.905692219734192,4451.000116631677,19988.53427219391,5.0913275936240334e-05
2226,1.684340000152588,4453.000116631677,19999.210183143616,5.087471286277078e-05
2227,1.6820404529571533,4455.000116631677,20006.940310001373,5.0836149268931816e-05
2228,1.6505637168884277,4457.000116631677,20015.104640483856,5.0797585177670306e-05
2229,1.711942195892334,4459.000116631677,20026.288261175156,5.075902061193339e-05
2230,1.6715079545974731,4461.000116631677,20037.061787843704,5.072045559466849e-05
2231,1.8455358743667603,4463.000116631677,20046.530555725098,5.068189014882333e-05
2232,1.5702193975448608,4465.000116631677,20056.706755638123,5.0643324297345816e-05
2233,1.8169814348220825,4467.000116631677,20064.82243347168,5.0604758063184184e-05
2234,1.859668254852295,4469.000116631677,20072.497393369675,5.056619146928682e-05
2235,1.8602322340011597,4471.000116631677,20081.986687898636,5.052762453860237e-05
2236,1.5472155809402466,4473.000116631677,20091.461309432983,5.048905729407967e-05
2237,1.906017780303955,4475.000116631677,20100.80336332321,5.045048975866774e-05
2238,1.7877079248428345,4477.000116631677,20110.193908691406,5.041192195531575e-05
2239,1.7436354160308838,4479.000116631677,20117.93711256981,5.0373353906973084e-05
2240,1.7248907089233398,4481.000116631677,20127.226482629776,5.0334785636589235e-05
2241,1.9259240627288818,4483.000116631677,20136.998589992523,5.029621716711383e-05
2242,1.866253137588501,4485.000116631677,20145.96578145027,5.0257648521496626e-05
2243,1.8036869764328003,4487.000116631677,20154.349800109863,5.021907972268746e-05
2244,1.8036296367645264,4489.000116631677,20161.918481588364,5.01805107936363e-05
2245,1.6846145391464233,4491.000116631677,20171.3166949749,5.014194175729315e-05
2246,1.8231762647628784,4493.000116631677,20179.830079078674,5.0103372636608105e-05
2247,1.7606301307678223,4495.000116631677,20189.398030281067,5.006480345453131e-05
2248,1.675924301147461,4497.000116631677,20199.460824489594,5.002623423401291e-05
2249,1.471400499343872,4499.000116631677,20208.564297437668,4.9987664998003144e-05
2250,1.7896355390548706,4501.000116631677,20219.236071825027,4.994909576945217e-05
2251,1.5462788343429565,4503.000116631677,20227.95662879944,4.991052657131024e-05
2252,1.7367768287658691,4505.000116631677,20237.105075359344,4.9871957426527495e-05
2253,1.6666734218597412,4507.000116631677,20248.289469003677,4.98333883580541e-05
2254,1.7908291816711426,4509.000116631677,20256.915985822678,4.979481938884018e-05
2255,1.7457528114318848,4511.000116631677,20267.21320295334,4.9756250541835755e-05
2256,1.7580673694610596,4513.000116631677,20278.415449142456,4.9717681839990805e-05
2257,1.6182012557983398,4515.000116631677,20289.616567850113,4.9679113306255224e-05
2258,1.649341106414795,4517.000116631677,20295.23570370674,4.964054496357882e-05
2259,1.7653722763061523,4519.000116631677,20304.984496355057,4.9601976834911226e-05
2260,1.867035984992981,4521.000116631677,20314.19908261299,4.956340894320201e-05
2261,1.8287726640701294,4523.000116631677,20324.67637872696,4.952484131140059e-05
2262,1.6974282264709473,4525.000116631677,20333.72005391121,4.948627396245618e-05
2263,1.7736716270446777,4527.000116631677,20342.037699222565,4.94477069193179e-05
2264,1.568618893623352,4529.000116631677,20352.31844329834,4.9409140204934645e-05
2265,1.5919666290283203,4531.000116631677,20361.303487300873,4.93705738422551e-05
2266,1.5895634889602661,4533.000116631677,20371.311380147934,4.9332007854227774e-05
2267,1.7543072700500488,4535.000116631677,20380.35026359558,4.9293442263800964e-05
2268,1.6144728660583496,4537.000116631677,20391.559485673904,4.925487709392265e-05
2269,1.9123353958129883,4539.000116631677,20400.85080718994,4.921631236754066e-05
2270,1.8863403797149658,4541.000116631677,20412.04834151268,4.9177748107602505e-05
2271,1.5473523139953613,4543.000116631677,20423.22075486183,4.913918433705545e-05
2272,1.6006803512573242,4545.000116631677,20432.514691591263,4.910062107884641e-05
2273,1.6875066757202148,4547.000116631677,20443.71939086914,4.9062058355922056e-05
2274,1.6903166770935059,4549.000116631677,20454.91156744957,4.9023496191228725e-05
2275,1.578584909439087,4551.000116631677,20461.67614889145,4.898493460771239e-05
2276,1.8434019088745117,4553.000116631677,20472.731529951096,4.894637362831872e-05
2277,1.8071913719177246,4555.000116631677,20483.91059613228,4.8907813275993036e-05
2278,1.8584667444229126,4557.000116631677,20493.942785978317,4.88692535736802e-05
2279,1.5565035343170166,4559.000116631677,20501.511106729507,4.883069454432477e-05
2280,1.669838309288025,4561.000116631677,20511.3436961174,4.879213621087091e-05
2281,1.7768669128417969,4563.000116631677,20520.5103867054,4.8753578596262284e-05
2282,1.8611934185028076,4565.000116631677,20528.32495689392,4.871502172344221e-05
2283,1.4508823156356812,4567.000116631677,20535.13891506195,4.8676465615353544e-05
2284,1.7669193744659424,4569.000116631677,20542.850318193436,4.863791029493866e-05
2285,1.5728492736816406,4571.000116631677,20550.93328022957,4.8599355785139495e-05
2286,1.8365521430969238,4573.000116631677,20559.987419366837,4.856080210889749e-05
2287,1.6560447216033936,4575.000116631677,20568.3790807724,4.8522249289153624e-05
2288,1.6394307613372803,4577.000116631677,20579.111738204956,4.848369734884827e-05
2289,1.5843998193740845,4579.000116631677,20589.413600206375,4.844514631092138e-05
2290,1.9093475341796875,4581.000116631677,20600.603625297546,4.8406596198312355e-05
2291,1.6240909099578857,4583.000116631677,20607.039721250534,4.8368047033959974e-05
2292,1.7833229303359985,4585.000116631677,20614.883586406708,4.832949884080251e-05
2293,1.8055651187896729,4587.000116631677,20622.770794391632,4.829095164177767e-05
2294,1.6925510168075562,4589.000116631677,20632.367218494415,4.825240545982253e-05
2295,1.7525527477264404,4591.000116631677,20638.93938779831,4.821386031787357e-05
2296,1.772972822189331,4593.000116631677,20646.888746261597,4.8175316238866696e-05
2297,1.8211545944213867,4595.000116631677,20656.616142511368,4.8136773245737095e-05
2298,1.6249253749847412,4597.000116631677,20664.097503185272,4.809823136141938e-05
2299,1.678650140762329,4599.000116631677,20671.86008310318,4.805969060884749e-05
2300,1.8831961154937744,4601.000116631677,20678.533087730408,4.802115101095469e-05
2301,1.9186681509017944,4603.000116631677,20685.52619290352,4.79826125906735e-05
2302,1.7617771625518799,4605.000116631677,20695.663549661636,4.794407537093584e-05
2303,1.68655526638031,4607.000116631677,20705.155752658844,4.790553937467286e-05
2304,1.588531494140625,4609.000116631677,20711.264481544495,4.7867004624814957e-05
2305,1.7154101133346558,4611.000116631677,20722.44899725914,4.782847114429183e-05
2306,1.7052974700927734,4613.000116631677,20733.65330195427,4.7789938956032425e-05
2307,1.5285552740097046,4615.000116631677,20741.052773952484,4.775140808296488e-05
2308,1.6334402561187744,4617.000116631677,20748.140378713608,4.771287854801658e-05
2309,1.6138389110565186,4619.000116631677,20757.164678812027,4.767435037411413e-05
2310,1.5816293954849243,4621.000116631677,20765.974816799164,4.763582358418327e-05
2311,1.681032419204712,4623.000116631677,20774.624009370804,4.759729820114895e-05
2312,1.8050129413604736,4625.000116631677,20782.414370536804,4.755877424793532e-05
2313,1.5087707042694092,4627.000116631677,20790.18741750717,4.752025174746559e-05
2314,1.6682169437408447,4629.000116631677,20796.967617034912,4.748173072266218e-05
2315,1.5854926109313965,4631.000116631677,20804.402630329132,4.744321119644661e-05
2316,1.8109195232391357,4633.000116631677,20814.004450321198,4.740469319173951e-05
2317,1.5291695594787598,4635.000116631677,20824.200850725174,4.736617673146059e-05
2318,1.7164959907531738,4637.000116631677,20835.3974006176,4.7327661838528646e-05
2319,1.6848798990249634,4639.000116631677,20843.162961483,4.728914853586159e-05
2320,1.9286538362503052,4641.000116631677,20851.260683774948,4.725063684637628e-05
2321,1.7244154214859009,4643.000116631677,20862.430950164795,4.7212126792988734e-05
2322,1.5436383485794067,4645.000116631677,20870.154222488403,4.717361839861392e-05
2323,1.6623353958129883,4647.000116631677,20878.50115609169,4.713511168616584e-05
2324,1.708498477935791,4649.000116631677,20887.675316810608,4.709660667855748e-05
2325,1.7817575931549072,4651.000116631677,20897.10771203041,4.7058103398700866e-05
2326,1.4832417964935303,4653.000116631677,20902.685787439346,4.701960186950692e-05
2327,1.4769673347473145,4655.000116631677,20909.78714609146,4.698110211388559e-05
2328,1.631343960762024,4657.000116631677,20920.112839221954,4.69426041547457e-05
2329,1.59383225440979,4659.000116631677,20928.702112674713,4.690410801499509e-05
2330,1.6007630825042725,4661.000116631677,20936.60935330391,4.686561371754044e-05
2331,1.604048728942871,4663.000116631677,20946.00195288658,4.682712128528736e-05
2332,1.8212165832519531,4665.000116631677,20954.995037078857,4.678863074114039e-05
2333,1.8442554473876953,4667.000116631677,20963.412867307663,4.675014210800287e-05
2334,1.7837507724761963,4669.000116631677,20972.382828712463,4.671165540877705e-05
2335,1.8579983711242676,4671.000116631677,20980.550240516663,4.667317066636406e-05
2336,1.640969157218933,4673.000116631677,20991.616359949112,4.663468790366379e-05
2337,1.7576980590820312,4675.000116631677,21001.78417468071,4.659620714357499e-05
2338,1.6476553678512573,4677.000116631677,21009.77489566803,4.655772840899525e-05
2339,1.646831750869751,4679.000116631677,21015.756742477417,4.651925172282089e-05
2340,1.6246460676193237,4681.000116631677,21023.67925453186,4.6480777107947066e-05
2341,1.7995119094848633,4683.000116631677,21033.22368454933,4.644230458726767e-05
2342,1.585592269897461,4685.000116631677,21040.09423494339,4.640383418367539e-05
2343,1.7589893341064453,4687.000116631677,21048.744794607162,4.636536592006158e-05
2344,1.8610222339630127,4689.000116631677,21058.165335655212,4.632689981931637e-05
2345,1.621753215789795,4691.000116631677,21066.13160085678,4.628843590432863e-05
2346,1.5355144739151,4693.000116631677,21073.259472370148,4.624997419798585e-05
2347,1.5456783771514893,4695.000116631677,21082.87096142769,4.6211514723174275e-05
2348,1.5728399753570557,4697.000116631677,21089.913256406784,4.61730575027788e-05
2349,1.7138385772705078,4699.000116631677,21098.770303487778,4.6134602559682965e-05
2350,1.4116425514221191,4701.000116631677,21107.728715896606,4.6096149916768975e-05
2351,1.5848051309585571,4703.000116631677,21118.90549468994,4.605769959691768e-05
2352,1.8132421970367432,4705.000116631677,21127.769553422928,4.601925162300848e-05
2353,1.873289942741394,4707.000116631677,21135.527846574783,4.598080601791946e-05
2354,1.7750132083892822,4709.000116631677,21145.867460012436,4.5942362804527254e-05
2355,1.803473711013794,4711.000116631677,21153.824726819992,4.5903922005707064e-05
2356,1.6188082695007324,4713.000116631677,21164.278569936752,4.586548364433268e-05
2357,1.7351882457733154,4715.000116631677,21175.45858669281,4.582704774327643e-05
2358,1.6448860168457031,4717.000116631677,21185.4902510643,4.578861432540921e-05
2359,1.6947332620620728,4719.000116631677,21196.67683649063,4.575018341360036e-05
2360,1.5917415618896484,4721.000116631677,21203.108802080154,4.5711755030717794e-05
2361,1.8125715255737305,4723.000116631677,21212.282596826553,4.5673329199627933e-05
2362,1.6956760883331299,4725.000116631677,21221.24561023712,4.5634905943195615e-05
2363,1.6296309232711792,4727.000116631677,21231.097890377045,4.559648528428419e-05
2364,1.628602147102356,4729.000116631677,21236.5960021019,4.555806724575548e-05
2365,1.9525654315948486,4731.000116631677,21246.030865192413,4.551965185046968e-05
2366,1.8762664794921875,4733.000116631677,21254.935345888138,4.548123912128548e-05
2367,1.8191633224487305,4735.000116631677,21263.534930944443,4.544282908105998e-05
2368,1.716110110282898,4737.000116631677,21270.488302707672,4.5404421752648614e-05
2369,1.8559962511062622,4739.000116631677,21281.68700027466,4.536601715890526e-05
2370,1.8109548091888428,4741.000116631677,21291.483553886414,4.532761532268216e-05
2371,1.578749179840088,4743.000116631677,21300.408642292023,4.5289216266829924e-05
2372,1.8908454179763794,4745.000116631677,21311.589338064194,4.525082001419746e-05
2373,1.7916531562805176,4747.000116631677,21321.945489406586,4.5212426587632074e-05
2374,1.69411301612854,4749.000116631677,21331.075384378433,4.5174036009979366e-05
2375,1.7312147617340088,4751.000116631677,21338.76901960373,4.513564830408319e-05
2376,1.682264804840088,4753.000116631677,21345.637823343277,4.5097263492785756e-05
2377,1.669421911239624,4755.000116631677,21353.077951669693,4.5058881598927556e-05
2378,1.792327642440796,4757.000116631677,21361.696051359177,4.502050264534727e-05
2379,1.7512829303741455,4759.000116631677,21370.499543190002,4.4982126654881906e-05
2380,1.7310792207717896,4761.000116631677,21379.164030313492,4.494375365036669e-05
2381,1.5094692707061768,4763.000116631677,21386.275277853012,4.490538365463504e-05
2382,1.5145514011383057,4765.000116631677,21395.68954539299,4.486701669051863e-05
2383,1.689841628074646,4767.000116631677,21403.053458213806,4.482865278084729e-05
2384,1.696194052696228,4769.000116631677,21410.336300373077,4.4790291948449035e-05
2385,1.7468256950378418,4771.000116631677,21420.807655096054,4.475193421615009e-05
2386,1.6202266216278076,4773.000116631677,21431.478060245514,4.471357960677479e-05
2387,1.6021981239318848,4775.000116631677,21442.381744623184,4.467522814314565e-05
2388,1.546820044517517,4777.000116631677,21450.904242277145,4.463687984808327e-05
2389,1.6790730953216553,4779.000116631677,21459.417986154556,4.459853474440639e-05
2390,1.7922126054763794,4781.000116631677,21468.55610179901,4.4560192854931874e-05
2391,1.431537389755249,4783.000116631677,21475.421148061752,4.452185420247461e-05
2392,1.803505778312683,4785.000116631677,21484.680316209793,4.4483518809847616e-05
2393,1.5823285579681396,4787.000116631677,21492.674731254578,4.4445186699861956e-05
2394,1.6889413595199585,4789.000116631677,21502.94542336464,4.4406857895326726e-05
2395,1.7601754665374756,4791.000116631677,21511.384436368942,4.436853241904907e-05
2396,1.6659021377563477,4793.000116631677,21518.097831249237,4.433021029383416e-05
2397,1.6262046098709106,4795.000116631677,21523.15702009201,4.4291891542485135e-05
2398,2.0251684188842773,4797.000116631677,21530.029334306717,4.425357618780316e-05
2399,1.707472801208496,4799.000116631677,21538.605528354645,4.421526425258739e-05
2400,1.6510124206542969,4801.000116631677,21547.513654470444,4.417695575963493e-05
2401,1.8194363117218018,4803.000116631677,21554.92774128914,4.4138650731740794e-05
2402,1.7593538761138916,4805.000116631677,21563.979144334793,4.4100349191698e-05
2403,1.7052947282791138,4807.000116631677,21571.41567158699,4.4062051162297475e-05
2404,1.7891581058502197,4809.000116631677,21579.292719125748,4.402375666632802e-05
2405,1.7799341678619385,4811.000116631677,21589.809087991714,4.398546572657636e-05
2406,1.567887783050537,4813.000116631677,21596.450407266617,4.394717836582715e-05
2407,1.6752102375030518,4815.000116631677,21607.636173009872,4.390889460686281e-05
2408,1.6898754835128784,4817.000116631677,21616.743239879608,4.387061447246371e-05
2409,1.6057329177856445,4819.000116631677,21623.710641860962,4.383233798540803e-05
2410,1.8563368320465088,4821.000116631677,21631.809817790985,4.379406516847175e-05
2411,1.9509403705596924,4823.000116631677,21639.925911664963,4.375579604442871e-05
2412,1.7444995641708374,4825.000116631677,21649.124666929245,4.3717530636050537e-05
2413,1.9546499252319336,4827.000116631677,21660.33417224884,4.367926896610666e-05
2414,1.5998737812042236,4829.000116631677,21668.800876140594,4.364101105736428e-05
2415,1.77399742603302,4831.000116631677,21676.089794397354,4.36027569325883e-05
2416,1.502001166343689,4833.000116631677,21681.474837064743,4.356450661454148e-05
2417,1.6648094654083252,4835.000116631677,21691.63804602623,4.352626012598421e-05
2418,1.72511887550354,4837.000116631677,21701.095466852188,4.3488017489674674e-05
2419,1.6412451267242432,4839.000116631677,21710.39086842537,4.344977872836876e-05
2420,1.575040578842163,4841.000116631677,21716.194271087646,4.341154386481997e-05
2421,1.4878026247024536,4843.000116631677,21722.13142800331,4.3373312921779586e-05
2422,1.8139389753341675,4845.000116631677,21733.09219455719,4.3335085921996525e-05
2423,1.5553667545318604,4847.000116631677,21739.447118520737,4.329686288821731e-05
2424,1.5704618692398071,4849.000116631677,21748.989133119583,4.325864384318616e-05
2425,1.9179024696350098,4851.000116631677,21758.53473162651,4.322042880964492e-05
2426,1.60165274143219,4853.000116631677,21767.34791469574,4.3182217810333e-05
2427,1.7077499628067017,4855.000116631677,21776.647577285767,4.314401086798748e-05
2428,1.7142468690872192,4857.000116631677,21787.71360373497,4.310580800534295e-05
2429,1.6935930252075195,4859.000116631677,21797.188391447067,4.306760924513165e-05
2430,1.7317957878112793,4861.000116631677,21805.51304769516,4.30294146100833e-05
2431,1.6721827983856201,4863.000116631677,21816.22698545456,4.2991224122925204e-05
2432,1.6909626722335815,4865.000116631677,21824.639070034027,4.295303780638224e-05
2433,1.4891761541366577,4867.000116631677,21830.648054122925,4.291485568317671e-05
2434,1.7802598476409912,4869.000116631677,21836.508256435394,4.2876677776028485e-05
2435,1.5581226348876953,4871.000116631677,21846.031442403793,4.2838504107654944e-05
2436,1.4167098999023438,4873.000116631677,21855.159222602844,4.280033470077088e-05
2437,1.7059462070465088,4875.000116631677,21864.34093594551,4.27621695780886e-05
2438,1.8101054430007935,4877.000116631677,21872.00984764099,4.272400876231787e-05
2439,1.4505727291107178,4879.000116631677,21880.40578174591,4.268585227616583e-05
2440,1.7455857992172241,4881.000116631677,21890.401808023453,4.2647700142337085e-05
2441,1.5112500190734863,4883.000116631677,21900.22695207596,4.260955238353367e-05
2442,1.6682370901107788,4885.000116631677,21907.13702917099,4.2571409022455e-05
2443,1.8248149156570435,4887.000116631677,21915.694823026657,4.253327008179785e-05
2444,1.6739721298217773,4889.000116631677,21923.994432926178,4.249513558425638e-05
2445,1.6373833417892456,4891.000116631677,21932.78288245201,4.245700555252214e-05
2446,1.7640225887298584,4893.000116631677,21942.196628570557,4.241888000928395e-05
2447,2.0264573097229004,4895.000116631677,21949.32989549637,4.238075897722802e-05
2448,1.4480469226837158,4897.000116631677,21957.280034542084,4.234264247903787e-05
2449,1.7935997247695923,4899.000116631677,21964.997786045074,4.2304530537394283e-05
2450,1.8539791107177734,4901.000116631677,21972.28011727333,4.226642317497538e-05
2451,1.470590353012085,4903.000116631677,21979.691602230072,4.222832041445654e-05
2452,1.5908812284469604,4905.000116631677,21988.863007068634,4.219022227851036e-05
2453,1.5536274909973145,4907.000116631677,21998.452164173126,4.2152128789806747e-05
2454,1.7776007652282715,4909.000116631677,22009.637392759323,4.211403997101284e-05
2455,1.7037973403930664,4911.000116631677,22016.513404369354,4.207595584479292e-05
2456,1.7430709600448608,4913.000116631677,22027.433675527573,4.203787643380858e-05
2457,1.6344544887542725,4915.000116631677,22036.384041309357,4.199980176071855e-05
2458,1.574026346206665,4917.000116631677,22044.617372512817,4.196173184817875e-05
2459,1.7893548011779785,4919.000116631677,22055.805866718292,4.192366671884227e-05
2460,1.7430566549301147,4921.000116631677,22063.074875593185,4.1885606395359344e-05
2461,1.9090602397918701,4923.000116631677,22070.816828250885,4.184755090037738e-05
2462,1.5373444557189941,4925.000116631677,22077.102363586426,4.1809500256540855e-05
2463,1.53964364528656,4927.000116631677,22085.26915383339,4.177145448649141e-05
2464,1.6721584796905518,4929.000116631677,22095.353092193604,4.173341361286777e-05
2465,1.5175141096115112,4931.000116631677,22103.384620428085,4.169537765830573e-05
2466,1.5898451805114746,4933.000116631677,22114.577434062958,4.1657346645438175e-05
2467,1.6431422233581543,4935.000116631677,22123.87147474289,4.161932059689506e-05
2468,1.6522202491760254,4937.000116631677,22130.110166072845,4.158129953530337e-05
2469,1.7228608131408691,4939.000116631677,22137.479079961777,4.1543283483287116e-05
2470,1.6712961196899414,4941.000116631677,22147.649792909622,4.150527246346734e-05
2471,1.5574768781661987,4943.000116631677,22156.44605612755,4.14672664984621e-05
2472,1.67011296749115,4945.000116631677,22165.462229967117,4.142926561088641e-05
2473,1.759795904159546,4947.000116631677,22175.297263622284,4.13912698233523e-05
2474,1.5887882709503174,4949.000116631677,22182.381078720093,4.135327915846878e-05
2475,1.7136682271957397,4951.000116631677,22192.18719625473,4.1315293638841724e-05
2476,1.8419489860534668,4953.000116631677,22203.156412124634,4.1277313287074036e-05
2477,1.7197035551071167,4955.000116631677,22213.143038511276,4.1239338125765535e-05
2478,1.6871782541275024,4957.000116631677,22219.7901198864,4.120136817751288e-05
2479,1.827985405921936,4959.000116631677,22229.112448453903,4.11634034649097e-05
2480,1.602618932723999,4961.000116631677,22238.736632823944,4.11254440105465e-05
2481,1.8393900394439697,4963.000116631677,22248.35075044632,4.1087489837010615e-05
2482,1.6929333209991455,4965.000116631677,22257.21076631546,4.1049540966886276e-05
2483,1.8702665567398071,4967.000116631677,22268.40713763237,4.1011597422754555e-05
2484,1.616417407989502,4969.000116631677,22275.78352355957,4.0973659227193364e-05
2485,1.7634321451187134,4971.000116631677,22285.271988630295,4.0935726402777366e-05
2486,1.7186791896820068,4973.000116631677,22294.46274662018,4.0897798972078105e-05
2487,1.58396315574646,4975.000116631677,22304.043880701065,4.08598769576639e-05
2488,1.8489071130752563,4977.000116631677,22312.555557966232,4.08219603820998e-05
2489,1.6373381614685059,4979.000116631677,22320.466082811356,4.0784049267947674e-05
2490,1.5902833938598633,4981.000116631677,22325.59948158264,4.074614363776612e-05
2491,1.8884865045547485,4983.000116631677,22333.14458346367,4.070824351411047e-05
2492,1.5067640542984009,4985.000116631677,22340.23032593727,4.0670348919532775e-05
2493,1.7950074672698975,4987.000116631677,22349.623612880707,4.063245987658183e-05
2494,1.59012770652771,4989.000116631677,22359.621269226074,4.059457640780306e-05
2495,1.5757185220718384,4991.000116631677,22369.221391439438,4.055669853573863e-05
2496,1.5791994333267212,4993.000116631677,22377.211022615433,4.051882628292737e-05
2497,1.6887383460998535,4995.000116631677,22388.38560628891,4.048095967190472e-05
2498,1.5581872463226318,4997.000116631677,22397.964443922043,4.044309872520282e-05
2499,1.6898843050003052,4999.000116631677,22409.030834913254,4.0405243465350416e-05
2500,1.7942698001861572,5001.000116631677,22418.200766563416,4.036739391487288e-05
2501,1.7963061332702637,5003.000116631677,22427.694712400436,4.032955009629215e-05
2502,1.4978257417678833,5005.000116631677,22435.501086950302,4.0291712032126786e-05
2503,1.642081618309021,5007.000116631677,22446.680070400238,4.025387974489194e-05
2504,1.7295784950256348,5009.000116631677,22456.250018119812,4.021605325709929e-05
2505,1.9141247272491455,5011.000116631677,22466.454142570496,4.017823259125705e-05
2506,1.6590931415557861,5013.000116631677,22474.10740351677,4.014041776987007e-05
2507,1.5533863306045532,5015.000116631677,22485.318204164505,4.0102608815439574e-05
2508,1.6808675527572632,5017.000116631677,22496.203066587448,4.0064805750463395e-05
2509,1.6524038314819336,5019.000116631677,22506.65056991577,4.002700859743586e-05
2510,1.6734249591827393,5021.000116631677,22516.08140349388,3.998921737884772e-05
2511,1.645498275756836,5023.000116631677,22523.770853996277,3.9951432117186255e-05
2512,1.7952346801757812,5025.000116631677,22531.2083671093,3.9913652834935154e-05
2513,1.7365124225616455,5027.000116631677,22540.60759496689,3.987587955457461e-05
2514,1.5426386594772339,5029.000116631677,22549.00195455551,3.983811229858114e-05
2515,1.700033187866211,5031.000116631677,22557.899099111557,3.980035108942779e-05
2516,1.4063141345977783,5033.000116631677,22564.94432735443,3.976259594958397e-05
2517,1.6554933786392212,5035.000116631677,22571.14285135269,3.9724846901515416e-05
2518,1.8038113117218018,5037.000116631677,22582.34791469574,3.968710396768432e-05
2519,1.8173913955688477,5039.000116631677,22590.25158596039,3.9649367170549206e-05
2520,1.852757215499878,5041.000116631677,22601.405747652054,3.9611636532564936e-05
2521,1.4770989418029785,5043.000116631677,22610.989087581635,3.957391207618271e-05
2522,1.836167573928833,5045.000116631677,22618.418484687805,3.953619382385008e-05
2523,1.5212604999542236,5047.000116631677,22625.726038455963,3.949848179801087e-05
2524,1.5755505561828613,5049.000116631677,22632.932616710663,3.94607760211052e-05
2525,1.9135675430297852,5051.000116631677,22641.929342746735,3.942307651556953e-05
2526,1.6233643293380737,5053.000116631677,22651.121844291687,3.938538330383648e-05
2527,1.7543257474899292,5055.000116631677,22660.188359975815,3.934769640833502e-05
2528,1.870658040046692,5057.000116631677,22671.178957223892,3.931001585149032e-05
2529,1.7502447366714478,5059.000116631677,22678.69163966179,3.927234165572382e-05
2530,1.870974063873291,5061.000116631677,22686.092978715897,3.9234673843453086e-05
2531,1.6924091577529907,5063.000116631677,22694.708990097046,3.9197012437091976e-05
2532,1.6983842849731445,5065.000116631677,22702.623361349106,3.915935745905051e-05
2533,1.4086999893188477,5067.000116631677,22710.28939795494,3.9121708931734836e-05
2534,1.8602538108825684,5069.000116631677,22719.811029434204,3.9084066877547324e-05
2535,1.624077558517456,5071.000116631677,22727.019508838654,3.904643131888648e-05
2536,1.6844149827957153,5073.000116631677,22735.884708166122,3.9008802278146914e-05
2537,1.681576132774353,5075.000116631677,22743.83258652687,3.89711797777194e-05
2538,1.635323405265808,5077.000116631677,22753.76910495758,3.8933563839990805e-05
2539,1.7214617729187012,5079.000116631677,22762.843749523163,3.889595448734404e-05
2540,1.48182213306427,5081.000116631677,22772.55145072937,3.885835174215818e-05
2541,1.6501421928405762,5083.000116631677,22781.274886369705,3.882075562680832e-05
2542,1.7334010601043701,5085.000116631677,22790.33352971077,3.878316616366565e-05
2543,1.7098920345306396,5087.000116631677,22798.9667634964,3.8745583375097316e-05
2544,1.65867280960083,5089.000116631677,22809.77319574356,3.8708007283466584e-05
2545,1.7454737424850464,5091.000116631677,22820.97833418846,3.867043791113271e-05
2546,1.7279789447784424,5093.000116631677,22830.154680013657,3.863287528045091e-05
2547,1.597362756729126,5095.000116631677,22838.130393743515,3.8595319413772435e-05
2548,1.5277845859527588,5097.000116631677,22846.455865621567,3.855777033344452e-05
2549,1.7367640733718872,5099.000116631677,22857.410793542862,3.852022806181029e-05
2550,1.7231760025024414,5101.000116631677,22864.924559354782,3.84826926212089e-05
2551,1.6852842569351196,5103.000116631677,22874.275551080704,3.8445164033975424e-05
2552,1.6789981126785278,5105.000116631677,22883.19965362549,3.840764232244079e-05
2553,1.6236833333969116,5107.000116631677,22892.654606103897,3.837012750893191e-05
2554,1.7829346656799316,5109.000116631677,22902.19151544571,3.833261961577158e-05
2555,1.6051461696624756,5111.000116631677,22913.37233352661,3.829511866527844e-05
2556,1.6322145462036133,5113.000116631677,22922.081368923187,3.825762467976706e-05
2557,1.63093900680542,5115.000116631677,22930.925580263138,3.8220137681547786e-05
2558,1.8985176086425781,5117.000116631677,22938.677461862564,3.818265769292688e-05
2559,1.8316102027893066,5119.000116631677,22946.84533047676,3.8145184736206396e-05
2560,1.705724835395813,5121.000116631677,22955.692046165466,3.81077188336842e-05
2561,1.656646966934204,5123.000116631677,22961.76885867119,3.807026000765401e-05
2562,1.496626615524292,5125.000116631677,22970.005390882492,3.803280828040524e-05
2563,1.5853499174118042,5127.000116631677,22978.627971172333,3.799536367422315e-05
2564,1.590897560119629,5129.000116631677,22984.232935905457,3.7957926211388784e-05
2565,1.708761215209961,5131.000116631677,22989.535409927368,3.792049591417885e-05
2566,1.6884430646896362,5133.000116631677,22997.02524805069,3.788307280486586e-05
2567,1.6367636919021606,5135.000116631677,23004.32694363594,3.7845656905718035e-05
2568,1.5778225660324097,5137.000116631677,23015.15647315979,3.780824823899929e-05
2569,1.8676927089691162,5139.000116631677,23021.92498755455,3.777084682696925e-05
2570,1.779927372932434,5141.000116631677,23029.902657032013,3.7733452691883226e-05
2571,1.5596387386322021,5143.000116631677,23035.940531730652,3.769606585599221e-05
2572,1.7054134607315063,5145.000116631677,23043.47898554802,3.765868634154278e-05
2574,1.6661481857299805,5149.000116631677,23060.99447798729,3.758394936593353e-05
2575,1.4748270511627197,5151.000116631677,23067.787837028503,3.754659194924511e-05
2576,1.9471994638442993,5153.000116631677,23075.405966043472,3.750924194294114e-05
2577,1.7239023447036743,5155.000116631677,23083.77191233635,3.747189936924634e-05
2578,1.7901322841644287,5157.000116631677,23093.207401275635,3.7434564250380985e-05
2579,1.6512119770050049,5159.000116631677,23102.75935268402,3.739723660856094e-05
2580,1.7342612743377686,5161.000116631677,23112.08783507347,3.735991646599764e-05
2581,1.5573195219039917,5163.000116631677,23122.4378554821,3.732260384489798e-05
2582,1.8253459930419922,5165.000116631677,23130.718160629272,3.728529876746446e-05
2583,1.7017152309417725,5167.000116631677,23139.31107711792,3.7248001255895066e-05
2584,1.6154459714889526,5169.000116631677,23150.49508881569,3.721071133238329e-05
2585,1.7492221593856812,5171.000116631677,23160.69301700592,3.7173429019118054e-05
2586,1.5933948755264282,5173.000116631677,23170.526012182236,3.713615433828382e-05
2587,1.5960044860839844,5175.000116631677,23181.720988750458,3.70988873120605e-05
2588,1.5972533226013184,5177.000116631677,23187.701135396957,3.70616279626234e-05
2589,1.7501120567321777,5179.000116631677,23195.240213871002,3.70243763121433e-05
2590,1.5324735641479492,5181.000116631677,23205.41169476509,3.6987132382786404e-05
2591,1.3933262825012207,5183.000116631677,23212.181389570236,3.69498961967143e-05
2592,1.5173183679580688,5185.000116631677,23219.3291823864,3.691266777608398e-05
2593,1.6346668004989624,5187.000116631677,23226.41007208824,3.687544714304783e-05
2594,1.5505859851837158,5189.000116631677,23233.231919288635,3.6838234319753544e-05
2595,1.5773849487304688,5191.000116631677,23243.401834011078,3.6801029328344226e-05
2596,1.7542510032653809,5193.000116631677,23251.94263291359,3.6763832190958336e-05
2597,2.0246434211730957,5195.000116631677,23261.679706335068,3.672664292972957e-05
2598,1.8069264888763428,5197.000116631677,23271.745100736618,3.668946156678702e-05
2599,1.6260755062103271,5199.000116631677,23282.057614564896,3.665228812425506e-05
2600,1.6325616836547852,5201.000116631677,23288.884554862976,3.6615122624253356e-05
2601,1.6404879093170166,5203.000116631677,23299.64701461792,3.65779650888968e-05
2602,1.45634126663208,5205.000116631677,23306.28171467781,3.654081554029561e-05
2603,1.7046706676483154,5207.000116631677,23315.760625839233,3.650367400055522e-05
2604,1.787175178527832,5209.000116631677,23324.673587083817,3.646654049177628e-05
2605,1.4783000946044922,5211.000116631677,23334.714303970337,3.642941503605469e-05
2606,1.7443666458129883,5213.000116631677,23342.24014568329,3.639229765548158e-05
2607,1.7068942785263062,5215.000116631677,23348.421746253967,3.63551883721432e-05
2608,1.6940263509750366,5217.000116631677,23355.756666898727,3.6318087208121035e-05
2609,1.6766711473464966,5219.000116631677,23364.690767526627,3.628099418549176e-05
2610,1.6944382190704346,5221.000116631677,23372.95253586769,3.6243909326327146e-05
2611,1.6295866966247559,5223.000116631677,23379.32433772087,3.6206832652694154e-05
2612,1.636422872543335,5225.000116631677,23387.477593421936,3.6169764186654845e-05
2613,1.7446423768997192,5227.000116631677,23398.678987264633,3.6132703950266425e-05
2614,1.5120607614517212,5229.000116631677,23405.456605434418,3.609565196558116e-05
2615,1.8381580114364624,5231.000116631677,23412.711335897446,3.605860825464644e-05
2616,1.7064933776855469,5233.000116631677,23422.28804707527,3.602157283950475e-05
2617,1.7393766641616821,5235.000116631677,23429.690881967545,3.598454574219358e-05
2618,1.6879692077636719,5237.000116631677,23438.83377122879,3.5947526984745514e-05
2619,1.7109922170639038,5239.000116631677,23450.035542488098,3.5910516589188175e-05
2620,1.8205866813659668,5241.000116631677,23459.61527657509,3.587351457754417e-05
2621,1.749944806098938,5243.000116631677,23469.399603128433,3.583652097183116e-05
2622,1.495820164680481,5245.000116631677,23477.39539551735,3.579953579406179e-05
2623,1.5433580875396729,5247.000116631677,23487.00576019287,3.576255906624369e-05
2624,1.581160545349121,5249.000116631677,23498.153573274612,3.5725590810379455e-05
2625,1.672979712486267,5251.000116631677,23509.35984134674,3.5688631048466663e-05
2626,1.4118781089782715,5253.000116631677,23520.534053325653,3.565167980249779e-05
2627,1.5672037601470947,5255.000116631677,23528.442198753357,3.561473709446029e-05
2628,1.374548077583313,5257.000116631677,23536.887862205505,3.557780294633652e-05
2629,1.6361379623413086,5259.000116631677,23545.381390094757,3.554087738010376e-05
2630,1.631415605545044,5261.000116631677,23551.59550690651,3.550396041773414e-05
2631,1.7439196109771729,5263.000116631677,23559.05244088173,3.546705208119471e-05
2632,1.5483773946762085,5265.000116631677,23565.834239006042,3.543015239244739e-05
2633,1.6092567443847656,5267.000116631677,23576.77232003212,3.5393261373448904e-05
2634,1.9035546779632568,5269.000116631677,23585.946712732315,3.5356379046150876e-05
2635,1.5791860818862915,5271.000116631677,23595.236522436142,3.531950543249976e-05
2636,1.6443679332733154,5273.000116631677,23605.426568746567,3.5282640554436755e-05
2637,1.8444137573242188,5275.000116631677,23616.62522959709,3.524578443389792e-05
2638,1.6796059608459473,5277.000116631677,23625.273126363754,3.5208937092814125e-05
2639,1.6413054466247559,5279.000116631677,23633.736013412476,3.5172098553110925e-05
2640,1.559005618095398,5281.000116631677,23641.747745275497,3.513526883670872e-05
2641,1.7124626636505127,5283.000116631677,23650.58001422882,3.509844796552263e-05
2642,1.7040473222732544,5285.000116631677,23657.60083079338,3.506163596146254e-05
2643,1.8054850101470947,5287.000116631677,23664.995692014694,3.5024832846433e-05
2644,1.4894063472747803,5289.000116631677,23673.57062101364,3.4988038642333316e-05
2645,1.7531399726867676,5291.000116631677,23681.780596733093,3.495125337105749e-05
2646,1.6172293424606323,5293.000116631677,23687.625881433487,3.491447705449418e-05
2647,1.5424734354019165,5295.000116631677,23696.832740068436,3.487770971452675e-05
2648,1.6358673572540283,5297.000116631677,23703.071509361267,3.4840951373033215e-05
2649,1.7354576587677002,5299.000116631677,23709.183819055557,3.4804202051886196e-05
2650,1.6622450351715088,5301.000116631677,23719.376784563065,3.4767461772952986e-05
2651,1.7617617845535278,5303.000116631677,23729.449600458145,3.473073055809553e-05
2652,1.5056825876235962,5305.000116631677,23738.738035678864,3.4694008429170295e-05
2653,1.6312615871429443,5307.000116631677,23746.33801960945,3.465729540802839e-05
2654,1.6872814893722534,5309.000116631677,23753.99814081192,3.462059151651552e-05
2655,1.6571675539016724,5311.000116631677,23764.520104408264,3.4583896776471926e-05
2656,1.5028129816055298,5313.000116631677,23771.533527612686,3.4547211209732415e-05
2657,1.6254106760025024,5315.000116631677,23780.854548454285,3.4510534838126336e-05
2658,1.5130963325500488,5317.000116631677,23790.579048395157,3.4473867683477585e-05
2659,1.5408039093017578,5319.000116631677,23800.206322431564,3.443720976760452e-05
2660,1.603424310684204,5321.000116631677,23810.642945051193,3.4400561112320056e-05
2661,1.3796749114990234,5323.000116631677,23817.4879925251,3.436392173943159e-05
2662,1.9468892812728882,5325.000116631677,23827.269235134125,3.432729167074095e-05
2663,1.5341830253601074,5327.000116631677,23834.59220480919,3.429067092804449e-05
2664,1.7545809745788574,5329.000116631677,23845.784152030945,3.425405953313298e-05
2665,1.77573823928833,5331.000116631677,23853.986884832382,3.421745750779162e-05
2666,1.6259636878967285,5333.000116631677,23863.4797167778,3.418086487380007e-05
2667,1.7440049648284912,5335.000116631677,23873.505220651627,3.414428165293238e-05
2668,1.5201917886734009,5337.000116631677,23882.633290052414,3.410770786695696e-05
2669,1.6109734773635864,5339.000116631677,23893.81298494339,3.4071143537636685e-05
2670,1.6074548959732056,5341.000116631677,23901.94755268097,3.4034588686728745e-05
2671,1.6328623294830322,5343.000116631677,23911.040595293045,3.399804333598473e-05
2672,1.5544407367706299,5345.000116631677,23921.327081918716,3.396150750715052e-05
2673,1.5489435195922852,5347.000116631677,23932.015741348267,3.3924981221966386e-05
2674,1.707437515258789,5349.000116631677,23940.425586938858,3.388846450216691e-05
2675,1.809207558631897,5351.000116631677,23948.359869003296,3.385195736948094e-05
2676,1.5751335620880127,5353.000116631677,23956.13790011406,3.381545984563165e-05
2677,1.5121839046478271,5355.000116631677,23966.639178276062,3.377897195233653e-05
2678,1.664696216583252,5357.000116631677,23976.313627243042,3.3742493711307266e-05
2679,1.6344362497329712,5359.000116631677,23983.42280936241,3.370602514424986e-05
2680,1.9223732948303223,5361.000116631677,23993.154580831528,3.366956627286456e-05
2681,1.6361693143844604,5363.000116631677,24001.25793862343,3.363311711884578e-05
2682,1.5098628997802734,5365.000116631677,24012.368532419205,3.3596677703882204e-05
2683,1.724196434020996,5367.000116631677,24021.855020284653,3.356024804965672e-05
2684,1.6306886672973633,5369.000116631677,24027.718579769135,3.352382817784642e-05
2685,1.4799129962921143,5371.000116631677,24035.11264514923,3.3487418110122506e-05
2686,1.8182969093322754,5373.000116631677,24044.499532699585,3.345101786815043e-05
2687,1.7167489528656006,5375.000116631677,24050.83532142639,3.3414627473589745e-05
2688,1.761791706085205,5377.000116631677,24060.675629615784,3.337824694809417e-05
2689,1.6880648136138916,5379.000116631677,24069.982845544815,3.334187631331153e-05
2690,1.7736650705337524,5381.000116631677,24077.3481695652,3.33055155908838e-05
2691,1.5005923509597778,5383.000116631677,24086.751652240753,3.3269164802447015e-05
2692,1.8804038763046265,5385.000116631677,24096.47954440117,3.323282396963131e-05
2693,1.4215426445007324,5387.000116631677,24107.645929813385,3.319649311406094e-05
2694,1.644141674041748,5389.000116631677,24115.996558189392,3.316017225735414e-05
2695,1.4746687412261963,5391.000116631677,24124.815519571304,3.312386142112326e-05
2696,1.6885119676589966,5393.000116631677,24134.297313451767,3.3087560626974684e-05
2697,1.3275870084762573,5395.000116631677,24143.165569782257,3.3051269896508794e-05
2698,1.8941770792007446,5397.000116631677,24154.317281007767,3.301498925132e-05
2699,1.4915703535079956,5399.000116631677,24162.256257772446,3.297871871299669e-05
2700,1.7141906023025513,5401.000116631677,24173.01707792282,3.294245830312128e-05
2701,1.6992151737213135,5403.000116631677,24181.875667095184,3.290620804327011e-05
2702,1.543304204940796,5405.000116631677,24191.363289117813,3.286996795501352e-05
2703,1.588220238685608,5407.000116631677,24200.779633760452,3.28337380599158e-05
2704,1.8066576719284058,5409.000116631677,24208.032327651978,3.2797518379535096e-05
2705,1.6666808128356934,5411.000116631677,24215.099856615067,3.276130893542359e-05
2706,1.5664514303207397,5413.000116631677,24224.406870365143,3.2725109749127323e-05
2707,1.7497715950012207,5415.000116631677,24231.678009033203,3.2688920842186183e-05
2708,1.5630232095718384,5417.000116631677,24240.508492708206,3.265274223613401e-05
2709,1.6331632137298584,5419.000116631677,24251.306845664978,3.261657395249851e-05
2710,1.6125752925872803,5421.000116631677,24260.734660863876,3.2580416012801196e-05
2711,1.5785725116729736,5423.000116631677,24266.81733083725,3.254426843855747e-05
2712,1.6428037881851196,5425.000116631677,24275.02252984047,3.2508131251276565e-05
2713,1.4938557147979736,5427.000116631677,24281.370747566223,3.247200447246153e-05
2714,1.571698784828186,5429.000116631677,24290.93737578392,3.243588812360917e-05
2715,1.8539117574691772,5431.000116631677,24297.43721818924,3.239978222621017e-05
2716,1.7690861225128174,5433.000116631677,24305.547063589096,3.236368680174895e-05
2717,1.6801321506500244,5435.000116631677,24315.065268278122,3.2327601871703664e-05
2718,1.5659842491149902,5437.000116631677,24324.461889266968,3.229152745754629e-05
2719,1.7540225982666016,5439.000116631677,24334.22577381134,3.2255463580742514e-05
2720,1.5225481986999512,5441.000116631677,24343.26199221611,3.221941026275175e-05
2721,1.8682953119277954,5443.000116631677,24351.492866039276,3.218336752502712e-05
2722,1.6010774374008179,5445.000116631677,24362.669969320297,3.214733538901551e-05
2723,1.7084920406341553,5447.000116631677,24372.16778230667,3.21113138761574e-05
2724,1.7124117612838745,5449.000116631677,24381.66164803505,3.207530300788701e-05
2725,1.5784395933151245,5451.000116631677,24389.6474943161,3.203930280563226e-05
2726,1.560758352279663,5453.000116631677,24396.090483665466,3.200331329081462e-05
2727,1.5847320556640625,5455.000116631677,24403.831676721573,3.19673344848493e-05
2728,1.7522081136703491,5457.000116631677,24411.636348724365,3.193136640914508e-05
2729,1.546513319015503,5459.000116631677,24417.973754405975,3.18954090851044e-05
2730,1.6219515800476074,5461.000116631677,24427.261263608932,3.1859462534123233e-05
2731,1.8946396112442017,5463.000116631677,24437.260051727295,3.182352677759121e-05
2732,1.7083855867385864,5465.000116631677,24448.47088742256,3.178760183689152e-05
2733,1.5875566005706787,5467.000116631677,24455.520953416824,3.175168773340089e-05
2734,1.694266438484192,5469.000116631677,24464.54758810997,3.1715784488489635e-05
2735,1.5286954641342163,5471.000116631677,24473.27338027954,3.16798921235216e-05
2736,1.7506613731384277,5473.000116631677,24481.32706928253,3.1644010659854114e-05
2737,1.6699120998382568,5475.000116631677,24490.91784119606,3.160814011883807e-05
2738,1.660639762878418,5477.000116631677,24498.367483854294,3.1572280521817874e-05
2739,1.7482577562332153,5479.000116631677,24509.262124300003,3.153643189013133e-05
2740,1.5296902656555176,5481.000116631677,24515.093396425247,3.150059424510982e-05
2741,1.5142085552215576,5483.000116631677,24524.647191286087,3.146476760807813e-05
2742,1.5667049884796143,5485.000116631677,24530.270210504532,3.142895200035453e-05
2743,1.6731047630310059,5487.000116631677,24536.13969397545,3.1393147443250686e-05
2744,1.6580986976623535,5489.000116631677,24544.283596754074,3.135735395807172e-05
2745,1.340179443359375,5491.000116631677,24553.760751008987,3.132157156611619e-05
2746,1.7084221839904785,5493.000116631677,24561.145223379135,3.128580028867596e-05
2747,1.6101243495941162,5495.000116631677,24568.861550807953,3.125004014703637e-05
2748,1.648632526397705,5497.000116631677,24578.63698220253,3.121429116247613e-05
2749,1.6107699871063232,5499.000116631677,24586.667041778564,3.117855335626724e-05
2750,1.7692947387695312,5501.000116631677,24596.899341344833,3.1142826749675116e-05
2751,1.7005491256713867,5503.000116631677,24608.10245513916,3.1107111363958506e-05
2752,1.84004545211792,5505.000116631677,24619.289959430695,3.1071407220369426e-05
2753,1.4710116386413574,5507.000116631677,24629.927794218063,3.1035714340153256e-05
2754,1.701546311378479,5509.000116631677,24636.16764307022,3.100003274454867e-05
2755,1.7642478942871094,5511.000116631677,24647.34331703186,3.096436245478761e-05
2756,1.8197520971298218,5513.000116631677,24656.437979221344,3.092870349209527e-05
2757,1.4283169507980347,5515.000116631677,24666.522333860397,3.0893055877690154e-05
2758,1.5244615077972412,5517.000116631677,24675.710999250412,3.0857419632784006e-05
2759,1.568394422531128,5519.000116631677,24686.89858865738,3.0821794778581735e-05
2760,1.7099311351776123,5521.000116631677,24698.079202890396,3.0786181336281555e-05
2761,1.5284676551818848,5523.000116631677,24705.31190609932,3.075057932707488e-05
2762,1.7219533920288086,5525.000116631677,24713.770124912262,3.071498877214625e-05
2763,1.634598970413208,5527.000116631677,24724.945623397827,3.067940969267347e-05
2764,1.5165818929672241,5529.000116631677,24733.92335343361,3.06438421098275e-05
2765,1.768243670463562,5531.000116631677,24742.166466474533,3.06082860447724e-05
2766,1.512556552886963,5533.000116631677,24751.715600013733,3.057274151866545e-05
2767,1.6696761846542358,5535.000116631677,24762.546688318253,3.053720855265705e-05
2768,1.6420665979385376,5537.000116631677,24771.335058927536,3.0501687167890676e-05
2769,1.5270709991455078,5539.000116631677,24779.485229730606,3.0466177385502943e-05
2770,1.608691692352295,5541.000116631677,24788.1415476799,3.043067922662358e-05
2771,1.6999667882919312,5543.000116631677,24796.617804288864,3.0395192712375395e-05
2772,1.674431324005127,5545.000116631677,24805.244032621384,3.0359717863874205e-05
2773,1.4923818111419678,5547.000116631677,24816.438935518265,3.0324254702228966e-05
2774,1.6104635000228882,5549.000116631677,24826.11096906662,3.0288803248541658e-05
2775,1.8012149333953857,5551.000116631677,24835.20763707161,3.025336352390726e-05
2776,1.6583285331726074,5553.000116631677,24846.409569501877,3.0217935549413796e-05
2777,1.495426058769226,5555.000116631677,24855.894775629044,3.018251934614234e-05
2778,1.54909348487854,5557.000116631677,24861.917093992233,3.0147114935166864e-05
2779,1.7414464950561523,5559.000116631677,24870.181215047836,3.0111722337554395e-05
2780,1.6550226211547852,5561.000116631677,24877.19340157509,3.007634157436495e-05
2781,1.6531543731689453,5563.000116631677,24885.634253263474,3.0040972666651422e-05
2782,1.568598985671997,5565.000116631677,24894.438135623932,3.000561563545971e-05
2783,1.7586195468902588,5567.000116631677,24903.553375959396,2.9970270501828642e-05
2784,1.7484732866287231,5569.000116631677,24912.26083421707,2.9934937286789955e-05
2785,1.7263340950012207,5571.000116631677,24922.26395201683,2.9899616011368298e-05
2786,1.5440346002578735,5573.000116631677,24933.44863963127,2.9864306696581194e-05
2787,1.4861351251602173,5575.000116631677,24944.219223976135,2.982900936343909e-05
2788,1.6989445686340332,5577.000116631677,24953.765917778015,2.979372403294526e-05
2789,1.4697628021240234,5579.000116631677,24961.322598934174,2.9758450726095876e-05
2790,1.6683506965637207,5581.000116631677,24969.39803004265,2.9723189463879945e-05
2791,1.6848046779632568,5583.000116631677,24978.558713436127,2.9687940267279265e-05
2792,1.8251466751098633,5585.000116631677,24989.76062488556,2.9652703157268505e-05
2793,1.7552921772003174,5587.000116631677,25000.2226395607,2.9617478154815158e-05
2794,1.4726837873458862,5589.000116631677,25009.32493495941,2.9582265280879423e-05
2795,1.5294965505599976,5591.000116631677,25016.91820049286,2.954706455641436e-05
2796,1.5365972518920898,5593.000116631677,25025.710709810257,2.95118760023658e-05
2797,1.6247360706329346,5595.000116631677,25034.799073934555,2.947669963967228e-05
2798,1.6870217323303223,5597.000116631677,25044.880189180374,2.9441535489265128e-05
2799,1.4942610263824463,5599.000116631677,25054.125928640366,2.9406383572068394e-05
2800,1.5345945358276367,5601.000116631677,25064.541901111603,2.937124390899886e-05
2801,1.5777027606964111,5603.000116631677,25075.468501329422,2.933611652096596e-05
2802,1.5699896812438965,5605.000116631677,25084.311495780945,2.930100142887189e-05
2803,1.544588565826416,5607.000116631677,25093.278652191162,2.9265898653611515e-05
2804,1.5465413331985474,5609.000116631677,25100.047480344772,2.923080821607234e-05
2805,1.6984100341796875,5611.000116631677,25110.626764535904,2.919573013713455e-05
2806,1.732039213180542,5613.000116631677,25119.721415758133,2.916066443767101e-05
2807,1.5438859462738037,5615.000116631677,25127.14002943039,2.9125611138547134e-05
2808,1.715143084526062,5617.000116631677,25137.682178258896,2.909057026062103e-05
2809,1.757204294204712,5619.000116631677,25147.404540777206,2.905554182474342e-05
2810,1.6464591026306152,5621.000116631677,25157.699587583542,2.9020525851757544e-05
2811,1.615541696548462,5623.000116631677,25165.024416208267,2.89855223624993e-05
2812,1.5739703178405762,5625.000116631677,25174.01440358162,2.895053137779714e-05
2813,1.7910435199737549,5627.000116631677,25181.66904950142,2.8915552918472065e-05
2814,1.697198510169983,5629.000116631677,25190.03670358658,2.8880587005337636e-05
2815,1.7550550699234009,5631.000116631677,25199.19654893875,2.884563365919993e-05
2816,1.8353625535964966,5633.000116631677,25209.03999400139,2.8810692900857578e-05
2817,1.6717764139175415,5635.000116631677,25218.355795621872,2.8775764751101663e-05
2818,1.4850167036056519,5637.000116631677,25229.547580957413,2.8740849230715825e-05
2819,1.8944668769836426,5639.000116631677,25238.57403445244,2.870594636047618e-05
2820,1.6188238859176636,5641.000116631677,25248.189767360687,2.8671056161151264e-05
2821,1.851462960243225,5643.000116631677,25257.773508548737,2.8636178653502133e-05
2822,1.6746543645858765,5645.000116631677,25263.877797842026,2.8601313858282286e-05
2823,1.5674571990966797,5647.000116631677,25272.311239480972,2.856646179623761e-05
2824,1.4500105381011963,5649.000116631677,25283.480260849,2.8531622488106456e-05
2825,1.5340094566345215,5651.000116631677,25292.538684129715,2.8496795954619583e-05
2826,1.5862607955932617,5653.000116631677,25302.1865773201,2.846198221650016e-05
2827,1.6713173389434814,5655.000116631677,25309.082989931107,2.842718129446369e-05
2828,1.4857966899871826,5657.000116631677,25318.725555181503,2.8392393209218097e-05
2829,1.6034646034240723,5659.000116631677,25326.44881081581,2.8357617981463674e-05
2830,1.5881810188293457,5661.000116631677,25337.555891036987,2.832285563189301e-05
2831,1.5564472675323486,5663.000116631677,25345.270344495773,2.8288106181191072e-05
2832,1.641981601715088,5665.000116631677,25354.732100248337,2.8253369650035176e-05
2833,1.609895944595337,5667.000116631677,25363.32202720642,2.821864605909488e-05
2834,1.6441729068756104,5669.000116631677,25373.667826652527,2.818393542903209e-05
2835,1.4871108531951904,5671.000116631677,25382.98226237297,2.8149237780500992e-05
2836,1.5168441534042358,5673.000116631677,25394.15930557251,2.8114553134148052e-05
2837,1.6229851245880127,5675.000116631677,25402.54659128189,2.807988151061199e-05
2838,1.2416152954101562,5677.000116631677,25413.332591295242,2.804522293052379e-05
2839,1.554091215133667,5679.000116631677,25423.465005159378,2.801057741450664e-05
2840,1.5592427253723145,5681.000116631677,25432.572465896606,2.797594498317599e-05
2841,1.7065443992614746,5683.000116631677,25441.833079576492,2.794132565713949e-05
2842,1.3165172338485718,5685.000116631677,25447.997062921524,2.790671945699702e-05
2843,1.6895219087600708,5687.000116631677,25456.565477371216,2.787212640334059e-05
2844,1.6626051664352417,5689.000116631677,25467.737523317337,2.783754651675443e-05
2845,1.8265162706375122,5691.000116631677,25477.455233097076,2.780297981781495e-05
2846,1.6811658143997192,5693.000116631677,25483.295385599136,2.776842632709065e-05
2847,1.7086032629013062,5695.000116631677,25494.027425289154,2.7733886065142235e-05
2848,1.7130126953125,5697.000116631677,25501.573120355606,2.7699359052522523e-05
2849,1.6146156787872314,5699.000116631677,25508.31479382515,2.7664845309776405e-05
2850,1.6241027116775513,5701.000116631677,25517.841530799866,2.7630344857440935e-05
2851,1.6015855073928833,5703.000116631677,25524.449414491653,2.7595857716045238e-05
2852,1.7206943035125732,5705.000116631677,25533.8188021183,2.7561383906110487e-05
2853,1.4454805850982666,5707.000116631677,25543.194214344025,2.7526923448149966e-05
2854,1.601452112197876,5709.000116631677,25554.112554311752,2.749247636266899e-05
2855,1.6451834440231323,5711.000116631677,25561.38265800476,2.7458042670164935e-05
2856,1.425018310546875,5713.000116631677,25568.023112535477,2.7423622391127207e-05
2857,1.5686140060424805,5715.000116631677,25579.185803174973,2.7389215546037184e-05
2858,1.7320711612701416,5717.000116631677,25587.27128791809,2.7354822155368304e-05
2859,1.7703384160995483,5719.000116631677,25596.58780670166,2.732044223958598e-05
2860,1.5591925382614136,5721.000116631677,25606.416896104813,2.7286075819147614e-05
2861,1.6374621391296387,5723.000116631677,25617.581724643707,2.7251722914502593e-05
2862,1.7876434326171875,5725.000116631677,25624.545322179794,2.7217383546092185e-05
2863,1.5062751770019531,5727.000116631677,25633.397691249847,2.7183057734349698e-05
2864,1.4919756650924683,5729.000116631677,25643.183374643326,2.7148745499700344e-05
2865,1.5808641910552979,5731.000116631677,25651.871406793594,2.711444686256121e-05
2866,1.6731688976287842,5733.000116631677,25659.59403038025,2.7080161843341346e-05
2867,1.5382864475250244,5735.000116631677,25668.946580410004,2.7045890462441694e-05
2868,1.625327229499817,5737.000116631677,25679.65793800354,2.701163274025504e-05
2869,1.7211737632751465,5739.000116631677,25686.162568092346,2.6977388697166087e-05
2870,1.6768808364868164,5741.000116631677,25694.392411231995,2.6943158353551378e-05
2871,1.6014872789382935,5743.000116631677,25705.512417554855,2.6908941729779323e-05
2872,1.603259563446045,5745.000116631677,25713.329110860825,2.6874738846210125e-05
2873,1.5873522758483887,5747.000116631677,25718.943985939026,2.6840549723195855e-05
2874,1.5328896045684814,5749.000116631677,25727.785381793976,2.6806374381080398e-05
2875,1.6748347282409668,5751.000116631677,25735.51643013954,2.6772212840199374e-05
2876,1.7536147832870483,5753.000116631677,25744.541432380676,2.673806512088027e-05
2877,1.2987229824066162,5755.000116631677,25752.146704673767,2.6703931243442316e-05
2878,1.8118447065353394,5757.000116631677,25761.152410507202,2.666981122819649e-05
2879,1.752312183380127,5759.000116631677,25770.717529773712,2.6635705095445553e-05
2880,1.8460097312927246,5761.000116631677,25779.73034262657,2.6601612865484007e-05
2881,1.6527670621871948,5763.000116631677,25788.872366428375,2.6567534558598014e-05
2882,1.5284984111785889,5765.000116631677,25799.15031528473,2.653347019506554e-05
2883,1.7239741086959839,5767.000116631677,25808.835576295853,2.6499419795156185e-05
2884,1.746001124382019,5769.000116631677,25816.939750432968,2.646538337913132e-05
2885,1.5115909576416016,5771.000116631677,25826.756697654724,2.6431360967243893e-05
2886,1.7664000988006592,5773.000116631677,25835.2271630764,2.639735257973859e-05
2887,1.4826806783676147,5775.000116631677,25841.346212625504,2.6363358236851758e-05
2888,1.5777359008789062,5777.000116631677,25852.080773353577,2.6329377958811318e-05
2889,1.6554006338119507,5779.000116631677,25860.516310214996,2.629541176583688e-05
2890,1.5632848739624023,5781.000116631677,25869.30277943611,2.6261459678139697e-05
2891,1.549821138381958,5783.000116631677,25880.49967455864,2.622752171592254e-05
2892,1.6638230085372925,5785.000116631677,25888.01503252983,2.6193597899379835e-05
2893,1.8257006406784058,5787.000116631677,25895.44753599167,2.6159688248697618e-05
2894,1.670637845993042,5789.000116631677,25904.876773118973,2.6125792784053413e-05
2895,1.6296677589416504,5791.000116631677,25916.10267019272,2.6091911525616368e-05
2896,1.6085468530654907,5793.000116631677,25925.86008143425,2.6058044493547176e-05
2897,1.37626051902771,5795.000116631677,25935.46638727188,2.6024191707998014e-05
2898,1.5761163234710693,5797.000116631677,25945.81802725792,2.5990353189112634e-05
2899,1.561403751373291,5799.000116631677,25952.192305088043,2.595652895702627e-05
2900,1.5374865531921387,5801.000116631677,25960.813435554504,2.5922719031865675e-05
2901,1.74878990650177,5803.000116631677,25970.861928224564,2.5888923433749074e-05
2902,1.6406850814819336,5805.000116631677,25977.670043230057,2.5855142182786167e-05
2903,1.65919029712677,5807.000116631677,25987.511703014374,2.5821375299078157e-05
2904,1.3819186687469482,5809.000116631677,25998.671689987183,2.57876228027176e-05
2905,1.8243768215179443,5811.000116631677,26007.86743760109,2.5753884713788587e-05
2906,1.6070469617843628,5813.000116631677,26017.155888080597,2.5720161052366624e-05
2907,1.662726879119873,5815.000116631677,26024.9970202446,2.5686451838518557e-05
2908,1.6811939477920532,5817.000116631677,26034.01076555252,2.5652757092302727e-05
2909,1.4474385976791382,5819.000116631677,26041.142625570297,2.561907683376883e-05
2910,1.461717128753662,5821.000116631677,26050.62785601616,2.5585411082957906e-05
2911,1.3975121974945068,5823.000116631677,26059.08125948906,2.555175985990242e-05
2912,1.443932056427002,5825.000116631677,26065.022854328156,2.5518123184626157e-05
2913,1.7942986488342285,5827.000116631677,26074.861099004745,2.548450107714428e-05
2914,1.8806657791137695,5829.000116631677,26083.024398565292,2.5450893557463226e-05
2915,1.5226383209228516,5831.000116631677,26090.525463819504,2.5417300645580796e-05
2916,1.71875,5833.000116631677,26099.57566666603,2.5383722361486112e-05
2917,1.5025107860565186,5835.000116631677,26108.683372735977,2.5350158725159524e-05
2918,1.7538844347000122,5837.000116631677,26116.310782432556,2.5316609756572738e-05
2919,1.8726129531860352,5839.000116631677,26124.17707467079,2.528307547568872e-05
2920,1.6192597150802612,5841.000116631677,26133.980821847916,2.5249555902461635e-05
2921,1.6200675964355469,5843.000116631677,26143.013306617737,2.5216051056836964e-05
2922,1.5864415168762207,5845.000116631677,26151.81524705887,2.5182560958751415e-05
2923,1.5893279314041138,5847.000116631677,26158.762545347214,2.5149085628132893e-05
2924,1.5176024436950684,5849.000116631677,26167.720118284225,2.5115625084900534e-05
2925,1.4659104347229004,5851.000116631677,26173.544030189514,2.5082179348964673e-05
2926,1.4730205535888672,5853.000116631677,26184.044254541397,2.5048748440226846e-05
2927,1.4710352420806885,5855.000116631677,26193.797029972076,2.501533237857972e-05
2928,1.8162314891815186,5857.000116631677,26199.75856614113,2.4981931183907184e-05
2929,1.8315839767456055,5859.000116631677,26210.239143371582,2.4948544876084267e-05
2930,1.3885107040405273,5861.000116631677,26218.10969185829,2.4915173474977097e-05
2931,1.5255069732666016,5863.000116631677,26227.173612356186,2.488181700044298e-05
2932,1.7572362422943115,5865.000116631677,26237.84254550934,2.4848475472330345e-05
2933,1.6968562602996826,5867.000116631677,26247.332792043686,2.4815148910478666e-05
2934,1.5531399250030518,5869.000116631677,26254.2272772789,2.4781837334718576e-05
2935,1.5765875577926636,5871.000116631677,26263.616081237793,2.4748540764871786e-05
2936,1.6086349487304688,5873.000116631677,26272.630408525467,2.4715259220751018e-05
2937,1.6181981563568115,5875.000116631677,26278.998720407486,2.4681992722160114e-05
2938,1.5273730754852295,5877.000116631677,26287.66624736786,2.4648741288893962e-05
2939,1.6050753593444824,5879.000116631677,26298.859136343002,2.4615504940738423e-05
2940,1.8218066692352295,5881.000116631677,26308.30620598793,2.458228369747046e-05
2941,1.6820008754730225,5883.000116631677,26317.300588846207,2.4549077578857995e-05
2942,1.3515375852584839,5885.000116631677,26325.501863479614,2.451588660465998e-05
2943,1.6794129610061646,5887.000116631677,26333.95416545868,2.4482710794626368e-05
2944,1.6381940841674805,5889.000116631677,26344.584696769714,2.444955016849801e-05
2945,1.5650445222854614,5891.000116631677,26354.121532201767,2.4416404746006816e-05
2946,1.8226892948150635,5893.000116631677,26363.06503844261,2.4383274546875597e-05
2947,1.7189013957977295,5895.000116631677,26372.66057729721,2.4350159590818122e-05
2948,1.7209680080413818,5897.000116631677,26379.459919929504,2.431705989753911e-05
2949,1.731425404548645,5899.000116631677,26390.204710006714,2.4283975486734122e-05
2950,1.7373230457305908,5901.000116631677,26399.699968338013,2.425090637808972e-05
2951,1.519090175628662,5903.000116631677,26407.81334543228,2.421785259128332e-05
2952,1.584049940109253,5905.000116631677,26415.32898426056,2.418481414598318e-05
2953,1.6500787734985352,5907.000116631677,26426.531174898148,2.4151791061848503e-05
2954,1.4334406852722168,5909.000116631677,26437.69747376442,2.4118783358529308e-05
2955,1.5977225303649902,5911.000116631677,26446.399116039276,2.4085791055666485e-05
2956,1.8194327354431152,5913.000116631677,26454.008300065994,2.405281417289172e-05
2957,1.486109972000122,5915.000116631677,26465.21277666092,2.401985272982756e-05
2958,1.590808629989624,5917.000116631677,26472.73200750351,2.398690674608737e-05
2959,1.5673627853393555,5919.000116631677,26480.660047531128,2.395397624127527e-05
2960,1.6079638004302979,5921.000116631677,26488.3946890831,2.3921061234986222e-05
2961,1.738049864768982,5923.000116631677,26496.020298480988,2.3888161746805954e-05
2962,1.6037102937698364,5925.000116631677,26506.077367782593,2.3855277796310916e-05
2963,1.7991896867752075,5927.000116631677,26512.6047604084,2.382240940306836e-05
2964,1.8174477815628052,5929.000116631677,26520.490317583084,2.3789556586636276e-05
2965,1.569507360458374,5931.000116631677,26527.776569604874,2.375671936656337e-05
2966,1.6991117000579834,5933.000116631677,26534.780878067017,2.372389776238907e-05
2967,1.4976840019226074,5935.000116631677,26545.93470096588,2.3691091793643545e-05
2968,1.7099924087524414,5937.000116631677,26557.142152547836,2.365830147984759e-05
2969,1.8117742538452148,5939.000116631677,26565.088362693787,2.3625526840512735e-05
2970,1.4761604070663452,5941.000116631677,26573.52486872673,2.3592767895141192e-05
2971,1.755638599395752,5943.000116631677,26583.224647521973,2.3560024663225816e-05
2972,1.4229822158813477,5945.000116631677,26591.422897338867,2.352729716425009e-05
2973,1.7509711980819702,5947.000116631677,26599.42556452751,2.349458541768816e-05
2974,1.6662063598632812,5949.000116631677,26607.478548765182,2.3461889443004835e-05
2975,1.5434170961380005,5951.000116631677,26617.814638853073,2.342920925965544e-05
2976,1.6492455005645752,5953.000116631677,26627.97586774826,2.3396544887086e-05
2977,1.7330213785171509,5955.000116631677,26636.20381641388,2.336389634473311e-05
2978,1.7422804832458496,5957.000116631677,26643.303999185562,2.3331263652023896e-05
2979,1.667803168296814,5959.000116631677,26653.499982118607,2.3298646828376095e-05
2980,1.513808012008667,5961.000116631677,26664.26488828659,2.3266045893198025e-05
2981,1.268473505973816,5963.000116631677,26671.415552854538,2.3233460865888478e-05
2982,1.7032384872436523,5965.000116631677,26678.332124710083,2.320089176583684e-05
2983,1.632051944732666,5967.000116631677,26685.60984969139,2.3168338612423e-05
2984,1.5557804107666016,5969.000116631677,26696.802160024643,2.3135801425017378e-05
2985,1.4910635948181152,5971.000116631677,26704.962067127228,2.310328022298084e-05
2986,1.850797414779663,5973.000116631677,26716.137944936752,2.3070775025664788e-05
2987,1.5999599695205688,5975.000116631677,26725.18780231476,2.303828585241109e-05
2988,1.650598168373108,5977.000116631677,26734.759442329407,2.3005812722552076e-05
2989,1.7944114208221436,5979.000116631677,26744.2995159626,2.2973355655410533e-05
2990,1.6289799213409424,5981.000116631677,26751.086426734924,2.29409146702997e-05
2991,1.4184162616729736,5983.000116631677,26757.08319401741,2.29084897865232e-05
2992,1.4972360134124756,5985.000116631677,26763.181581258774,2.2876081023375122e-05
2993,1.599389672279358,5987.000116631677,26772.496567726135,2.284368840013998e-05
2994,1.747126579284668,5989.000116631677,26781.340693712234,2.2811311936092603e-05
2995,1.7851781845092773,5991.000116631677,26787.692801952362,2.2778951650498277e-05
2996,1.727947473526001,5993.000116631677,26797.603048086166,2.2746607562612642e-05
2997,1.8169379234313965,5995.000116631677,26806.085765123367,2.271427969168171e-05
2998,1.5479557514190674,5997.000116631677,26813.70669412613,2.2681968056941803e-05
2999,1.757710576057434,5999.000116631677,26822.805646181107,2.2649672677619617e-05
3000,1.7506725788116455,6001.000116631677,26830.915023326874,2.2617393572932197e-05
3001,1.7098963260650635,6003.000116631677,26838.784432411194,2.2585130762086822e-05
3003,1.5821757316589355,6007.000116631677,26854.455137968063,2.2520654098703147e-05
3004,1.6406080722808838,6009.000116631677,26862.109050512314,2.2488440284530967e-05
3005,1.6240675449371338,6011.000116631677,26872.183131456375,2.2456242840933112e-05
3006,1.6714211702346802,6013.000116631677,26880.369990825653,2.2424061787068345e-05
3007,1.6710705757141113,6015.000116631677,26891.56932258606,2.2391897142085616e-05
3008,1.909048080444336,6017.000116631677,26900.15204668045,2.235974892512416e-05
3009,1.5484678745269775,6019.000116631677,26907.137537240982,2.2327617155313438e-05
3010,1.6053314208984375,6021.000116631677,26916.666107177734,2.22955018517731e-05
3011,1.4294623136520386,6023.000116631677,26925.474770069122,2.2263403033613008e-05
3012,1.4156062602996826,6025.000116631677,26934.17396259308,2.223132071993322e-05
3013,1.7462794780731201,6027.000116631677,26941.31820321083,2.219925492982399e-05
3014,1.5747661590576172,6029.000116631677,26949.80105948448,2.216720568236568e-05
3015,1.626060962677002,6031.000116631677,26959.415632486343,2.213517299662887e-05
3016,1.8835614919662476,6033.000116631677,26969.376888990402,2.210315689167427e-05
3017,1.559004783630371,6035.000116631677,26978.924298763275,2.2071157386552686e-05
3018,1.5506426095962524,6037.000116631677,26985.785105228424,2.2039174500305092e-05
3019,1.6590605974197388,6039.000116631677,26994.87594151497,2.2007208251962578e-05
3020,1.4887112379074097,6041.000116631677,27001.04251241684,2.1975258660546282e-05
3021,1.483539342880249,6043.000116631677,27012.23156428337,2.194332574506747e-05
3022,1.9146151542663574,6045.000116631677,27022.964212179184,2.1911409524527504e-05
3023,1.6453152894973755,6047.000116631677,27032.743499994278,2.1879510017917742e-05
3024,1.8315503597259521,6049.000116631677,27041.911118268967,2.184762724421966e-05
3025,1.611448049545288,6051.000116631677,27048.65428853035,2.1815761222404762e-05
3026,1.51578688621521,6053.000116631677,27057.1963865757,2.1783911971434586e-05
3027,1.8612306118011475,6055.000116631677,27066.39442205429,2.1752079510260664e-05
3028,1.5064913034439087,6057.000116631677,27075.984678030014,2.172026385782456e-05
3029,1.684354305267334,6059.000116631677,27083.617820739746,2.1688465033057855e-05
3030,1.6766016483306885,6061.000116631677,27093.866985797882,2.1656683054882055e-05
3031,1.6967371702194214,6063.000116631677,27099.20086622238,2.162491794220871e-05
3032,1.5821874141693115,6065.000116631677,27109.707791805267,2.1593169713939298e-05
3033,1.5867133140563965,6067.000116631677,27119.714517831802,2.1561438388965265e-05
3034,1.6627204418182373,6069.000116631677,27126.26619076729,2.152972398616798e-05
3035,1.4819759130477905,6071.000116631677,27134.23821902275,2.1498026524418783e-05
3036,1.66182279586792,6073.000116631677,27143.538265943527,2.1466346022578867e-05
3037,1.6583542823791504,6075.000116631677,27153.192511558533,2.1434682499499382e-05
3038,1.5438250303268433,6077.000116631677,27164.39417362213,2.140303597402139e-05
3039,1.6812472343444824,6079.000116631677,27173.870352745056,2.137140646497578e-05
3040,1.5388137102127075,6081.000116631677,27182.013983011246,2.1339793991183355e-05
3041,1.8382370471954346,6083.000116631677,27189.537039518356,2.130819857145478e-05
3042,1.5233144760131836,6085.000116631677,27196.14839243889,2.127662022459059e-05
3043,1.5887635946273804,6087.000116631677,27204.11966562271,2.1245058969381096e-05
3044,1.6692628860473633,6089.000116631677,27212.614446640015,2.12135148246065e-05
3045,1.6884571313858032,6091.000116631677,27222.102787017822,2.1181987809036824e-05
3046,1.5010075569152832,6093.000116631677,27231.043103456497,2.1150477941431836e-05
3047,1.350637674331665,6095.000116631677,27236.763774633408,2.1118985240541163e-05
3048,1.4308254718780518,6097.000116631677,27245.084886312485,2.108750972510421e-05
3049,1.472498893737793,6099.000116631677,27252.553407669067,2.105605141385011e-05
3050,1.8718624114990234,6101.000116631677,27260.668860197067,2.10246103254978e-05
3051,1.546229600906372,6103.000116631677,27271.647778749466,2.0993186478755967e-05
3052,1.682477355003357,6105.000116631677,27281.400260210037,2.0961779892323025e-05
3053,1.5485042333602905,6107.000116631677,27288.370666742325,2.093039058488713e-05
3054,1.6163041591644287,6109.000116631677,27299.551753759384,2.0899018575126156e-05
3055,1.727219820022583,6111.000116631677,27308.586656332016,2.0867663881707653e-05
3056,1.681244134902954,6113.000116631677,27316.45596599579,2.0836326523288898e-05
3057,1.7971762418746948,6115.000116631677,27326.003301143646,2.080500651851685e-05
3058,1.786855697631836,6117.000116631677,27334.515166521072,2.0773703886028164e-05
3059,1.6343220472335815,6119.000116631677,27344.267528295517,2.0742418644449086e-05
3060,1.7028677463531494,6121.000116631677,27354.534240961075,2.0711150812395584e-05
3061,1.6348602771759033,6123.000116631677,27362.92093729973,2.067990040847326e-05
3062,1.7023918628692627,6125.000116631677,27370.85361433029,2.0648667451277288e-05
3063,1.527439832687378,6127.000116631677,27378.126082897186,2.0617451959392518e-05
3064,1.669400691986084,6129.000116631677,27386.938003063202,2.0586253951393418e-05
3065,1.5968639850616455,6131.000116631677,27396.547526359558,2.055507344584398e-05
3066,1.7571663856506348,6133.000116631677,27407.743599653244,2.0523910461297842e-05
3067,1.7855638265609741,6135.000116631677,27414.929827928543,2.0492765016298217e-05
3068,1.8015456199645996,6137.000116631677,27422.190682411194,2.046163712937784e-05
3069,1.6384737491607666,6139.000116631677,27431.905230998993,2.0430526819059032e-05
3070,1.6180495023727417,6141.000116631677,27441.92650270462,2.0399434103853645e-05
3071,1.7895305156707764,6143.000116631677,27450.73468017578,2.036835900226308e-05
3072,1.5136828422546387,6145.000116631677,27457.57564496994,2.033730153277821e-05
3073,1.6670808792114258,6147.000116631677,27467.046672344208,2.030626171387946e-05
3074,1.6912628412246704,6149.000116631677,27476.23292040825,2.0275239564036728e-05
3075,1.783710241317749,6151.000116631677,27484.035089969635,2.0244235101709423e-05
3076,1.707891821861267,6153.000116631677,27492.912442922592,2.0213248345346408e-05
3077,1.5617200136184692,6155.000116631677,27502.70247030258,2.018227931338603e-05
3078,1.5215439796447754,6157.000116631677,27512.26692199707,2.015132802425605e-05
3079,1.8324555158615112,6159.000116631677,27521.358753204346,2.0120394496373702e-05
3080,1.5538902282714844,6161.000116631677,27528.805866479874,2.0089478748145674e-05
3081,1.5125985145568848,6163.000116631677,27537.089953422546,2.0058580797968008e-05
3082,1.7718040943145752,6165.000116631677,27546.47093653679,2.002770066422621e-05
3083,1.584994912147522,6167.000116631677,27556.23696398735,1.9996838365295178e-05
3084,1.5475375652313232,6169.000116631677,27564.449709415436,1.996599391953919e-05
3085,1.714806079864502,6171.000116631677,27574.231279611588,1.9935167345311875e-05
3086,1.4665911197662354,6173.000116631677,27579.752588510513,1.990435866095627e-05
3087,1.6009620428085327,6175.000116631677,27587.936321258545,1.9873567884804764e-05
3088,1.5290522575378418,6177.000116631677,27594.754142522812,1.9842795035179036e-05
3089,1.6426894664764404,6179.000116631677,27602.22541618347,1.9812040130390153e-05
3090,1.815352201461792,6181.000116631677,27610.456378936768,1.9781303188738512e-05
3091,1.5690069198608398,6183.000116631677,27619.498524427414,1.975058422851376e-05
3092,1.4419788122177124,6185.000116631677,27628.35084462166,1.9719883267994896e-05
3093,1.585747241973877,6187.000116631677,27639.56570839882,1.9689200325450215e-05
3094,1.6511740684509277,6189.000116631677,27648.533688545227,1.9658535419137226e-05
3095,1.680032730102539,6191.000116631677,27657.224579811096,1.9627888567302776e-05
3096,1.5086290836334229,6193.000116631677,27666.915986061096,1.959725978818294e-05
3097,1.5298720598220825,6195.000116631677,27673.043817043304,1.9566649100003038e-05
3098,1.3808300495147705,6197.000116631677,27682.04112291336,1.9536056520977627e-05
3099,1.530594825744629,6199.000116631677,27689.405330181122,1.9505482069310493e-05
3100,1.628408670425415,6201.000116631677,27696.710392951965,1.9474925763194653e-05
3101,1.5600059032440186,6203.000116631677,27705.64750766754,1.9444387620812257e-05
3102,1.659679651260376,6205.000116631677,27715.81488442421,1.941386766033473e-05
3103,1.5580122470855713,6207.000116631677,27725.343341588974,1.938336589992265e-05
3104,1.4314372539520264,6209.000116631677,27735.599462747574,1.9352882357725724e-05
3105,1.5619564056396484,6211.000116631677,27743.144122600555,1.932241705188288e-05
3106,1.6396234035491943,6213.000116631677,27753.31563091278,1.9291970000522174e-05
3107,1.6269190311431885,6215.000116631677,27760.865643024445,1.9261541221760765e-05
3108,1.779998540878296,6217.000116631677,27772.04667210579,1.9231130733704986e-05
3109,1.6039149761199951,6219.000116631677,27778.956734657288,1.9200738554450276e-05
3110,1.658476710319519,6221.000116631677,27786.064670801163,1.917036470208115e-05
3111,1.5838663578033447,6223.000116631677,27795.701621055603,1.9140009194671252e-05
3112,1.4776175022125244,6225.000116631677,27805.508655548096,1.91096720502833e-05
3113,1.5938348770141602,6227.000116631677,27815.341832637787,1.9079353286969095e-05
3114,1.4914071559906006,6229.000116631677,27826.531277894974,1.9049052922769455e-05
3115,1.7766218185424805,6231.000116631677,27837.74420952797,1.9018770975714304e-05
3116,1.5539946556091309,6233.000116631677,27848.933584928513,1.89885074638226e-05
3117,1.845581293106079,6235.000116631677,27857.535677433014,1.895826240510228e-05
3118,1.3800854682922363,6237.000116631677,27868.694546222687,1.8928035817550368e-05
3119,1.5029635429382324,6239.000116631677,27874.983478307724,1.889782771915285e-05
3120,1.620889663696289,6241.000116631677,27884.51627969742,1.8867638127884742e-05
3121,1.5634679794311523,6243.000116631677,27892.598130464554,1.8837467061710027e-05
3122,1.5941029787063599,6245.000116631677,27901.866050481796,1.8807314538581692e-05
3123,1.5315887928009033,6247.000116631677,27909.295123815536,1.8777180576441624e-05
3124,1.5025839805603027,6249.000116631677,27919.048383951187,1.874706519322074e-05
3125,1.5961555242538452,6251.000116631677,27930.240705013275,1.8716968406838862e-05
3126,1.5483497381210327,6253.000116631677,27939.08899950981,1.868689023520478e-05
3127,1.5565991401672363,6255.000116631677,27948.214411497116,1.8656830696216152e-05
3128,1.6398324966430664,6257.000116631677,27955.712413549423,1.862678980775959e-05
3129,1.564792275428772,6259.000116631677,27963.55146408081,1.859676758771062e-05
3130,1.8721272945404053,6261.000116631677,27973.79439020157,1.85667640539336e-05
3131,1.6708682775497437,6263.000116631677,27981.900294065475,1.853677922428184e-05
3132,1.6759898662567139,6265.000116631677,27991.39284515381,1.8506813116597483e-05
3133,1.7625266313552856,6267.000116631677,27998.480709552765,1.847686574871152e-05
3134,1.5459089279174805,6269.000116631677,28009.663744449615,1.8446937138443814e-05
3135,1.8196368217468262,6271.000116631677,28020.74747467041,1.8417027303603084e-05
3136,1.7670485973358154,6273.000116631677,28030.128260850906,1.8387136261986817e-05
3137,1.5546265840530396,6275.000116631677,28038.24413061142,1.8357264031381367e-05
3138,1.5305430889129639,6277.000116631677,28049.076214313507,1.832741062956188e-05
3139,1.8425884246826172,6279.000116631677,28058.48446726799,1.8297576074292304e-05
3140,1.7796019315719604,6281.000116631677,28066.89574289322,1.826776038332538e-05
3141,1.5594751834869385,6283.000116631677,28073.54342365265,1.8237963574402582e-05
3142,1.624802589416504,6285.000116631677,28084.45445251465,1.8208185665254193e-05
3143,1.3618398904800415,6287.000116631677,28090.90488743782,1.817842667359924e-05
3144,1.4476592540740967,6289.000116631677,28102.051720142365,1.814868661714548e-05
3145,1.6443545818328857,6291.000116631677,28109.857397317886,1.8118965513589427e-05
3146,1.748481035232544,6293.000116631677,28117.8978536129,1.808926338061628e-05
3147,1.6463847160339355,6295.000116631677,28128.916684627533,1.8059580235899974e-05
3148,1.7181637287139893,6297.000116631677,28136.935338497162,1.802991609710317e-05
3149,1.6625351905822754,6299.000116631677,28146.083122253418,1.8000270981877156e-05
3150,1.6010725498199463,6301.000116631677,28154.028522491455,1.7970644907861948e-05
3151,1.891453504562378,6303.000116631677,28163.444172382355,1.7941037892686242e-05
3152,1.5243511199951172,6305.000116631677,28171.380512475967,1.791144995396733e-05
3153,1.626937747001648,6307.000116631677,28181.09508252144,1.7881881109311222e-05
3154,1.6031676530838013,6309.000116631677,28192.285568237305,1.785233137631253e-05
3155,1.7459672689437866,6311.000116631677,28199.43094921112,1.782280077255453e-05
3156,1.3967024087905884,6313.000116631677,28204.822681427002,1.7793289315609038e-05
3157,1.4531440734863281,6315.000116631677,28211.48437690735,1.7763797023036555e-05
3158,1.715954065322876,6317.000116631677,28221.126216173172,1.7734323912386168e-05
3159,1.3423372507095337,6319.000116631677,28226.95566177368,1.770487000119549e-05
3160,1.469936728477478,6321.000116631677,28237.671451091766,1.767543530699077e-05
3161,1.6323304176330566,6323.000116631677,28244.764188051224,1.764601984728681e-05
3162,1.4787150621414185,6325.000116631677,28252.797398090363,1.761662363958695e-05
3163,1.661033034324646,6327.000116631677,28260.598755836487,1.7587246701383097e-05
3164,1.5742262601852417,6329.000116631677,28268.997309923172,1.7557889050155684e-05
3165,1.5400934219360352,6331.000116631677,28275.665236711502,1.7528550703373642e-05
3166,1.5130798816680908,6333.000116631677,28286.834834337234,1.7499231678494443e-05
3167,1.3392281532287598,6335.000116631677,28295.659669160843,1.7469931992964058e-05
3168,1.5426355600357056,6337.000116631677,28305.193156957626,1.7440651664216962e-05
3169,1.5248281955718994,6339.000116631677,28314.306893587112,1.7411390709676075e-05
3170,1.4947311878204346,6341.000116631677,28321.82985830307,1.738214914675281e-05
3171,1.6476720571517944,6343.000116631677,28330.780925512314,1.7352926992847073e-05
3172,1.5501978397369385,6345.000116631677,28340.515956401825,1.7323724265347146e-05
3173,1.4220051765441895,6347.000116631677,28349.089704036713,1.729454098162982e-05
3174,1.7324044704437256,6349.000116631677,28357.74889278412,1.7265377159060302e-05
3175,1.5985500812530518,6351.000116631677,28366.205652952194,1.723623281499218e-05
3176,1.7297879457473755,6353.000116631677,28373.007794857025,1.7207107966767494e-05
3177,1.6521742343902588,6355.000116631677,28384.188557624817,1.7178002631716683e-05
3178,1.5237154960632324,6357.000116631677,28393.16137599945,1.7148916827158537e-05
3179,1.63654625415802,6359.000116631677,28403.33799982071,1.711985057040026e-05
3180,1.4867900609970093,6361.000116631677,28413.50081539154,1.7090803878737425e-05
3181,1.4913671016693115,6363.000116631677,28423.15487408638,1.706177676945392e-05
3182,1.5020376443862915,6365.000116631677,28430.772629261017,1.7032769259822036e-05
3183,1.779280185699463,6367.000116631677,28439.967000246048,1.7003781367102364e-05
3184,1.826307773590088,6369.000116631677,28449.594685554504,1.6974813108543848e-05
3185,1.5729819536209106,6371.000116631677,28456.985766649246,1.6945864501383726e-05
3186,1.4339537620544434,6373.000116631677,28466.083303451538,1.6916935562847566e-05
3187,1.5472910404205322,6375.000116631677,28477.3532640934,1.688802631014922e-05
3188,1.703918218612671,6377.000116631677,28488.09159231186,1.6859136760490796e-05
3189,1.4954402446746826,6379.000116631677,28499.097167253494,1.6830266931062736e-05
3190,1.7588691711425781,6381.000116631677,28507.090961694717,1.680141683904372e-05
3191,1.4991800785064697,6383.000116631677,28515.919732809067,1.677258650160066e-05
3192,1.4365754127502441,6385.000116631677,28525.33248281479,1.6743775935888745e-05
3193,1.520648717880249,6387.000116631677,28533.74871134758,1.671498515905142e-05
3194,1.7289049625396729,6389.000116631677,28541.062577962875,1.668621418822027e-05
3195,1.6025586128234863,6391.000116631677,28550.23947620392,1.665746304051518e-05
3196,1.6259615421295166,6393.000116631677,28558.29158639908,1.6628731733044204e-05
3197,1.7531790733337402,6395.000116631677,28567.8601269722,1.660002028290362e-05
3198,1.6227011680603027,6397.000116631677,28577.651576519012,1.6571328707177814e-05
3199,1.5077441930770874,6399.000116631677,28583.80096244812,1.6542657022939433e-05
3200,1.560964822769165,6401.000116631677,28592.506956338882,1.651400524724926e-05
3201,1.6707154512405396,6403.000116631677,28600.27945613861,1.648537339715619e-05
3202,1.685789942741394,6405.000116631677,28608.427089691162,1.6456761489697307e-05
3203,1.636220932006836,6407.000116631677,28617.53543829918,1.6428169541897847e-05
3204,1.8685617446899414,6409.000116631677,28627.9539103508,1.6399597570771095e-05
3205,1.4237794876098633,6411.000116631677,28634.46826195717,1.6371045593318505e-05
3206,1.5985947847366333,6413.000116631677,28645.67565512657,1.634251362652963e-05
3207,1.4515718221664429,6415.000116631677,28651.50129890442,1.6314001687382103e-05
3208,1.6292955875396729,6417.000116631677,28661.648391246796,1.6285509792841646e-05
3209,1.5256295204162598,6419.000116631677,28672.759245872498,1.6257037959862074e-05
3210,1.795863389968872,6421.000116631677,28681.533517360687,1.62285862053852e-05
3211,1.5373672246932983,6423.000116631677,28690.38500404358,1.6200154546340952e-05
3212,1.632104754447937,6425.000116631677,28700.181467294693,1.6171742999647283e-05
3213,1.4460498094558716,6427.000116631677,28707.621782541275,1.6143351582210188e-05
3214,1.698744297027588,6429.000116631677,28712.929811239243,1.611498031092364e-05
3215,1.7397994995117188,6431.000116631677,28721.82098555565,1.6086629202669677e-05
3216,1.4506380558013916,6433.000116631677,28731.384873867035,1.605829827431833e-05
3217,1.4538731575012207,6435.000116631677,28741.025268554688,1.6029987542727584e-05
3218,1.5603742599487305,6437.000116631677,28752.194811344147,1.6001697024743443e-05
3219,1.451656460762024,6439.000116631677,28761.40687251091,1.5973426737199892e-05
3220,1.421067714691162,6441.000116631677,28769.35924386978,1.5945176696918826e-05
3221,1.7653001546859741,6443.000116631677,28778.632073879242,1.591694692071014e-05
3222,1.5745952129364014,6445.000116631677,28787.945112466812,1.5888737425371676e-05
3223,1.7205986976623535,6447.000116631677,28798.275608062744,1.5860548227689154e-05
3224,1.5115172863006592,6449.000116631677,28806.762906312943,1.5832379344436265e-05
3225,1.626071572303772,6451.000116631677,28816.487065792084,1.58042307923746e-05
3226,1.4146344661712646,6453.000116631677,28824.162732362747,1.5776102588253653e-05
3227,1.563676118850708,6455.000116631677,28833.9534471035,1.5747994748810816e-05
3228,1.498970627784729,6457.000116631677,28840.78789997101,1.5719907290771324e-05
3229,1.534926414489746,6459.000116631677,28846.034121751785,1.5691840230848334e-05
3230,1.6263577938079834,6461.000116631677,28853.74639773369,1.566379358574284e-05
3231,1.5186399221420288,6463.000116631677,28863.57815527916,1.56357673721437e-05
3232,1.5827354192733765,6465.000116631677,28873.759734392166,1.5607761606727616e-05
3233,1.6109435558319092,6467.000116631677,28883.171366214752,1.5579776306159094e-05
3234,1.798980474472046,6469.000116631677,28894.344564199448,1.5551811487090493e-05
3235,1.7396466732025146,6471.000116631677,28901.60578727722,1.5523867166161988e-05
3236,1.5675232410430908,6473.000116631677,28911.64535522461,1.5495943360001525e-05
3237,1.5577011108398438,6475.000116631677,28920.65088748932,1.5468040085224865e-05
3238,1.6273577213287354,6477.000116631677,28928.265358924866,1.544015735843556e-05
3239,1.4010294675827026,6479.000116631677,28934.276089906693,1.541229519622493e-05
3240,1.824339509010315,6481.000116631677,28943.113882780075,1.5384453615172023e-05
3241,1.5188829898834229,6483.000116631677,28952.242557764053,1.5356632631843687e-05
3242,1.6661182641983032,6485.000116631677,28961.785094976425,1.532883226279452e-05
3243,1.5646158456802368,6487.000116631677,28969.955877542496,1.5301052524566793e-05
3244,1.8491535186767578,6489.000116631677,28979.375625371933,1.527329343369054e-05
3245,1.6912788152694702,6491.000116631677,28988.7613697052,1.5245555006683544e-05
3246,1.7348757982254028,6493.000116631677,28998.07890343666,1.5217837260051219e-05
3247,1.600482702255249,6495.000116631677,29005.772695064545,1.5190140210286713e-05
3248,1.7972462177276611,6497.000116631677,29015.051793813705,1.5162463873870869e-05
3249,1.7190732955932617,6499.000116631677,29020.93671965599,1.5134808267272185e-05
3250,1.6070579290390015,6501.000116631677,29030.615555286407,1.5107173406946831e-05
3251,1.7721021175384521,6503.000116631677,29040.356880664825,1.5079559309338645e-05
3252,1.6615958213806152,6505.000116631677,29050.431349277496,1.5051965990879066e-05
3253,1.4255372285842896,6507.000116631677,29059.161472082138,1.5024393467987215e-05
3254,1.8572299480438232,6509.000116631677,29068.769404172897,1.4996841757069823e-05
3255,1.666111707687378,6511.000116631677,29079.987857341766,1.4969310874521252e-05
3256,1.6095634698867798,6513.000116631677,29088.016547441483,1.4941800836723421e-05
3257,1.6640174388885498,6515.000116631677,29095.27504634857,1.4914311660045905e-05
3258,1.56038498878479,6517.000116631677,29103.827453374863,1.4886843360845841e-05
3259,1.5538828372955322,6519.000116631677,29114.06909608841,1.485939595546793e-05
3260,1.7025887966156006,6521.000116631677,29122.87608909607,1.483196946024445e-05
3261,1.7430353164672852,6523.000116631677,29132.484921455383,1.4804563891495264e-05
3262,1.4951307773590088,6525.000116631677,29140.715583086014,1.4777179265527731e-05
3263,1.6914098262786865,6527.000116631677,29147.197634458542,1.4749815598636787e-05
3264,1.5683038234710693,6529.000116631677,29158.375932455063,1.4722472907104905e-05
3265,1.6951977014541626,6531.000116631677,29166.319595575333,1.4695151207202013e-05
3266,1.4804922342300415,6533.000116631677,29173.379971265793,1.4667850515185626e-05
3267,1.7177670001983643,6535.000116631677,29183.55299639702,1.4640570847300708e-05
3268,1.4380123615264893,6537.000116631677,29193.321726560593,1.4613312219779758e-05
3269,1.7078757286071777,6539.000116631677,29204.447105169296,1.458607464884269e-05
3270,1.6765921115875244,6541.000116631677,29214.278121709824,1.4558858150696943e-05
3271,1.6898895502090454,6543.000116631677,29223.731575012207,1.4531662741537395e-05
3272,1.3764078617095947,6545.000116631677,29230.896772146225,1.4504488437546382e-05
3273,1.8415113687515259,6547.000116631677,29239.05694079399,1.4477335254893685e-05
3274,1.6277389526367188,6549.000116631677,29246.43414735794,1.445020320973651e-05
3275,1.8415324687957764,6551.000116631677,29254.24845457077,1.4423092318219472e-05
3276,1.620842695236206,6553.000116631677,29265.448338508606,1.4396002596474628e-05
3277,1.5655391216278076,6555.000116631677,29274.078811645508,1.4368934060621422e-05
3278,1.7562580108642578,6557.000116631677,29283.38055253029,1.4341886726766682e-05
3279,1.1371222734451294,6559.000116631677,29292.009667396545,1.4314860611004628e-05
3280,1.6022480726242065,6561.000116631677,29300.94532394409,1.4287855729416887e-05
3281,1.4408395290374756,6563.000116631677,29309.806670188904,1.4260872098072388e-05
3282,1.3595995903015137,6565.000116631677,29317.594628572464,1.4233909733027453e-05
3283,1.5135598182678223,6567.000116631677,29328.762340307236,1.420696865032576e-05
3284,1.654358983039856,6569.000116631677,29339.923896551132,1.418004886599831e-05
3285,1.70075261592865,6571.000116631677,29350.832199573517,1.4153150396063406e-05
3286,1.5993068218231201,6573.000116631677,29360.455137252808,1.4126273256526701e-05
3287,1.7475602626800537,6575.000116631677,29371.628962755203,1.409941746338117e-05
3288,1.8070080280303955,6577.000116631677,29381.55608010292,1.407258303260702e-05
3289,1.4762098789215088,6579.000116631677,29391.102796316147,1.4045769980171814e-05
3290,1.6099910736083984,6581.000116631677,29400.547332286835,1.4018978322030372e-05
3291,1.6586158275604248,6583.000116631677,29409.386702537537,1.399220807412476e-05
3292,1.6412700414657593,6585.000116631677,29417.161723136902,1.3965459252384332e-05
3293,1.802799105644226,6587.000116631677,29426.18042063713,1.3938731872725683e-05
3294,1.7303895950317383,6589.000116631677,29435.73951792717,1.391202595105266e-05
3295,1.6040306091308594,6591.000116631677,29444.528670549393,1.3885341503256322e-05
3296,1.8283017873764038,6593.000116631677,29452.326175928116,1.3858678545214965e-05
3297,1.7708661556243896,6595.000116631677,29461.601281881332,1.3832037092794106e-05
3298,1.709733247756958,6597.000116631677,29467.55310845375,1.3805417161846424e-05
3299,1.6841412782669067,6599.000116631677,29478.720321893692,1.3778818768211839e-05
3300,1.817274808883667,6601.000116631677,29488.923392295837,1.3752241927717444e-05
3301,1.5631036758422852,6603.000116631677,29496.21696662903,1.3725686656177472e-05
3302,1.592231273651123,6605.000116631677,29507.40570640564,1.3699152969393373e-05
3303,1.4575135707855225,6607.000116631677,29515.379831314087,1.3672640883153728e-05
3304,1.7597918510437012,6609.000116631677,29524.959984779358,1.3646150413234256e-05
3305,1.5002894401550293,6611.000116631677,29532.90036034584,1.3619681575397825e-05
3306,1.696532964706421,6613.000116631677,29541.48120713234,1.3593234385394445e-05
3307,1.6347767114639282,6615.000116631677,29549.466021299362,1.3566808858961211e-05
3308,1.3678830862045288,6617.000116631677,29557.91496157646,1.354040501182235e-05
3309,1.4413611888885498,6619.000116631677,29567.77110671997,1.3514022859689203e-05
3310,1.5001198053359985,6621.000116631677,29573.02805519104,1.3487662418260155e-05
3311,1.5862529277801514,6623.000116631677,29579.755457878113,1.3461323703220714e-05
3312,1.8697024583816528,6625.000116631677,29589.555339813232,1.3435006730243447e-05
3313,1.6006269454956055,6627.000116631677,29600.060853481293,1.3408711514987988e-05
3314,1.7161160707473755,6629.000116631677,29608.23745083809,1.3382438073101027e-05
3315,1.706321120262146,6631.000116631677,29615.57043504715,1.3356186420216265e-05
3316,1.5826356410980225,6633.000116631677,29621.894156217575,1.3329956571954484e-05
3317,1.6083424091339111,6635.000116631677,29631.062161922455,1.3303748543923461e-05
3318,1.692996621131897,6637.000116631677,29640.56053519249,1.3277562351718001e-05
3319,1.6794853210449219,6639.000116631677,29650.736634254456,1.3251398010919933e-05
3320,1.6642684936523438,6641.000116631677,29660.187436819077,1.3225255537098032e-05
3321,1.6169174909591675,6643.000116631677,29671.3682346344,1.3199134945808109e-05
3322,1.7481184005737305,6645.000116631677,29682.1522397995,1.3173036252592952e-05
3323,1.5742993354797363,6647.000116631677,29693.333471536636,1.3146959472982274e-05
3324,1.6893622875213623,6649.000116631677,29704.505385637283,1.3120904622492801e-05
3325,1.431576132774353,6651.000116631677,29714.54945063591,1.309487171662819e-05
3326,1.6442580223083496,6653.000116631677,29725.060145139694,1.3068860770879044e-05
3327,1.9207041263580322,6655.000116631677,29736.231981754303,1.304287180072287e-05
3328,1.42477548122406,6657.000116631677,29742.64866375923,1.3016904821624142e-05
3329,1.6755845546722412,6659.000116631677,29751.807487249374,1.2990959849034243e-05
3330,1.7386177778244019,6661.000116631677,29763.028805971146,1.2965036898391413e-05
3331,1.4774882793426514,6663.000116631677,29773.395641088486,1.293913598512084e-05
3332,1.7347688674926758,6665.000116631677,29783.711242437363,1.2913257124634594e-05
3333,1.725172996520996,6667.000116631677,29792.159257888794,1.2887400332331586e-05
3334,1.6153903007507324,6669.000116631677,29800.28186607361,1.2861565623597633e-05
3335,1.595063328742981,6671.000116631677,29809.003613233566,1.2835753013805392e-05
3336,1.4800291061401367,6673.000116631677,29818.573627233505,1.2809962518314389e-05
3337,1.607852578163147,6675.000116631677,29829.33345222473,1.2784194152470968e-05
3338,1.5374658107757568,6677.000116631677,29837.96236348152,1.2758447931608331e-05
3339,1.573440432548523,6679.000116631677,29847.43990468979,1.2732723871046467e-05
3340,1.6948339939117432,6681.000116631677,29855.621400356293,1.2707021986092208e-05
3341,1.9026103019714355,6683.000116631677,29865.496210575104,1.268134229203918e-05
3342,1.6590300798416138,6685.000116631677,29874.798357963562,1.2655684804167826e-05
3343,1.603116750717163,6687.000116631677,29883.66386795044,1.2630049537745324e-05
3344,1.5627429485321045,6689.000116631677,29893.1488366127,1.2604436508025672e-05
3345,1.6089210510253906,6691.000116631677,29902.532907485962,1.2578845730249645e-05
3346,1.5639797449111938,6693.000116631677,29912.91843175888,1.2553277219644735e-05
3347,1.8198230266571045,6695.000116631677,29919.96332359314,1.2527730991425204e-05
3348,1.7310447692871094,6697.000116631677,29926.260768651962,1.250220706079209e-05
3349,1.590247631072998,6699.000116631677,29934.94721364975,1.2476705442933095e-05
3350,1.4634910821914673,6701.000116631677,29942.201964378357,1.2451226153022694e-05
3351,1.4352998733520508,6703.000116631677,29951.65792608261,1.242576920622208e-05
3352,1.5524674654006958,6705.000116631677,29960.109815359116,1.2400334617679102e-05
3353,1.5767847299575806,6707.000116631677,29970.385704517365,1.2374922402528347e-05
3354,1.8514747619628906,6709.000116631677,29981.573504686356,1.2349532575891082e-05
3355,1.5134751796722412,6711.000116631677,29989.760760307312,1.2324165152875265e-05
3356,1.763056755065918,6713.000116631677,29998.513317108154,1.2298820148575474e-05
3357,1.7015008926391602,6715.000116631677,30009.06448841095,1.227349757807299e-05
3358,1.3850524425506592,6717.000116631677,30018.164289951324,1.2248197456435744e-05
3359,1.7552196979522705,6719.000116631677,30027.495719194412,1.222291979871829e-05
3360,1.4514681100845337,6721.000116631677,30033.396263599396,1.2197664619961829e-05
3361,1.6987272500991821,6723.000116631677,30038.831386089325,1.217243193519419e-05
3362,1.813059687614441,6725.000116631677,30046.076885700226,1.2147221759429783e-05
3363,1.6289911270141602,6727.000116631677,30055.900079011917,1.2122034107669668e-05
3364,1.654304027557373,6729.000116631677,30065.03291463852,1.2096868994901493e-05
3365,1.4405417442321777,6731.000116631677,30075.51602101326,1.2071726436099463e-05
3366,1.6470415592193604,6733.000116631677,30084.632757663727,1.2046606446224389e-05
3367,1.6144053936004639,6735.000116631677,30092.987887382507,1.2021509040223661e-05
3368,1.5899314880371094,6737.000116631677,30100.547597646713,1.1996434233031224e-05
3369,1.5078823566436768,6739.000116631677,30106.519124031067,1.1971382039567543e-05
3370,1.3715379238128662,6741.000116631677,30115.279295682907,1.1946352474739666e-05
3371,1.7638717889785767,6743.000116631677,30126.487002134323,1.192134555344119e-05
3372,1.5670274496078491,6745.000116631677,30137.718708992004,1.1896361290552172e-05
3373,1.5446593761444092,6747.000116631677,30147.856308937073,1.1871399700939246e-05
3374,1.5319079160690308,6749.000116631677,30153.807208538055,1.1846460799455547e-05
3375,1.8260635137557983,6751.000116631677,30162.15638589859,1.1821544600940666e-05
3376,1.5281084775924683,6753.000116631677,30171.344554424286,1.1796651120220744e-05
3377,1.6230058670043945,6755.000116631677,30182.52529668808,1.1771780372108375e-05
3378,1.339066743850708,6757.000116631677,30192.590626716614,1.1746932371402612e-05
3379,1.591428518295288,6759.000116631677,30203.787693738937,1.1722107132888998e-05
3380,1.91413414478302,6761.000116631677,30214.86783671379,1.1697304671339518e-05
3381,1.7238132953643799,6763.000116631677,30224.937828302383,1.1672525001512618e-05
3382,1.7027747631072998,6765.000116631677,30235.97878718376,1.164776813815316e-05
3383,1.5386638641357422,6767.000116631677,30243.843125343323,1.1623034095992458e-05
3384,1.62851881980896,6769.000116631677,30255.013491630554,1.1598322889748238e-05
3385,1.797958493232727,6771.000116631677,30263.04193329811,1.157363453412462e-05
3386,1.7792404890060425,6773.000116631677,30271.462156295776,1.1548969043812148e-05
3387,1.6328672170639038,6775.000116631677,30282.634724140167,1.1524326433487768e-05
3388,1.759700059890747,6777.000116631677,30291.78975701332,1.1499706717814775e-05
3389,1.7946630716323853,6779.000116631677,30302.976631641388,1.1475109911442877e-05
3390,1.7186646461486816,6781.000116631677,30312.40385246277,1.1450536029008148e-05
3391,1.4485838413238525,6783.000116631677,30320.18626689911,1.1425985085132982e-05
3392,1.6143478155136108,6785.000116631677,30331.38839006424,1.1401457094426172e-05
3393,1.6094014644622803,6787.000116631677,30339.96302294731,1.1376952071482837e-05
3394,1.760962963104248,6789.000116631677,30349.774247407913,1.1352470030884408e-05
3395,1.7240036725997925,6791.000116631677,30358.898242235184,1.1328010987198665e-05
3396,1.635603904724121,6793.000116631677,30369.399859428406,1.1303574954979695e-05
3397,1.5797933340072632,6795.000116631677,30378.52057313919,1.1279161948767915e-05
3398,1.585064172744751,6797.000116631677,30386.54613852501,1.125477198308999e-05
3399,1.57769775390625,6799.000116631677,30393.382291316986,1.1230405072458916e-05
3400,1.496682047843933,6801.000116631677,30402.71628165245,1.120606123137396e-05
3401,1.7020808458328247,6803.000116631677,30413.90736889839,1.118174047432067e-05
3402,1.6985875368118286,6805.000116631677,30423.50392985344,1.1157442815770829e-05
3403,1.739008903503418,6807.000116631677,30431.794228076935,1.1133168270182505e-05
3404,1.6174421310424805,6809.000116631677,30438.835203409195,1.1108916852000004e-05
3405,1.707949161529541,6811.000116631677,30447.77784371376,1.108468857565387e-05
3406,1.6244630813598633,6813.000116631677,30457.523322582245,1.1060483455560891e-05
3407,1.6119191646575928,6815.000116631677,30465.337067365646,1.1036301506124025e-05
3408,1.55402672290802,6817.000116631677,30472.151730060577,1.1012142741732507e-05
3409,1.6831462383270264,6819.000116631677,30481.26845216751,1.0988007176761739e-05
3410,1.5003130435943604,6821.000116631677,30490.86399912834,1.0963894825573337e-05
3411,1.580646276473999,6823.000116631677,30502.05234479904,1.0939805702515074e-05
3412,1.6448078155517578,6825.000116631677,30511.346118450165,1.0915739821920937e-05
3413,1.3905630111694336,6827.000116631677,30519.293761968613,1.0891697198111074e-05
3414,1.4979443550109863,6829.000116631677,30528.433670520782,1.0867677845391761e-05
3415,1.7652748823165894,6831.000116631677,30538.057764053345,1.0843681778055475e-05
3416,1.8018310070037842,6833.000116631677,30546.760274410248,1.0819709010380823e-05
3417,1.4972801208496094,6835.000116631677,30554.73108935356,1.0795759556632511e-05
3418,1.6290724277496338,6837.000116631677,30564.20925974846,1.0771833431061419e-05
3419,1.6461920738220215,6839.000116631677,30573.297160863876,1.0747930647904539e-05
3420,1.5317387580871582,6841.000116631677,30583.575184345245,1.0724051221384943e-05
3421,1.5672249794006348,6843.000116631677,30593.195115089417,1.0700195165711836e-05
3422,1.620495319366455,6845.000116631677,30603.381536006927,1.06763624950805e-05
3423,1.734017014503479,6847.000116631677,30613.455358743668,1.0652553223672306e-05
3424,1.720260500907898,6849.000116631677,30622.916344165802,1.0628767365654715e-05
3425,1.7531598806381226,6851.000116631677,30632.916708946228,1.0605004935181242e-05
3426,1.7524949312210083,6853.000116631677,30643.089673042297,1.058126594639145e-05
3427,1.5791878700256348,6855.000116631677,30652.156153678894,1.0557550413410971e-05
3428,1.6241847276687622,6857.000116631677,30661.299614667892,1.0533858350351481e-05
3429,1.5939756631851196,6859.000116631677,30670.88735461235,1.05101897713107e-05
3430,1.7677441835403442,6861.000116631677,30682.07488822937,1.0486544690372326e-05
3432,1.6694493293762207,6865.000116631677,30699.079008340836,1.043932507906787e-05
3433,1.732908010482788,6867.000116631677,30707.11891102791,1.0415750576799294e-05
3434,1.572767734527588,6869.000116631677,30718.098653554916,1.0392199628828157e-05
3435,1.6457666158676147,6871.000116631677,30729.303772449493,1.0368672249168216e-05
3436,1.6674281358718872,6873.000116631677,30735.861641168594,1.0345168451819147e-05
3437,1.8595938682556152,6875.000116631677,30745.11289048195,1.0321688250766656e-05
3438,1.6127636432647705,6877.000116631677,30751.049455165863,1.029823165998237e-05
3439,1.6964197158813477,6879.000116631677,30757.657944202423,1.02747986934239e-05
3440,1.573410987854004,6881.000116631677,30765.8957426548,1.0251389365034745e-05
3441,1.4221876859664917,6883.000116631677,30775.67703962326,1.0228003688744396e-05
3442,1.5351383686065674,6885.000116631677,30786.857231378555,1.020464167846825e-05
3443,1.6380313634872437,6887.000116631677,30796.57857656479,1.0181303348107597e-05
3444,1.5696938037872314,6889.000116631677,30807.772104263306,1.0157988711549664e-05
3445,1.517477035522461,6891.000116631677,30815.387239933014,1.0134697782667578e-05
3446,1.7211260795593262,6893.000116631677,30825.522255659103,1.0111430575320355e-05
3447,1.760959267616272,6895.000116631677,30834.202129364014,1.0088187103352887e-05
3448,1.7721059322357178,6897.000116631677,30845.379961013794,1.0064967380595973e-05
3449,1.3965126276016235,6899.000116631677,30856.552072048187,1.0041771420866226e-05
3450,1.4964101314544678,6901.000116631677,30863.027844429016,1.0018599237966166e-05
3451,1.6339538097381592,6903.000116631677,30870.072548151016,9.995450845684155e-06
3452,1.6650227308273315,6905.000116631677,30879.08242917061,9.972326257794373e-06
3453,1.5632681846618652,6907.000116631677,30887.741190433502,9.949225488056865e-06
3454,1.4855459928512573,6909.000116631677,30898.201693296432,9.926148550217501e-06
3455,1.5411581993103027,6911.000116631677,30904.904242753983,9.903095458007967e-06
3456,1.5008354187011719,6913.000116631677,30915.04847764969,9.880066225145732e-06
3457,1.4923601150512695,6915.000116631677,30921.512757778168,9.857060865334104e-06
3458,1.7766257524490356,6917.000116631677,30931.98441839218,9.834079392262193e-06
3459,1.638913869857788,6919.000116631677,30941.519683599472,9.811121819604835e-06
3460,1.5678974390029907,6921.000116631677,30949.487188577652,9.788188161022714e-06
3461,1.4528889656066895,6923.000116631677,30959.38794708252,9.765278430162254e-06
3462,1.6789747476577759,6925.000116631677,30967.233332395554,9.74239264065563e-06
3463,1.5209226608276367,6927.000116631677,30978.440393686295,9.71953080612078e-06
3464,1.5657039880752563,6929.000116631677,30985.66309595108,9.696692940161414e-06
3465,1.65217924118042,6931.000116631677,30991.83958673477,9.67387905636693e-06
3466,1.679131269454956,6933.000116631677,31001.88831925392,9.651089168312492e-06
3467,1.4762152433395386,6935.000116631677,31012.18433880806,9.628323289558976e-06
3468,1.6234745979309082,6937.000116631677,31020.45941233635,9.605581433652974e-06
3469,1.7522621154785156,6939.000116631677,31027.85722374916,9.582863614126776e-06
3470,1.706385850906372,6941.000116631677,31037.59930038452,9.560169844498385e-06
3471,1.5122922658920288,6943.000116631677,31045.76578593254,9.537500138271477e-06
3472,1.6525119543075562,6945.000116631677,31053.363637924194,9.514854508935411e-06
3473,1.8128628730773926,6947.000116631677,31062.53589296341,9.49223296996522e-06
3474,1.6059273481369019,6949.000116631677,31073.746215820312,9.469635534821621e-06
3475,1.4707807302474976,6951.000116631677,31084.92102909088,9.447062216950953e-06
3476,1.584206461906433,6953.000116631677,31096.109807252884,9.424513029785236e-06
3477,1.6745941638946533,6955.000116631677,31103.245445728302,9.401987986742126e-06
3478,1.5708506107330322,6957.000116631677,31112.804767131805,9.379487101224884e-06
3479,1.3440043926239014,6959.000116631677,31121.972640752792,9.357010386622428e-06
3480,1.6750370264053345,6961.000116631677,31130.73804283142,9.334557856309299e-06
3481,1.3372774124145508,6963.000116631677,31139.268223285675,9.31212952364561e-06
3482,1.5496222972869873,6965.000116631677,31147.34424686432,9.2897254019771e-06
3483,1.4853243827819824,6967.000116631677,31157.02943253517,9.267345504635111e-06
3484,1.4249439239501953,6969.000116631677,31163.804332971573,9.244989844936558e-06
3485,1.6798124313354492,6971.000116631677,31174.995172977448,9.222658436183918e-06
3486,1.3710095882415771,6973.000116631677,31182.279596567154,9.200351291665267e-06
3487,1.691314458847046,6975.000116631677,31191.56298661232,9.17806842465423e-06
3488,1.5833532810211182,6977.000116631677,31200.02211689949,9.155809848409973e-06
3489,1.5141626596450806,6979.000116631677,31209.578176021576,9.133575576177232e-06
3490,1.8528028726577759,6981.000116631677,31217.054958581924,9.111365621186257e-06
3491,1.7099499702453613,6983.000116631677,31227.8765707016,9.089179996652857e-06
3492,1.6026641130447388,6985.000116631677,31234.657301664352,9.06701871577834e-06
3493,1.4272280931472778,6987.000116631677,31242.159947872162,9.044881791749545e-06
3494,1.656212329864502,6989.000116631677,31251.88178062439,9.02276923773879e-06
3495,1.6429073810577393,6991.000116631677,31259.092728853226,9.000681066903919e-06
3496,1.7255915403366089,6993.000116631677,31268.638510227203,8.97861729238826e-06
3497,1.6767669916152954,6995.000116631677,31278.133270263672,8.956577927320636e-06
3498,1.560659646987915,6997.000116631677,31289.337283849716,8.934562984815311e-06
3499,1.55636727809906,6999.000116631677,31298.883607387543,8.912572477972042e-06
3500,1.461200475692749,7001.000116631677,31306.799355506897,8.890606419876054e-06
3501,1.7399226427078247,7003.000116631677,31316.083642959595,8.868664823597994e-06
3502,1.6523109674453735,7005.000116631677,31325.05065178871,8.846747702193982e-06
3503,1.622396469116211,7007.000116631677,31332.648980379105,8.824855068705576e-06
3504,1.6054977178573608,7009.000116631677,31342.44774222374,8.802986936159716e-06
3505,1.6496264934539795,7011.000116631677,31351.294681310654,8.781143317568822e-06
3506,1.5949013233184814,7013.000116631677,31360.11630821228,8.759324225930709e-06
3507,1.720099925994873,7015.000116631677,31371.025964975357,8.73752967422857e-06
3508,1.6726096868515015,7017.000116631677,31379.78032898903,8.715759675431021e-06
3509,1.5327497720718384,7019.000116631677,31388.252257585526,8.69401424249207e-06
3510,1.5033173561096191,7021.000116631677,31395.70706295967,8.672293388351102e-06
3511,1.5543168783187866,7023.000116631677,31403.24480700493,8.650597125932872e-06
3512,1.5699304342269897,7025.000116631677,31411.003525018692,8.628925468147522e-06
3513,1.590423822402954,7027.000116631677,31420.209238767624,8.607278427890504e-06
3514,1.7800254821777344,7029.000116631677,31429.40773487091,8.58565601804268e-06
3515,1.576183557510376,7031.000116631677,31438.512674808502,8.56405825147022e-06
3516,1.5620572566986084,7033.000116631677,31447.249574184418,8.542485141024656e-06
3517,1.6798574924468994,7035.000116631677,31455.035336494446,8.520936699542809e-06
3518,1.7844123840332031,7037.000116631677,31464.668214321136,8.49941293984686e-06
3519,1.571908712387085,7039.000116631677,31472.84599661827,8.4779138747443e-06
3520,1.3499445915222168,7041.000116631677,31481.386655569077,8.456439517027885e-06
3521,1.5549952983856201,7043.000116631677,31491.2243745327,8.434989879475722e-06
3522,1.515066385269165,7045.000116631677,31500.009450674057,8.41356497485119e-06
3523,1.7383261919021606,7047.000116631677,31508.017025470734,8.392164815902917e-06
3524,1.6393523216247559,7049.000116631677,31519.211714029312,8.370789415364857e-06
3525,1.6377902030944824,7051.000116631677,31529.95337820053,8.349438785956207e-06
3526,1.511509895324707,7053.000116631677,31536.644332647324,8.328112940381442e-06
3527,1.8095372915267944,7055.000116631677,31547.830270051956,8.306811891330243e-06
3528,1.7744486331939697,7057.000116631677,31559.009875059128,8.28553565147759e-06
3529,1.4354252815246582,7059.000116631677,31567.099537611008,8.264284233483683e-06
3530,1.5085806846618652,7061.000116631677,31575.524109125137,8.243057649993932e-06
3531,1.590904712677002,7063.000116631677,31584.999759435654,8.22185591363899e-06
3532,1.489358901977539,7065.000116631677,31594.77649331093,8.200679037034722e-06
3533,1.56136953830719,7067.000116631677,31601.596870183945,8.179527032782202e-06
3534,1.5748672485351562,7069.000116631677,31609.06453347206,8.158399913467698e-06
3535,1.4752404689788818,7071.000116631677,31617.998269557953,8.137297691662686e-06
3536,1.4804294109344482,7073.000116631677,31628.377081871033,8.116220379923791e-06
3537,1.8417983055114746,7075.000116631677,31637.83618927002,8.095167990792851e-06
3538,1.5179420709609985,7077.000116631677,31647.61545753479,8.07414053679686e-06
3539,1.6684434413909912,7079.000116631677,31657.377461194992,8.05313803044799e-06
3540,1.6365702152252197,7081.000116631677,31665.95721745491,8.032160484243528e-06
3541,1.5218517780303955,7083.000116631677,31677.135815620422,8.01120791066595e-06
3542,1.3224308490753174,7085.000116631677,31685.724883794785,7.990280322182874e-06
3543,1.5651538372039795,7087.000116631677,31694.766295671463,7.969377731246997e-06
3544,1.6328959465026855,7089.000116631677,31704.408134698868,7.94850015029621e-06
3545,1.6336958408355713,7091.000116631677,31715.615091085434,7.927647591753489e-06
3546,1.5770518779754639,7093.000116631677,31724.801122903824,7.906820068026902e-06
3547,1.488240122795105,7095.000116631677,31735.97998404503,7.886017591509657e-06
3548,1.740746021270752,7097.000116631677,31745.3212082386,7.865240174580053e-06
3549,1.6390267610549927,7099.000116631677,31752.09532213211,7.844487829601435e-06
3550,1.5909477472305298,7101.000116631677,31759.704842329025,7.823760568922286e-06
3551,1.557210087776184,7103.000116631677,31769.25199818611,7.803058404876138e-06
3552,1.384839415550232,7105.000116631677,31777.069173574448,7.782381349781573e-06
3553,1.633863925933838,7107.000116631677,31788.238431930542,7.761729415942252e-06
3554,1.775903582572937,7109.000116631677,31797.609011888504,7.741102615646895e-06
3555,1.571509599685669,7111.000116631677,31806.71893811226,7.720500961169253e-06
3556,1.756209373474121,7113.000116631677,31817.951150655746,7.699924464768108e-06
3557,1.714984655380249,7115.000116631677,31826.94342327118,7.67937313868729e-06
3558,1.5191506147384644,7117.000116631677,31837.015177488327,7.658846995155656e-06
3559,1.6117359399795532,7119.000116631677,31845.970071554184,7.638346046387034e-06
3560,1.5318979024887085,7121.000116631677,31853.8945851326,7.61787030458031e-06
3561,1.6915595531463623,7123.000116631677,31861.53512763977,7.597419781919359e-06
3562,1.542470932006836,7125.000116631677,31871.218166828156,7.576994490573024e-06
3563,1.496100664138794,7127.000116631677,31879.237144470215,7.5565944426951605e-06
3564,1.5800271034240723,7129.000116631677,31887.435006141663,7.53621965042461e-06
3565,1.3133876323699951,7131.000116631677,31898.161098480225,7.515870125885147e-06
3566,1.7599031925201416,7133.000116631677,31907.719082832336,7.495545881185545e-06
3567,1.787174940109253,7135.000116631677,31916.473814725876,7.4752469284195295e-06
3568,1.6899058818817139,7137.000116631677,31924.69708752632,7.454973279665786e-06
3569,1.653362512588501,7139.000116631677,31933.956761837006,7.4347249469878986e-06
3570,1.7300232648849487,7141.000116631677,31943.70064640045,7.414501942434437e-06
3571,1.579965591430664,7143.000116631677,31951.39810180664,7.394304278038883e-06
3572,1.779968023300171,7145.000116631677,31961.481221437454,7.3741319658196256e-06
3573,1.6530145406723022,7147.000116631677,31971.329773664474,7.3539850177799865e-06
3574,1.5210094451904297,7149.000116631677,31979.63929104805,7.333863445908205e-06
3575,1.6144828796386719,7151.000116631677,31990.82327723503,7.313767262177369e-06
3576,1.606045126914978,7153.000116631677,31999.474922657013,7.293696478545519e-06
3577,1.4753217697143555,7155.000116631677,32006.729388475418,7.273651106955554e-06
3578,1.629717469215393,7157.000116631677,32015.668335199356,7.253631159335253e-06
3579,1.471785306930542,7159.000116631677,32025.090626716614,7.23363664759727e-06
3580,1.9109039306640625,7161.000116631677,32033.95061659813,7.21366758363912e-06
3581,1.5306777954101562,7163.000116631677,32040.17492389679,7.19372397934319e-06
3582,1.6009817123413086,7165.000116631677,32047.011183977127,7.173805846576688e-06
3583,1.627995491027832,7167.000116631677,32055.43233203888,7.153913197191687e-06
3584,1.683714747428894,7169.000116631677,32062.618129730225,7.1340460430251095e-06
3585,1.8366155624389648,7171.000116631677,32071.765032291412,7.1142043958986625e-06
3586,1.6792222261428833,7173.000116631677,32078.779124498367,7.094388267618917e-06
3587,1.597276210784912,7175.000116631677,32088.112817764282,7.074597669977258e-06
3588,1.6688897609710693,7177.000116631677,32096.177269935608,7.054832614749843e-06
3589,1.7639193534851074,7179.000116631677,32105.998492717743,7.035093113697661e-06
3590,1.6852848529815674,7181.000116631677,32117.219771146774,7.015379178566501e-06
3591,1.4605202674865723,7183.000116631677,32125.217455387115,6.995690821086907e-06
3592,1.3562557697296143,7185.000116631677,32131.08008313179,6.976028052974237e-06
3593,1.4614174365997314,7187.000116631677,32138.051597118378,6.956390885928608e-06
3594,1.69364595413208,7189.000116631677,32147.230036973953,6.936779331634887e-06
3595,1.5946292877197266,7191.000116631677,32155.25679206848,6.917193401762732e-06
3596,1.5983091592788696,7193.000116631677,32161.78807449341,6.897633107966529e-06
3597,1.7458728551864624,7195.000116631677,32171.221435546875,6.878098461885432e-06
3598,1.4712512493133545,7197.000116631677,32179.01758503914,6.858589475143319e-06
3599,1.522105097770691,7199.000116631677,32188.297234773636,6.839106159348784e-06
3600,1.715726375579834,7201.000116631677,32195.601578950882,6.81964852609517e-06
3601,1.6790294647216797,7203.000116631677,32206.888494491577,6.800216586960535e-06
3602,1.6800583600997925,7205.000116631677,32215.672522068024,6.780810353507644e-06
3603,1.826523780822754,7207.000116631677,32223.776215076447,6.761429837283975e-06
3604,1.478835940361023,7209.000116631677,32232.49401807785,6.742075049821675e-06
3605,1.6082743406295776,7211.000116631677,32242.25112915039,6.722746002637606e-06
3606,1.734036922454834,7213.000116631677,32251.5703625679,6.703442707233323e-06
3607,1.5234625339508057,7215.000116631677,32260.479964494705,6.684165175095024e-06
3608,1.5502115488052368,7217.000116631677,32270.760866880417,6.664913417693594e-06
3609,1.7035584449768066,7219.000116631677,32280.91144013405,6.645687446484595e-06
3610,1.5799158811569214,7221.000116631677,32290.367669582367,6.6264872729082425e-06
3611,1.5129855871200562,7223.000116631677,32300.06995654106,6.607312908389361e-06
3612,1.6870849132537842,7225.000116631677,32308.945559978485,6.588164364337463e-06
3613,1.4480302333831787,7227.000116631677,32315.166269540787,6.5690416521466985e-06
3614,1.598313331604004,7229.000116631677,32322.078696012497,6.5499447831958045e-06
3615,1.5816730260849,7231.000116631677,32329.934893131256,6.5308737688481774e-06
3616,1.4673107862472534,7233.000116631677,32336.996465206146,6.511828620451824e-06
3617,1.6227456331253052,7235.000116631677,32346.123289823532,6.492809349339338e-06
3618,1.6020081043243408,7237.000116631677,32354.791080236435,6.473815966827933e-06
3619,1.59397292137146,7239.000116631677,32363.91866993904,6.454848484219428e-06
3620,1.5097564458847046,7241.000116631677,32374.07702088356,6.435906912800206e-06
3621,1.6162739992141724,7243.000116631677,32385.258895158768,6.41699126384125e-06
3622,1.4982327222824097,7245.000116631677,32394.425561904907,6.398101548598118e-06
3623,1.6898748874664307,7247.000116631677,32401.89660716057,6.379237778310917e-06
3624,1.534731388092041,7249.000116631677,32413.072292089462,6.36039996420433e-06
3625,1.6353461742401123,7251.000116631677,32422.672677516937,6.3415881174876e-06
3626,1.7553820610046387,7253.000116631677,32433.657303333282,6.322802249354523e-06
3627,1.5866029262542725,7255.000116631677,32443.437883615494,6.304042370983401e-06
3628,1.6936633586883545,7257.000116631677,32452.243475437164,6.285308493537111e-06
3629,1.6917335987091064,7259.000116631677,32460.118700027466,6.266600628163053e-06
3630,1.3784080743789673,7261.000116631677,32466.010256528854,6.247918785993114e-06
3631,1.4288334846496582,7263.000116631677,32473.243295907974,6.229262978143737e-06
3632,1.6629917621612549,7265.000116631677,32482.683111667633,6.21063321571587e-06
3633,1.3559476137161255,7267.000116631677,32491.634637355804,6.192029509794929e-06
3634,1.5037436485290527,7269.000116631677,32501.79062151909,6.173451871450853e-06
3635,1.5773054361343384,7271.000116631677,32512.963955163956,6.154900311738083e-06
3636,1.560084342956543,7273.000116631677,32521.958958864212,6.136374841695494e-06
3637,1.7663832902908325,7275.000116631677,32532.857507944107,6.11787547234648e-06
3638,1.836618423461914,7277.000116631677,32541.674448013306,6.099402214698893e-06
3639,1.5517407655715942,7279.000116631677,32549.675542354584,6.08095507974505e-06
3640,1.6613678932189941,7281.000116631677,32557.290614128113,6.062534078461705e-06
3641,1.5800683498382568,7283.000116631677,32565.446668863297,6.044139221810079e-06
3642,1.7575767040252686,7285.000116631677,32572.8701069355,6.025770520735834e-06
3643,1.5967795848846436,7287.000116631677,32582.496488809586,6.007427986169066e-06
3644,1.527140498161316,7289.000116631677,32592.074254751205,5.989111629024307e-06
3645,1.5925064086914062,7291.000116631677,32600.25471305847,5.9708214602005046e-06
3646,1.5286890268325806,7293.000116631677,32608.851970672607,5.952557490581017e-06
3647,1.592437505722046,7295.000116631677,32616.44352197647,5.934319731033629e-06
3648,1.4762771129608154,7297.000116631677,32626.300595521927,5.916108192410526e-06
3649,1.7826414108276367,7299.000116631677,32637.326758384705,5.89792288554827e-06
3650,1.5777260065078735,7301.000116631677,32646.804592847824,5.8797638212678386e-06
3651,1.6248269081115723,7303.000116631677,32653.8656001091,5.8616310103746016e-06
3652,1.4648988246917725,7305.000116631677,32665.049966096878,5.843524463658268e-06
3653,1.5856881141662598,7307.000116631677,32672.39649438858,5.825444191892948e-06
3654,1.5333125591278076,7309.000116631677,32683.569714069366,5.807390205837121e-06
3655,1.5530413389205933,7311.000116631677,32688.912347316742,5.789362516233617e-06
3656,1.3620918989181519,7313.000116631677,32698.635521650314,5.7713611338096016e-06
3657,1.7076494693756104,7315.000116631677,32708.780201911926,5.753386069276612e-06
3658,1.5594322681427002,7317.000116631677,32719.98987054825,5.735437333330524e-06
3659,1.4233380556106567,7319.000116631677,32726.782377958298,5.717514936651517e-06
3660,1.404144048690796,7321.000116631677,32736.243829727173,5.699618889904135e-06
3661,1.394349455833435,7323.000116631677,32742.79317188263,5.681749203737226e-06
3662,1.5246434211730957,7325.000116631677,32749.85274720192,5.663905888783945e-06
3663,1.8554939031600952,7327.000116631677,32758.16224861145,5.6460889556617656e-06
3664,1.649964690208435,7329.000116631677,32767.315388679504,5.628298414972459e-06
3665,1.6190921068191528,7331.000116631677,32778.491441488266,5.6105342773021e-06
3666,1.82159423828125,7333.000116631677,32786.22201514244,5.592796553221045e-06
3667,1.6341876983642578,7335.000116631677,32797.383123636246,5.5750852532839305e-06
3668,1.475899338722229,7337.000116631677,32805.40724730492,5.557400388029686e-06
3669,1.4334580898284912,7339.000116631677,32812.748314619064,5.539741967981477e-06
3670,1.466487169265747,7341.000116631677,32821.38967823982,5.52211000364677e-06
3671,1.511370301246643,7343.000116631677,32831.11931872368,5.504504505517279e-06
3672,1.6955047845840454,7345.000116631677,32838.53617501259,5.486925484068944e-06
3673,1.5337188243865967,7347.000116631677,32849.71781253815,5.469372949761983e-06
3674,1.6218345165252686,7349.000116631677,32859.413078308105,5.451846913040855e-06
3675,1.612957239151001,7351.000116631677,32870.369451761246,5.43434738433421e-06
3676,1.695315957069397,7353.000116631677,32879.85743498802,5.416874374054972e-06
3677,1.703084945678711,7355.000116631677,32891.055320739746,5.39942789260027e-06
3678,1.7988026142120361,7357.000116631677,32899.1285674572,5.38200795035143e-06
3679,1.5334912538528442,7359.000116631677,32906.89967536926,5.364614557673998e-06
3680,1.6936650276184082,7361.000116631677,32915.55302596092,5.347247724917732e-06
3681,1.5796040296554565,7363.000116631677,32926.74464941025,5.32990746241659e-06
3682,1.7151000499725342,7365.000116631677,32936.050270318985,5.312593780488682e-06
3683,1.50789213180542,7367.000116631677,32947.24906373024,5.295306689436338e-06
3684,1.649051547050476,7369.000116631677,32956.05588030815,5.278046199546054e-06
3685,1.6815165281295776,7371.000116631677,32965.20692181587,5.260812321088514e-06
3686,1.5498552322387695,7373.000116631677,32971.87127828598,5.243605064318516e-06
3687,1.4738541841506958,7375.000116631677,32978.3816549778,5.226424439475074e-06
3688,1.3996833562850952,7377.000116631677,32987.656568050385,5.209270456781327e-06
3689,1.7190485000610352,7379.000116631677,32998.86709165573,5.192143126444572e-06
3690,1.6341713666915894,7381.000116631677,33007.131487607956,5.175042458656244e-06
3691,1.6281523704528809,7383.000116631677,33016.149891614914,5.1579684635918914e-06
3692,1.3577585220336914,7385.000116631677,33027.318554639816,5.140921151411225e-06
3693,1.645235538482666,7387.000116631677,33038.48311519623,5.1239005322580655e-06
3694,1.885335087776184,7389.000116631677,33047.42486977577,5.1069066162603335e-06
3695,1.5986665487289429,7391.000116631677,33056.59490132332,5.089939413530083e-06
3696,1.6463806629180908,7393.000116631677,33067.24094724655,5.072998934163464e-06
3697,1.4676051139831543,7395.000116631677,33076.08789777756,5.056085188240739e-06
3698,1.7221665382385254,7397.000116631677,33085.53990340233,5.0391981858262184e-06
3699,1.722951889038086,7399.000116631677,33095.00091767311,5.02233793696835e-06
3700,1.5428920984268188,7401.000116631677,33104.16883945465,5.0055044516996474e-06
3701,1.718165636062622,7403.000116631677,33112.70082902908,4.988697740036675e-06
3702,1.4991101026535034,7405.000116631677,33122.32349085808,4.971917811980098e-06
3703,1.668189525604248,7407.000116631677,33133.49496459961,4.955164677514634e-06
3704,1.5844393968582153,7409.000116631677,33140.96852397919,4.938438346609035e-06
3705,1.5900068283081055,7411.000116631677,33151.60657405853,4.921738829216134e-06
3706,1.735810399055481,7413.000116631677,33161.339995384216,4.905066135272803e-06
3707,1.7460501194000244,7415.000116631677,33172.51020717621,4.88842027469994e-06
3708,1.5408344268798828,7417.000116631677,33182.08782696724,4.871801257402487e-06
3709,1.5719621181488037,7419.000116631677,33193.29655075073,4.8552090932694085e-06
3710,1.4741084575653076,7421.000116631677,33202.57636427879,4.83864379217371e-06
3711,1.785013198852539,7423.000116631677,33210.008373975754,4.822105363972359e-06
3712,1.6458244323730469,7425.000116631677,33218.22905564308,4.805593818506395e-06
3713,1.6635284423828125,7427.000116631677,33229.162380456924,4.789109165600831e-06
3714,1.6559813022613525,7429.000116631677,33238.95430588722,4.772651415064664e-06
3715,1.5534576177597046,7431.000116631677,33247.90188241005,4.756220576690917e-06
3716,1.6542794704437256,7433.000116631677,33255.75256061554,4.739816660256583e-06
3717,1.6531951427459717,7435.000116631677,33264.22975754738,4.723439675522617e-06
3718,1.5836178064346313,7437.000116631677,33275.40608358383,4.707089632233979e-06
3719,1.6445926427841187,7439.000116631677,33284.5173163414,4.690766540119598e-06
3720,1.6149144172668457,7441.000116631677,33293.214940071106,4.674470408892326e-06
3721,1.5816600322723389,7443.000116631677,33302.49866127968,4.658201248249012e-06
3722,1.6213784217834473,7445.000116631677,33310.381363630295,4.641959067870451e-06
3723,1.477984070777893,7447.000116631677,33318.425832271576,4.625743877421364e-06
3724,1.7355754375457764,7449.000116631677,33329.58669400215,4.609555686550424e-06
3725,1.4756253957748413,7451.000116631677,33337.69491100311,4.593394504890247e-06
3726,1.6986277103424072,7453.000116631677,33346.155191898346,4.577260342057377e-06
3727,1.5724236965179443,7455.000116631677,33353.77483034134,4.5611532076522465e-06
3728,1.879753828048706,7457.000116631677,33360.80071401596,4.545073111259251e-06
3729,1.6236705780029297,7459.000116631677,33370.39853000641,4.52902006244667e-06
3730,1.6406480073928833,7461.000116631677,33377.926370859146,4.512994070766697e-06
3731,1.5759379863739014,7463.000116631677,33385.60642838478,4.496995145755426e-06
3732,1.5923547744750977,7465.000116631677,33393.54166841507,4.481023296932855e-06
3733,1.808481216430664,7467.000116631677,33400.581115722656,4.465078533802843e-06
3734,1.5152688026428223,7469.000116631677,33408.34836053848,4.449160865853151e-06
3735,1.3656742572784424,7471.000116631677,33417.510130643845,4.433270302555426e-06
3736,1.860836386680603,7473.000116631677,33425.41249537468,4.417406853365156e-06
3737,1.4523043632507324,7475.000116631677,33432.301248312,4.40157052772173e-06
3738,1.5662171840667725,7477.000116631677,33443.50648880005,4.385761335048372e-06
3739,1.6798938512802124,7479.000116631677,33454.6962954998,4.369979284752192e-06
3740,1.5759625434875488,7481.000116631677,33464.01236772537,4.354224386224095e-06
3741,1.7515215873718262,7483.000116631677,33473.79548406601,4.338496648838885e-06
3742,1.544345736503601,7485.000116631677,33482.916778326035,4.322796081955183e-06
3743,1.3212857246398926,7487.000116631677,33490.06168437004,4.307122694915426e-06
3744,1.5485126972198486,7489.000116631677,33497.70931863785,4.291476497045902e-06
3745,1.6939213275909424,7491.000116631677,33505.26138973236,4.27585749765672e-06
3746,1.5841275453567505,7493.000116631677,33514.21568799019,4.260265706041775e-06
3747,1.5841331481933594,7495.000116631677,33523.7367682457,4.244701131478809e-06
3748,1.570017695426941,7497.000116631677,33532.823857307434,4.229163783229354e-06
3749,1.6300594806671143,7499.000116631677,33543.14979362488,4.213653670538732e-06
3750,1.474884271621704,7501.000116631677,33552.553107500076,4.19817080263607e-06
3751,1.5941667556762695,7503.000116631677,33563.70779109001,4.182715188734282e-06
3752,1.7876198291778564,7505.000116631677,33573.144672870636,4.167286838030065e-06
3753,1.6787307262420654,7507.000116631677,33582.609929561615,4.1518857597038925e-06
3754,1.393186330795288,7509.000116631677,33591.61086893082,4.136511962920004e-06
3755,1.6075996160507202,7511.000116631677,33599.0433049202,4.121165456826423e-06
3756,1.8757691383361816,7513.000116631677,33608.6402285099,4.105846250554907e-06
3757,1.4512653350830078,7515.000116631677,33616.38168978691,4.09055435322099e-06
3758,1.6079447269439697,7517.000116631677,33623.917031764984,4.075289773923952e-06
3759,1.8435486555099487,7519.000116631677,33632.93183875084,4.060052521746806e-06
3760,1.4395809173583984,7521.000116631677,33639.871646404266,4.044842605756319e-06
3761,1.6533887386322021,7523.000116631677,33649.8565018177,4.029660035003e-06
3762,1.5467818975448608,7525.000116631677,33658.97527885437,4.014504818521051e-06
3763,1.5240808725357056,7527.000116631677,33665.26962900162,3.999376965328429e-06
3764,1.63539457321167,7529.000116631677,33676.4421274662,3.984276484426802e-06
3765,1.5440342426300049,7531.000116631677,33685.82654833794,3.969203384801542e-06
3766,1.456005334854126,7533.000116631677,33694.65107035637,3.954157675421732e-06
3767,1.565434455871582,7535.000116631677,33703.43484544754,3.939139365240164e-06
3768,1.5154435634613037,7537.000116631677,33711.11539077759,3.924148463193332e-06
3769,1.6725552082061768,7539.000116631677,33721.42599320412,3.909184978201381e-06
3770,1.8913798332214355,7541.000116631677,33729.5755751133,3.894248919168186e-06
3771,1.5028783082962036,7543.000116631677,33740.762127399445,3.879340294981292e-06
3772,1.612861156463623,7545.000116631677,33749.528165102005,3.864459114511917e-06
3773,1.574684500694275,7547.000116631677,33759.23392891884,3.849605386614925e-06
3774,1.7146756649017334,7549.000116631677,33767.02738952637,3.834779120128883e-06
3775,1.596595287322998,7551.000116631677,33773.885982751846,3.819980323875994e-06
3776,1.5000932216644287,7553.000116631677,33783.18101859093,3.8052090066621268e-06
3777,1.6621761322021484,7555.000116631677,33792.84803676605,3.790465177276795e-06
3778,1.782698392868042,7557.000116631677,33804.03776407242,3.775748844493145e-06
3779,1.2698111534118652,7559.000116631677,33812.46096563339,3.7610600170679706e-06
3780,1.6582750082015991,7561.000116631677,33821.062007665634,3.7463987037417056e-06
3781,1.4319896697998047,7563.000116631677,33828.726419210434,3.7317649132384153e-06
3782,1.6850996017456055,7565.000116631677,33838.32003688812,3.71715865426576e-06
3783,1.5632433891296387,7567.000116631677,33847.790431022644,3.7025799355150414e-06
3784,1.531037449836731,7569.000116631677,33856.88007187843,3.6880287656611746e-06
3785,1.5827800035476685,7571.000116631677,33866.7327375412,3.6735051533626656e-06
3786,1.3348448276519775,7573.000116631677,33876.55671572685,3.6590091072616334e-06
3787,1.3965063095092773,7575.000116631677,33887.739097356796,3.6445406359838048e-06
3788,1.55686354637146,7577.000116631677,33898.8773496151,3.630099748138475e-06
3789,1.5968363285064697,7579.000116631677,33906.81969690323,3.6156864523185364e-06
3790,1.5804884433746338,7581.000116631677,33913.78536558151,3.601300757100483e-06
3791,1.7418906688690186,7583.000116631677,33922.09111785889,3.5869426710443437e-06
3792,1.5494146347045898,7585.000116631677,33931.66282701492,3.572612202693751e-06
3793,1.6033806800842285,7587.000116631677,33939.9616394043,3.5583093605758934e-06
3794,1.3661168813705444,7589.000116631677,33950.34834241867,3.544034153201524e-06
3795,1.732997179031372,7591.000116631677,33959.70401644707,3.529786589064947e-06
3796,1.515418529510498,7593.000116631677,33968.07388186455,3.515566676644036e-06
3797,1.3363155126571655,7595.000116631677,33975.65804076195,3.5013744244001774e-06
3798,1.7332086563110352,7597.000116631677,33986.32010984421,3.487209840778321e-06
3799,1.5049885511398315,7599.000116631677,33995.921129226685,3.4730729342069523e-06
3800,1.6356617212295532,7601.000116631677,34007.09823155403,3.4589637130980862e-06
3801,1.7848362922668457,7603.000116631677,34013.46828389168,3.4448821858472573e-06
3802,1.810363531112671,7605.000116631677,34022.67133951187,3.430828360833523e-06
3803,1.6270041465759277,7607.000116631677,34032.22687315941,3.4168022464194723e-06
3804,1.922855019569397,7609.000116631677,34042.69530081749,3.402803850951173e-06
3805,1.6520967483520508,7611.000116631677,34052.46608233452,3.388833182758235e-06
3806,1.5270161628723145,7613.000116631677,34063.41569375992,3.3748902501537522e-06
3807,1.698655128479004,7615.000116631677,34073.542689323425,3.3609750614342994e-06
3808,1.7590183019638062,7617.000116631677,34084.42314648628,3.3470876248799704e-06
3809,1.6868882179260254,7619.000116631677,34094.14971899986,3.333227948754338e-06
3810,1.7807352542877197,7621.000116631677,34102.96598696709,3.319396041304451e-06
3811,1.6416664123535156,7623.000116631677,34110.32479572296,3.305591910760825e-06
3812,1.7326254844665527,7625.000116631677,34119.380222558975,3.2918155653374685e-06
3813,1.7311915159225464,7627.000116631677,34129.863246917725,3.2780670132318466e-06
3814,1.5494108200073242,7629.000116631677,34139.3649225235,3.264346262624877e-06
3815,1.4956293106079102,7631.000116631677,34149.18073964119,3.250653321680952e-06
3816,1.6818087100982666,7633.000116631677,34158.220720529556,3.236988198547904e-06
3817,1.455255389213562,7635.000116631677,34167.059482336044,3.223350901357013e-06
3818,1.798173189163208,7637.000116631677,34178.27188658714,3.2097414382230116e-06
3819,1.624422311782837,7639.000116631677,34185.280827999115,3.196159817244072e-06
3820,1.5914901494979858,7641.000116631677,34194.059802770615,3.1826060465017704e-06
3821,1.7955842018127441,7643.000116631677,34202.22512602806,3.169080134061139e-06
3822,1.5544424057006836,7645.000116631677,34211.61569452286,3.1555820879706356e-06
3823,1.551783800125122,7647.000116631677,34220.78165626526,3.142111916262114e-06
3824,1.4814039468765259,7649.000116631677,34231.26555085182,3.1286696269508478e-06
3825,1.5594632625579834,7651.000116631677,34239.65597128868,3.1152552280355397e-06
3826,1.6003105640411377,7653.000116631677,34245.5195183754,3.1018687274982896e-06
3827,1.6713297367095947,7655.000116631677,34254.09456682205,3.088510133304566e-06
3828,1.3293274641036987,7657.000116631677,34261.56364750862,3.0751794534032615e-06
3829,1.7871859073638916,7659.000116631677,34271.270255327225,3.0618766957266722e-06
3830,1.8979541063308716,7661.000116631677,34277.61575913429,3.0486018681904337e-06
3831,1.6298712491989136,7663.000116631677,34286.74934864044,3.035354978693608e-06
3832,1.7901079654693604,7665.000116631677,34295.24152755737,3.022136035118607e-06
3833,1.4272574186325073,7667.000116631677,34304.32376527786,3.008945045331208e-06
3834,1.5929466485977173,7669.000116631677,34312.32355594635,2.9957820171805786e-06
3835,1.6677265167236328,7671.000116631677,34320.60610151291,2.9826469584992445e-06
3836,1.441300392150879,7673.000116631677,34327.84965443611,2.969539877103055e-06
3837,1.463362216949463,7675.000116631677,34336.69401073456,2.9564607807912575e-06
3838,1.7286241054534912,7677.000116631677,34345.20491313934,2.9434096773464173e-06
3839,1.603446125984192,7679.000116631677,34351.73103642464,2.930386574534458e-06
3840,1.6700949668884277,7681.000116631677,34360.26479721069,2.9173914801046274e-06
3841,1.666446328163147,7683.000116631677,34369.43401527405,2.9044244017895207e-06
3842,1.6854838132858276,7685.000116631677,34380.0749065876,2.891485347305068e-06
3843,1.749155044555664,7687.000116631677,34387.0289349556,2.8785743243504903e-06
3844,1.4275416135787964,7689.000116631677,34393.83665561676,2.8656913406083677e-06
3845,1.7674250602722168,7691.000116631677,34405.03188920021,2.852836403744587e-06
3846,1.5833591222763062,7693.000116631677,34416.23745441437,2.840009521408316e-06
3847,1.5396075248718262,7695.000116631677,34424.446680784225,2.827210701232063e-06
3848,1.6232233047485352,7697.000116631677,34435.12443399429,2.8144399508316385e-06
3849,1.5660600662231445,7699.000116631677,34441.65919494629,2.801697277806123e-06
3850,1.663051724433899,7701.000116631677,34452.016884088516,2.788982689737909e-06
3851,1.5536110401153564,7703.000116631677,34462.49025440216,2.7762961941926813e-06
3852,1.4958505630493164,7705.000116631677,34471.52075171471,2.763637798719399e-06
3853,1.5713661909103394,7707.000116631677,34479.18878149986,2.7510075108502956e-06
3854,1.5785212516784668,7709.000116631677,34487.73202037811,2.738405338100896e-06
3855,1.422989010810852,7711.000116631677,34498.91345787048,2.725831287969988e-06
3856,1.6074156761169434,7713.000116631677,34508.91209769249,2.713285367939613e-06
3857,1.6446181535720825,7715.000116631677,34518.69988632202,2.700767585475091e-06
3858,1.4647549390792847,7717.000116631677,34528.77882742882,2.6882779480249953e-06
3859,1.5629117488861084,7719.000116631677,34538.07287478447,2.6758164630211512e-06
3861,1.5845592021942139,7723.000116631677,34556.93474936485,2.6509779799957147e-06
3862,1.5404832363128662,7725.000116631677,34565.86454081535,2.638600996754002e-06
3863,1.6733161211013794,7727.000116631677,34572.951662540436,2.626252195518271e-06
3864,1.4400677680969238,7729.000116631677,34581.01454257965,2.6139315836365435e-06
3865,1.774522066116333,7731.000116631677,34590.185720682144,2.601639168440053e-06
3866,1.3809053897857666,7733.000116631677,34601.378140449524,2.589374957243275e-06
3867,1.5726429224014282,7735.000116631677,34610.634831905365,2.577138957343898e-06
3868,1.6153275966644287,7737.000116631677,34620.06240081787,2.56493117602283e-06
3869,1.3760637044906616,7739.000116631677,34627.477847099304,2.5527516205441532e-06
3870,1.6782480478286743,7741.000116631677,34636.462312698364,2.540600298155203e-06
3871,1.5179872512817383,7743.000116631677,34642.83577656746,2.5284772160864884e-06
3872,1.295317530632019,7745.000116631677,34652.03157067299,2.516382381551705e-06
3873,1.2294728755950928,7747.000116631677,34659.93234038353,2.5043158017477606e-06
3874,1.5364636182785034,7749.000116631677,34668.48146891594,2.4922774838547507e-06
3875,1.8468682765960693,7751.000116631677,34676.48501205444,2.480267435035933e-06
3876,1.5031136274337769,7753.000116631677,34685.93434262276,2.4682856624377623e-06
3877,1.6362454891204834,7755.000116631677,34697.144411087036,2.4563321731898733e-06
3878,1.578735589981079,7757.000116631677,34707.38620185852,2.444406974405037e-06
3879,1.6580783128738403,7759.000116631677,34718.58209276199,2.432510073179232e-06
3880,1.605385422706604,7761.000116631677,34728.35417866707,2.420641476591568e-06
3881,1.5391541719436646,7763.000116631677,34737.75973010063,2.4088011917043387e-06
3882,1.4917209148406982,7765.000116631677,34746.239983320236,2.396989225562964e-06
3883,1.5610817670822144,7767.000116631677,34755.62144899368,2.385205585196043e-06
3884,1.5151469707489014,7769.000116631677,34764.993448495865,2.373450277615284e-06
3885,1.412337064743042,7771.000116631677,34774.54955005646,2.361723309815563e-06
3886,1.521334171295166,7773.000116631677,34782.5740070343,2.3500246887748875e-06
3887,1.6465988159179688,7775.000116631677,34789.13663363457,2.3383544214543994e-06
3888,1.7856757640838623,7777.000116631677,34798.64402914047,2.3267125147983505e-06
3889,1.6312599182128906,7779.000116631677,34805.98604011536,2.315098975734143e-06
3890,1.692931890487671,7781.000116631677,34817.14231157303,2.3035138111722885e-06
3891,1.77985417842865,7783.000116631677,34826.65309524536,2.2919570280064004e-06
3892,1.708919644355774,7785.000116631677,34835.60510492325,2.280428633113228e-06
3893,1.356794834136963,7787.000116631677,34841.98009157181,2.2689286333526185e-06
3894,1.674141764640808,7789.000116631677,34850.24664783478,2.2574570355675143e-06
3895,1.4633584022521973,7791.000116631677,34856.77583217621,2.2460138465839727e-06
3896,1.5246658325195312,7793.000116631677,34865.91788673401,2.234599073211136e-06
3897,1.6437225341796875,7795.000116631677,34874.97180938721,2.223212722241244e-06
3898,1.4864227771759033,7797.000116631677,34880.98178601265,2.2118548004496164e-06
3899,1.6866114139556885,7799.000116631677,34892.16748523712,2.200525314594659e-06
3900,1.553269624710083,7801.000116631677,34898.31860566139,2.189224271417874e-06
3901,1.679010272026062,7803.000116631677,34905.81722950935,2.177951677643812e-06
3902,1.616794228553772,7805.000116631677,34917.023567676544,2.166707539980107e-06
3903,1.552291989326477,7807.000116631677,34925.83695077896,2.155491865117465e-06
3904,1.29218327999115,7809.000116631677,34934.94639873505,2.1443046597296583e-06
3905,1.6966586112976074,7811.000116631677,34946.13227844238,2.1331459304734973e-06
3906,1.494290828704834,7813.000116631677,34955.74518227577,2.1220156839888826e-06
3907,1.6344515085220337,7815.000116631677,34963.85178422928,2.110913926898729e-06
3908,1.5863535404205322,7817.000116631677,34972.62898349762,2.09984066580902e-06
3909,1.561755657196045,7819.000116631677,34980.534875154495,2.0887959073087866e-06
3910,1.4052289724349976,7821.000116631677,34989.3729493618,2.07777965797009e-06
3911,1.3488349914550781,7823.000116631677,34997.85480093956,2.0667919243480266e-06
3912,1.688457727432251,7825.000116631677,35005.81291723251,2.055832712980729e-06
3913,1.6741570234298706,7827.000116631677,35012.979771614075,2.0449020303893667e-06
3914,1.5674190521240234,7829.000116631677,35021.816850185394,2.0339998830781045e-06
3915,1.721445083618164,7831.000116631677,35032.37259221077,2.023126277534161e-06
3916,1.6379048824310303,7833.000116631677,35040.15128993988,2.012281220227757e-06
3917,1.433027744293213,7835.000116631677,35046.11830544472,2.0014647176121203e-06
3918,1.4717707633972168,7837.000116631677,35054.31822705269,1.9906767761235e-06
3919,1.6016186475753784,7839.000116631677,35064.28139042854,1.9799174021811402e-06
3920,1.644474983215332,7841.000116631677,35073.89964103699,1.969186602187284e-06
3921,1.6790797710418701,7843.000116631677,35080.87007498741,1.958484382527186e-06
3922,1.6563615798950195,7845.000116631677,35087.42248749733,1.947810749569083e-06
3923,1.5592595338821411,7847.000116631677,35098.071544885635,1.9371657096642126e-06
3924,1.537553071975708,7849.000116631677,35105.27589035034,1.9265492691467726e-06
3925,1.8126834630966187,7851.000116631677,35113.54943037033,1.9159614343339724e-06
3926,1.8037707805633545,7853.000116631677,35123.71419715881,1.9054022115259923e-06
3927,1.6059436798095703,7855.000116631677,35131.72998380661,1.8948716070059698e-06
3928,1.618523120880127,7857.000116631677,35139.422954797745,1.8843696270400396e-06
3929,1.491434931755066,7859.000116631677,35147.04337644577,1.8738962778772944e-06
3930,1.6732218265533447,7861.000116631677,35154.92522382736,1.863451565749769e-06
3931,1.5189063549041748,7863.000116631677,35165.75188612938,1.853035496872489e-06
3932,1.6388072967529297,7865.000116631677,35174.06766629219,1.8426480774434217e-06
3933,1.546781301498413,7867.000116631677,35180.76308131218,1.832289313643487e-06
3934,1.478572130203247,7869.000116631677,35189.83954358101,1.821959211636552e-06
3935,1.6372748613357544,7871.000116631677,35196.871430158615,1.811657777569442e-06
3936,1.7402489185333252,7873.000116631677,35205.90889453888,1.801385017571901e-06
3937,1.4905165433883667,7875.000116631677,35215.928777217865,1.791140937756626e-06
3938,1.56715726852417,7877.000116631677,35226.844935655594,1.7809255442192556e-06
3939,1.6086771488189697,7879.000116631677,35235.61962771416,1.7707388430383422e-06
3940,1.6040393114089966,7881.000116631677,35244.07037615776,1.7605808402753682e-06
3941,1.736556053161621,7883.000116631677,35253.05246090889,1.7504515419747468e-06
3942,1.418895959854126,7885.000116631677,35262.01491498947,1.7403509541638099e-06
3943,1.3566752672195435,7887.000116631677,35269.71414709091,1.7302790828527982e-06
3944,1.5665647983551025,7889.000116631677,35277.3484210968,1.7202359340348715e-06
3945,1.567746877670288,7891.000116631677,35286.44146156311,1.7102215136860977e-06
3946,1.6795754432678223,7893.000116631677,35296.25881648064,1.7002358277654472e-06
3947,1.4652937650680542,7895.000116631677,35305.83137893677,1.690278882214788e-06
3948,1.6437437534332275,7897.000116631677,35314.67692422867,1.6803506829589068e-06
3949,1.7612978219985962,7899.000116631677,35325.45239162445,1.6704512359054598e-06
3950,1.5582646131515503,7901.000116631677,35333.26442503929,1.6605805469450063e-06
3951,1.6712069511413574,7903.000116631677,35342.196120500565,1.6507386219510017e-06
3952,1.6205925941467285,7905.000116631677,35350.247616529465,1.6409254667797718e-06
3953,1.5262713432312012,7907.000116631677,35359.23079538345,1.631141087270522e-06
3954,1.687617540359497,7909.000116631677,35367.71236371994,1.6213854892453444e-06
3955,1.538228988647461,7911.000116631677,35376.332396030426,1.611658678509211e-06
3956,1.4904611110687256,7913.000116631677,35384.179033994675,1.6019606608499464e-06
3957,1.5045065879821777,7915.000116631677,35394.07818055153,1.5922914420382449e-06
3958,1.6174242496490479,7917.000116631677,35402.439653635025,1.5826510278276867e-06
3959,1.473077654838562,7919.000116631677,35409.09317398071,1.5730394239546826e-06
3960,1.3930960893630981,7921.000116631677,35416.135181427,1.5634566361385176e-06
3961,1.463057279586792,7923.000116631677,35424.97507691383,1.5539026700813302e-06
3962,1.6605823040008545,7925.000116631677,35433.94504737854,1.5443775314680944e-06
3963,1.6754308938980103,7927.000116631677,35441.546835660934,1.5348812259666428e-06
3964,1.7141225337982178,7929.000116631677,35450.921999931335,1.5254137592276603e-06
3965,1.6261155605316162,7931.000116631677,35460.0393679142,1.5159751368846459e-06
3966,1.4293243885040283,7933.000116631677,35467.92983198166,1.5065653645539566e-06
3967,1.7914671897888184,7935.000116631677,35476.40792322159,1.4971844478347745e-06
3968,1.5774660110473633,7937.000116631677,35483.36125564575,1.4878323923091121e-06
3969,1.448012113571167,7939.000116631677,35492.80577707291,1.478509203541807e-06
3970,1.5484583377838135,7941.000116631677,35503.0106241703,1.4692148870805325e-06
3971,1.7233104705810547,7943.000116631677,35511.50547671318,1.4599494484557535e-06
3972,1.6216480731964111,7945.000116631677,35520.875264406204,1.450712893180777e-06
3973,1.7025094032287598,7947.000116631677,35528.00304532051,1.4415052267517174e-06
3974,1.5836405754089355,7949.000116631677,35534.952015161514,1.4323264546474983e-06
3975,1.6672612428665161,7951.000116631677,35544.04252743721,1.4231765823298397e-06
3976,1.777584195137024,7953.000116631677,35554.56988620758,1.4140556152432816e-06
3977,1.420084834098816,7955.000116631677,35563.4964196682,1.4049635588151551e-06
3978,1.6930150985717773,7957.000116631677,35573.214126348495,1.3959004184555831e-06
3979,1.554423451423645,7959.000116631677,35580.43086266518,1.3868661995574969e-06
3980,1.7997699975967407,7961.000116631677,35588.88703918457,1.3778609074966137e-06
3981,1.7165864706039429,7963.000116631677,35598.45678639412,1.3688845476314257e-06
3982,1.3201406002044678,7965.000116631677,35604.561267375946,1.3599371253032221e-06
3983,1.5586625337600708,7967.000116631677,35614.15061211586,1.3510186458360675e-06
3984,1.2806596755981445,7969.000116631677,35623.31949305534,1.342129114536812e-06
3985,1.5492686033248901,7971.000116631677,35632.60610294342,1.3332685366950702e-06
3986,1.4448599815368652,7973.000116631677,35640.603955984116,1.3244369175832308e-06
3987,1.5774403810501099,7975.000116631677,35648.75961351395,1.3156342624564639e-06
3988,1.730806589126587,7977.000116631677,35656.840022563934,1.3068605765526808e-06
3989,1.3929086923599243,7979.000116631677,35662.04894375801,1.2981158650925733e-06
3990,1.744775414466858,7981.000116631677,35671.45594787598,1.2894001332795914e-06
3991,1.4243682622909546,7983.000116631677,35678.737659454346,1.2807133862999273e-06
3992,1.6238021850585938,7985.000116631677,35686.99616885185,1.272055629322542e-06
3993,1.4370559453964233,7987.000116631677,35695.85254907608,1.263426867499144e-06
3994,1.5826244354248047,7989.000116631677,35707.087523937225,1.2548271059641778e-06
3995,1.5271968841552734,7991.000116631677,35715.68851828575,1.2462563498348407e-06
3996,1.6967408657073975,7993.000116631677,35721.9000685215,1.237714604211066e-06
3997,1.4500696659088135,7995.000116631677,35731.24902224541,1.2292018741755347e-06
3998,1.5917725563049316,7997.000116631677,35742.00108027458,1.2207181647936407e-06
3999,1.5059571266174316,7999.000116631677,35749.330553770065,1.2122634811135316e-06
4000,1.565562129020691,8001.000116631677,35759.049862623215,1.2038378281660797e-06
4001,1.5162420272827148,8003.000116631677,35766.13598418236,1.1954412109648652e-06
4002,1.5630714893341064,8005.000116631677,35776.609038352966,1.1870736345062164e-06
4003,1.542116641998291,8007.000116631677,35785.1613240242,1.1787351037691692e-06
4004,1.5511258840560913,8009.000116631677,35791.97458100319,1.170425623715468e-06
4005,1.719160795211792,8011.000116631677,35799.89878344536,1.1621451992895769e-06
4006,1.8085185289382935,8013.000116631677,35811.07400584221,1.1538938354186901e-06
4007,1.6492986679077148,8015.000116631677,35821.93116903305,1.1456715370126666e-06
4008,1.5611567497253418,8017.000116631677,35831.31291627884,1.1374783089641168e-06
4009,1.7169140577316284,8019.000116631677,35842.5068898201,1.129314156148322e-06
4010,1.5249820947647095,8021.000116631677,35851.62082505226,1.121179083423282e-06
4011,1.6535470485687256,8023.000116631677,35859.60291028023,1.1130730956296721e-06
4012,1.3931982517242432,8025.000116631677,35869.76981019974,1.1049961975908759e-06
4013,1.768519401550293,8027.000116631677,35879.37090611458,1.0969483941129682e-06
4014,1.4831997156143188,8029.000116631677,35890.47050666809,1.0889296899846994e-06
4015,1.658447027206421,8031.000116631677,35899.41738677025,1.0809400899775226e-06
4016,1.430432677268982,8033.000116631677,35909.15150928497,1.0729795988455657e-06
4017,1.632889986038208,8035.000116631677,35918.8771238327,1.0650482213256154e-06
4018,1.4550080299377441,8037.000116631677,35927.66271471977,1.0571459621371608e-06
4019,1.5036139488220215,8039.000116631677,35938.909204006195,1.0492728259823605e-06
4020,1.7679437398910522,8041.000116631677,35949.22805285454,1.0414288175460319e-06
4021,1.5778100490570068,8043.000116631677,35957.75316405296,1.0336139414956723e-06
4022,1.2659938335418701,8045.000116631677,35966.104996442795,1.0258282024814328e-06
4023,1.5461218357086182,8047.000116631677,35971.858783721924,1.0180716051361384e-06
4024,1.7330031394958496,8049.000116631677,35981.00369691849,1.010344154075268e-06
4025,1.8945245742797852,8051.000116631677,35987.102707862854,1.0026458538969523e-06
4026,1.731899619102478,8053.000116631677,35998.2919588089,9.94976709181987e-07
4027,1.6985151767730713,8055.000116631677,36005.86136317253,9.873367244938089e-07
4028,1.699717402458191,8057.000116631677,36015.44134736061,9.79725904378513e-07
4029,1.6160346269607544,8059.000116631677,36025.30411314964,9.721442533648367e-07
4030,1.8193466663360596,8061.000116631677,36034.07170653343,9.64591775964153e-07
4031,1.5455822944641113,8063.000116631677,36044.4067337513,9.570684766704769e-07
4032,1.7405784130096436,8065.000116631677,36052.590534448624,9.495743599604872e-07
4033,1.7945729494094849,8067.000116631677,36061.87804150581,9.421094302934493e-07
4034,1.5434093475341797,8069.000116631677,36070.27007460594,9.346736921113086e-07
4035,1.5871520042419434,8071.000116631677,36079.82263612747,9.272671498386138e-07
4036,1.5656728744506836,8073.000116631677,36089.57494020462,9.19889807882544e-07
4037,1.5886845588684082,8075.000116631677,36097.48710894585,9.125416706329147e-07
4038,1.786887288093567,8077.000116631677,36104.535566568375,9.052227424621497e-07
4039,1.7364553213119507,8079.000116631677,36114.00470137596,8.979330277253034e-07
4040,1.6164788007736206,8081.000116631677,36125.191668748856,8.90672530760033e-07
4041,1.6058775186538696,8083.000116631677,36135.30218243599,8.834412558866211e-07
4042,1.6693204641342163,8085.000116631677,36144.92777085304,8.762392074079639e-07
4043,1.5553476810455322,8087.000116631677,36151.839786052704,8.690663896095607e-07
4044,1.510282278060913,8089.000116631677,36158.731330156326,8.619228067595137e-07
4045,1.7291162014007568,8091.000116631677,36166.577176332474,8.548084631085445e-07
4046,1.8063066005706787,8093.000116631677,36177.79030442238,8.477233628899554e-07
4047,1.6558736562728882,8095.000116631677,36185.986590623856,8.406675103196682e-07
4048,1.5461481809616089,8097.000116631677,36195.11816930771,8.336409095961854e-07
4049,1.5729707479476929,8099.000116631677,36204.954687833786,8.26643564900607e-07
4050,1.4207274913787842,8101.000116631677,36212.47454762459,8.1967548039663e-07
4051,1.5007915496826172,8103.000116631677,36221.31641983986,8.127366602305379e-07
4052,1.5859479904174805,8105.000116631677,36227.82423520088,8.058271085312058e-07
4053,1.7192577123641968,8107.000116631677,36236.77509713173,7.989468294100784e-07
4054,1.6798862218856812,8109.000116631677,36244.07716178894,7.920958269611979e-07
4055,1.5869653224945068,8111.000116631677,36254.46173644066,7.852741052611756e-07
4056,1.544848918914795,8113.000116631677,36261.07692360878,7.784816683692041e-07
4057,1.6718658208847046,8115.000116631677,36270.02411079407,7.717185203270507e-07
4058,1.5245964527130127,8117.000116631677,36279.432933568954,7.649846651590468e-07
4059,1.4276992082595825,8119.000116631677,36288.52935552597,7.5828010687211e-07
4060,1.852813959121704,8121.000116631677,36296.19274401665,7.516048494557055e-07
4061,1.362518072128296,8123.000116631677,36303.96786284447,7.449588968818788e-07
4062,1.601174235343933,8125.000116631677,36312.21831321716,7.38342253105234e-07
4063,1.3521959781646729,8127.000116631677,36323.44953870773,7.317549220629229e-07
4064,1.93222975730896,8129.000116631677,36331.31677818298,7.251969076746774e-07
4065,1.6320031881332397,8131.000116631677,36337.56473493576,7.18668213842766e-07
4066,1.6758904457092285,8133.000116631677,36347.02273440361,7.121688444520211e-07
4067,1.6303930282592773,8135.000116631677,36356.30273413658,7.056988033698117e-07
4068,1.676624059677124,8137.000116631677,36364.172956228256,6.992580944460814e-07
4069,1.5679981708526611,8139.000116631677,36371.18631672859,6.928467215132937e-07
4070,1.5567266941070557,8141.000116631677,36382.371044158936,6.864646883864705e-07
4071,1.6519938707351685,8143.000116631677,36393.523272037506,6.8011199886317e-07
4072,1.651483178138733,8145.000116631677,36401.69128990173,6.737886567234922e-07
4073,1.6240222454071045,8147.000116631677,36412.15307664871,6.674946657300677e-07
4074,1.5994036197662354,8149.000116631677,36423.33900260925,6.612300296280748e-07
4075,1.6988649368286133,8151.000116631677,36433.72020149231,6.549947521452165e-07
4076,1.467828631401062,8153.000116631677,36441.02452993393,6.487888369917212e-07
4077,1.584195852279663,8155.000116631677,36450.80645442009,6.426122878603592e-07
4078,1.3122531175613403,8157.000116631677,36460.50718951225,6.364651084264147e-07
4079,1.3737971782684326,8159.000116631677,36470.96863389015,6.303473023476972e-07
4080,1.4977900981903076,8161.000116631677,36479.735733509064,6.242588732645466e-07
4081,1.5939490795135498,8163.000116631677,36487.920577049255,6.181998247998173e-07
4082,1.6271910667419434,8165.000116631677,36497.20904278755,6.121701605588774e-07
4083,1.811699628829956,8167.000116631677,36506.33072280884,6.061698841296148e-07
4084,1.5509525537490845,8169.000116631677,36514.31920838356,6.001989990824259e-07
4085,1.7154122591018677,8171.000116631677,36523.95005917549,5.942575089702211e-07
4086,1.3537867069244385,8173.000116631677,36534.70379972458,5.883454173284192e-07
4087,1.7783527374267578,8175.000116631677,36542.90563941002,5.824627276749589e-07
4088,1.63134765625,8177.000116631677,36550.73890256882,5.766094435102482e-07
4089,1.6824617385864258,8179.000116631677,36559.430015325546,5.707855683172371e-07
4090,1.6235843896865845,8181.000116631677,36570.610771894455,5.649911055613621e-07
4091,1.6168699264526367,8183.000116631677,36578.345978975296,5.5922605869054e-07
4092,1.6234267950057983,8185.000116631677,36587.19438433647,5.534904311352075e-07
4093,1.3735321760177612,8187.000116631677,36596.606629133224,5.477842263082931e-07
4094,1.7230154275894165,8189.000116631677,36606.80284285545,5.421074476052062e-07
4095,1.4350323677062988,8191.000116631677,36617.97288656235,5.364600984038478e-07
4096,1.6107426881790161,8193.000116631678,36627.9848845005,5.308421820646163e-07
4097,1.7316333055496216,8195.000116631678,36639.168666124344,5.252537019304022e-07
4098,1.469831943511963,8197.000116631678,36648.84970474243,5.196946613265544e-07
4099,1.5595968961715698,8199.000116631678,36660.06362771988,5.141650635609246e-07
4100,1.6977717876434326,8201.000116631678,36667.99477958679,5.086649119238401e-07
4101,1.5614185333251953,8203.000116631678,36675.7385597229,5.031942096881085e-07
4102,1.3406188488006592,8205.000116631678,36684.37545776367,4.977529601090129e-07
4103,1.4528419971466064,8207.000116631678,36693.99258542061,4.923411664243116e-07
4104,1.5328869819641113,8209.000116631678,36704.469450712204,4.869588318542212e-07
4105,1.6095643043518066,8211.000116631678,36713.73496174812,4.81605959601456e-07
4106,1.6164624691009521,8213.000116631678,36722.87091064453,4.76282552851183e-07
4107,1.6857492923736572,8215.000116631678,36731.134286642075,4.7098861477102806e-07
4108,1.6362357139587402,8217.000116631678,36739.86792182922,4.657241485110976e-07
4109,1.5826704502105713,8219.000116631678,36748.852625608444,4.6048915720395095e-07
4110,1.5118324756622314,8221.000116631678,36758.48059844971,4.5528364396462295e-07
4111,1.4954023361206055,8223.000116631678,36765.0377497673,4.5010761189059e-07
4112,1.5263391733169556,8225.000116631678,36775.903371572495,4.449610640617928e-07
4113,1.5177748203277588,8227.000116631678,36784.45879459381,4.3984400354064156e-07
4114,1.6746811866760254,8229.000116631678,36791.12515950203,4.3475643337196635e-07
4115,1.3798023462295532,8231.000116631678,36802.32137989998,4.296983565830834e-07
4116,1.7391823530197144,8233.000116631678,36813.50560545921,4.246697761837509e-07
4117,1.7373055219650269,8235.000116631678,36824.72781133652,4.196706951661634e-07
4118,1.5059666633605957,8237.000116631678,36830.49425172806,4.1470111650496827e-07
4119,1.5932270288467407,8239.000116631678,36839.585377693176,4.097610431572662e-07
4120,1.6281605958938599,8241.000116631678,36849.00259113312,4.048504780625884e-07
4121,1.6360392570495605,8243.000116631678,36857.11226439476,3.999694241429191e-07
4122,1.6168299913406372,8245.000116631678,36867.28320121765,3.951178843026679e-07
4123,1.597853422164917,8247.000116631678,36876.371953487396,3.9029586142869737e-07
4124,1.60084867477417,8249.000116631678,36884.210329055786,3.855033583903007e-07
4125,1.762132167816162,8251.000116631678,36893.696410894394,3.807403780392021e-07
4126,1.486708164215088,8253.000116631678,36904.90357899666,3.7600692320956754e-07
4127,1.5741928815841675,8255.000116631678,36912.45821928978,3.7130299671797717e-07
4128,1.6165205240249634,8257.000116631678,36923.48754453659,3.6662860136345856e-07
4129,1.7057182788848877,8259.000116631678,36934.695861816406,3.6198373992746447e-07
4130,1.7203853130340576,8261.000116631678,36943.06426072121,3.573684151738564e-07
4131,1.534041166305542,8263.000116631678,36949.98990249634,3.5278262984894324e-07
4132,1.6297600269317627,8265.000116631678,36958.62909793854,3.482263866814423e-07
4133,1.7630960941314697,8267.000116631678,36969.845479011536,3.4369968838249633e-07
4134,1.4419293403625488,8269.000116631678,36978.26890087128,3.392025376456732e-07
4135,1.4272150993347168,8271.000116631678,36987.61372470856,3.347349371469495e-07
4136,1.4682801961898804,8273.000116631678,36997.226215839386,3.3029688954472697e-07
4137,1.4989628791809082,8275.000116631678,37008.055330991745,3.258883974798103e-07
4138,1.5311241149902344,8277.000116631678,37017.8762588501,3.215094635754296e-07
4139,1.5398592948913574,8279.000116631678,37026.99191379547,3.1716009043721784e-07
4140,1.6555330753326416,8281.000116631678,37035.66413807869,3.128402806532334e-07
4141,1.520285725593567,8283.000116631678,37045.19488072395,3.0855003679391537e-07
4142,1.5385760068893433,8285.000116631678,37056.370420217514,3.0428936141214473e-07
4143,1.459045171737671,8287.000116631678,37065.29988050461,3.0005825704317785e-07
4144,1.677908182144165,8289.000116631678,37074.784220695496,2.9585672620469074e-07
4145,1.3319170475006104,8291.000116631678,37081.644797086716,2.9168477139675677e-07
4146,1.6152586936950684,8293.000116631678,37088.245975494385,2.875423951018581e-07
4147,1.7659008502960205,8295.000116631678,37096.30195617676,2.8342959978486864e-07
4148,1.4730122089385986,8297.000116631678,37105.84476542473,2.793463878930599e-07
4149,1.4200630187988281,8299.000116631678,37114.98515129089,2.752927618561064e-07
4150,1.6216952800750732,8301.000116631678,37123.59358906746,2.71268724086069e-07
4151,1.6015117168426514,8303.000116631678,37134.76738524437,2.6727427697741174e-07
4152,1.59340500831604,8305.000116631678,37144.071484327316,2.633094229069904e-07
4153,1.6562318801879883,8307.000116631678,37153.120443582535,2.5937416423404165e-07
4154,1.4916446208953857,8309.000116631678,37162.65897846222,2.554685033001997e-07
4155,1.4573142528533936,8311.000116631678,37171.27396297455,2.515924424294907e-07
4156,1.5418250560760498,8313.000116631678,37180.39755797386,2.477459839283215e-07
4157,1.7024682760238647,8315.000116631678,37188.80907201767,2.4392913008548e-07
4158,1.7139350175857544,8317.000116631678,37199.00164151192,2.4014188317214577e-07
4159,1.6435871124267578,8319.000116631678,37206.74234318733,2.363842454418795e-07
4160,1.7799403667449951,8321.000116631678,37216.30259394646,2.3265621913062798e-07
4161,1.5675723552703857,8323.000116631678,37225.82661175728,2.2895780645670793e-07
4162,1.7778961658477783,8325.000116631678,37235.423124313354,2.2528900962082232e-07
4163,1.606184482574463,8327.000116631678,37244.889016866684,2.2164983080603843e-07
4164,1.5181535482406616,8329.000116631678,37251.02650427818,2.1804027217782646e-07
4165,1.4427828788757324,8331.000116631678,37258.56124305725,2.1446033588400422e-07
4166,1.634265661239624,8333.000116631678,37266.80967545509,2.1091002405477583e-07
4167,1.7738010883331299,8335.000116631678,37275.03275966644,2.0738933880272072e-07
4168,1.432522177696228,8337.000116631678,37281.20845723152,2.0389828222278254e-07
4169,1.6323294639587402,8339.000116631678,37289.67787837982,2.0043685639226902e-07
4170,1.3889607191085815,8341.000116631678,37298.953154325485,1.9700506337087438e-07
4171,1.4305429458618164,8343.000116631678,37309.11588072777,1.9360290520064026e-07
4172,1.3902994394302368,8345.000116631678,37319.86645054817,1.902303839059948e-07
4173,1.579993724822998,8347.000116631678,37329.605212926865,1.8688750149371355e-07
4174,1.755021333694458,8349.000116631678,37339.42442822456,1.8357425995294188e-07
4175,1.5855882167816162,8351.000116631678,37347.509754896164,1.8029066125518927e-07
4176,1.6567291021347046,8353.000116631678,37357.28369188309,1.7703670735432941e-07
4177,1.6595603227615356,8355.000116631678,37366.30849170685,1.7381240018658907e-07
4178,1.7341628074645996,8357.000116631678,37376.79269051552,1.7061774167055362e-07
4179,1.5427069664001465,8359.000116631678,37385.927387952805,1.6745273370717822e-07
4180,1.613686203956604,8361.000116631678,37397.10195541382,1.643173781797599e-07
4181,1.4957835674285889,8363.000116631678,37405.96939539909,1.6121167695395997e-07
4182,1.6956299543380737,8365.000116631678,37413.193187475204,1.581356318777872e-07
4183,1.66312575340271,8367.000116631678,37421.551699876785,1.5508924478162012e-07
4184,1.5959817171096802,8369.000116631678,37431.02811765671,1.520725174781737e-07
4185,1.6296603679656982,8371.000116631678,37437.99652004242,1.4908545176251034e-07
4186,1.6934399604797363,8373.000116631678,37445.030503988266,1.4612804941206233e-07
4187,1.4831526279449463,8375.000116631678,37453.82763791084,1.432003121865982e-07
4188,1.5231729745864868,8377.000116631678,37460.41134047508,1.4030224182822859e-07
4189,1.5631096363067627,8379.000116631678,37471.576080560684,1.3743384006142827e-07
4190,1.6307814121246338,8381.000116631678,37481.86046695709,1.3459510859300289e-07
4191,1.3786616325378418,8383.000116631678,37492.53698635101,1.3178604911210558e-07
4192,1.681579351425171,8385.000116631678,37501.94185900688,1.2900666329024815e-07
4193,1.592840313911438,8387.000116631678,37511.957357406616,1.262569527812622e-07
4194,1.4971303939819336,8389.000116631678,37521.98760199547,1.235369192213434e-07
4195,1.5255087614059448,8391.000116631678,37530.59537792206,1.208465642290073e-07
4196,1.7343460321426392,8393.000116631678,37540.1980111599,1.1818588940512804e-07
4197,1.4460293054580688,8395.000116631678,37548.05425930023,1.1555489633291061e-07
4198,1.450246810913086,8397.000116631678,37555.64397573471,1.1295358657789646e-07
4199,1.7705543041229248,8399.000116631678,37564.663840293884,1.1038196168796898e-07
4200,1.5193027257919312,8401.000116631678,37570.98600292206,1.07840023193348e-07
4201,1.38609778881073,8403.000116631678,37578.57039523125,1.0532777260657865e-07
4202,1.4515385627746582,8405.000116631678,37588.23407506943,1.028452114225536e-07
4203,1.4514573812484741,8407.000116631678,37597.27001452446,1.0039234111849641e-07
4204,1.6677247285842896,8409.000116631678,37607.341847896576,9.796916315395039e-08
4205,1.4792855978012085,8411.000116631678,37613.02270483971,9.557567897081746e-08
4206,1.7199732065200806,8413.000116631678,37622.120703458786,9.321188999330268e-08
4207,1.6055830717086792,8415.000116631678,37629.72110939026,9.087779762795308e-08
4208,1.5848647356033325,8417.000116631678,37640.362966775894,8.857340326365211e-08
4209,1.4107400178909302,8419.000116631678,37649.45449900627,8.629870827159742e-08
4210,1.7328828573226929,8421.000116631678,37658.95875430107,8.405371400532311e-08
4211,1.7663018703460693,8423.000116631678,37666.09612560272,8.183842180069414e-08
4212,1.6470459699630737,8425.000116631678,37673.334508657455,7.965283297589525e-08
4213,1.7339451313018799,8427.000116631678,37684.54113268852,7.749694883143091e-08
4214,1.5785040855407715,8429.000116631678,37693.170157432556,7.537077065013652e-08
4215,1.5712004899978638,8431.000116631678,37701.991102933884,7.32742996971783e-08
4216,1.6499507427215576,8433.000116631678,37711.37003493309,7.12075372200367e-08
4217,1.6153810024261475,8435.000116631678,37722.008192539215,6.917048444851752e-08
4218,1.7145602703094482,8437.000116631678,37731.46661257744,6.716314259473521e-08
4219,1.478990912437439,8439.000116631678,37742.639327287674,6.518551285315726e-08
4220,1.5930020809173584,8441.000116631678,37753.142067193985,6.323759640053213e-08
4221,1.5059254169464111,8443.000116631678,37762.62430310249,6.131939439595022e-08
4222,1.6531511545181274,8445.000116631678,37773.81776094437,5.9430907980827246e-08
4223,1.5000768899917603,8447.000116631678,37783.894473314285,5.7572138278876504e-08
4224,1.5254793167114258,8449.000116631678,37791.792316913605,5.574308639614216e-08
4225,1.8191288709640503,8451.000116631678,37801.25952625275,5.3943753420982595e-08
4226,1.4452555179595947,8453.000116631678,37807.65409684181,5.21741404240704e-08
4227,1.773252010345459,8455.000116631678,37814.40020608902,5.0434248458392387e-08
4228,1.6947205066680908,8457.000116631678,37824.20006251335,4.8724078559255156e-08
4229,1.587181806564331,8459.000116631678,37833.2474296093,4.7043631744273947e-08
4230,1.3925106525421143,8461.000116631678,37842.97079658508,4.539290901338933e-08
4231,1.4203789234161377,8463.000116631678,37852.10639715195,4.37719113488339e-08
4232,1.6090840101242065,8465.000116631678,37863.32113814354,4.218063971517111e-08
4233,1.3124427795410156,8467.000116631678,37870.22343850136,4.061909505926753e-08
4234,1.6979387998580933,8469.000116631678,37880.27751350403,3.908727831030395e-08
4235,1.262211561203003,8471.000116631678,37886.14828968048,3.758519037977538e-08
4236,1.5271711349487305,8473.000116631678,37893.48899459839,3.611283216147439e-08
4237,1.6518771648406982,8475.000116631678,37902.621191978455,3.467020453151888e-08
4238,1.7069435119628906,8477.000116631678,37910.55099797249,3.3257308348329856e-08
4239,1.465867042541504,8479.000116631678,37918.158158779144,3.187414445263144e-08
4240,1.5855610370635986,8481.000116631678,37925.94149065018,3.052071366746198e-08
4241,1.4220854043960571,8483.000116631678,37934.53953123093,2.9197016798162927e-08
4242,1.598355770111084,8485.000116631678,37945.73649954796,2.790305463238996e-08
4243,1.6880306005477905,8487.000116631678,37955.32217621803,2.6638827940101873e-08
4244,1.6134482622146606,8489.000116631678,37963.26321768761,2.5404337473555023e-08
4245,1.64072585105896,8491.000116631678,37974.43570613861,2.4199583967331085e-08
4246,1.7900898456573486,8493.000116631678,37984.14256334305,2.3024568138298203e-08
4247,1.4978907108306885,8495.000116631678,37993.86161351204,2.1879290685638727e-08
4248,1.5848783254623413,8497.000116631678,38005.061386585236,2.0763752290838136e-08
4249,1.4662635326385498,8499.000116631678,38016.25800347328,1.9677953617679468e-08
4250,1.5484840869903564,8501.000116631678,38026.967968940735,1.8621895312265528e-08
4251,1.873570442199707,8503.000116631678,38034.75833725929,1.7595578002985585e-08
4252,1.623882532119751,8505.000116631678,38042.905802965164,1.6599002300537576e-08
4253,1.4904837608337402,8507.000116631678,38050.33792233467,1.5632168797933658e-08
4254,1.4988508224487305,8509.000116631678,38059.734344005585,1.4695078070461341e-08
4255,1.4344086647033691,8511.000116631678,38067.4811296463,1.3787730675739014e-08
4256,1.494433045387268,8513.000116631678,38075.96404623985,1.2910127153671523e-08
4257,1.6669663190841675,8515.000116631678,38085.03121638298,1.2062268026466837e-08
4258,1.7595418691635132,8517.000116631678,38094.874370098114,1.1244153798630477e-08
4259,1.5155749320983887,8519.000116631678,38103.905958652496,1.0455784956971096e-08
4260,1.5670207738876343,8521.000116631678,38113.49491119385,9.697161970605999e-09
4261,1.6110674142837524,8523.000116631678,38121.20353150368,8.968285290944514e-09
4262,1.5272459983825684,8525.000116631678,38130.80860328674,8.26915535169353e-09
4263,1.606019377708435,8527.000116631678,38139.95650887489,7.599772568863053e-09
4264,1.643060326576233,8529.000116631678,38150.27702975273,6.960137340766205e-09
4265,1.5916470289230347,8531.000116631678,38160.00275301933,6.350250048008119e-09
4266,1.6372371912002563,8533.000116631678,38168.106842041016,5.770111053491497e-09
4267,1.462599515914917,8535.000116631678,38178.38600277901,5.219720702427702e-09
4268,1.6108968257904053,8537.000116631678,38189.57624959946,4.699079322314566e-09
4269,1.4739739894866943,8539.000116631678,38199.646817445755,4.208187222964134e-09
4270,1.6953308582305908,8541.000116631678,38208.56105017662,3.747044696463814e-09
4271,1.5493234395980835,8543.000116631678,38217.49935698509,3.3156520172207825e-09
4272,1.5601670742034912,8545.000116631678,38226.36208462715,2.914009441928678e-09
4273,1.435250163078308,8547.000116631678,38234.82585430145,2.5421172095787034e-09
4274,1.6644861698150635,8549.000116631678,38245.574010849,2.199975541465179e-09
4275,1.5453816652297974,8551.000116631678,38255.81185936928,1.8875846411688854e-09
4276,1.4783976078033447,8553.000116631678,38263.7359521389,1.604944694579272e-09
4277,1.82105553150177,8555.000116631678,38274.93815088272,1.352055869883351e-09
4278,1.6683757305145264,8557.000116631678,38286.03125810623,1.1289183175434972e-09
4279,1.6574581861495972,8559.000116631678,38296.07637643814,9.355321703529546e-10
4280,1.5179997682571411,8561.000116631678,38305.016528606415,7.718975433747775e-10
4281,1.7228938341140747,8563.000116631678,38312.21386241913,6.380145339806867e-10
4282,1.6288971900939941,8565.000116631678,38321.25868558884,5.338832218344167e-10
4283,1.8022516965866089,8567.000116631678,38330.828453063965,4.5950366890281784e-10
4284,1.9260146617889404,8569.000116631678,38340.58921837807,4.148759194392027e-10
4285,1.5708677768707275,8571.000116631678,38351.796240091324,3.9999999999999996e-10
4286,1.6390637159347534,8573.000116631678,38356.28774309158,4.148759194392027e-10
