step,training_loss,epoch,elapsed_time,lr_param_group_0
0,5.611471176147461,1.0001166316771635,7.606173515319824,4.005203767033154e-06
1,5.371127128601074,3.0001166316771637,18.40552568435669,4.020813939832951e-06
2,5.462602615356445,5.000116631677163,28.624934673309326,4.046827133745131e-06
3,5.620736122131348,7.000116631677163,35.33582282066345,4.083237708494647e-06
4,5.726080894470215,9.000116631677164,41.238025426864624,4.130037769408643e-06
5,5.54318904876709,11.000116631677164,48.717254638671875,4.187217169128213e-06
6,5.476260185241699,13.000116631677164,58.01172757148743,4.254763509808549e-06
7,5.593492031097412,15.000116631677164,67.67964172363281,4.332662145807096e-06
8,5.308892726898193,17.000116631677162,77.97891187667847,4.420896186859127e-06
9,5.557930946350098,19.000116631677162,89.18570613861084,4.519446501739894e-06
10,5.751622676849365,21.000116631677162,98.74364590644836,4.6282917224127164e-06
11,5.412971496582031,23.000116631677162,106.18101263046265,4.747408248662158e-06
12,5.5817670822143555,25.000116631677162,112.41461777687073,4.876770253211038e-06
13,5.4787116050720215,27.000116631677162,121.56316447257996,5.0163496873203945e-06
14,5.574270725250244,29.000116631677162,130.7259554862976,5.1661162868711755e-06
15,5.68927526473999,31.000116631677162,141.93909096717834,5.326037578926146e-06
16,5.665404796600342,33.000116631677166,151.81054997444153,5.496078888770844e-06
17,5.636727333068848,35.000116631677166,158.27714109420776,5.676203347431793e-06
18,5.541007041931152,37.000116631677166,168.23191857337952,5.866371899670701e-06
19,5.396546840667725,39.000116631677166,176.74386548995972,6.0665433124524476e-06
20,5.40798282623291,41.000116631677166,187.06122589111328,6.276674183885387e-06
21,5.561497688293457,43.000116631677166,196.29358792304993,6.496718952632007e-06
22,5.461460113525391,45.000116631677166,203.14114093780518,6.7266299077875275e-06
23,5.683288097381592,47.000116631677166,210.71544575691223,6.966357199224952e-06
24,5.415403842926025,49.000116631677166,221.92920422554016,7.2158488484036e-06
25,5.671131134033203,51.000116631677166,230.75481915473938,7.475050759639309e-06
26,5.65952205657959,53.000116631677166,240.2541697025299,7.743906731833765e-06
27,5.617099285125732,55.000116631677166,249.2015745639801,8.022358470660083e-06
28,5.687492847442627,57.000116631677166,256.7626621723175,8.310345601202475e-06
29,5.581159591674805,59.000116631677166,265.11023592948914,8.60780568104695e-06
30,5.656363487243652,61.000116631677166,273.47341132164,8.914674213820301e-06
31,5.435736656188965,63.000116631677166,282.3672761917114,9.230884663174413e-06
32,5.478567600250244,65.00011663167716,293.5609567165375,9.556368467212973e-06
33,5.406570911407471,67.00011663167716,304.76534819602966,9.89105505335725e-06
34,5.435629844665527,69.00011663167716,314.4122316837311,1.023487185364795e-05
35,5.408792495727539,71.00011663167716,325.6348993778229,1.0587744320479599e-05
36,5.448220252990723,73.00011663167716,335.0674068927765,1.0949595942764327e-05
37,5.577447891235352,75.00011663167716,344.9124917984009,1.1320348262521137e-05
38,5.775530815124512,77.00011663167716,351.83550691604614,1.1699920891887564e-05
39,5.406379699707031,79.00011663167716,360.0976815223694,1.2088231530549693e-05
40,5.667611122131348,81.00011663167716,368.3822329044342,1.2485195983586632e-05
41,5.700811386108398,83.00011663167716,378.42453050613403,1.289072817972616e-05
42,5.506488800048828,85.00011663167716,389.6331994533539,1.3304740190006869e-05
43,5.500068664550781,87.00011663167716,397.8851399421692,1.3727142246843345e-05
44,5.776978969573975,89.00011663167716,406.3949325084686,1.415784276348982e-05
45,5.64982795715332,91.00011663167716,415.3059048652649,1.4596748353898416e-05
46,5.532364845275879,93.00011663167716,426.52079677581787,1.5043763852967354e-05
47,5.597403049468994,95.00011663167716,433.40942549705505,1.5498792337175084e-05
48,5.40699577331543,97.00011663167716,444.6390128135681,1.5961735145595567e-05
49,5.509500503540039,99.00011663167716,452.90502285957336,1.6432491901290257e-05
50,5.6882734298706055,101.00011663167716,458.3949484825134,1.6910960533072242e-05
51,5.84113883972168,103.00011663167716,465.69064497947693,1.7397037297637685e-05
52,5.563368797302246,105.00011663167716,473.3709466457367,1.789061680205978e-05
53,5.340813636779785,107.00011663167716,484.5833375453949,1.8391592026640474e-05
54,5.755054473876953,109.00011663167716,494.27921199798584,1.8899854348114847e-05
55,5.5730719566345215,111.00011663167716,503.39805603027344,1.941529356320321e-05
56,5.53382682800293,113.00011663167716,512.4963672161102,1.9937797912505757e-05
57,5.533281326293945,115.00011663167716,521.5406122207642,2.0467254104734683e-05
58,5.488125801086426,117.00011663167716,531.0450043678284,2.1003547341278355e-05
59,5.558475494384766,119.00011663167716,535.3550248146057,2.1546561341092465e-05
60,5.360136032104492,121.00011663167716,544.4296157360077,2.2096178365912372e-05
61,5.911848068237305,123.00011663167716,552.9518599510193,2.265227924578162e-05
62,5.627648830413818,125.00011663167716,559.4141778945923,2.3214743404890826e-05
63,5.437873840332031,127.00011663167716,564.9639706611633,2.378344888772129e-05
64,5.611767768859863,129.00011663167717,572.9273180961609,2.435827238548789e-05
65,5.504419803619385,131.00011663167717,584.1046512126923,2.4939089262875303e-05
66,5.500617980957031,133.00011663167717,592.2650604248047,2.5525773585061918e-05
67,5.44445276260376,135.00011663167717,601.4486246109009,2.611819814502545e-05
68,5.487497806549072,137.00011663167717,610.4835815429688,2.6716234491124455e-05
69,5.593795299530029,139.00011663167717,618.9188261032104,2.7319752954949652e-05
70,5.258225440979004,141.00011663167717,629.6317346096039,2.792862267943916e-05
71,5.271641731262207,143.00011663167717,638.0243020057678,2.8542711647251272e-05
72,5.4032979011535645,145.00011663167717,649.2235355377197,2.9161886709389115e-05
73,5.662243366241455,147.00011663167717,656.1300110816956,2.9786013614070336e-05
74,5.4243927001953125,149.00011663167717,667.308230638504,3.0414957035836116e-05
75,5.179399490356445,151.00011663167717,677.8421580791473,3.1048580604893e-05
76,5.719382286071777,153.00011663167717,687.8858706951141,3.1686746936680944e-05
77,5.418186187744141,155.00011663167717,692.7881228923798,3.232931766166167e-05
78,5.349789619445801,157.00011663167717,701.139176607132,3.297615345532041e-05
79,5.418499946594238,159.00011663167717,710.0416152477264,3.3627114068374655e-05
80,5.47402286529541,161.00011663167717,719.1402063369751,3.4282058357183704e-05
81,5.5464982986450195,163.00011663167717,727.366762638092,3.494084431435175e-05
82,5.465120792388916,165.00011663167717,736.509996175766,3.5603329099518556e-05
83,5.392531394958496,167.00011663167717,745.8263657093048,3.6269369070330586e-05
84,5.318032741546631,169.00011663167717,756.0056195259094,3.6938819813586027e-05
85,5.166966438293457,171.00011663167717,767.1825494766235,3.761153617654708e-05
86,5.280641555786133,173.00011663167717,777.1896991729736,3.828737229841239e-05
87,5.488579273223877,175.00011663167717,786.8133814334869,3.896618164194317e-05
88,5.476323127746582,177.00011663167717,795.9054644107819,3.9647817025235934e-05
89,5.573580741882324,179.00011663167717,803.7435445785522,4.033213065363502e-05
90,5.187694549560547,181.00011663167717,813.8336281776428,4.101897415177792e-05
91,5.349865913391113,183.00011663167717,825.0150787830353,4.170819859576661e-05
92,5.3899359703063965,185.00011663167717,832.5909161567688,4.2399654545457763e-05
93,5.292145729064941,187.00011663167717,843.0334322452545,4.309319207686488e-05
94,5.290093421936035,189.00011663167717,848.8036179542542,4.378866081466537e-05
95,5.164576530456543,191.00011663167717,858.2902674674988,4.4485909964805484e-05
96,5.14235782623291,193.00011663167717,869.4448227882385,4.518478834719596e-05
97,5.185002326965332,195.00011663167717,877.7410235404968,4.5885144428491565e-05
98,5.408415794372559,197.00011663167717,885.9079303741455,4.658682635494699e-05
99,5.455362319946289,199.00011663167717,893.130697965622,4.7289681985342345e-05
100,5.393547058105469,201.00011663167717,903.6092684268951,4.799355892397106e-05
101,5.4109697341918945,203.00011663167717,910.8548047542572,4.869830455368275e-05
102,5.390267372131348,205.00011663167717,922.0175468921661,4.940376606897433e-05
103,5.525390148162842,207.00011663167717,927.8733086585999,5.0109790509121776e-05
104,5.346670627593994,209.00011663167717,937.340169429779,5.081622479134563e-05
105,5.466713905334473,211.00011663167717,945.3045239448547,5.152291574400305e-05
106,5.2874040603637695,213.00011663167717,954.4218249320984,5.222971013979895e-05
107,5.361649513244629,215.00011663167717,962.4712557792664,5.293645472900932e-05
108,5.554256439208984,217.00011663167717,971.5829062461853,5.364299627270941e-05
109,5.359931945800781,219.00011663167717,981.639898777008,5.434918157599952e-05
110,5.472241401672363,221.00011663167717,988.7398116588593,5.5054857521221286e-05
111,5.172138214111328,223.00011663167717,998.7656240463257,5.575987110115723e-05
112,5.530900955200195,225.00011663167717,1006.8479735851288,5.64640694522063e-05
113,5.141660690307617,227.00011663167717,1014.83038854599,5.716729988752832e-05
114,5.213839054107666,229.00011663167717,1025.30712890625,5.7869409930150125e-05
115,5.4199724197387695,231.00011663167717,1031.7705562114716,5.8570247346026165e-05
116,5.203252792358398,233.00011663167717,1038.8721783161163,5.926966017704641e-05
117,5.170056343078613,235.00011663167717,1047.207974433899,5.996749677398452e-05
118,5.4090094566345215,237.00011663167717,1056.2202734947205,6.0663605829378904e-05
119,5.467740535736084,239.00011663167717,1064.8528218269348,6.135783641033984e-05
120,5.397459030151367,241.00011663167717,1075.4746432304382,6.205003799127518e-05
121,5.637243270874023,243.00011663167717,1084.0790865421295,6.2740060486528e-05
122,5.368449687957764,245.00011663167717,1091.8086001873016,6.342775428291858e-05
123,5.368921756744385,247.00011663167717,1101.3243408203125,6.411297027218416e-05
124,5.092574119567871,249.00011663167717,1110.399820804596,6.479555988330905e-05
125,5.198119163513184,251.00011663167717,1121.5554172992706,6.547537511473848e-05
126,5.135740280151367,253.00011663167717,1128.8329846858978,6.615226856646868e-05
127,5.331378936767578,255.00011663167717,1137.4372646808624,6.682609347200679e-05
128,5.204489231109619,257.00011663167714,1144.8466126918793,6.749670373019324e-05
129,5.471654891967773,259.00011663167714,1151.6682405471802,6.816395393687992e-05
130,5.228061676025391,261.00011663167714,1161.2249474525452,6.882769941645739e-05
131,5.287911415100098,263.00011663167714,1170.7000198364258,6.948779625322371e-05
132,4.868513107299805,265.00011663167714,1179.878582239151,7.0144101322589e-05
133,5.281930923461914,267.00011663167714,1189.2797367572784,7.07964723221081e-05
134,5.249965667724609,269.00011663167714,1198.3920166492462,7.144476780233515e-05
135,5.2287797927856445,271.00011663167714,1207.2513341903687,7.208884719749314e-05
136,5.081480979919434,273.00011663167714,1215.4110789299011,7.272857085595199e-05
137,5.231868743896484,275.00011663167714,1225.3871674537659,7.33638000705081e-05
138,5.088310241699219,277.00011663167714,1236.2638399600983,7.399439710845969e-05
139,5.149649620056152,279.00011663167714,1246.242241859436,7.462022524147016e-05
140,5.039027690887451,281.00011663167714,1257.4325082302094,7.52411487752142e-05
141,5.320427417755127,283.00011663167714,1265.6947634220123,7.585703307879954e-05
142,5.154044151306152,285.00011663167714,1273.8808217048645,7.646774461395803e-05
143,5.1714582443237305,287.00011663167714,1281.6601185798645,7.707315096399997e-05
144,4.755424499511719,289.00011663167714,1292.832805633545,7.76731208625251e-05
145,5.316806793212891,291.00011663167714,1302.2238276004791,7.826752422188429e-05
146,5.224181652069092,293.00011663167714,1311.0612425804138,7.885623216138563e-05
147,5.14856481552124,295.00011663167714,1319.2988336086273,7.943911703523881e-05
148,5.264763832092285,297.00011663167714,1328.6826581954956,8.001605246023172e-05
149,5.124979496002197,299.00011663167714,1338.240395307541,8.05869133431333e-05
150,5.1000165939331055,301.00011663167714,1347.3905684947968,8.11515759078168e-05
151,5.006274700164795,303.00011663167714,1358.6097385883331,8.170991772209725e-05
152,4.99129056930542,305.00011663167714,1369.7709546089172,8.22618177242777e-05
153,5.1255879402160645,307.00011663167714,1376.4208447933197,8.280715624939828e-05
154,5.11398983001709,309.00011663167714,1384.4109008312225,8.334581505518239e-05
155,5.298127174377441,311.00011663167714,1394.6084501743317,8.387767734767437e-05
156,5.255724906921387,313.00011663167714,1404.1686630249023,8.440262780656322e-05
157,5.16976261138916,315.00011663167714,1411.5418708324432,8.492055261018676e-05
158,5.079016208648682,317.00011663167714,1419.497406244278,8.543133946021089e-05
159,5.062548637390137,319.00011663167714,1430.6488409042358,8.593487760597848e-05
160,5.00998592376709,321.00011663167714,1438.7981708049774,8.643105786852276e-05
161,5.080164909362793,323.00011663167714,1449.9707689285278,8.691977266423983e-05
162,5.4849419593811035,325.00011663167714,1457.9495329856873,8.740091602821545e-05
163,4.991796493530273,327.00011663167714,1466.989601612091,8.787438363720061e-05
164,5.269141674041748,329.00011663167714,1475.2303116321564,8.834007283223136e-05
165,5.0788750648498535,331.00011663167714,1485.6652071475983,8.879788264088769e-05
166,4.939557075500488,333.00011663167714,1495.4503824710846,8.924771379918668e-05
167,5.124970436096191,335.00011663167714,1504.6377093791962,8.968946877310532e-05
168,5.0741472244262695,337.00011663167714,1513.7843146324158,9.012305177972819e-05
169,4.962440490722656,339.00011663167714,1522.7412068843842,9.054836880801547e-05
170,4.929853439331055,341.00011663167714,1533.9043033123016,9.096532763918672e-05
171,5.194256782531738,343.00011663167714,1542.3284413814545,9.13738378667161e-05
172,4.973609924316406,345.00011663167714,1550.0349819660187,9.17738109159347e-05
173,4.916851043701172,347.00011663167714,1561.2280204296112,9.216516006323552e-05
174,4.804047584533691,349.00011663167714,1571.5399043560028,9.254780045487722e-05
175,5.196272850036621,351.00011663167714,1580.5943644046783,9.292164912538254e-05
176,5.059441566467285,353.00011663167714,1587.59148645401,9.328662501552698e-05
177,4.975838661193848,355.00011663167714,1598.7856237888336,9.364264898991454e-05
178,4.795721054077148,357.00011663167714,1609.4515852928162,9.398964385413598e-05
179,4.8324995040893555,359.00011663167714,1618.709560394287,9.432753437150651e-05
180,4.883572578430176,361.00011663167714,1629.8798248767853,9.465624727937885e-05
181,4.8112473487854,363.00011663167714,1639.378751039505,9.497571130502827e-05
182,4.848234176635742,365.00011663167714,1649.0027015209198,9.528585718110621e-05
183,5.096792221069336,367.00011663167714,1658.640769481659,9.558661766065915e-05
184,4.966750144958496,369.00011663167714,1669.8432993888855,9.587792753170921e-05
185,5.131989479064941,371.00011663167714,1677.2577285766602,9.615972363139376e-05
186,5.015247821807861,373.00011663167714,1686.1110272407532,9.643194485966056e-05
187,5.099016189575195,375.00011663167714,1694.632090330124,9.669453219251573e-05
188,4.975427627563477,377.00011663167714,1703.543713569641,9.694742869482151e-05
189,5.50457763671875,379.00011663167714,1711.2094881534576,9.719057953264118e-05
190,5.047336578369141,381.00011663167714,1720.15784907341,9.74239319851283e-05
191,4.858413219451904,383.00011663167714,1729.44043135643,9.764743545595794e-05
192,4.920927047729492,385.00011663167714,1735.6818652153015,9.7861041484297e-05
193,4.817292213439941,387.00011663167714,1742.6493566036224,9.806470375531184e-05
194,4.885486602783203,389.00011663167714,1750.1940259933472,9.825837811021028e-05
195,4.956448078155518,391.00011663167714,1757.035208940506,9.844202255581635e-05
196,4.835185527801514,393.00011663167714,1763.7476580142975,9.86155972736754e-05
197,4.85970401763916,395.00011663167714,1772.908985376358,9.877906462868765e-05
198,4.9596405029296875,397.00011663167714,1780.3999407291412,9.893238917726838e-05
199,4.688153266906738,399.00011663167714,1791.4198634624481,9.907553767503299e-05
200,5.156127452850342,401.00011663167714,1796.4894018173218,9.920847908400504e-05
201,4.845373630523682,403.00011663167714,1805.2981133460999,9.933118457934617e-05
202,4.822110176086426,405.00011663167714,1814.2770884037018,9.94436275556059e-05
203,4.889491558074951,407.00011663167714,1824.547759771347,9.954578363249033e-05
204,4.751075744628906,409.00011663167714,1832.6394822597504,9.963763066014845e-05
205,4.830969333648682,411.00011663167714,1841.582424402237,9.971914872397464e-05
206,5.020508766174316,413.00011663167714,1849.5311465263367,9.979032014892666e-05
207,4.8979034423828125,415.00011663167714,1859.287629365921,9.985112950335809e-05
208,4.80300760269165,417.00011663167714,1866.8447742462158,9.990156360236415e-05
209,4.858142852783203,419.00011663167714,1874.9281632900238,9.994161151064064e-05
210,4.8889570236206055,421.00011663167714,1886.0939507484436,9.997126454485484e-05
211,4.884612083435059,423.00011663167714,1893.8548200130463,9.999051627552833e-05
212,4.53306770324707,425.00011663167714,1903.2226548194885,9.999936252843106e-05
213,4.927943229675293,427.00011663167714,1908.3749499320984,9.999999371492387e-05
214,4.945919513702393,429.00011663167714,1917.8302211761475,9.99999595003128e-05
215,4.4751996994018555,431.00011663167714,1928.7842597961426,9.999989553388694e-05
216,4.80566930770874,433.00011663167714,1933.4124872684479,9.999980181568438e-05
217,4.82793664932251,435.00011663167714,1942.0428655147552,9.999967834576087e-05
218,5.015966415405273,437.00011663167714,1949.2177295684814,9.999952512418988e-05
219,4.683717727661133,439.00011663167714,1958.4980630874634,9.999934215106257e-05
220,5.079731464385986,441.00011663167714,1966.15758061409,9.999912942648784e-05
221,4.83385705947876,443.00011663167714,1974.9606277942657,9.999888695059226e-05
222,4.86221981048584,445.00011663167714,1982.1827194690704,9.999861472352011e-05
223,4.823375701904297,447.00011663167714,1993.331848859787,9.999831274543337e-05
224,4.743109703063965,449.00011663167714,2001.2982137203217,9.999798101651174e-05
225,4.795577049255371,451.00011663167714,2010.8509540557861,9.999761953695261e-05
226,4.863252639770508,453.00011663167714,2017.9632046222687,9.999722830697106e-05
227,4.623722553253174,455.00011663167714,2027.7802140712738,9.99968073267999e-05
228,4.847909450531006,457.00011663167714,2037.244656085968,9.999635659668965e-05
229,4.926384925842285,459.00011663167714,2045.3546085357666,9.999587611690848e-05
230,4.899176120758057,461.00011663167714,2054.3512976169586,9.99953658877423e-05
231,4.888445854187012,463.00011663167714,2060.965044260025,9.999482590949472e-05
232,4.636106967926025,465.00011663167714,2072.100421667099,9.999425618248705e-05
233,4.823252201080322,467.00011663167714,2083.2958562374115,9.999365670705831e-05
234,4.862587928771973,469.00011663167714,2090.595636367798,9.999302748356518e-05
235,4.691976070404053,471.00011663167714,2099.60383105278,9.999236851238211e-05
236,4.685245513916016,473.00011663167714,2109.041377067566,9.999167979390118e-05
237,4.839116096496582,475.00011663167714,2116.7228107452393,9.999096132853225e-05
238,4.959150791168213,477.00011663167714,2125.5371742248535,9.999021311670279e-05
239,4.847949981689453,479.00011663167714,2130.883622646332,9.998943515885801e-05
240,4.977303981781006,481.00011663167714,2138.825558900833,9.998862745546089e-05
241,4.848890781402588,483.00011663167714,2148.1256930828094,9.998779000699197e-05
242,4.585410118103027,485.00011663167714,2158.7719576358795,9.99869228139496e-05
243,4.542297840118408,487.00011663167714,2165.794243335724,9.99860258768498e-05
244,4.61194372177124,489.00011663167714,2173.6897439956665,9.998509919622626e-05
245,4.632488250732422,491.00011663167714,2184.786113500595,9.998414277263043e-05
246,4.659421920776367,493.00011663167714,2195.995089530945,9.998315660663138e-05
247,4.439031600952148,495.00011663167714,2207.1740293502808,9.998214069881593e-05
248,4.640915870666504,497.00011663167714,2216.4593806266785,9.998109504978859e-05
249,4.5697221755981445,499.00011663167714,2224.40017414093,9.998001966017155e-05
250,4.6270599365234375,501.00011663167714,2235.594086408615,9.997891453060473e-05
251,4.753917694091797,503.00011663167714,2244.0523974895477,9.997777966174571e-05
252,5.018673896789551,505.00011663167714,2252.798841714859,9.997661505426978e-05
253,4.4776611328125,507.00011663167714,2262.06853055954,9.997542070886993e-05
254,4.856481075286865,509.00011663167714,2271.183662176132,9.997419662625685e-05
255,4.787021636962891,511.00011663167714,2280.2760286331177,9.997294280715889e-05
256,4.793326377868652,513.0001166316772,2289.3180015087128,9.997165925232218e-05
257,4.81932258605957,515.0001166316772,2300.146687746048,9.997034596251042e-05
258,4.651561260223389,517.0001166316772,2308.5665216445923,9.99690029385051e-05
259,4.740700721740723,519.0001166316772,2315.189523935318,9.996763018110538e-05
260,4.72462272644043,521.0001166316772,2324.2882170677185,9.996622769112808e-05
261,4.6044721603393555,523.0001166316772,2333.5657284259796,9.996479546940776e-05
262,4.603429794311523,525.0001166316772,2343.9388506412506,9.996333351679662e-05
263,4.576085090637207,527.0001166316772,2354.8594143390656,9.996184183416461e-05
264,4.545093536376953,529.0001166316772,2361.2226989269257,9.996032042239932e-05
265,4.5643720626831055,531.0001166316772,2372.4027655124664,9.995876928240605e-05
266,4.639613151550293,533.0001166316772,2381.552934408188,9.995718841510781e-05
267,4.628995895385742,535.0001166316772,2390.3361678123474,9.995557782144525e-05
268,4.638075351715088,537.0001166316772,2397.3498754501343,9.995393750237677e-05
269,4.5315937995910645,539.0001166316772,2403.214303970337,9.995226745887838e-05
270,4.668726921081543,541.0001166316772,2411.871118545532,9.995056769194385e-05
271,4.689892292022705,543.0001166316772,2421.2562975883484,9.99488382025846e-05
272,4.501560211181641,545.0001166316772,2430.5544834136963,9.994707899182974e-05
273,4.64145565032959,547.0001166316772,2440.895838022232,9.994529006072608e-05
274,4.405277252197266,549.0001166316772,2451.343547821045,9.994347141033811e-05
275,4.659515380859375,551.0001166316772,2460.8319294452667,9.994162304174797e-05
276,4.528566360473633,553.0001166316772,2470.41254901886,9.993974495605554e-05
277,4.707823753356934,555.0001166316772,2480.1315512657166,9.993783715437833e-05
278,4.921968460083008,557.0001166316772,2487.8366203308105,9.993589963785158e-05
279,4.664249420166016,559.0001166316772,2496.073706150055,9.993393240762819e-05
280,4.646786689758301,561.0001166316772,2505.1102068424225,9.993193546487873e-05
281,4.650631904602051,563.0001166316772,2514.465617418289,9.992990881079143e-05
282,4.517362594604492,565.0001166316772,2523.8632130622864,9.992785244657227e-05
283,4.54830265045166,567.0001166316772,2535.0203697681427,9.992576637344486e-05
284,4.6119794845581055,569.0001166316772,2543.4053015708923,9.992365059265047e-05
285,4.8317108154296875,571.0001166316772,2552.5077435970306,9.99215051054481e-05
286,4.577730178833008,573.0001166316772,2560.4697778224945,9.99193299131144e-05
287,4.631674289703369,575.0001166316772,2570.599882364273,9.991712501694367e-05
288,4.656165599822998,577.0001166316772,2581.640147447586,9.991489041824792e-05
289,4.563593864440918,579.0001166316772,2590.4639580249786,9.991262611835683e-05
290,4.609872341156006,581.0001166316772,2599.889051437378,9.991033211861773e-05
291,4.6620330810546875,583.0001166316772,2605.937641620636,9.990800842039567e-05
292,4.690307140350342,585.0001166316772,2615.6154067516327,9.990565502507334e-05
293,4.748486518859863,587.0001166316772,2624.3392889499664,9.990327193405106e-05
294,4.804156303405762,589.0001166316772,2631.4356937408447,9.99008591487469e-05
295,4.704928874969482,591.0001166316772,2639.1371490955353,9.989841667059656e-05
296,4.537936210632324,593.0001166316772,2647.3303768634796,9.989594450105338e-05
297,4.445484161376953,595.0001166316772,2656.3892748355865,9.989344264158844e-05
298,4.4893693923950195,597.0001166316772,2667.4142458438873,9.989091109369042e-05
299,4.7399396896362305,599.0001166316772,2673.571624279022,9.988834985886569e-05
300,4.832672595977783,601.0001166316772,2683.3348195552826,9.988575893863828e-05
301,4.6171698570251465,603.0001166316772,2693.3894424438477,9.988313833454992e-05
302,4.560477256774902,605.0001166316772,2701.828651189804,9.988048804815994e-05
303,4.841072082519531,607.0001166316772,2711.241537094116,9.987780808104536e-05
304,4.618414878845215,609.0001166316772,2719.325476169586,9.98750984348009e-05
305,4.68983268737793,611.0001166316772,2727.4317977428436,9.987235911103887e-05
306,4.661028861999512,613.0001166316772,2735.5050110816956,9.98695901113893e-05
307,4.557232856750488,615.0001166316772,2744.887618780136,9.986679143749983e-05
308,4.611660003662109,617.0001166316772,2753.7723343372345,9.98639630910358e-05
309,4.439507484436035,619.0001166316772,2764.9436349868774,9.986110507368018e-05
310,4.5726118087768555,621.0001166316772,2770.9440882205963,9.985821738713361e-05
311,4.467991828918457,623.0001166316772,2779.643111228943,9.985530003311436e-05
312,4.53116512298584,625.0001166316772,2787.451788663864,9.98523530133584e-05
313,4.715780258178711,627.0001166316772,2796.7582473754883,9.984937632961928e-05
314,4.666190147399902,629.0001166316772,2807.9279181957245,9.984636998366827e-05
315,4.58001184463501,631.0001166316772,2815.2114627361298,9.984333397729427e-05
316,4.866870880126953,633.0001166316772,2822.369099378586,9.984026831230379e-05
317,4.433399200439453,635.0001166316772,2830.455929517746,9.983717299052106e-05
318,4.463134765625,637.0001166316772,2838.5801210403442,9.983404801378788e-05
319,4.527680397033691,639.0001166316772,2848.584851503372,9.983089338396378e-05
320,4.677941799163818,641.0001166316772,2854.6520931720734,9.982770910292584e-05
321,4.303289890289307,643.0001166316772,2864.686761379242,9.982449517256885e-05
322,4.717234134674072,645.0001166316772,2871.3493654727936,9.982125159480524e-05
323,4.463155269622803,647.0001166316772,2881.058906316757,9.981797837156505e-05
324,4.597670555114746,649.0001166316772,2889.828397989273,9.981467550479598e-05
325,4.7809553146362305,651.0001166316772,2899.2372374534607,9.981134299646337e-05
326,4.627511024475098,653.0001166316772,2907.4687933921814,9.980798084855018e-05
327,4.611397743225098,655.0001166316772,2917.9769711494446,9.980458906305702e-05
328,4.250915050506592,657.0001166316772,2929.1685812473297,9.980116764200216e-05
329,4.460644245147705,659.0001166316772,2939.4767603874207,9.979771658742145e-05
330,4.671618461608887,661.0001166316772,2949.944338083267,9.979423590136843e-05
331,4.506287097930908,663.0001166316772,2957.8554830551147,9.97907255859142e-05
332,4.416746139526367,665.0001166316772,2968.849156141281,9.97871856431476e-05
333,4.485312461853027,667.0001166316772,2977.2033562660217,9.978361607517497e-05
334,4.524547100067139,669.0001166316772,2986.1310946941376,9.978001688412037e-05
335,4.798200607299805,671.0001166316772,2995.538173675537,9.977638807212548e-05
336,4.686053276062012,673.0001166316772,3003.7224407196045,9.977272964134956e-05
337,4.396452903747559,675.0001166316772,3012.4227492809296,9.976904159396952e-05
338,4.606431007385254,677.0001166316772,3019.7198719978333,9.97653239321799e-05
339,4.744113922119141,679.0001166316772,3028.057899236679,9.976157665819285e-05
340,4.370179653167725,681.0001166316772,3038.9684569835663,9.975779977423814e-05
341,4.357513427734375,683.0001166316772,3049.114862203598,9.97539932825632e-05
342,4.489070892333984,685.0001166316772,3056.253508090973,9.9750157185433e-05
343,4.425002574920654,687.0001166316772,3064.796041250229,9.974629148513017e-05
344,4.429581642150879,689.0001166316772,3073.833705186844,9.974239618395497e-05
345,4.453436851501465,691.0001166316772,3084.999321460724,9.973847128422524e-05
346,4.30145263671875,693.0001166316772,3094.4668238162994,9.973451678827648e-05
347,4.597183704376221,695.0001166316772,3103.8898174762726,9.973053269846174e-05
348,4.57411003112793,697.0001166316772,3114.5416312217712,9.972651901715171e-05
349,4.535519599914551,699.0001166316772,3122.1369976997375,9.972247574673471e-05
350,4.46852970123291,701.0001166316772,3130.564455509186,9.971840288961663e-05
351,4.354046821594238,703.0001166316772,3139.6444697380066,9.971430044822098e-05
352,4.4511637687683105,705.0001166316772,3149.250326395035,9.971016842498886e-05
353,4.19415283203125,707.0001166316772,3158.810402870178,9.970600682237902e-05
354,4.53152322769165,709.0001166316772,3167.886345386505,9.970181564286774e-05
355,4.651867866516113,711.0001166316772,3175.733876466751,9.969759488894895e-05
356,4.590614318847656,713.0001166316772,3181.9701795578003,9.969334456313418e-05
357,4.555743217468262,715.0001166316772,3188.7928483486176,9.968906466795251e-05
358,4.484042167663574,717.0001166316772,3196.5477991104126,9.968475520595068e-05
359,4.460683345794678,719.0001166316772,3206.17027258873,9.968041617969296e-05
360,4.406062126159668,721.0001166316772,3216.799167871475,9.967604759176125e-05
361,4.344198703765869,723.0001166316772,3227.9969499111176,9.967164944475503e-05
362,4.3339715003967285,725.0001166316772,3238.6399862766266,9.966722174129136e-05
363,4.563251495361328,727.0001166316772,3246.9168548583984,9.966276448400492e-05
364,4.163296699523926,729.0001166316772,3256.962915658951,9.965827767554793e-05
365,4.423331260681152,731.0001166316772,3264.7797725200653,9.965376131859024e-05
366,4.500852584838867,733.0001166316772,3271.674233675003,9.964921541581925e-05
367,4.299609184265137,735.0001166316772,3280.434693336487,9.964463996993994e-05
368,4.37160062789917,737.0001166316772,3289.659984588623,9.964003498367488e-05
369,4.3291473388671875,739.0001166316772,3300.8619005680084,9.963540045976423e-05
370,4.5440673828125,741.0001166316772,3308.5588274002075,9.96307364009657e-05
371,4.2471160888671875,743.0001166316772,3317.670701980591,9.962604281005458e-05
372,4.57639217376709,745.0001166316772,3328.0432233810425,9.962131968982378e-05
373,4.408278942108154,747.0001166316772,3337.809150457382,9.961656704308371e-05
374,4.4335479736328125,749.0001166316772,3346.331905603409,9.961178487266238e-05
375,4.235894680023193,751.0001166316772,3357.536586999893,9.960697318140538e-05
376,4.305656433105469,753.0001166316772,3362.635938644409,9.960213197217585e-05
377,4.391809463500977,755.0001166316772,3371.980973958969,9.95972612478545e-05
378,4.385922908782959,757.0001166316772,3381.7825253009796,9.95923610113396e-05
379,4.406672477722168,759.0001166316772,3390.6585581302643,9.958743126554698e-05
380,4.6336894035339355,761.0001166316772,3397.6712758541107,9.958247201341004e-05
381,4.528739929199219,763.0001166316772,3407.6801035404205,9.957748325787973e-05
382,4.318093299865723,765.0001166316772,3413.0777785778046,9.957246500192453e-05
383,4.524612903594971,767.0001166316772,3421.8679535388947,9.956741724853053e-05
384,4.433019638061523,769.0001166316772,3431.523917198181,9.956234000070132e-05
385,4.4540605545043945,771.0001166316772,3436.8381757736206,9.955723326145809e-05
386,4.2579264640808105,773.0001166316772,3443.883465051651,9.955209703383953e-05
387,4.189580917358398,775.0001166316772,3454.2272958755493,9.954693132090187e-05
388,4.296276569366455,777.0001166316772,3465.40820813179,9.954173612571895e-05
389,4.48088264465332,779.0001166316772,3474.8212220668793,9.953651145138212e-05
390,4.298100471496582,781.0001166316772,3484.645715236664,9.953125730100023e-05
391,4.329042434692383,783.0001166316772,3493.5926492214203,9.952597367769973e-05
392,4.394396781921387,785.0001166316772,3500.3919942379,9.952066058462457e-05
393,4.375855922698975,787.0001166316772,3511.5848026275635,9.951531802493625e-05
394,4.254452705383301,789.0001166316772,3522.7759323120117,9.950994600181382e-05
395,4.358165740966797,791.0001166316772,3531.203857421875,9.950454451845383e-05
396,4.438327789306641,793.0001166316772,3540.3346140384674,9.949911357807039e-05
397,4.301214218139648,795.0001166316772,3550.020308971405,9.949365318389508e-05
398,4.319880485534668,797.0001166316772,3558.9437458515167,9.948816333917708e-05
399,4.294312477111816,799.0001166316772,3564.647176027298,9.948264404718306e-05
400,4.326557159423828,801.0001166316772,3570.841757774353,9.947709531119723e-05
401,4.265935897827148,803.0001166316772,3579.7839086055756,9.947151713452126e-05
402,4.185802459716797,805.0001166316772,3589.9759690761566,9.946590952047443e-05
403,4.454198837280273,807.0001166316772,3599.15917801857,9.946027247239348e-05
404,4.349130630493164,809.0001166316772,3607.788326025009,9.945460599363265e-05
405,4.278308868408203,811.0001166316772,3614.5164501667023,9.944891008756374e-05
406,4.20295524597168,813.0001166316772,3624.4949069023132,9.944318475757604e-05
407,4.249459266662598,815.0001166316772,3632.342185497284,9.943743000707632e-05
408,4.222699165344238,817.0001166316772,3641.6018919944763,9.943164583948891e-05
409,4.465483665466309,819.0001166316772,3650.415440559387,9.942583225825559e-05
410,4.435449600219727,821.0001166316772,3659.0089008808136,9.941998926683569e-05
411,4.270427703857422,823.0001166316772,3667.943644285202,9.941411686870602e-05
412,4.434120178222656,825.0001166316772,3676.5790638923645,9.940821506736086e-05
413,4.233706474304199,827.0001166316772,3682.835560798645,9.940228386631206e-05
414,4.231646537780762,829.0001166316772,3692.1529908180237,9.939632326908885e-05
415,4.4734039306640625,831.0001166316772,3701.1899287700653,9.939033327923808e-05
416,4.198279857635498,833.0001166316772,3708.6562054157257,9.9384313900324e-05
417,4.13234806060791,835.0001166316772,3716.5457689762115,9.937826513592837e-05
418,4.2265119552612305,837.0001166316772,3724.3313806056976,9.937218698965047e-05
419,4.40484619140625,839.0001166316772,3731.8241477012634,9.936607946510702e-05
420,4.390795707702637,841.0001166316772,3741.286411046982,9.935994256593221e-05
421,4.334007263183594,843.0001166316772,3749.938034772873,9.935377629577778e-05
422,4.046670913696289,845.0001166316772,3760.7264301776886,9.934758065831288e-05
423,4.2353410720825195,847.0001166316772,3769.3948397636414,9.934135565722414e-05
424,4.320821762084961,849.0001166316772,3778.8208224773407,9.933510129621572e-05
425,4.2376508712768555,851.0001166316772,3787.5458340644836,9.932881757900917e-05
426,4.074038505554199,853.0001166316772,3796.261810064316,9.932250450934357e-05
427,4.205722332000732,855.0001166316772,3806.2733409404755,9.931616209097544e-05
429,4.141542434692383,859.0001166316772,3819.873506307602,9.930338922324502e-05
430,4.0060529708862305,861.0001166316772,3830.8563425540924,9.929695878148307e-05
431,4.1637043952941895,863.0001166316772,3838.3129098415375,9.929049900621929e-05
432,4.389632225036621,865.0001166316772,3846.736714363098,9.928400990129751e-05
433,4.332292556762695,867.0001166316772,3855.035405397415,9.9277491470579e-05
434,4.192569732666016,869.0001166316772,3863.916454553604,9.927094371794249e-05
435,4.193957328796387,871.0001166316772,3872.4200508594513,9.926436664728412e-05
436,4.2311530113220215,873.0001166316772,3882.0208745002747,9.925776026251753e-05
437,4.020806789398193,875.0001166316772,3893.2330179214478,9.925112456757377e-05
438,4.210116386413574,877.0001166316772,3903.7376766204834,9.924445956640135e-05
439,4.100697040557861,879.0001166316772,3911.2081050872803,9.923776526296618e-05
440,4.1778764724731445,881.0001166316772,3920.6620733737946,9.923104166125166e-05
441,3.9290904998779297,883.0001166316772,3929.4321970939636,9.922428876525858e-05
442,4.103287696838379,885.0001166316772,3938.059490442276,9.92175065790052e-05
443,4.205970764160156,887.0001166316772,3947.1260344982147,9.921069510652714e-05
444,4.234123229980469,889.0001166316772,3955.1208319664,9.920385435187754e-05
445,4.132726669311523,891.0001166316772,3961.7394680976868,9.919698431912689e-05
446,4.246116638183594,893.0001166316772,3971.5000948905945,9.919008501236316e-05
447,4.0074262619018555,895.0001166316772,3977.9530804157257,9.918315643569166e-05
448,4.134519100189209,897.0001166316772,3988.3589799404144,9.917619859323519e-05
449,4.037062644958496,899.0001166316772,3997.2362632751465,9.916921148913396e-05
450,3.9810593128204346,901.0001166316772,4007.305142402649,9.916219512754552e-05
451,4.144786834716797,903.0001166316772,4015.279790878296,9.915514951264492e-05
452,4.187643051147461,905.0001166316772,4024.1287779808044,9.914807464862457e-05
453,3.976642370223999,907.0001166316772,4033.5803995132446,9.914097053969428e-05
454,4.120832443237305,909.0001166316772,4039.8586032390594,9.913383719008129e-05
455,3.9753828048706055,911.0001166316772,4049.695428133011,9.912667460403022e-05
456,3.992365837097168,913.0001166316772,4057.005157470703,9.911948278580305e-05
457,4.085766792297363,915.0001166316772,4064.7459490299225,9.911226173967924e-05
458,4.21898889541626,917.0001166316772,4074.3629524707794,9.910501146995557e-05
459,4.283144950866699,919.0001166316772,4081.4719071388245,9.909773198094626e-05
460,4.106348037719727,921.0001166316772,4089.199841737747,9.909042327698287e-05
461,3.884744167327881,923.0001166316772,4096.840993642807,9.908308536241436e-05
462,4.006775856018066,925.0001166316772,4104.633534193039,9.907571824160711e-05
463,3.8752856254577637,927.0001166316772,4113.589741706848,9.90683219189448e-05
464,4.062609672546387,929.0001166316772,4124.632130861282,9.906089639882855e-05
465,4.253751754760742,931.0001166316772,4132.303309679031,9.905344168567686e-05
466,3.954812526702881,933.0001166316772,4142.091848373413,9.904595778392555e-05
467,3.952615261077881,935.0001166316772,4148.246976852417,9.903844469802783e-05
468,4.001262664794922,937.0001166316772,4154.889728546143,9.90309024324543e-05
469,4.04561185836792,939.0001166316772,4164.018390655518,9.902333099169288e-05
470,3.9012582302093506,941.0001166316772,4171.999911785126,9.901573038024889e-05
471,4.0194525718688965,943.0001166316772,4177.642271280289,9.9008100602645e-05
472,4.0262346267700195,945.0001166316772,4185.569797039032,9.90004416634212e-05
473,4.000497817993164,947.0001166316772,4195.338087320328,9.89927535671349e-05
474,4.084018230438232,949.0001166316772,4201.91436290741,9.898503631836076e-05
475,4.049594879150391,951.0001166316772,4210.919832468033,9.897728992169089e-05
476,4.2425031661987305,953.0001166316772,4221.418370485306,9.896951438173468e-05
477,3.849269151687622,955.0001166316772,4231.686631202698,9.89617097031189e-05
478,4.041918754577637,957.0001166316772,4241.703965187073,9.895387589048762e-05
479,4.122186660766602,959.0001166316772,4249.812593221664,9.894601294850228e-05
480,4.125962257385254,961.0001166316772,4259.604248523712,9.893812088184161e-05
481,3.7828750610351562,963.0001166316772,4265.77685213089,9.893019969520174e-05
482,4.128118515014648,965.0001166316772,4273.471276283264,9.892224939329605e-05
483,4.01530122756958,967.0001166316772,4281.540279388428,9.891426998085531e-05
484,3.738739490509033,969.0001166316772,4291.191971540451,9.890626146262755e-05
485,3.8767342567443848,971.0001166316772,4299.925978183746,9.889822384337819e-05
486,4.048374652862549,973.0001166316772,4309.265055179596,9.88901571278899e-05
487,4.133918762207031,975.0001166316772,4316.064422369003,9.88820613209627e-05
488,4.001805305480957,977.0001166316772,4323.613018035889,9.887393642741391e-05
489,3.779472589492798,979.0001166316772,4332.266664266586,9.886578245207818e-05
490,3.8505637645721436,981.0001166316772,4341.694002151489,9.885759939980741e-05
491,3.9797353744506836,983.0001166316772,4350.739696025848,9.884938727547086e-05
492,4.058899879455566,985.0001166316772,4361.895701169968,9.884114608395506e-05
493,3.804415702819824,987.0001166316772,4369.026567220688,9.883287583016384e-05
494,4.060786724090576,989.0001166316772,4375.383828639984,9.882457651901833e-05
495,3.974843740463257,991.0001166316772,4384.351529598236,9.881624815545693e-05
496,4.12335205078125,993.0001166316772,4390.688683271408,9.880789074443536e-05
497,3.826974630355835,995.0001166316772,4399.503314971924,9.879950429092659e-05
498,4.103460311889648,997.0001166316772,4408.766610383987,9.879108879992092e-05
499,3.9875924587249756,999.0001166316772,4419.9610805511475,9.878264427642586e-05
500,4.014421463012695,1001.0001166316772,4429.081432342529,9.877417072546626e-05
501,3.869112968444824,1003.0001166316772,4438.85693359375,9.876566815208419e-05
502,4.218973636627197,1005.0001166316772,4447.305713653564,9.875713656133904e-05
503,3.992537021636963,1007.0001166316772,4453.126528739929,9.87485759583074e-05
504,4.288313865661621,1009.0001166316772,4461.995015144348,9.87399863480832e-05
505,3.799816370010376,1011.0001166316772,4471.401854515076,9.87313677357776e-05
506,4.001369953155518,1013.0001166316772,4478.397757053375,9.8722720126519e-05
507,3.920131206512451,1015.0001166316772,4484.19337105751,9.871404352545303e-05
508,3.8257715702056885,1017.0001166316772,4495.377314567566,9.870533793774266e-05
509,3.884838104248047,1019.0001166316772,4506.550185203552,9.869660336856804e-05
510,3.8339788913726807,1021.0001166316772,4514.606498003006,9.868783982312658e-05
511,4.118368148803711,1023.0001166316772,4522.538378238678,9.867904730663293e-05
512,4.085890769958496,1025.0001166316772,4530.4430248737335,9.867022582431896e-05
513,3.973748207092285,1027.0001166316772,4539.614509105682,9.866137538143383e-05
514,3.816315174102783,1029.0001166316772,4547.769731283188,9.86524959832439e-05
515,3.9243814945220947,1031.0001166316772,4555.588230609894,9.864358763503275e-05
516,3.9492886066436768,1033.0001166316772,4566.746592283249,9.863465034210118e-05
517,3.927485466003418,1035.0001166316772,4577.9515998363495,9.862568410976723e-05
518,4.089211463928223,1037.0001166316772,4586.57926774025,9.86166889433662e-05
519,4.052138805389404,1039.0001166316772,4597.7568781375885,9.860766484825052e-05
520,3.8780677318573,1041.0001166316772,4604.8421676158905,9.859861182978992e-05
521,3.8488569259643555,1043.0001166316772,4616.061081409454,9.858952989337126e-05
522,3.8600478172302246,1045.0001166316772,4624.819596290588,9.858041904439868e-05
523,3.9423861503601074,1047.0001166316772,4634.29672908783,9.857127928829346e-05
524,3.7363076210021973,1049.0001166316772,4642.928676128387,9.856211063049414e-05
525,3.966968536376953,1051.0001166316772,4650.149667739868,9.855291307645644e-05
526,3.826625347137451,1053.0001166316772,4658.152112007141,9.854368663165324e-05
527,3.7938294410705566,1055.0001166316772,4667.143768548965,9.853443130157462e-05
528,3.9178261756896973,1057.0001166316772,4674.252517938614,9.852514709172791e-05
529,3.953413963317871,1059.0001166316772,4681.078916311264,9.851583400763756e-05
530,4.011704444885254,1061.0001166316772,4691.274115562439,9.850649205484519e-05
531,4.150766849517822,1063.0001166316772,4698.644858121872,9.849712123890966e-05
532,3.82749342918396,1065.0001166316772,4708.256351947784,9.848772156540697e-05
533,3.745389461517334,1067.0001166316772,4718.037201881409,9.84782930399303e-05
534,3.792634963989258,1069.0001166316772,4726.203456163406,9.846883566808998e-05
535,3.7237014770507812,1071.0001166316772,4735.621600389481,9.845934945551349e-05
536,4.1132354736328125,1073.0001166316772,4744.757239341736,9.844983440784554e-05
537,3.8610167503356934,1075.0001166316772,4753.884067296982,9.844029053074795e-05
538,3.7509937286376953,1077.0001166316772,4762.521227359772,9.843071782989969e-05
539,3.649077892303467,1079.0001166316772,4772.502010345459,9.842111631099688e-05
540,3.863646984100342,1081.0001166316772,4782.13400053978,9.841148597975284e-05
541,3.8521273136138916,1083.0001166316772,4791.7077622413635,9.840182684189794e-05
542,3.8979644775390625,1085.0001166316772,4801.158980846405,9.839213890317977e-05
543,3.8092727661132812,1087.0001166316772,4809.299710988998,9.838242216936306e-05
544,3.853177547454834,1089.0001166316772,4820.228014945984,9.837267664622962e-05
545,3.8370282649993896,1091.0001166316772,4829.52743768692,9.83629023395784e-05
546,3.8376364707946777,1093.0001166316772,4837.898258447647,9.835309925522554e-05
547,4.067221164703369,1095.0001166316772,4845.839905500412,9.834326739900421e-05
548,3.8420979976654053,1097.0001166316772,4851.962133407593,9.833340677676479e-05
549,3.84539794921875,1099.0001166316772,4860.19137096405,9.832351739437473e-05
550,3.849571704864502,1101.0001166316772,4870.171084880829,9.831359925771857e-05
551,3.678489923477173,1103.0001166316772,4878.577847957611,9.830365237269801e-05
552,3.845026969909668,1105.0001166316772,4887.3987555503845,9.829367674523185e-05
553,3.8901686668395996,1107.0001166316772,4894.228386163712,9.828367238125596e-05
554,3.7365622520446777,1109.0001166316772,4905.172080278397,9.827363928672333e-05
555,3.7709312438964844,1111.0001166316772,4914.893806219101,9.826357746760407e-05
556,3.598548650741577,1113.0001166316772,4925.09538435936,9.82534869298853e-05
557,3.7111287117004395,1115.0001166316772,4935.437530755997,9.824336767957132e-05
558,3.800217628479004,1117.0001166316772,4944.710212469101,9.823321972268351e-05
559,3.7736024856567383,1119.0001166316772,4955.866017341614,9.822304306526025e-05
560,4.018012046813965,1121.0001166316772,4963.409095048904,9.821283771335708e-05
561,3.752960205078125,1123.0001166316772,4972.1889843940735,9.820260367304657e-05
562,3.9860317707061768,1125.0001166316772,4982.270998954773,9.819234095041837e-05
563,4.028387069702148,1127.0001166316772,4991.698703765869,9.818204955157922e-05
564,3.7423133850097656,1129.0001166316772,5000.168724060059,9.81717294826529e-05
565,3.894351005554199,1131.0001166316772,5011.32146859169,9.816138074978024e-05
566,3.863074779510498,1133.0001166316772,5020.826249361038,9.815100335911916e-05
567,3.823385000228882,1135.0001166316772,5030.026674747467,9.814059731684462e-05
568,3.5346555709838867,1137.0001166316772,5041.186206102371,9.81301626291486e-05
569,3.641582489013672,1139.0001166316772,5048.1410002708435,9.811969930224015e-05
570,3.7635836601257324,1141.0001166316772,5055.098565578461,9.810920734234538e-05
571,3.6456403732299805,1143.0001166316772,5063.776328086853,9.809868675570739e-05
572,3.782156467437744,1145.0001166316772,5071.254951715469,9.808813754858636e-05
573,3.6643145084381104,1147.0001166316772,5081.433375597,9.807755972725947e-05
574,4.044550895690918,1149.0001166316772,5088.295224905014,9.806695329802095e-05
575,3.5333659648895264,1151.0001166316772,5094.297781467438,9.805631826718203e-05
576,3.929157018661499,1153.0001166316772,5103.331228494644,9.804565464107097e-05
577,3.541219472885132,1155.0001166316772,5111.1686182022095,9.803496242603306e-05
578,3.787294387817383,1157.0001166316772,5118.319657325745,9.802424162843057e-05
579,3.672470808029175,1159.0001166316772,5127.804145812988,9.801349225464281e-05
580,3.7341740131378174,1161.0001166316772,5134.799221277237,9.800271431106605e-05
581,3.857849597930908,1163.0001166316772,5145.974604606628,9.799190780411361e-05
582,3.827877998352051,1165.0001166316772,5153.117289543152,9.79810727402158e-05
583,3.7821590900421143,1167.0001166316772,5161.528607845306,9.797020912581986e-05
584,3.941403388977051,1169.0001166316772,5169.569472551346,9.795931696739012e-05
585,3.9138340950012207,1171.0001166316772,5180.599828720093,9.794839627140781e-05
586,3.698720932006836,1173.0001166316772,5190.245685577393,9.793744704437117e-05
587,3.573342800140381,1175.0001166316772,5199.93102312088,9.792646929279543e-05
588,3.7902069091796875,1177.0001166316772,5208.797319412231,9.791546302321278e-05
589,3.843174934387207,1179.0001166316772,5219.029308795929,9.790442824217237e-05
590,3.801034927368164,1181.0001166316772,5226.160370588303,9.789336495624036e-05
591,3.645983934402466,1183.0001166316772,5232.62532043457,9.788227317199981e-05
592,3.952101945877075,1185.0001166316772,5243.787300825119,9.787115289605076e-05
593,3.8742470741271973,1187.0001166316772,5252.492553949356,9.786000413501021e-05
594,3.7725906372070312,1189.0001166316772,5262.709801673889,9.784882689551213e-05
595,3.7529590129852295,1191.0001166316772,5272.254257202148,9.783762118420742e-05
596,3.67209529876709,1193.0001166316772,5281.827356815338,9.78263870077639e-05
597,3.882769823074341,1195.0001166316772,5289.083179950714,9.781512437286632e-05
598,3.7639262676239014,1197.0001166316772,5300.305263757706,9.780383328621643e-05
599,3.689253330230713,1199.0001166316772,5311.510934352875,9.779251375453287e-05
600,3.9324631690979004,1201.0001166316772,5321.212335586548,9.778116578455117e-05
601,3.8182878494262695,1203.0001166316772,5331.396716117859,9.776978938302384e-05
602,3.5594401359558105,1205.0001166316772,5341.108147621155,9.775838455672028e-05
603,3.6235179901123047,1207.0001166316772,5349.1380178928375,9.77469513124268e-05
604,3.6644234657287598,1209.0001166316772,5356.745338916779,9.773548965694666e-05
605,3.692619562149048,1211.0001166316772,5367.9318306446075,9.772399959709996e-05
606,3.823620319366455,1213.0001166316772,5374.849118471146,9.771248113972373e-05
607,3.5870308876037598,1215.0001166316772,5385.477596998215,9.770093429167194e-05
608,3.7291159629821777,1217.0001166316772,5394.162973642349,9.768935905981537e-05
609,3.422011375427246,1219.0001166316772,5400.691921949387,9.767775545104178e-05
610,3.7316112518310547,1221.0001166316772,5411.883549690247,9.766612347225576e-05
611,3.5659914016723633,1223.0001166316772,5422.219344615936,9.765446313037878e-05
612,3.6653501987457275,1225.0001166316772,5431.798905611038,9.764277443234919e-05
613,3.6787281036376953,1227.0001166316772,5438.369439840317,9.763105738512226e-05
614,3.5143072605133057,1229.0001166316772,5447.890401601791,9.761931199567006e-05
615,3.6694390773773193,1231.0001166316772,5454.846586942673,9.760753827098157e-05
616,3.6828725337982178,1233.0001166316772,5463.198581457138,9.759573621806262e-05
617,3.8657944202423096,1235.0001166316772,5471.2476460933685,9.758390584393588e-05
618,3.6626367568969727,1237.0001166316772,5477.285594463348,9.757204715564092e-05
619,3.4420130252838135,1239.0001166316772,5484.330172300339,9.756016016023405e-05
620,3.6053318977355957,1241.0001166316772,5492.951052904129,9.754824486478858e-05
621,3.8453123569488525,1243.0001166316772,5501.604199886322,9.753630127639453e-05
622,3.615041732788086,1245.0001166316772,5512.332300662994,9.752432940215884e-05
623,3.8122386932373047,1247.0001166316772,5521.5762848854065,9.75123292492052e-05
624,3.894918441772461,1249.0001166316772,5530.750564813614,9.750030082467418e-05
625,3.5631279945373535,1251.0001166316772,5541.946612358093,9.74882441357232e-05
626,3.74010968208313,1253.0001166316772,5550.399095535278,9.747615918952643e-05
627,3.5713577270507812,1255.0001166316772,5560.465637922287,9.746404599327488e-05
628,3.5220518112182617,1257.0001166316772,5570.806786775589,9.745190455417641e-05
629,3.468190908432007,1259.0001166316772,5581.964688301086,9.743973487945561e-05
630,3.504591703414917,1261.0001166316772,5591.095055341721,9.742753697635394e-05
631,3.7591464519500732,1263.0001166316772,5597.934444189072,9.741531085212963e-05
632,3.6298763751983643,1265.0001166316772,5607.400353431702,9.74030565140577e-05
633,3.6872618198394775,1267.0001166316772,5618.597632884979,9.739077396942994e-05
634,3.564364433288574,1269.0001166316772,5625.334800481796,9.737846322555498e-05
635,3.4849233627319336,1271.0001166316772,5636.113986253738,9.736612428975816e-05
636,3.505950450897217,1273.0001166316772,5644.867627859116,9.735375716938166e-05
637,3.6473820209503174,1275.0001166316772,5654.034329891205,9.734136187178438e-05
638,3.6994457244873047,1277.0001166316772,5662.830780744553,9.732893840434203e-05
639,3.465899705886841,1279.0001166316772,5673.767826318741,9.731648677444703e-05
640,3.886854410171509,1281.0001166316772,5681.567934513092,9.730400698950861e-05
641,3.579585313796997,1283.0001166316772,5688.52330994606,9.729149905695272e-05
642,3.5327067375183105,1285.0001166316772,5699.167206525803,9.727896298422208e-05
643,3.6857950687408447,1287.0001166316772,5708.791925907135,9.726639877877613e-05
644,3.564683437347412,1289.0001166316772,5717.819060325623,9.725380644809106e-05
645,3.4825644493103027,1291.0001166316772,5726.969455480576,9.724118599965982e-05
646,3.679877281188965,1293.0001166316772,5736.300222873688,9.722853744099207e-05
647,3.6457629203796387,1295.0001166316772,5744.053864240646,9.721586077961418e-05
648,3.397761344909668,1297.0001166316772,5752.13914680481,9.720315602306927e-05
649,3.338743209838867,1299.0001166316772,5758.9404718875885,9.719042317891717e-05
650,3.735858917236328,1301.0001166316772,5770.101128101349,9.717766225473442e-05
651,3.6736576557159424,1303.0001166316772,5779.259069442749,9.716487325811426e-05
652,3.380223274230957,1305.0001166316772,5786.368277788162,9.715205619666666e-05
653,3.6521360874176025,1307.0001166316772,5795.33220410347,9.713921107801827e-05
654,3.614072561264038,1309.0001166316772,5804.880472660065,9.712633790981241e-05
655,3.6891820430755615,1311.0001166316772,5813.0546798706055,9.711343669970917e-05
656,3.5255844593048096,1313.0001166316772,5822.4431166648865,9.710050745538524e-05
657,3.535676956176758,1315.0001166316772,5831.914219379425,9.708755018453403e-05
658,3.463399648666382,1317.0001166316772,5841.531697273254,9.707456489486561e-05
659,3.584364891052246,1319.0001166316772,5849.805714607239,9.706155159410677e-05
660,3.6681036949157715,1321.0001166316772,5859.234758615494,9.704851029000092e-05
661,3.5663628578186035,1323.0001166316772,5869.99983215332,9.703544099030815e-05
662,3.7468814849853516,1325.0001166316772,5877.387554168701,9.70223437028052e-05
663,3.6437604427337646,1327.0001166316772,5884.0935072898865,9.700921843528546e-05
664,3.6335508823394775,1329.0001166316772,5891.812417268753,9.699606519555897e-05
665,3.7562639713287354,1331.0001166316772,5901.993944883347,9.698288399145247e-05
666,3.6348955631256104,1333.0001166316772,5911.465779066086,9.696967483080925e-05
667,3.3490829467773438,1335.0001166316772,5920.555511474609,9.695643772148927e-05
668,3.4454641342163086,1337.0001166316772,5927.951782464981,9.694317267136917e-05
669,3.442065477371216,1339.0001166316772,5936.132088422775,9.692987968834216e-05
670,3.399282455444336,1341.0001166316772,5947.199407339096,9.691655878031804e-05
671,3.560271739959717,1343.0001166316772,5958.412836313248,9.690320995522334e-05
672,3.504382610321045,1345.0001166316772,5967.574059724808,9.688983322100109e-05
673,3.655472755432129,1347.0001166316772,5974.930988550186,9.6876428585611e-05
674,3.591897964477539,1349.0001166316772,5984.989320039749,9.68629960570293e-05
675,3.571357488632202,1351.0001166316772,5993.788920164108,9.684953564324895e-05
676,3.6620736122131348,1353.0001166316772,6004.994186639786,9.683604735227934e-05
677,3.5176820755004883,1355.0001166316772,6012.978622674942,9.68225311921466e-05
678,3.4469387531280518,1357.0001166316772,6020.491482496262,9.680898717089334e-05
679,3.478212356567383,1359.0001166316772,6026.888450145721,9.67954152965788e-05
680,3.44970703125,1361.0001166316772,6038.085329294205,9.678181557727873e-05
681,3.3697142601013184,1363.0001166316772,6047.409286975861,9.676818802108555e-05
682,3.5062265396118164,1365.0001166316772,6058.597528457642,9.675453263610818e-05
683,3.4323294162750244,1367.0001166316772,6065.909908294678,9.67408494304721e-05
684,3.530329704284668,1369.0001166316772,6075.943877458572,9.672713841231934e-05
685,3.5716423988342285,1371.0001166316772,6085.377880811691,9.67133995898085e-05
686,3.6760594844818115,1373.0001166316772,6095.11316037178,9.669963297111475e-05
687,3.498616933822632,1375.0001166316772,6104.811094760895,9.668583856442971e-05
688,3.5054099559783936,1377.0001166316772,6112.803245782852,9.667201637796163e-05
689,3.582230806350708,1379.0001166316772,6123.972288370132,9.665816641993527e-05
690,3.436063051223755,1381.0001166316772,6133.167734384537,9.664428869859185e-05
691,3.5045602321624756,1383.0001166316772,6142.788298368454,9.663038322218917e-05
692,3.490561008453369,1385.0001166316772,6153.98460483551,9.661644999900156e-05
693,3.390939712524414,1387.0001166316772,6163.014135599136,9.66024890373198e-05
694,3.5176448822021484,1389.0001166316772,6170.134925603867,9.658850034545125e-05
695,3.3345236778259277,1391.0001166316772,6178.9940638542175,9.657448393171968e-05
696,3.368769407272339,1393.0001166316772,6187.916358232498,9.656043980446543e-05
697,3.412215232849121,1395.0001166316772,6197.227661371231,9.654636797204531e-05
698,3.514066696166992,1397.0001166316772,6206.037970066071,9.65322684428326e-05
699,3.5754218101501465,1399.0001166316772,6215.479766130447,9.65181412252171e-05
700,3.355262041091919,1401.0001166316772,6222.4447338581085,9.6503986327605e-05
701,3.3557567596435547,1403.0001166316772,6233.439848661423,9.648980375841909e-05
702,3.636833906173706,1405.0001166316772,6239.542316675186,9.64755935260985e-05
703,3.43971586227417,1407.0001166316772,6250.716153621674,9.64613556390989e-05
704,3.604810953140259,1409.0001166316772,6259.83523106575,9.644709010589237e-05
705,3.746488094329834,1411.0001166316772,6267.373061418533,9.643279693496748e-05
706,3.3396389484405518,1413.0001166316772,6277.492975950241,9.641847613482922e-05
707,3.648939609527588,1415.0001166316772,6287.127614021301,9.640412771399901e-05
708,3.46834397315979,1417.0001166316772,6293.912056446075,9.638975168101477e-05
709,3.3331735134124756,1419.0001166316772,6303.4685735702515,9.637534804443076e-05
710,3.3200607299804688,1421.0001166316772,6311.272737026215,9.636091681281771e-05
711,3.5861735343933105,1423.0001166316772,6320.421305179596,9.634645799476279e-05
712,3.3605551719665527,1425.0001166316772,6329.140953063965,9.633197159886955e-05
713,3.529271125793457,1427.0001166316772,6335.740040063858,9.631745763375795e-05
714,3.5350282192230225,1429.0001166316772,6342.981684446335,9.63029161080644e-05
715,3.3336172103881836,1431.0001166316772,6350.834968328476,9.628834703044164e-05
716,3.4167141914367676,1433.0001166316772,6362.04075050354,9.627375040955886e-05
717,3.5975723266601562,1435.0001166316772,6369.625371217728,9.625912625410163e-05
718,3.3079187870025635,1437.0001166316772,6379.37203335762,9.624447457277188e-05
719,3.626087188720703,1439.0001166316772,6388.253074169159,9.622979537428795e-05
720,3.441006660461426,1441.0001166316772,6398.307490110397,9.621508866738451e-05
721,3.7249350547790527,1443.0001166316772,6409.499085664749,9.620035446081266e-05
722,3.467620372772217,1445.0001166316772,6418.87805891037,9.61855927633398e-05
723,3.266645669937134,1447.0001166316772,6425.0537786483765,9.617080358374975e-05
724,3.768763542175293,1449.0001166316772,6432.218912363052,9.615598693084262e-05
725,3.4855294227600098,1451.0001166316772,6440.096511125565,9.614114281343492e-05
726,3.472719192504883,1453.0001166316772,6449.795828104019,9.612627124035947e-05
727,3.514920234680176,1455.0001166316772,6457.011276006699,9.611137222046544e-05
728,3.605809450149536,1457.0001166316772,6466.470143795013,9.609644576261833e-05
729,3.3664779663085938,1459.0001166316772,6477.6375942230225,9.608149187569996e-05
730,3.1907386779785156,1461.0001166316772,6485.828424215317,9.606651056860851e-05
731,3.610568046569824,1463.0001166316772,6496.489995241165,9.605150185025839e-05
732,3.250124216079712,1465.0001166316772,6507.667149305344,9.603646572958044e-05
733,3.681309461593628,1467.0001166316772,6514.441758155823,9.602140221552169e-05
734,3.3716697692871094,1469.0001166316772,6523.992951154709,9.600631131704554e-05
735,3.524235725402832,1471.0001166316772,6532.360962867737,9.599119304313165e-05
736,3.6778194904327393,1473.0001166316772,6541.890320777893,9.5976047402776e-05
737,3.3396379947662354,1475.0001166316772,6547.687053203583,9.596087440499085e-05
738,3.676377534866333,1477.0001166316772,6557.863046169281,9.594567405880471e-05
739,3.368828773498535,1479.0001166316772,6565.20185136795,9.593044637326239e-05
740,3.5576510429382324,1481.0001166316772,6574.603340625763,9.591519135742495e-05
741,3.1922807693481445,1483.0001166316772,6584.1876702308655,9.589990902036973e-05
742,3.2589383125305176,1485.0001166316772,6593.070371389389,9.588459937119033e-05
743,3.4043359756469727,1487.0001166316772,6604.241712093353,9.586926241899655e-05
744,3.1523427963256836,1489.0001166316772,6614.880731105804,9.585389817291451e-05
745,3.4794960021972656,1491.0001166316772,6622.622601032257,9.583850664208653e-05
746,3.3269989490509033,1493.0001166316772,6631.4473786354065,9.582308783567118e-05
747,3.4789981842041016,1495.0001166316772,6640.224754810333,9.580764176284327e-05
748,3.4180667400360107,1497.0001166316772,6649.6870057582855,9.579216843279377e-05
749,3.4554853439331055,1499.0001166316772,6657.793004751205,9.577666785472995e-05
750,3.3616631031036377,1501.0001166316772,6666.013919591904,9.576114003787526e-05
751,3.5365586280822754,1503.0001166316772,6675.644535541534,9.574558499146935e-05
752,3.4062559604644775,1505.0001166316772,6686.856226444244,9.573000272476809e-05
753,3.4098713397979736,1507.0001166316772,6697.65878868103,9.571439324704353e-05
754,3.1703407764434814,1509.0001166316772,6705.623664140701,9.569875656758394e-05
755,3.493745803833008,1511.0001166316772,6712.370802164078,9.568309269569373e-05
756,3.315169334411621,1513.0001166316772,6722.331761837006,9.566740164069353e-05
757,3.4876201152801514,1515.0001166316772,6733.168690919876,9.565168341192012e-05
758,3.178121566772461,1517.0001166316772,6741.4127695560455,9.563593801872648e-05
759,3.3834540843963623,1519.0001166316772,6751.548877716064,9.562016547048174e-05
760,3.1792638301849365,1521.0001166316772,6761.232244253159,9.560436577657116e-05
761,3.6573853492736816,1523.0001166316772,6768.738891124725,9.558853894639619e-05
762,3.2020320892333984,1525.0001166316772,6775.260350227356,9.557268498937443e-05
763,3.271554946899414,1527.0001166316772,6784.430074930191,9.555680391493957e-05
764,3.4777634143829346,1529.0001166316772,6791.714159011841,9.554089573254148e-05
765,3.3828983306884766,1531.0001166316772,6800.868843793869,9.552496045164618e-05
766,3.3898301124572754,1533.0001166316772,6810.055739402771,9.550899808173576e-05
767,3.207919120788574,1535.0001166316772,6816.80323266983,9.549300863230847e-05
768,3.407655715942383,1537.0001166316772,6824.310426473618,9.547699211287863e-05
769,3.3366622924804688,1539.0001166316772,6832.897213459015,9.546094853297673e-05
770,3.669034481048584,1541.0001166316772,6841.842666149139,9.54448779021493e-05
771,3.2012112140655518,1543.0001166316772,6849.45277094841,9.542878022995903e-05
772,3.3538379669189453,1545.0001166316772,6859.584833145142,9.541265552598464e-05
773,3.466050148010254,1547.0001166316772,6867.552985906601,9.539650379982095e-05
774,3.38946270942688,1549.0001166316772,6877.151728630066,9.538032506107891e-05
775,3.322800397872925,1551.0001166316772,6886.414377689362,9.536411931938546e-05
776,3.308318614959717,1553.0001166316772,6896.109153270721,9.534788658438366e-05
777,3.065530776977539,1555.0001166316772,6905.485587835312,9.533162686573265e-05
778,3.5003437995910645,1557.0001166316772,6914.40322804451,9.531534017310757e-05
779,3.169764280319214,1559.0001166316772,6923.55167222023,9.529902651619966e-05
780,3.2058448791503906,1561.0001166316772,6930.939538002014,9.528268590471616e-05
781,3.2832939624786377,1563.0001166316772,6938.031814813614,9.52663183483804e-05
782,3.265472888946533,1565.0001166316772,6948.162697792053,9.52499238569317e-05
783,3.5507442951202393,1567.0001166316772,6957.738188266754,9.523350244012544e-05
784,3.0052261352539062,1569.0001166316772,6966.359869718552,9.521705410773298e-05
785,3.401663303375244,1571.0001166316772,6973.880653142929,9.520057886954175e-05
786,3.337223768234253,1573.0001166316772,6982.276556253433,9.518407673535513e-05
787,3.0878539085388184,1575.0001166316772,6991.850481033325,9.516754771499257e-05
788,3.351099967956543,1577.0001166316772,7000.421127080917,9.515099181828948e-05
789,3.5745291709899902,1579.0001166316772,7009.961854219437,9.513440905509725e-05
790,3.4514355659484863,1581.0001166316772,7017.483673095703,9.511779943528328e-05
791,3.1870293617248535,1583.0001166316772,7022.642832994461,9.510116296873094e-05
792,3.3800430297851562,1585.0001166316772,7030.469262599945,9.50844996653396e-05
793,3.4744601249694824,1587.0001166316772,7041.672935247421,9.506780953502454e-05
794,3.2475242614746094,1589.0001166316772,7052.848074674606,9.505109258771707e-05
795,3.392301559448242,1591.0001166316772,7063.656470537186,9.503434883336443e-05
796,3.1871020793914795,1593.0001166316772,7074.8387858867645,9.501757828192979e-05
797,3.3161423206329346,1595.0001166316772,7084.543428182602,9.50007809433923e-05
798,3.256770610809326,1597.0001166316772,7093.794155359268,9.498395682774703e-05
799,3.3685996532440186,1599.0001166316772,7104.944297790527,9.496710594500498e-05
800,3.0682575702667236,1601.0001166316772,7116.035779714584,9.49502283051931e-05
801,3.241577625274658,1603.0001166316772,7123.739122867584,9.493332391835425e-05
802,3.3200480937957764,1605.0001166316772,7133.147041320801,9.491639279454718e-05
803,3.4346885681152344,1607.0001166316772,7142.7514295578,9.489943494384656e-05
804,3.445324420928955,1609.0001166316772,7151.3824417591095,9.488245037634304e-05
805,3.291060447692871,1611.0001166316772,7159.575578451157,9.486543910214303e-05
806,3.3371002674102783,1613.0001166316772,7169.203204631805,9.484840113136895e-05
807,3.3410511016845703,1615.0001166316772,7177.638128042221,9.483133647415903e-05
808,3.2433557510375977,1617.0001166316772,7188.805553197861,9.481424514066743e-05
809,3.0043373107910156,1619.0001166316772,7195.904169082642,9.479712714106416e-05
810,3.4466614723205566,1621.0001166316772,7206.034598112106,9.47799824855351e-05
811,3.2485947608947754,1623.0001166316772,7215.617428779602,9.476281118428198e-05
812,3.2491137981414795,1625.0001166316772,7225.08281826973,9.47456132475224e-05
813,3.1753742694854736,1627.0001166316772,7231.183880329132,9.472838868548983e-05
814,3.377014636993408,1629.0001166316772,7239.403560161591,9.471113750843352e-05
815,3.452458381652832,1631.0001166316772,7250.563195943832,9.469385972661861e-05
816,3.235316753387451,1633.0001166316772,7258.547850370407,9.467655535032608e-05
817,3.2809481620788574,1635.0001166316772,7269.228221654892,9.465922438985269e-05
818,3.4132561683654785,1637.0001166316772,7276.9172649383545,9.464186685551104e-05
819,3.508305072784424,1639.0001166316772,7284.622502088547,9.462448275762953e-05
820,3.1010279655456543,1641.0001166316772,7292.543272256851,9.460707210655242e-05
821,3.2907161712646484,1643.0001166316772,7302.296994447708,9.458963491263971e-05
822,3.3334875106811523,1645.0001166316772,7310.768638134003,9.457217118626718e-05
823,3.174377918243408,1647.0001166316772,7319.544900894165,9.455468093782647e-05
824,3.406524896621704,1649.0001166316772,7330.57946228981,9.453716417772496e-05
825,3.174065589904785,1651.0001166316772,7339.860356092453,9.451962091638579e-05
826,3.4455530643463135,1653.0001166316772,7349.338315486908,9.45020511642479e-05
827,3.3935670852661133,1655.0001166316772,7356.878603696823,9.448445493176596e-05
828,3.1859631538391113,1657.0001166316772,7368.018436431885,9.446683222941047e-05
829,3.0886967182159424,1659.0001166316772,7376.626258611679,9.444918306766756e-05
830,3.1064577102661133,1661.0001166316772,7387.831301689148,9.443150745703922e-05
831,3.223693370819092,1663.0001166316772,7396.885660171509,9.441380540804311e-05
832,3.3526015281677246,1665.0001166316772,7405.858726024628,9.439607693121266e-05
833,3.1130287647247314,1667.0001166316772,7416.918629169464,9.437832203709698e-05
834,3.516317367553711,1669.0001166316772,7423.674355983734,9.436054073626095e-05
835,3.269461154937744,1671.0001166316772,7433.0900337696075,9.434273303928513e-05
836,3.179309129714966,1673.0001166316772,7443.763910531998,9.43248989567658e-05
837,3.3317999839782715,1675.0001166316772,7453.846137046814,9.430703849931495e-05
838,3.258477210998535,1677.0001166316772,7461.884073495865,9.428915167756022e-05
839,3.116732358932495,1679.0001166316772,7471.94322514534,9.4271238502145e-05
840,3.137436628341675,1681.0001166316772,7480.246654987335,9.42532989837283e-05
841,3.184199810028076,1683.0001166316772,7491.41237950325,9.423533313298488e-05
842,2.9214658737182617,1685.0001166316772,7498.674896478653,9.42173409606051e-05
843,3.122340679168701,1687.0001166316772,7507.88435292244,9.4199322477295e-05
844,3.2212657928466797,1689.0001166316772,7519.081756830215,9.418127769377627e-05
845,3.3197147846221924,1691.0001166316772,7530.255687952042,9.416320662078632e-05
846,3.2081973552703857,1693.0001166316772,7538.8427975177765,9.414510926907808e-05
847,3.299551248550415,1695.0001166316772,7545.54079413414,9.412698564942024e-05
848,2.974168062210083,1697.0001166316772,7552.760267734528,9.4108835772597e-05
849,3.3539037704467773,1699.0001166316772,7561.2049770355225,9.40906596494083e-05
850,3.0780622959136963,1701.0001166316772,7571.278997421265,9.407245729066964e-05
851,3.1915283203125,1703.0001166316772,7577.285294294357,9.40542287072121e-05
852,3.201101779937744,1705.0001166316772,7587.276828289032,9.403597390988244e-05
853,3.237820625305176,1707.0001166316772,7596.077866792679,9.401769290954295e-05
854,3.347465753555298,1709.0001166316772,7603.442610502243,9.399938571707157e-05
855,3.1278493404388428,1711.0001166316772,7612.4687922000885,9.398105234336179e-05
856,3.2248940467834473,1713.0001166316772,7622.196582794189,9.396269279932265e-05
858,3.3806910514831543,1717.0001166316772,7641.51837348938,9.392589524397057e-05
859,3.120802402496338,1719.0001166316772,7651.026129484177,9.390745725455358e-05
860,3.4116997718811035,1721.0001166316772,7660.116981983185,9.388899313859921e-05
861,3.0887820720672607,1723.0001166316772,7671.290572404861,9.387050290709435e-05
862,3.2175559997558594,1725.0001166316772,7678.1775324344635,9.385198657104141e-05
863,3.031240224838257,1727.0001166316772,7685.310980319977,9.383344414145832e-05
864,3.192328691482544,1729.0001166316772,7692.034618139267,9.381487562937854e-05
865,3.211305856704712,1731.0001166316772,7702.836667537689,9.37962810458511e-05
866,3.4014687538146973,1733.0001166316772,7710.942587614059,9.377766040194048e-05
867,3.1284267902374268,1735.0001166316772,7719.1679747104645,9.37590137087267e-05
868,2.902632713317871,1737.0001166316772,7728.986766815186,9.374034097730526e-05
869,3.1034433841705322,1739.0001166316772,7739.282356023788,9.372164221878718e-05
870,3.2623543739318848,1741.0001166316772,7746.881723403931,9.370291744429895e-05
871,3.394990921020508,1743.0001166316772,7758.036092996597,9.368416666498252e-05
872,3.393922805786133,1745.0001166316772,7765.4902086257935,9.366538989199539e-05
873,3.1458628177642822,1747.0001166316772,7774.622073888779,9.364658713651044e-05
874,3.071394920349121,1749.0001166316772,7781.8497495651245,9.362775840971604e-05
875,3.1165974140167236,1751.0001166316772,7792.724566936493,9.360890372281604e-05
876,3.0935850143432617,1753.0001166316772,7801.163340806961,9.35900230870297e-05
877,3.3589813709259033,1755.0001166316772,7810.993674039841,9.357111651359175e-05
878,3.2305238246917725,1757.0001166316772,7819.405665397644,9.355218401375234e-05
879,3.1803290843963623,1759.0001166316772,7829.616194725037,9.353322559877705e-05
880,3.2851645946502686,1761.0001166316772,7837.181106805801,9.351424127994687e-05
881,3.098696708679199,1763.0001166316772,7846.299068689346,9.349523106855823e-05
882,3.159682035446167,1765.0001166316772,7857.478935956955,9.347619497592292e-05
883,3.0530691146850586,1767.0001166316772,7867.078949689865,9.345713301336819e-05
884,3.1247329711914062,1769.0001166316772,7874.698480844498,9.343804519223665e-05
885,3.136552333831787,1771.0001166316772,7885.893012523651,9.341893152388629e-05
886,3.3352251052856445,1773.0001166316772,7894.835711956024,9.339979201969049e-05
887,3.224907875061035,1775.0001166316772,7905.80410528183,9.3380626691038e-05
888,3.203214645385742,1777.0001166316772,7911.989471435547,9.336143554933297e-05
889,3.099838972091675,1779.0001166316772,7920.15913105011,9.334221860599487e-05
890,3.1708390712738037,1781.0001166316772,7929.425397396088,9.332297587245851e-05
891,3.4055380821228027,1783.0001166316772,7936.902717828751,9.330370736017408e-05
892,3.1915640830993652,1785.0001166316772,7946.610167503357,9.328441308060712e-05
893,3.3156137466430664,1787.0001166316772,7956.296844959259,9.326509304523846e-05
894,3.242644786834717,1789.0001166316772,7964.435273885727,9.324574726556428e-05
895,3.2556629180908203,1791.0001166316772,7974.482184410095,9.32263757530961e-05
896,3.116405963897705,1793.0001166316772,7983.318429708481,9.320697851936069e-05
897,3.2670748233795166,1795.0001166316772,7991.132001876831,9.318755557590019e-05
898,3.1936392784118652,1797.0001166316772,8000.780782222748,9.3168106934272e-05
899,3.0971639156341553,1799.0001166316772,8009.286492586136,9.314863260604883e-05
900,3.1254472732543945,1801.0001166316772,8014.838537693024,9.312913260281865e-05
901,3.03436541557312,1803.0001166316772,8026.008979320526,9.310960693618476e-05
902,3.1967267990112305,1805.0001166316772,8036.204541683197,9.309005561776569e-05
903,3.3291726112365723,1807.0001166316772,8046.673081874847,9.307047865919521e-05
904,3.081012725830078,1809.0001166316772,8055.162826299667,9.305087607212241e-05
905,3.0112390518188477,1811.0001166316772,8064.111014127731,9.303124786821156e-05
906,2.955023765563965,1813.0001166316772,8073.8665516376495,9.301159405914225e-05
907,3.162917137145996,1815.0001166316772,8084.351553678513,9.299191465660923e-05
908,3.1894710063934326,1817.0001166316772,8090.261168479919,9.297220967232254e-05
909,2.9718501567840576,1819.0001166316772,8100.2739198207855,9.295247911800742e-05
910,3.176966667175293,1821.0001166316772,8111.251701116562,9.29327230054043e-05
911,3.3856892585754395,1823.0001166316772,8119.069406032562,9.291294134626886e-05
912,3.026066303253174,1825.0001166316772,8124.97567820549,9.289313415237196e-05
913,3.004021644592285,1827.0001166316772,8131.856511831284,9.287330143549964e-05
914,2.952692747116089,1829.0001166316772,8140.679114818573,9.285344320745316e-05
915,3.1407742500305176,1831.0001166316772,8150.312360525131,9.283355948004893e-05
916,3.180666923522949,1833.0001166316772,8158.9574275016785,9.281365026511856e-05
917,2.9268598556518555,1835.0001166316772,8166.35676407814,9.27937155745088e-05
918,3.1834049224853516,1837.0001166316772,8173.812593460083,9.277375542008159e-05
919,3.2773847579956055,1839.0001166316772,8184.99233007431,9.275376981371398e-05
920,3.0268332958221436,1841.0001166316772,8191.317069768906,9.27337587672982e-05
921,2.9857630729675293,1843.0001166316772,8199.773324012756,9.271372229274161e-05
922,3.1275792121887207,1845.0001166316772,8210.59665966034,9.26936604019667e-05
923,3.08986496925354,1847.0001166316772,8219.909201145172,9.267357310691106e-05
924,2.9378488063812256,1849.0001166316772,8227.288496732712,9.265346041952744e-05
925,3.236065149307251,1851.0001166316772,8234.53576374054,9.263332235178366e-05
926,3.3622498512268066,1853.0001166316772,8242.045478582382,9.261315891566267e-05
927,3.0026726722717285,1855.0001166316772,8249.601039648056,9.259297012316248e-05
928,3.2005648612976074,1857.0001166316772,8257.01525425911,9.257275598629626e-05
929,2.9590163230895996,1859.0001166316772,8264.581637382507,9.255251651709218e-05
930,3.1092476844787598,1861.0001166316772,8275.759685516357,9.253225172759351e-05
931,2.8314390182495117,1863.0001166316772,8281.848081827164,9.251196162985861e-05
932,3.182694911956787,1865.0001166316772,8291.39827823639,9.249164623596087e-05
933,2.9699602127075195,1867.0001166316772,8299.493243217468,9.247130555798876e-05
934,3.2255301475524902,1869.0001166316772,8310.670649766922,9.245093960804577e-05
935,3.0322930812835693,1871.0001166316772,8319.945015907288,9.243054839825044e-05
936,2.974837064743042,1873.0001166316772,8329.50148487091,9.241013194073635e-05
937,3.013153076171875,1875.0001166316772,8339.119541883469,9.238969024765207e-05
938,3.042604684829712,1877.0001166316772,8345.606246232986,9.236922333116122e-05
939,3.100111246109009,1879.0001166316772,8353.14450454712,9.234873120344242e-05
940,3.032780647277832,1881.0001166316772,8359.60034751892,9.232821387668927e-05
941,3.3030312061309814,1883.0001166316772,8369.139975309372,9.230767136311039e-05
942,2.9147472381591797,1885.0001166316772,8380.30902147293,9.22871036749294e-05
943,3.01222562789917,1887.0001166316772,8391.50174856186,9.226651082438487e-05
944,2.9431943893432617,1889.0001166316772,8399.834793806076,9.224589282373033e-05
945,2.917116641998291,1891.0001166316772,8409.600818157196,9.222524968523433e-05
946,2.935466766357422,1893.0001166316772,8416.731820821762,9.220458142118033e-05
947,3.0533266067504883,1895.0001166316772,8426.761306524277,9.218388804386676e-05
948,3.1458983421325684,1897.0001166316772,8436.551446914673,9.216316956560698e-05
949,2.9804625511169434,1899.0001166316772,8442.273004055023,9.21424259987293e-05
950,3.138664960861206,1901.0001166316772,8451.040915727615,9.212165735557698e-05
951,2.8612475395202637,1903.0001166316772,8460.80853509903,9.210086364850813e-05
952,3.074690818786621,1905.0001166316772,8469.992999315262,9.208004488989586e-05
953,3.032299518585205,1907.0001166316772,8479.34316110611,9.205920109212812e-05
954,2.901995897293091,1909.0001166316772,8484.643731355667,9.20383322676078e-05
955,3.0461392402648926,1911.0001166316772,8494.2700715065,9.201743842875268e-05
956,2.9664440155029297,1913.0001166316772,8505.164616823196,9.199651958799537e-05
957,3.195403575897217,1915.0001166316772,8514.368339776993,9.197557575778344e-05
958,2.9845070838928223,1917.0001166316772,8524.691421747208,9.195460695057927e-05
959,3.0751872062683105,1919.0001166316772,8535.832277297974,9.193361317886013e-05
960,3.0380442142486572,1921.0001166316772,8544.277395963669,9.191259445511813e-05
961,3.086337089538574,1923.0001166316772,8553.817078113556,9.189155079186023e-05
962,3.1176843643188477,1925.0001166316772,8564.997287034988,9.187048220160826e-05
963,2.985369920730591,1927.0001166316772,8574.480802297592,9.184938869689881e-05
964,3.1023623943328857,1929.0001166316772,8583.967577695847,9.182827029028339e-05
965,3.0533556938171387,1931.0001166316772,8592.024362325668,9.180712699432824e-05
966,2.9920566082000732,1933.0001166316772,8598.932195186615,9.178595882161447e-05
967,3.0172603130340576,1935.0001166316772,8606.554525852203,9.176476578473797e-05
968,3.072355270385742,1937.0001166316772,8614.511160373688,9.174354789630944e-05
969,3.0158939361572266,1939.0001166316772,8623.510165929794,9.172230516895433e-05
970,3.0701050758361816,1941.0001166316772,8632.51507472992,9.170103761531288e-05
971,2.983025312423706,1943.0001166316772,8641.498979091644,9.167974524804016e-05
972,2.9863078594207764,1945.0001166316772,8647.976447343826,9.165842807980595e-05
973,3.063446044921875,1947.0001166316772,8657.306126832962,9.163708612329477e-05
974,3.0603740215301514,1949.0001166316772,8667.594494819641,9.161571939120594e-05
975,3.153801918029785,1951.0001166316772,8674.994703531265,9.159432789625353e-05
976,2.911940574645996,1953.0001166316772,8682.713664531708,9.157291165116627e-05
977,2.969879627227783,1955.0001166316772,8692.400014162064,9.155147066868769e-05
978,2.955216407775879,1957.0001166316772,8702.67145061493,9.153000496157602e-05
979,2.934792995452881,1959.0001166316772,8711.6439473629,9.150851454260417e-05
980,3.139906406402588,1961.0001166316772,8719.022612333298,9.148699942455982e-05
981,3.0768799781799316,1963.0001166316772,8728.021677970886,9.146545962024526e-05
982,3.100395441055298,1965.0001166316772,8738.18468785286,9.144389514247756e-05
983,3.151139736175537,1967.0001166316772,8746.824318408966,9.142230600408841e-05
984,3.122281551361084,1969.0001166316772,8757.601823568344,9.140069221792419e-05
985,2.9032580852508545,1971.0001166316772,8768.003274440765,9.137905379684593e-05
986,3.1099820137023926,1973.0001166316772,8775.26492357254,9.13573907537294e-05
987,3.1115105152130127,1975.0001166316772,8785.427500963211,9.133570310146489e-05
988,2.786928176879883,1977.0001166316772,8793.740756750107,9.131399085295745e-05
989,3.0877461433410645,1979.0001166316772,8803.49771475792,9.129225402112668e-05
990,3.012061834335327,1981.0001166316772,8814.65982246399,9.127049261890687e-05
991,2.827324628829956,1983.0001166316772,8824.105756044388,9.124870665924692e-05
992,3.1214449405670166,1985.0001166316772,8832.27885389328,9.122689615511028e-05
993,3.0085196495056152,1987.0001166316772,8841.887862682343,9.120506111947511e-05
994,3.1145119667053223,1989.0001166316772,8849.93037867546,9.118320156533408e-05
995,2.7230234146118164,1991.0001166316772,8858.740825176239,9.116131750569448e-05
996,2.802889823913574,1993.0001166316772,8867.895934581757,9.113940895357822e-05
997,3.130500555038452,1995.0001166316772,8878.23183465004,9.111747592202168e-05
998,2.7772836685180664,1997.0001166316772,8884.382286548615,9.109551842407592e-05
999,3.1128809452056885,1999.0001166316772,8891.669848918915,9.10735364728065e-05
1000,3.1192431449890137,2001.0001166316772,8901.044414758682,9.105153008129354e-05
1001,3.1041154861450195,2003.0001166316772,8912.2211830616,9.102949926263171e-05
1002,2.9781103134155273,2005.0001166316772,8923.437634706497,9.10074440299302e-05
1003,3.0070204734802246,2007.0001166316772,8932.117913246155,9.098536439631276e-05
1004,2.8320648670196533,2009.0001166316772,8941.580269575119,9.096326037491761e-05
1005,2.8679966926574707,2011.0001166316772,8951.153486251831,9.09411319788975e-05
1006,2.9524614810943604,2013.0001166316772,8960.782784938812,9.091897922141973e-05
1007,2.996080160140991,2015.0001166316772,8971.968281507492,9.089680211566603e-05
1008,2.9649438858032227,2017.0001166316772,8979.676798820496,9.087460067483265e-05
1009,2.8879919052124023,2019.0001166316772,8990.83907699585,9.085237491213034e-05
1010,3.0560712814331055,2021.0001166316772,8998.51922249794,9.083012484078427e-05
1011,3.0389633178710938,2023.0001166316772,9005.611006975174,9.08078504740341e-05
1012,3.054297924041748,2025.0001166316772,9014.303485155106,9.078555182513399e-05
1013,2.885066509246826,2027.0001166316772,9021.18259525299,9.076322890735246e-05
1014,3.098212718963623,2029.0001166316772,9029.163758516312,9.074088173397255e-05
1015,2.7121331691741943,2031.0001166316772,9037.116559743881,9.07185103182917e-05
1016,2.921020984649658,2033.0001166316772,9046.411861658096,9.069611467362177e-05
1017,2.9275474548339844,2035.0001166316772,9054.279618263245,9.067369481328906e-05
1018,2.8965539932250977,2037.0001166316772,9063.360032558441,9.065125075063427e-05
1019,2.9839653968811035,2039.0001166316772,9070.359541416168,9.062878249901246e-05
1020,2.881446361541748,2041.0001166316772,9078.473595142365,9.060629007179313e-05
1021,2.8856041431427,2043.0001166316772,9086.405505657196,9.058377348236019e-05
1022,2.982306957244873,2045.0001166316772,9097.430456399918,9.056123274411187e-05
1023,2.812095880508423,2047.0001166316772,9106.188745975494,9.053866787046078e-05
1024,2.7438454627990723,2049.000116631677,9117.34679222107,9.051607887483391e-05
1025,2.8027470111846924,2051.000116631677,9125.81687092781,9.04934657706726e-05
1026,2.6144652366638184,2053.000116631677,9132.583528757095,9.047082857143254e-05
1027,2.9304866790771484,2055.000116631677,9142.170639514923,9.044816729058374e-05
1028,3.0094056129455566,2057.000116631677,9150.474658966064,9.042548194161056e-05
1029,2.718942642211914,2059.000116631677,9159.865332603455,9.040277253801166e-05
1030,2.9208412170410156,2061.000116631677,9170.065726041794,9.038003909330002e-05
1031,2.748089075088501,2063.000116631677,9181.234758615494,9.035728162100296e-05
1032,2.9110403060913086,2065.000116631677,9188.743057250977,9.033450013466202e-05
1033,2.9120755195617676,2067.000116631677,9198.498034238815,9.031169464783312e-05
1034,2.6377291679382324,2069.000116631677,9209.42378282547,9.028886517408639e-05
1035,3.047476053237915,2071.000116631677,9217.757422208786,9.026601172700625e-05
1036,2.8323051929473877,2073.000116631677,9227.78223991394,9.024313432019145e-05
1037,3.0122289657592773,2075.000116631677,9236.062118768692,9.022023296725489e-05
1038,2.9931130409240723,2077.000116631677,9245.773394346237,9.01973076818238e-05
1039,2.802492380142212,2079.000116631677,9253.844667434692,9.017435847753961e-05
1040,2.911576509475708,2081.000116631677,9263.012856721878,9.015138536805799e-05
1041,3.023085594177246,2083.000116631677,9271.63998556137,9.012838836704886e-05
1042,2.8503429889678955,2085.000116631677,9279.034091472626,9.010536748819633e-05
1043,2.750217914581299,2087.000116631677,9287.009297132492,9.00823227451987e-05
1044,3.1281654834747314,2089.000116631677,9298.210817098618,9.005925415176852e-05
1045,2.8764467239379883,2091.000116631677,9308.386379003525,9.00361617216325e-05
1046,2.8734331130981445,2093.000116631677,9318.093811511993,9.001304546853155e-05
1047,2.92983078956604,2095.000116631677,9325.759433984756,8.998990540622071e-05
1048,2.942882537841797,2097.000116631677,9333.95228266716,8.996674154846926e-05
1049,3.045037031173706,2099.000116631677,9341.776262283325,8.99435539090606e-05
1050,2.830005407333374,2101.000116631677,9350.928971529007,8.992034250179227e-05
1051,2.924645185470581,2103.000116631677,9362.104374170303,8.989710734047597e-05
1052,2.9203200340270996,2105.000116631677,9371.609552621841,8.987384843893753e-05
1053,2.9998433589935303,2107.000116631677,9381.250615596771,8.985056581101691e-05
1054,2.644428253173828,2109.000116631677,9392.425704956055,8.982725947056817e-05
1055,2.8358261585235596,2111.000116631677,9401.576333284378,8.980392943145954e-05
1056,2.9345436096191406,2113.000116631677,9408.542829036713,8.978057570757325e-05
1057,2.985058069229126,2115.000116631677,9419.733461141586,8.975719831280571e-05
1058,2.7808074951171875,2117.000116631677,9430.915827989578,8.973379726106739e-05
1059,2.9147815704345703,2119.000116631677,9441.922861337662,8.971037256628282e-05
1060,2.912273645401001,2121.000116631677,9451.435136556625,8.968692424239061e-05
1061,2.869335174560547,2123.000116631677,9458.720723628998,8.966345230334345e-05
1062,2.9775309562683105,2125.000116631677,9467.771663427353,8.963995676310803e-05
1063,2.8280656337738037,2127.000116631677,9478.966901302338,8.961643763566514e-05
1064,2.8916025161743164,2129.000116631677,9487.383421182632,8.959289493500957e-05
1065,2.688175678253174,2131.000116631677,9495.078659534454,8.956932867515016e-05
1066,2.841564178466797,2133.000116631677,9502.561887979507,8.954573887010976e-05
1067,2.78019642829895,2135.000116631677,9513.713592290878,8.952212553392522e-05
1068,3.092957019805908,2137.000116631677,9523.175159692764,8.949848868064738e-05
1069,2.8327465057373047,2139.000116631677,9531.8347427845,8.947482832434113e-05
1070,2.8270511627197266,2141.000116631677,9543.03867983818,8.945114447908528e-05
1071,2.744887351989746,2143.000116631677,9550.528799057007,8.942743715897266e-05
1072,2.888803720474243,2145.000116631677,9557.363614797592,8.940370637811006e-05
1073,2.7559285163879395,2147.000116631677,9566.123281002045,8.937995215061821e-05
1074,2.892610549926758,2149.000116631677,9576.651109457016,8.935617449063181e-05
1075,2.685237407684326,2151.000116631677,9585.364319324493,8.93323734122995e-05
1076,2.92535400390625,2153.000116631677,9595.87018084526,8.930854892978385e-05
1077,2.795095682144165,2155.000116631677,9604.12799024582,8.928470105726136e-05
1078,2.854895830154419,2157.000116631677,9610.453393220901,8.926082980892246e-05
1079,2.959303140640259,2159.000116631677,9620.867200613022,8.923693519897146e-05
1080,2.8592801094055176,2161.000116631677,9629.497884273529,8.921301724162658e-05
1081,2.961730718612671,2163.000116631677,9640.671617746353,8.918907595111998e-05
1082,2.8090765476226807,2165.000116631677,9648.741319656372,8.916511134169764e-05
1083,2.664759635925293,2167.000116631677,9659.925012588501,8.914112342761945e-05
1084,2.845553398132324,2169.000116631677,9668.614366054535,8.911711222315913e-05
1085,3.0307440757751465,2171.000116631677,9678.172114133835,8.909307774260433e-05
1086,3.069885730743408,2173.000116631677,9689.357533693314,8.906902000025647e-05
1087,3.1087112426757812,2175.000116631677,9699.667376279831,8.904493901043089e-05
1088,2.6636157035827637,2177.000116631677,9704.875545978546,8.902083478745667e-05
1089,2.8562119007110596,2179.000116631677,9716.084017038345,8.899670734567681e-05
1090,2.876842498779297,2181.000116631677,9722.627353668213,8.897255669944806e-05
1091,3.0641369819641113,2183.000116631677,9732.662320613861,8.894838286314099e-05
1092,2.840146541595459,2185.000116631677,9741.124377012253,8.892418585114001e-05
1093,2.5886330604553223,2187.000116631677,9749.439457893372,8.889996567784329e-05
1094,2.769937038421631,2189.000116631677,9757.746357917786,8.887572235766275e-05
1095,2.7432141304016113,2191.000116631677,9767.493462562561,8.885145590502412e-05
1096,2.692795991897583,2193.000116631677,9773.609319448471,8.882716633436692e-05
1097,2.8111894130706787,2195.000116631677,9779.900725603104,8.880285366014436e-05
1098,2.7789669036865234,2197.000116631677,9788.508573055267,8.877851789682347e-05
1099,2.746516466140747,2199.000116631677,9794.49226307869,8.875415905888494e-05
1100,2.997628688812256,2201.000116631677,9803.21078324318,8.872977716082327e-05
1101,3.0190865993499756,2203.000116631677,9812.245353937149,8.870537221714663e-05
1102,2.86116361618042,2205.000116631677,9822.879395961761,8.86809442423769e-05
1103,2.776719570159912,2207.000116631677,9830.154275894165,8.865649325104972e-05
1104,2.872448444366455,2209.000116631677,9840.669761419296,8.863201925771433e-05
1105,2.786365509033203,2211.000116631677,9848.033916711807,8.860752227693378e-05
1106,2.856682777404785,2213.000116631677,9853.22120976448,8.85830023232847e-05
1107,2.6673150062561035,2215.000116631677,9861.465321063995,8.85584594113574e-05
1108,2.9387104511260986,2217.000116631677,9869.852333307266,8.853389355575592e-05
1109,2.7460923194885254,2219.000116631677,9876.60228562355,8.850930477109787e-05
1110,2.691927909851074,2221.000116631677,9883.32531285286,8.848469307201455e-05
1111,2.958125352859497,2223.000116631677,9892.8480656147,8.84600584731509e-05
1112,2.9535250663757324,2225.000116631677,9902.204129934311,8.843540098916545e-05
1113,2.8307418823242188,2227.000116631677,9909.528939008713,8.841072063473039e-05
1114,2.6909127235412598,2229.000116631677,9917.754555225372,8.838601742453147e-05
1115,2.7781763076782227,2231.000116631677,9924.66560125351,8.83612913732681e-05
1116,2.8350167274475098,2233.000116631677,9933.33136177063,8.83365424956532e-05
1117,2.8221335411071777,2235.000116631677,9941.19986796379,8.831177080641338e-05
1118,2.7302513122558594,2237.000116631677,9947.018245697021,8.828697632028874e-05
1119,2.656895875930786,2239.000116631677,9958.157766103745,8.826215905203295e-05
1120,2.8860278129577637,2241.000116631677,9965.934861898422,8.823731901641328e-05
1121,2.805361270904541,2243.000116631677,9975.727983951569,8.821245622821051e-05
1122,2.558851480484009,2245.000116631677,9985.138233423233,8.818757070221899e-05
1123,2.8456943035125732,2247.000116631677,9993.810003757477,8.816266245324658e-05
1124,2.6607625484466553,2249.000116631677,9999.566819190979,8.813773149611464e-05
1125,2.786893844604492,2251.000116631677,10010.047523736954,8.81127778456581e-05
1126,2.8316776752471924,2253.000116631677,10017.717650175095,8.808780151672533e-05
1127,2.674664258956909,2255.000116631677,10027.972332000732,8.806280252417824e-05
1128,3.024824619293213,2257.000116631677,10039.14955163002,8.803778088289219e-05
1129,2.6957285404205322,2259.000116631677,10048.552634239197,8.801273660775606e-05
1130,2.843087911605835,2261.000116631677,10056.484116077423,8.798766971367217e-05
1131,2.6825172901153564,2263.000116631677,10063.87781214714,8.796258021555629e-05
1132,2.917834758758545,2265.000116631677,10073.240761995316,8.793746812833767e-05
1133,2.9125657081604004,2267.000116631677,10082.024179697037,8.791233346695897e-05
1134,2.8657474517822266,2269.000116631677,10091.305477380753,8.78871762463763e-05
1135,2.8276138305664062,2271.000116631677,10098.338851690292,8.78619964815592e-05
1136,2.603977680206299,2273.000116631677,10107.754663467407,8.783679418749062e-05
1137,2.6053481101989746,2275.000116631677,10118.952044963837,8.78115693791669e-05
1138,2.8747291564941406,2277.000116631677,10127.555121183395,8.77863220715978e-05
1139,2.6573076248168945,2279.000116631677,10135.394125461578,8.776105227980645e-05
1140,2.737271785736084,2281.000116631677,10143.491144657135,8.773576001882936e-05
1141,2.7591142654418945,2283.000116631677,10150.353028297424,8.771044530371643e-05
1142,2.6847429275512695,2285.000116631677,10158.553208112717,8.768510814953087e-05
1143,2.8845927715301514,2287.000116631677,10167.734500408173,8.765974857134934e-05
1144,2.525641679763794,2289.000116631677,10176.740064620972,8.763436658426175e-05
1145,2.7961835861206055,2291.000116631677,10185.887164115906,8.760896220337133e-05
1146,2.7058892250061035,2293.000116631677,10194.249799251556,8.758353544379476e-05
1147,2.669116973876953,2295.000116631677,10202.90165567398,8.755808632066193e-05
1148,2.7969813346862793,2297.000116631677,10212.54664349556,8.753261484911605e-05
1149,2.725339412689209,2299.000116631677,10221.686879873276,8.750712104431365e-05
1150,2.645310401916504,2301.000116631677,10230.117193460464,8.748160492142454e-05
1151,2.896907329559326,2303.000116631677,10241.283977508545,8.745606649563183e-05
1152,2.769489288330078,2305.000116631677,10248.836776018143,8.743050578213187e-05
1153,2.8080801963806152,2307.000116631677,10257.461256504059,8.740492279613427e-05
1154,2.6643521785736084,2309.000116631677,10266.854062318802,8.737931755286193e-05
1155,2.617616653442383,2311.000116631677,10275.231627225876,8.735369006755095e-05
1156,2.757594108581543,2313.000116631677,10284.401774644852,8.732804035545074e-05
1157,2.6987314224243164,2315.000116631677,10294.170791387558,8.730236843182381e-05
1158,2.4649696350097656,2317.000116631677,10301.186470031738,8.727667431194601e-05
1159,2.915189743041992,2319.000116631677,10310.33337187767,8.725095801110634e-05
1160,2.701378345489502,2321.000116631677,10319.554787397385,8.722521954460699e-05
1161,2.865814685821533,2323.000116631677,10329.021998405457,8.719945892776336e-05
1162,2.721383571624756,2325.000116631677,10340.2126019001,8.717367617590405e-05
1163,2.6588938236236572,2327.000116631677,10349.403075933456,8.714787130437077e-05
1164,2.798187017440796,2329.000116631677,10357.272314548492,8.712204432851845e-05
1165,2.74373722076416,2331.000116631677,10364.567531108856,8.709619526371516e-05
1166,2.7703137397766113,2333.000116631677,10373.717031002045,8.707032412534208e-05
1167,2.772688388824463,2335.000116631677,10383.105956077576,8.704443092879357e-05
1168,2.8296103477478027,2337.000116631677,10394.279423475266,8.701851568947711e-05
1169,2.697878837585449,2339.000116631677,10401.228907823563,8.699257842281324e-05
1170,2.7306413650512695,2341.000116631677,10410.4183344841,8.696661914423567e-05
1171,2.6165943145751953,2343.000116631677,10416.729206562042,8.694063786919119e-05
1172,2.676738739013672,2345.000116631677,10427.925352096558,8.691463461313968e-05
1173,2.7842164039611816,2347.000116631677,10439.105579853058,8.68886093915541e-05
1174,2.9037883281707764,2349.000116631677,10447.121372461319,8.686256221992045e-05
1175,2.834239959716797,2351.000116631677,10458.28293633461,8.683649311373784e-05
1176,2.823728084564209,2353.000116631677,10467.599686861038,8.681040208851842e-05
1177,2.5842771530151367,2355.000116631677,10476.533661365509,8.678428915978733e-05
1178,2.6135330200195312,2357.000116631677,10484.783269166946,8.675815434308281e-05
1179,2.6829967498779297,2359.000116631677,10494.442531347275,8.67319976539561e-05
1180,2.6290931701660156,2361.000116631677,10500.806396961212,8.670581910797149e-05
1181,2.7102203369140625,2363.000116631677,10509.904267549515,8.667961872070615e-05
1182,2.588658332824707,2365.000116631677,10516.222781181335,8.665339650775043e-05
1183,2.588796854019165,2367.000116631677,10523.240908384323,8.662715248470751e-05
1184,2.5960464477539062,2369.000116631677,10533.031206130981,8.660088666719365e-05
1185,2.6360857486724854,2371.000116631677,10544.173563241959,8.657459907083801e-05
1186,2.6897389888763428,2373.000116631677,10553.73369050026,8.654828971128277e-05
1187,2.8632683753967285,2375.000116631677,10562.900089979172,8.6521958604183e-05
1188,2.831190586090088,2377.000116631677,10570.465979099274,8.649560576520675e-05
1189,2.6528306007385254,2379.000116631677,10579.235074043274,8.6469231210035e-05
1190,2.7450900077819824,2381.000116631677,10587.900977134705,8.644283495436163e-05
1191,2.7291977405548096,2383.000116631677,10598.242636680603,8.641641701389348e-05
1192,2.688278913497925,2385.000116631677,10605.89893078804,8.63899774043502e-05
1193,2.732666492462158,2387.000116631677,10614.99363541603,8.636351614146443e-05
1194,2.61881685256958,2389.000116631677,10626.189139604568,8.633703324098165e-05
1195,2.893080711364746,2391.000116631677,10637.385161876678,8.631052871866024e-05
1196,2.7321274280548096,2393.000116631677,10647.140370607376,8.62840025902714e-05
1197,2.6656227111816406,2395.000116631677,10654.763678789139,8.625745487159923e-05
1198,2.8292832374572754,2397.000116631677,10664.778491020203,8.623088557844066e-05
1199,2.719053268432617,2399.000116631677,10675.519386291504,8.620429472660547e-05
1200,2.791626214981079,2401.000116631677,10686.729661464691,8.617768233191623e-05
1201,2.416515827178955,2403.000116631677,10695.726517915726,8.61510484102084e-05
1202,2.8512535095214844,2405.000116631677,10706.198968410492,8.612439297733018e-05
1203,2.6468915939331055,2407.000116631677,10717.04423046112,8.609771604914257e-05
1204,2.7154340744018555,2409.000116631677,10724.779538869858,8.607101764151944e-05
1205,2.909827947616577,2411.000116631677,10733.702365159988,8.604429777034737e-05
1206,2.5719504356384277,2413.000116631677,10741.157459259033,8.60175564515257e-05
1207,2.673429012298584,2415.000116631677,10752.357672691345,8.59907937009666e-05
1208,2.6431543827056885,2417.000116631677,10761.718075275421,8.596400953459492e-05
1209,2.709652900695801,2419.000116631677,10772.917250871658,8.593720396834833e-05
1210,2.9136247634887695,2421.000116631677,10780.423669338226,8.591037701817714e-05
1211,2.694760799407959,2423.000116631677,10791.47188949585,8.58835287000445e-05
1212,2.84135103225708,2425.000116631677,10802.644870758057,8.585665902992616e-05
1213,2.654538154602051,2427.000116631677,10811.744395256042,8.582976802381064e-05
1214,2.78318452835083,2429.000116631677,10819.271428108215,8.580285569769914e-05
1215,2.734487771987915,2431.000116631677,10830.429224967957,8.577592206760555e-05
1216,2.8675098419189453,2433.000116631677,10840.10355257988,8.574896714955644e-05
1217,2.630178689956665,2435.000116631677,10850.296409606934,8.572199095959102e-05
1218,2.8786392211914062,2437.000116631677,10857.870913028717,8.56949935137612e-05
1219,2.644911527633667,2439.000116631677,10867.287155628204,8.566797482813154e-05
1220,2.577486515045166,2441.000116631677,10874.930166959763,8.564093491877917e-05
1221,2.7382988929748535,2443.000116631677,10884.056579351425,8.561387380179391e-05
1222,2.7577195167541504,2445.000116631677,10893.502405166626,8.55867914932782e-05
1223,2.6964433193206787,2447.000116631677,10901.161888837814,8.555968800934704e-05
1224,2.747044086456299,2449.000116631677,10910.85646700859,8.553256336612811e-05
1225,2.6998581886291504,2451.000116631677,10920.262178897858,8.55054175797616e-05
1226,2.6728148460388184,2453.000116631677,10929.727540016174,8.547825066640034e-05
1227,2.7410478591918945,2455.000116631677,10938.754090070724,8.545106264220968e-05
1228,2.6786386966705322,2457.000116631677,10947.324204444885,8.54238535233676e-05
1229,2.603865623474121,2459.000116631677,10958.50567984581,8.539662332606452e-05
1230,2.6693649291992188,2461.000116631677,10968.068001508713,8.536937206650356e-05
1231,2.741828680038452,2463.000116631677,10977.51995062828,8.534209976090022e-05
1232,2.765944719314575,2465.000116631677,10984.71282172203,8.531480642548263e-05
1233,2.707266330718994,2467.000116631677,10993.811038017273,8.528749207649137e-05
1234,2.7831878662109375,2469.000116631677,11000.642469644547,8.526015673017956e-05
1235,2.6320183277130127,2471.000116631677,11009.306775808334,8.523280040281278e-05
1236,2.462851047515869,2473.000116631677,11020.469370365143,8.520542311066916e-05
1237,2.5938899517059326,2475.000116631677,11028.507589101791,8.517802487003922e-05
1238,2.765934467315674,2477.000116631677,11037.386702299118,8.5150605697226e-05
1239,2.6573238372802734,2479.000116631677,11042.859646320343,8.512316560854498e-05
1240,2.927474021911621,2481.000116631677,11051.719813585281,8.50957046203241e-05
1241,2.88480281829834,2483.000116631677,11062.742063522339,8.506822274890369e-05
1242,2.632132053375244,2485.000116631677,11071.274787664413,8.504072001063657e-05
1243,2.5702805519104004,2487.000116631677,11079.46142578125,8.501319642188793e-05
1244,2.680528163909912,2489.000116631677,11088.65751504898,8.498565199903541e-05
1245,2.639399528503418,2491.000116631677,11096.977560281754,8.495808675846899e-05
1246,2.598362922668457,2493.000116631677,11104.22488451004,8.493050071659108e-05
1247,2.678520441055298,2495.000116631677,11113.33919620514,8.490289388981646e-05
1248,2.523198127746582,2497.000116631677,11123.474175691605,8.487526629457225e-05
1249,2.724860191345215,2499.000116631677,11129.644514799118,8.484761794729798e-05
1250,2.653794288635254,2501.000116631677,11138.904445171356,8.481994886444549e-05
1251,2.601792573928833,2503.000116631677,11149.111536502838,8.479225906247896e-05
1252,2.7524826526641846,2505.000116631677,11158.551051855087,8.476454855787491e-05
1253,2.5234267711639404,2507.000116631677,11167.639649868011,8.473681736712218e-05
1254,2.478569507598877,2509.000116631677,11176.034671783447,8.47090655067219e-05
1255,2.7245748043060303,2511.000116631677,11184.708842039108,8.468129299318752e-05
1256,2.53352427482605,2513.000116631677,11195.879604578018,8.465349984304481e-05
1257,2.62532377243042,2515.000116631677,11203.165330171585,8.462568607283171e-05
1258,2.6250195503234863,2517.000116631677,11212.93801021576,8.459785169909857e-05
1259,2.724656105041504,2519.000116631677,11222.559518814087,8.456999673840788e-05
1260,2.4645090103149414,2521.000116631677,11232.272179603577,8.454212120733448e-05
1261,2.477696418762207,2523.000116631677,11242.818158864975,8.451422512246537e-05
1262,2.4977259635925293,2525.000116631677,11253.179368019104,8.448630850039983e-05
1263,2.8776369094848633,2527.000116631677,11262.491487026215,8.445837135774933e-05
1264,2.618783950805664,2529.000116631677,11271.217607975006,8.443041371113756e-05
1265,2.5036182403564453,2531.000116631677,11279.112433433533,8.440243557720044e-05
1266,2.7529549598693848,2533.000116631677,11287.715212106705,8.437443697258603e-05
1267,2.7263784408569336,2535.000116631677,11298.887885332108,8.43464179139546e-05
1268,2.7997474670410156,2537.000116631677,11308.035692691803,8.431837841797861e-05
1269,2.514455556869507,2539.000116631677,11316.166475772858,8.429031850134262e-05
1270,2.560138702392578,2541.000116631677,11325.317951202393,8.426223818074341e-05
1271,2.7493138313293457,2543.000116631677,11336.504775762558,8.423413747288985e-05
1272,2.6333980560302734,2545.000116631677,11345.951157093048,8.420601639450298e-05
1273,2.6900460720062256,2547.000116631677,11352.921956777573,8.417787496231596e-05
1274,2.843989610671997,2549.000116631677,11362.58984541893,8.414971319307398e-05
1275,2.602513074874878,2551.000116631677,11372.082386732101,8.412153110353445e-05
1276,2.7152116298675537,2553.000116631677,11383.25794506073,8.40933287104668e-05
1277,2.646900177001953,2555.000116631677,11390.169429540634,8.406510603065255e-05
1278,2.732020854949951,2557.000116631677,11399.784864664078,8.403686308088532e-05
1279,2.6288444995880127,2559.000116631677,11410.023910284042,8.400859987797074e-05
1280,2.9614174365997314,2561.000116631677,11418.039525270462,8.398031643872657e-05
1281,2.846986770629883,2563.000116631677,11426.260323047638,8.395201277998253e-05
1282,2.665189504623413,2565.000116631677,11435.089725732803,8.392368891858039e-05
1283,2.6298303604125977,2567.000116631677,11444.604766130447,8.389534487137398e-05
1284,2.443314552307129,2569.000116631677,11450.700773715973,8.386698065522914e-05
1285,2.611940860748291,2571.000116631677,11459.458329200745,8.383859628702364e-05
1287,2.6648736000061035,2575.000116631677,11478.050002098083,8.378176716200199e-05
1288,2.7221791744232178,2577.000116631677,11486.297615528107,8.375332243900138e-05
1289,2.8705673217773438,2579.000116631677,11497.492372274399,8.372485763157123e-05
1290,2.744248151779175,2581.000116631677,11506.59965801239,8.369637275664918e-05
1291,2.657416820526123,2583.000116631677,11515.39467716217,8.36678678311849e-05
1292,2.5367560386657715,2585.000116631677,11524.53859257698,8.36393428721399e-05
1293,2.5967681407928467,2587.000116631677,11533.889760494232,8.361079789648767e-05
1294,2.633223295211792,2589.000116631677,11541.819424152374,8.358223292121357e-05
1295,2.7769951820373535,2591.000116631677,11551.349655628204,8.355364796331488e-05
1296,2.675954580307007,2593.000116631677,11560.836390733719,8.352504303980079e-05
1297,2.5307273864746094,2595.000116631677,11569.528327226639,8.349641816769234e-05
1298,2.5271618366241455,2597.000116631677,11576.919253110886,8.346777336402244e-05
1299,2.8045363426208496,2599.000116631677,11585.358221769333,8.343910864583587e-05
1300,2.4173812866210938,2601.000116631677,11592.727793455124,8.341042403018927e-05
1301,2.6512961387634277,2603.000116631677,11603.925548315048,8.338171953415109e-05
1302,2.5869171619415283,2605.000116631677,11611.951648712158,8.335299517480167e-05
1303,2.5174827575683594,2607.000116631677,11620.447796106339,8.332425096923308e-05
1304,2.8436455726623535,2609.000116631677,11631.193995475769,8.329548693454928e-05
1305,2.6582207679748535,2611.000116631677,11639.17491364479,8.326670308786598e-05
1306,2.526517391204834,2613.000116631677,11650.39638376236,8.32378994463107e-05
1307,2.3666832447052,2615.000116631677,11657.617674827576,8.320907602702275e-05
1308,2.44482421875,2617.000116631677,11666.422639608383,8.318023284715318e-05
1309,2.8365747928619385,2619.000116631677,11677.575950622559,8.31513699238648e-05
1310,2.7885546684265137,2621.000116631677,11685.25807762146,8.312248727433222e-05
1311,2.5323173999786377,2623.000116631677,11692.459797859192,8.30935849157417e-05
1312,2.519923210144043,2625.000116631677,11701.376848697662,8.306466286529128e-05
1313,2.4971022605895996,2627.000116631677,11710.556581735611,8.303572114019074e-05
1314,2.5814146995544434,2629.000116631677,11716.31663274765,8.300675975766153e-05
1315,2.580463409423828,2631.000116631677,11724.626316070557,8.29777787349368e-05
1316,2.52547025680542,2633.000116631677,11734.003677845001,8.29487780892614e-05
1317,2.649078845977783,2635.000116631677,11741.938604354858,8.291975783789183e-05
1318,2.412386417388916,2637.000116631677,11748.448348999023,8.289071799809632e-05
1319,2.489760398864746,2639.000116631677,11759.639924049377,8.286165858715467e-05
1320,2.5084638595581055,2641.000116631677,11769.484172582626,8.283257962235838e-05
1321,2.5865962505340576,2643.000116631677,11776.27049279213,8.280348112101057e-05
1322,2.5771241188049316,2645.000116631677,11786.290807008743,8.277436310042599e-05
1323,2.52664852142334,2647.000116631677,11796.602615356445,8.274522557793102e-05
1324,2.8057284355163574,2649.000116631677,11805.725662708282,8.271606857086361e-05
1325,2.5850813388824463,2651.000116631677,11814.120658159256,8.268689209657332e-05
1326,2.4851787090301514,2653.000116631677,11822.470667123795,8.265769617242128e-05
1327,2.581979751586914,2655.000116631677,11831.307140111923,8.262848081578024e-05
1328,2.697659492492676,2657.000116631677,11840.337158203125,8.259924604403448e-05
1329,2.456031560897827,2659.000116631677,11847.719069957733,8.25699918745798e-05
1330,2.4667842388153076,2661.000116631677,11855.270591020584,8.254071832482359e-05
1331,2.722512722015381,2663.000116631677,11865.246668338776,8.251142541218479e-05
1332,2.6801962852478027,2665.000116631677,11876.422334432602,8.24821131540938e-05
1333,2.525301933288574,2667.000116631677,11884.728590488434,8.245278156799254e-05
1334,2.511894941329956,2669.000116631677,11892.931562662125,8.24234306713345e-05
1335,2.6661248207092285,2671.000116631677,11899.12014913559,8.23940604815846e-05
1336,2.7538349628448486,2673.000116631677,11907.706611156464,8.236467101621922e-05
1337,2.564067840576172,2675.000116631677,11917.47281384468,8.233526229272628e-05
1338,2.530341386795044,2677.000116631677,11925.957705259323,8.23058343286051e-05
1339,2.56003737449646,2679.000116631677,11933.838458776474,8.227638714136649e-05
1340,2.687767744064331,2681.000116631677,11943.838861942291,8.224692074853267e-05
1341,2.5573272705078125,2683.000116631677,11953.892112016678,8.221743516763729e-05
1342,2.676877975463867,2685.000116631677,11964.023856163025,8.218793041622545e-05
1343,2.7042858600616455,2687.000116631677,11970.203035354614,8.215840651185359e-05
1344,2.6012325286865234,2689.000116631677,11980.243386983871,8.212886347208963e-05
1345,2.396759271621704,2691.000116631677,11988.709298849106,8.209930131451282e-05
1346,2.6152119636535645,2693.000116631677,11997.165947198868,8.20697200567138e-05
1347,2.4754512310028076,2695.000116631677,12005.590568065643,8.204011971629458e-05
1348,2.739436626434326,2697.000116631677,12011.687938451767,8.201050031086851e-05
1349,2.5310111045837402,2699.000116631677,12019.840366840363,8.198086185806031e-05
1350,2.63535737991333,2701.000116631677,12028.785073280334,8.195120437550602e-05
1351,2.7589426040649414,2703.000116631677,12039.826140642166,8.192152788085299e-05
1352,2.5152838230133057,2705.000116631677,12049.14113664627,8.189183239175991e-05
1353,2.607229232788086,2707.000116631677,12058.241279125214,8.186211792589675e-05
1354,2.4501192569732666,2709.000116631677,12066.320890903473,8.18323845009448e-05
1355,2.6790382862091064,2711.000116631677,12073.437056541443,8.180263213459658e-05
1356,2.5697503089904785,2713.000116631677,12082.515860080719,8.177286084455592e-05
1357,2.6615147590637207,2715.000116631677,12089.98225903511,8.174307064853793e-05
1358,2.567992925643921,2717.000116631677,12101.14550614357,8.171326156426894e-05
1359,2.576026439666748,2719.000116631677,12109.737275123596,8.168343360948648e-05
1360,2.592761993408203,2721.000116631677,12118.847057819366,8.16535868019394e-05
1361,2.6516952514648438,2723.000116631677,12126.437680482864,8.162372115938769e-05
1362,2.3580574989318848,2725.000116631677,12135.546051740646,8.159383669960259e-05
1363,2.6425912380218506,2727.000116631677,12142.324922800064,8.156393344036651e-05
1364,2.590677499771118,2729.000116631677,12151.795597076416,8.153401139947309e-05
1365,2.4704980850219727,2731.000116631677,12158.304861307144,8.150407059472707e-05
1366,2.513486385345459,2733.000116631677,12169.49523472786,8.147411104394445e-05
1367,2.4601516723632812,2735.000116631677,12177.045544624329,8.14441327649523e-05
1368,2.6594936847686768,2737.000116631677,12186.246754407883,8.141413577558888e-05
1369,2.8927056789398193,2739.000116631677,12196.47144985199,8.138412009370358e-05
1370,2.5126113891601562,2741.000116631677,12205.425161838531,8.13540857371569e-05
1371,2.628873825073242,2743.000116631677,12215.01115989685,8.132403272382048e-05
1372,2.4637155532836914,2745.000116631677,12225.399052381516,8.1293961071577e-05
1373,2.7205700874328613,2747.000116631677,12234.383605241776,8.126387079832029e-05
1374,2.774049758911133,2749.000116631677,12243.935127019882,8.123376192195524e-05
1375,2.2477664947509766,2751.000116631677,12252.222131490707,8.120363446039782e-05
1376,2.4661078453063965,2753.000116631677,12261.698063611984,8.117348843157504e-05
1377,2.5587215423583984,2755.000116631677,12269.353733539581,8.114332385342497e-05
1378,2.4260048866271973,2757.000116631677,12276.746414422989,8.111314074389673e-05
1379,2.628035068511963,2759.000116631677,12286.239682912827,8.108293912095042e-05
1380,2.6388070583343506,2761.000116631677,12295.198825359344,8.10527190025572e-05
1381,2.5521836280822754,2763.000116631677,12304.31064414978,8.102248040669923e-05
1382,2.4317779541015625,2765.000116631677,12310.971014499664,8.099222335136967e-05
1383,2.5682966709136963,2767.000116631677,12318.82126545906,8.096194785457261e-05
1384,2.3997130393981934,2769.000116631677,12330.013368606567,8.093165393432322e-05
1385,2.6225295066833496,2771.000116631677,12338.84929561615,8.090134160864751e-05
1386,2.662421703338623,2773.000116631677,12346.902171611786,8.087101089558254e-05
1387,2.4297077655792236,2775.000116631677,12358.075245141983,8.084066181317626e-05
1388,2.3709332942962646,2777.000116631677,12369.263945579529,8.081029437948754e-05
1389,2.6470186710357666,2779.000116631677,12378.980048894882,8.077990861258623e-05
1390,2.587146282196045,2781.000116631677,12388.39451622963,8.074950453055302e-05
1391,2.575559139251709,2783.000116631677,12396.99867105484,8.071908215147955e-05
1392,2.5509557723999023,2785.000116631677,12403.996183633804,8.068864149346831e-05
1393,2.518188953399658,2787.000116631677,12415.194078922272,8.065818257463271e-05
1394,2.620434522628784,2789.000116631677,12424.600799798965,8.062770541309698e-05
1395,2.62322998046875,2791.000116631677,12433.903290271759,8.059721002699622e-05
1396,2.452589988708496,2793.000116631677,12443.012131214142,8.056669643447637e-05
1397,2.649199962615967,2795.000116631677,12450.53182387352,8.053616465369425e-05
1398,2.5546271800994873,2797.000116631677,12461.725459098816,8.050561470281743e-05
1399,2.4354496002197266,2799.000116631677,12472.885789871216,8.047504660002435e-05
1400,2.6110024452209473,2801.000116631677,12483.333724021912,8.044446036350421e-05
1401,2.536342144012451,2803.000116631677,12493.170407056808,8.041385601145703e-05
1402,2.3417932987213135,2805.000116631677,12500.175234794617,8.03832335620936e-05
1403,2.6198153495788574,2807.000116631677,12509.788070201874,8.035259303363547e-05
1404,2.670405864715576,2809.000116631677,12517.83996295929,8.032193444431494e-05
1405,2.584399461746216,2811.000116631677,12526.637556314468,8.029125781237511e-05
1406,2.577766180038452,2813.000116631677,12534.847101211548,8.026056315606973e-05
1407,2.514042615890503,2815.000116631677,12543.25565123558,8.022985049366336e-05
1408,2.70992374420166,2817.000116631677,12552.65429520607,8.019911984343122e-05
1409,2.5570549964904785,2819.000116631677,12562.391338348389,8.016837122365926e-05
1410,2.7733922004699707,2821.000116631677,12570.022790193558,8.013760465264408e-05
1411,2.5482230186462402,2823.000116631677,12576.667874097824,8.010682014869304e-05
1412,2.674518585205078,2825.000116631677,12585.771488904953,8.007601773012412e-05
1413,2.6119332313537598,2827.000116631677,12593.893662691116,8.004519741526592e-05
1414,2.63983416557312,2829.000116631677,12603.623386859894,8.001435922245778e-05
1415,2.600003480911255,2831.000116631677,12611.590439081192,7.998350317004962e-05
1416,2.4294304847717285,2833.000116631677,12620.735749959946,7.9952629276402e-05
1417,2.532656192779541,2835.000116631677,12630.433538675308,7.992173755988607e-05
1418,2.4326565265655518,2837.000116631677,12638.934860944748,7.989082803888366e-05
1419,2.399446487426758,2839.000116631677,12647.647475242615,7.98599007317871e-05
1420,2.4176104068756104,2841.000116631677,12655.873585939407,7.982895565699937e-05
1421,2.5918469429016113,2843.000116631677,12664.13895201683,7.979799283293401e-05
1422,2.5823240280151367,2845.000116631677,12673.23018360138,7.97670122780151e-05
1423,2.533087968826294,2847.000116631677,12681.592350244522,7.973601401067729e-05
1424,2.6523327827453613,2849.000116631677,12688.305669784546,7.970499804936575e-05
1425,2.580091714859009,2851.000116631677,12695.848000526428,7.967396441253618e-05
1426,2.6180777549743652,2853.000116631677,12705.978992700577,7.964291311865485e-05
1427,2.5866613388061523,2855.000116631677,12714.662266731262,7.961184418619846e-05
1428,2.3353500366210938,2857.000116631677,12722.865618467331,7.958075763365427e-05
1429,2.525851249694824,2859.000116631677,12734.048480987549,7.954965347951999e-05
1430,2.4913930892944336,2861.000116631677,12741.025525093079,7.951853174230377e-05
1431,2.4428787231445312,2863.000116631677,12752.18085861206,7.948739244052432e-05
1432,2.589348316192627,2865.000116631677,12760.237169027328,7.945623559271071e-05
1433,2.7685842514038086,2867.000116631677,12766.792061328888,7.942506121740248e-05
1434,2.467406749725342,2869.000116631677,12775.957497358322,7.939386933314963e-05
1435,2.380047082901001,2871.000116631677,12786.107380390167,7.936265995851254e-05
1436,2.4726595878601074,2873.000116631677,12797.279574155807,7.933143311206199e-05
1437,2.659609794616699,2875.000116631677,12808.446459054947,7.930018881237921e-05
1438,2.656550407409668,2877.000116631677,12819.630922079086,7.926892707805578e-05
1439,2.576536178588867,2879.000116631677,12826.295637130737,7.923764792769362e-05
1440,2.6272997856140137,2881.000116631677,12833.819573640823,7.920635137990507e-05
1441,2.391490936279297,2883.000116631677,12841.811252593994,7.91750374533128e-05
1442,2.6606743335723877,2885.000116631677,12850.211447954178,7.914370616654985e-05
1443,2.60543155670166,2887.000116631677,12857.417230129242,7.911235753825952e-05
1444,2.494339942932129,2889.000116631677,12868.613423109055,7.90809915870955e-05
1445,2.4706978797912598,2891.000116631677,12877.715854406357,7.904960833172174e-05
1446,2.660992383956909,2893.000116631677,12888.059400320053,7.901820779081253e-05
1447,2.4329073429107666,2895.000116631677,12895.420134305954,7.898678998305238e-05
1448,2.501387596130371,2897.000116631677,12902.154423713684,7.895535492713615e-05
1449,2.3897085189819336,2899.000116631677,12909.804259300232,7.892390264176892e-05
1450,2.5251479148864746,2901.000116631677,12920.985656023026,7.889243314566607e-05
1451,2.5778117179870605,2903.000116631677,12931.335119009018,7.88609464575531e-05
1452,2.740731954574585,2905.000116631677,12940.824555397034,7.882944259616588e-05
1453,2.2418785095214844,2907.000116631677,12951.980412483215,7.879792158025044e-05
1454,2.696183443069458,2909.000116631677,12961.008419275284,7.876638342856299e-05
1455,2.5169973373413086,2911.000116631677,12968.905158996582,7.873482815987e-05
1456,2.670950412750244,2913.000116631677,12978.391727685928,7.870325579294806e-05
1457,2.5093042850494385,2915.000116631677,12988.216870069504,7.867166634658397e-05
1458,2.4302098751068115,2917.000116631677,12995.476136922836,7.864005983957471e-05
1459,2.602755546569824,2919.000116631677,13003.709967851639,7.860843629072737e-05
1460,2.448329448699951,2921.000116631677,13013.143247127533,7.85767957188592e-05
1461,2.5681464672088623,2923.000116631677,13020.437181472778,7.854513814279759e-05
1462,2.3842484951019287,2925.000116631677,13030.344265460968,7.851346358138003e-05
1463,2.6205244064331055,2927.000116631677,13038.625183582306,7.848177205345412e-05
1464,2.2883570194244385,2929.000116631677,13044.69418478012,7.845006357787758e-05
1465,2.4282360076904297,2931.000116631677,13054.767873764038,7.841833817351817e-05
1466,2.4291255474090576,2933.000116631677,13063.75602555275,7.838659585925376e-05
1467,2.578179359436035,2935.000116631677,13073.72956085205,7.835483665397226e-05
1468,2.364657163619995,2937.000116631677,13083.986946821213,7.832306057657166e-05
1469,2.35421085357666,2939.000116631677,13093.713952064514,7.829126764595995e-05
1470,2.4057154655456543,2941.000116631677,13103.12398314476,7.825945788105519e-05
1471,2.649444341659546,2943.000116631677,13112.106293916702,7.82276313007854e-05
1472,2.3447697162628174,2945.000116631677,13122.628514766693,7.819578792408868e-05
1473,2.769493818283081,2947.000116631677,13131.677018880844,7.816392776991308e-05
1474,2.6479883193969727,2949.000116631677,13142.844940423965,7.813205085721662e-05
1475,2.3849058151245117,2951.000116631677,13150.48793387413,7.810015720496732e-05
1476,2.420945644378662,2953.000116631677,13156.9253115654,7.806824683214316e-05
1477,2.5202407836914062,2955.000116631677,13164.142749786377,7.803631975773203e-05
1478,2.5275988578796387,2957.000116631677,13173.626042842865,7.800437600073185e-05
1479,2.4697375297546387,2959.000116631677,13180.91941022873,7.797241558015035e-05
1480,2.2927632331848145,2961.000116631677,13191.671172142029,7.794043851500525e-05
1481,2.3228635787963867,2963.000116631677,13201.199102640152,7.790844482432419e-05
1482,2.3532421588897705,2965.000116631677,13207.224180459976,7.787643452714461e-05
1483,2.5394153594970703,2967.000116631677,13216.169073104858,7.78444076425139e-05
1484,2.640667200088501,2969.000116631677,13227.348817825317,7.781236418948935e-05
1485,2.443021059036255,2971.000116631677,13233.140698432922,7.778030418713803e-05
1486,2.2233922481536865,2973.000116631677,13238.752430677414,7.774822765453693e-05
1487,2.5423800945281982,2975.000116631677,13248.520061254501,7.771613461077283e-05
1488,2.536977529525757,2977.000116631677,13259.68357515335,7.768402507494234e-05
1489,2.5490658283233643,2979.000116631677,13267.76071190834,7.76518990661519e-05
1490,2.4188156127929688,2981.000116631677,13275.980853557587,7.761975660351773e-05
1491,2.421006917953491,2983.000116631677,13285.536869764328,7.758759770616585e-05
1492,2.515023946762085,2985.000116631677,13293.928432941437,7.75554223932321e-05
1493,2.364786148071289,2987.000116631677,13301.259036540985,7.752323068386202e-05
1494,2.5589966773986816,2989.000116631677,13309.85751247406,7.749102259721095e-05
1495,2.416604995727539,2991.000116631677,13318.970565080643,7.745879815244395e-05
1496,2.6020517349243164,2993.000116631677,13328.768650531769,7.742655736873583e-05
1497,2.465982437133789,2995.000116631677,13335.529079675674,7.739430026527111e-05
1498,2.466052532196045,2997.000116631677,13346.714228391647,7.736202686124407e-05
1499,2.642160177230835,2999.000116631677,13354.145690917969,7.732973717585861e-05
1500,2.489840030670166,3001.000116631677,13361.398532390594,7.729743122832836e-05
1501,2.5522735118865967,3003.000116631677,13370.845439434052,7.726510903787664e-05
1502,2.301288366317749,3005.000116631677,13377.296322584152,7.723277062373642e-05
1503,2.3926384449005127,3007.000116631677,13387.990733385086,7.720041600515031e-05
1504,2.6490187644958496,3009.000116631677,13398.939148187637,7.716804520137056e-05
1505,2.2334389686584473,3011.000116631677,13407.205299854279,7.713565823165912e-05
1506,2.4713211059570312,3013.000116631677,13418.396968841553,7.710325511528744e-05
1507,2.5144944190979004,3015.000116631677,13427.185499668121,7.707083587153668e-05
1508,2.433441638946533,3017.000116631677,13434.204272270203,7.703840051969756e-05
1509,2.4263436794281006,3019.000116631677,13443.02550983429,7.700594907907036e-05
1510,2.563159704208374,3021.000116631677,13451.623901128769,7.6973481568965e-05
1511,2.4682209491729736,3023.000116631677,13460.015720367432,7.694099800870087e-05
1512,2.4890713691711426,3025.000116631677,13470.209904432297,7.690849841760701e-05
1513,2.6162326335906982,3027.000116631677,13478.359523296356,7.687598281502191e-05
1514,2.5488243103027344,3029.000116631677,13486.595992565155,7.684345122029364e-05
1515,2.2525906562805176,3031.000116631677,13495.362383127213,7.681090365277979e-05
1516,2.4219117164611816,3033.000116631677,13503.961679697037,7.677834013184741e-05
1517,2.49192476272583,3035.000116631677,13512.451800823212,7.674576067687308e-05
1518,2.5142626762390137,3037.000116631677,13521.933512449265,7.671316530724285e-05
1519,2.404987096786499,3039.000116631677,13531.672384262085,7.668055404235224e-05
1520,2.3982813358306885,3041.000116631677,13542.135304689407,7.664792690160624e-05
1521,2.379371166229248,3043.000116631677,13549.785449028015,7.661528390441927e-05
1522,2.3611655235290527,3045.000116631677,13557.093093156815,7.65826250702152e-05
1523,2.5277175903320312,3047.000116631677,13568.312929153442,7.65499504184273e-05
1524,2.354020595550537,3049.000116631677,13575.866421461105,7.651725996849827e-05
1525,2.525419235229492,3051.000116631677,13585.3557908535,7.64845537398802e-05
1526,2.3196189403533936,3053.000116631677,13593.114153623581,7.645183175203461e-05
1527,2.336864471435547,3055.000116631677,13601.893726348877,7.641909402443234e-05
1528,2.2815170288085938,3057.000116631677,13609.893603563309,7.638634057655362e-05
1529,2.4056308269500732,3059.000116631677,13618.584100723267,7.635357142788803e-05
1530,2.3481221199035645,3061.000116631677,13629.759556055069,7.632078659793451e-05
1531,2.5835671424865723,3063.000116631677,13640.954045772552,7.62879861062013e-05
1532,2.042065382003784,3065.000116631677,13648.62422466278,7.6255169972206e-05
1533,2.308105945587158,3067.000116631677,13658.20589518547,7.622233821547547e-05
1534,2.4372072219848633,3069.000116631677,13667.499501228333,7.618949085554592e-05
1535,2.5533156394958496,3071.000116631677,13675.187634944916,7.615662791196279e-05
1536,2.3144371509552,3073.000116631677,13685.654827594757,7.612374940428082e-05
1537,2.2965588569641113,3075.000116631677,13695.76884651184,7.609085535206402e-05
1538,2.4917664527893066,3077.000116631677,13703.561684846878,7.605794577488565e-05
1539,2.427612781524658,3079.000116631677,13710.439252853394,7.602502069232817e-05
1540,2.40720272064209,3081.000116631677,13719.041586399078,7.59920801239833e-05
1541,2.52516508102417,3083.000116631677,13727.863657712936,7.595912408945198e-05
1542,2.430419445037842,3085.000116631677,13736.704582691193,7.592615260834433e-05
1543,2.536694288253784,3087.000116631677,13745.827052354813,7.589316570027968e-05
1544,2.338484287261963,3089.000116631677,13754.756585121155,7.586016338488653e-05
1545,2.4369754791259766,3091.000116631677,13762.771825313568,7.582714568180256e-05
1546,2.439380168914795,3093.000116631677,13769.547674894333,7.579411261067458e-05
1547,2.5410780906677246,3095.000116631677,13779.6744658947,7.576106419115857e-05
1548,2.340094566345215,3097.000116631677,13786.1147210598,7.572800044291962e-05
1549,2.418548583984375,3099.000116631677,13795.23111820221,7.569492138563196e-05
1550,2.2911312580108643,3101.000116631677,13802.87935757637,7.566182703897895e-05
1551,2.6323060989379883,3103.000116631677,13811.660634279251,7.562871742265298e-05
1552,2.4379825592041016,3105.000116631677,13821.247392892838,7.55955925563556e-05
1553,2.2992310523986816,3107.000116631677,13831.304580688477,7.556245245979739e-05
1554,2.533781051635742,3109.000116631677,13839.641635656357,7.552929715269801e-05
1555,2.3652267456054688,3111.000116631677,13846.68017411232,7.549612665478617e-05
1556,2.4256248474121094,3113.000116631677,13857.794782161713,7.546294098579958e-05
1557,2.4293038845062256,3115.000116631677,13867.298873662949,7.542974016548508e-05
1558,2.375445604324341,3117.000116631677,13874.013647317886,7.53965242135984e-05
1559,2.301297664642334,3119.000116631677,13882.832609415054,7.536329314990435e-05
1560,2.4519076347351074,3121.000116631677,13894.01183462143,7.533004699417672e-05
1561,2.4293689727783203,3123.000116631677,13901.485654592514,7.529678576619828e-05
1562,2.5334794521331787,3125.000116631677,13912.649749040604,7.526350948576074e-05
1563,2.451423168182373,3127.000116631677,13923.818385839462,7.52302181726648e-05
1564,2.4737513065338135,3129.000116631677,13932.315191984177,7.51969118467201e-05
1565,2.454450845718384,3131.000116631677,13942.050361156464,7.51635905277452e-05
1566,2.254408359527588,3133.000116631677,13950.866238832474,7.513025423556761e-05
1567,2.4002749919891357,3135.000116631677,13959.939517498016,7.50969029900237e-05
1568,2.4683291912078857,3137.000116631677,13971.15554189682,7.506353681095881e-05
1569,2.5560827255249023,3139.000116631677,13980.548694372177,7.503015571822707e-05
1570,2.464871644973755,3141.000116631677,13989.085323095322,7.499675973169156e-05
1571,2.1896796226501465,3143.000116631677,13999.43152809143,7.496334887122422e-05
1572,2.3900341987609863,3145.000116631677,14005.329800605774,7.492992315670578e-05
1573,2.6869397163391113,3147.000116631677,14014.201442956924,7.48964826080259e-05
1574,2.472566604614258,3149.000116631677,14022.846849918365,7.486302724508296e-05
1575,2.6070613861083984,3151.000116631677,14030.15797495842,7.482955708778424e-05
1576,2.513596296310425,3153.000116631677,14041.354336738586,7.479607215604581e-05
1577,2.337376356124878,3155.000116631677,14050.07869720459,7.476257246979248e-05
1578,2.4561493396759033,3157.000116631677,14058.179545402527,7.472905804895792e-05
1579,2.1779394149780273,3159.000116631677,14065.030340909958,7.469552891348446e-05
1580,2.4720897674560547,3161.000116631677,14074.35447216034,7.466198508332331e-05
1581,2.1342530250549316,3163.000116631677,14079.358518600464,7.462842657843432e-05
1582,2.343562602996826,3165.000116631677,14087.072392940521,7.459485341878613e-05
1583,2.410952091217041,3167.000116631677,14096.693239450455,7.456126562435611e-05
1584,2.219028949737549,3169.000116631677,14107.85329413414,7.452766321513028e-05
1585,2.619389772415161,3171.000116631677,14114.40180182457,7.449404621110338e-05
1586,2.557112693786621,3173.000116631677,14121.904673337936,7.446041463227887e-05
1587,2.2275519371032715,3175.000116631677,14130.67474079132,7.442676849866886e-05
1588,2.465773582458496,3177.000116631677,14140.337599992752,7.439310783029408e-05
1589,2.5156033039093018,3179.000116631677,14148.267810583115,7.435943264718399e-05
1590,2.182888984680176,3181.000116631677,14156.533680677414,7.432574296937663e-05
1591,2.5181374549865723,3183.000116631677,14166.606028079987,7.429203881691866e-05
1592,2.321319341659546,3185.000116631677,14173.741551399231,7.42583202098654e-05
1593,2.3389384746551514,3187.000116631677,14181.708208084106,7.422458716828068e-05
1594,2.441718816757202,3189.000116631677,14189.94001197815,7.419083971223706e-05
1595,2.4117355346679688,3191.000116631677,14201.135399580002,7.415707786181555e-05
1596,2.2837586402893066,3193.000116631677,14211.005330562592,7.412330163710579e-05
1597,2.391611099243164,3195.000116631677,14220.727640151978,7.408951105820594e-05
1598,2.377835750579834,3197.000116631677,14231.895377635956,7.405570614522273e-05
1599,2.495393753051758,3199.000116631677,14240.012831449509,7.402188691827141e-05
1600,2.364245891571045,3201.000116631677,14250.615356206894,7.398805339747574e-05
1601,2.4212660789489746,3203.000116631677,14257.163322687149,7.395420560296799e-05
1602,2.319456100463867,3205.000116631677,14266.608463048935,7.392034355488892e-05
1603,2.3679251670837402,3207.000116631677,14275.189700365067,7.388646727338778e-05
1604,2.3264713287353516,3209.000116631677,14284.797058343887,7.385257677862228e-05
1605,2.1023120880126953,3211.000116631677,14295.97064089775,7.381867209075859e-05
1606,2.4501945972442627,3213.000116631677,14303.438267946243,7.378475322997134e-05
1607,2.1844096183776855,3215.000116631677,14312.388674259186,7.375082021644356e-05
1608,2.533630132675171,3217.000116631677,14321.31513428688,7.371687307036673e-05
1609,2.4065399169921875,3219.000116631677,14331.391211032867,7.368291181194073e-05
1610,2.421907663345337,3221.000116631677,14340.677230834961,7.364893646137386e-05
1611,2.4543192386627197,3223.000116631677,14348.41306734085,7.361494703888274e-05
1612,2.477829933166504,3225.000116631677,14357.836033821106,7.358094356469245e-05
1613,2.2728614807128906,3227.000116631677,14368.03735756874,7.354692605903637e-05
1614,2.2314603328704834,3229.000116631677,14375.82890868187,7.351289454215625e-05
1615,2.47114896774292,3231.000116631677,14382.686228275299,7.347884903430218e-05
1616,2.3090503215789795,3233.000116631677,14391.125226259232,7.344478955573256e-05
1617,2.3451344966888428,3235.000116631677,14400.706070184708,7.34107161267141e-05
1618,2.2397875785827637,3237.000116631677,14410.293858766556,7.337662876752184e-05
1619,2.465480327606201,3239.000116631677,14421.495452404022,7.334252749843911e-05
1620,2.243088960647583,3241.000116631677,14431.059186458588,7.33084123397575e-05
1621,2.221407413482666,3243.000116631677,14442.245511770248,7.327428331177685e-05
1622,2.3257994651794434,3245.000116631677,14450.678764343262,7.324014043480526e-05
1623,2.2144813537597656,3247.000116631677,14459.020330190659,7.320598372915909e-05
1624,2.150207042694092,3249.000116631677,14465.768984794617,7.317181321516291e-05
1625,2.5016465187072754,3251.000116631677,14477.000721931458,7.313762891314953e-05
1626,2.500771999359131,3253.000116631677,14488.102244138718,7.310343084345994e-05
1627,2.368687629699707,3255.000116631677,14497.819393157959,7.306921902644332e-05
1628,2.390928268432617,3257.000116631677,14505.9709918499,7.303499348245705e-05
1629,2.27174711227417,3259.000116631677,14514.796993970871,7.300075423186666e-05
1630,2.3827266693115234,3261.000116631677,14524.284518957138,7.296650129504587e-05
1631,2.435708999633789,3263.000116631677,14533.69201874733,7.29322346923765e-05
1632,2.4674417972564697,3265.000116631677,14541.85069155693,7.28979544442485e-05
1633,2.367990255355835,3267.000116631677,14552.490252494812,7.286366057106e-05
1634,2.179947853088379,3269.000116631677,14560.226803064346,7.282935309321718e-05
1635,2.264333963394165,3271.000116631677,14570.427040100098,7.279503203113435e-05
1636,2.370802402496338,3273.000116631677,14579.745317220688,7.276069740523385e-05
1637,2.4395763874053955,3275.000116631677,14589.560842514038,7.272634923594615e-05
1638,2.5229969024658203,3277.000116631677,14598.720078706741,7.269198754370974e-05
1639,2.3814125061035156,3279.000116631677,14607.458151340485,7.265761234897119e-05
1640,2.2889387607574463,3281.000116631677,14613.730087518692,7.262322367218507e-05
1641,2.3663623332977295,3283.000116631677,14623.476353645325,7.258882153381402e-05
1642,2.399062395095825,3285.000116631677,14632.802366733551,7.255440595432863e-05
1643,2.3386807441711426,3287.000116631677,14643.977842330933,7.251997695420753e-05
1644,2.4793479442596436,3289.000116631677,14655.166494369507,7.248553455393731e-05
1645,2.468785524368286,3291.000116631677,14665.159089803696,7.245107877401257e-05
1646,2.2308385372161865,3293.000116631677,14673.512447595596,7.241660963493581e-05
1647,2.2269301414489746,3295.000116631677,14681.417709112167,7.238212715721758e-05
1648,2.3199918270111084,3297.000116631677,14690.967963933945,7.234763136137623e-05
1649,2.353524684906006,3299.000116631677,14700.087065458298,7.231312226793816e-05
1650,2.150177240371704,3301.000116631677,14709.105390310287,7.227859989743762e-05
1651,2.3340916633605957,3303.000116631677,14717.913384437561,7.224406427041676e-05
1652,2.4331085681915283,3305.000116631677,14724.533125638962,7.220951540742565e-05
1653,2.196666717529297,3307.000116631677,14733.812821149826,7.217495332902221e-05
1654,2.33752703666687,3309.000116631677,14741.955064296722,7.214037805577223e-05
1655,2.2903575897216797,3311.000116631677,14750.261603832245,7.210578960824934e-05
1656,2.452645778656006,3313.000116631677,14760.403232336044,7.207118800703504e-05
1657,2.329918622970581,3315.000116631677,14771.583894729614,7.203657327271862e-05
1658,2.4183292388916016,3317.000116631677,14781.031504869461,7.20019454258972e-05
1659,2.1298036575317383,3319.000116631677,14788.642081260681,7.196730448717572e-05
1660,2.204890251159668,3321.000116631677,14798.196167230606,7.19326504771669e-05
1661,2.2301106452941895,3323.000116631677,14809.38573884964,7.18979834164912e-05
1662,2.6074130535125732,3325.000116631677,14816.800301790237,7.18633033257769e-05
1663,2.3139655590057373,3327.000116631677,14823.554390192032,7.182861022566003e-05
1664,2.3311119079589844,3329.000116631677,14831.301712989807,7.179390413678432e-05
1665,2.3201065063476562,3331.000116631677,14838.565460443497,7.175918507980127e-05
1666,2.3007748126983643,3333.000116631677,14848.064954996109,7.172445307537005e-05
1667,2.1816210746765137,3335.000116631677,14855.715121269226,7.168970814415758e-05
1668,2.309856414794922,3337.000116631677,14863.047132968903,7.165495030683846e-05
1669,2.515725612640381,3339.000116631677,14872.764325141907,7.162017958409495e-05
1670,2.186089038848877,3341.000116631677,14880.913305997849,7.1585395996617e-05
1671,2.2326560020446777,3343.000116631677,14886.643531560898,7.155059956510221e-05
1672,2.333397388458252,3345.000116631677,14894.820667743683,7.15157903102558e-05
1673,2.583090305328369,3347.000116631677,14904.348643541336,7.148096825279066e-05
1674,2.4957823753356934,3349.000116631677,14913.55252981186,7.144613341342729e-05
1675,2.3694746494293213,3351.000116631677,14922.645153999329,7.141128581289375e-05
1676,2.408963441848755,3353.000116631677,14932.407867193222,7.137642547192573e-05
1677,2.0482912063598633,3355.000116631677,14938.238987922668,7.134155241126653e-05
1678,2.3937630653381348,3357.000116631677,14945.820540904999,7.130666665166697e-05
1679,2.1621310710906982,3359.000116631677,14953.388255357742,7.127176821388544e-05
1680,2.24678635597229,3361.000116631677,14963.16010427475,7.123685711868787e-05
1681,2.4143617153167725,3363.000116631677,14971.877662181854,7.120193338684774e-05
1682,2.5692641735076904,3365.000116631677,14981.451038599014,7.116699703914602e-05
1683,2.3853797912597656,3367.000116631677,14992.194349527359,7.113204809637123e-05
1684,2.515126943588257,3369.000116631677,15003.384803295135,7.109708657931933e-05
1685,2.289787530899048,3371.000116631677,15013.080060958862,7.106211250879383e-05
1686,2.2167000770568848,3373.000116631677,15019.302008867264,7.102712590560565e-05
1687,1.9857628345489502,3375.000116631677,15027.400256156921,7.09921267905732e-05
1688,2.3431053161621094,3377.000116631677,15034.36363363266,7.095711518452229e-05
1689,2.5101239681243896,3379.000116631677,15041.733800649643,7.092209110828624e-05
1690,2.452688694000244,3381.000116631677,15049.262577056885,7.088705458270572e-05
1691,2.4163360595703125,3383.000116631677,15057.609212398529,7.085200562862883e-05
1692,2.329960584640503,3385.000116631677,15065.260852098465,7.08169442669111e-05
1693,2.2561120986938477,3387.000116631677,15074.519657850266,7.07818705184154e-05
1694,2.4346511363983154,3389.000116631677,15081.624428033829,7.074678440401196e-05
1695,2.1815056800842285,3391.000116631677,15091.5810983181,7.071168594457841e-05
1696,2.508121967315674,3393.000116631677,15100.57885503769,7.067657516099972e-05
1697,2.2863121032714844,3395.000116631677,15108.071166276932,7.064145207416817e-05
1698,2.1195688247680664,3397.000116631677,15116.900053977966,7.060631670498336e-05
1699,2.401162624359131,3399.000116631677,15123.993010044098,7.057116907435226e-05
1700,2.468251943588257,3401.000116631677,15133.707910060883,7.053600920318901e-05
1701,2.2730517387390137,3403.000116631677,15143.479009866714,7.050083711241516e-05
1702,2.4148716926574707,3405.000116631677,15152.633550167084,7.046565282295947e-05
1703,2.2549471855163574,3407.000116631677,15163.77982211113,7.043045635575797e-05
1704,2.3641345500946045,3409.000116631677,15173.141919136047,7.039524773175394e-05
1705,2.1979517936706543,3411.000116631677,15182.687679290771,7.036002697189788e-05
1706,2.2039077281951904,3413.000116631677,15191.04153418541,7.032479409714752e-05
1707,2.4054911136627197,3415.000116631677,15200.171761274338,7.028954912846783e-05
1708,2.2435102462768555,3417.000116631677,15211.359745025635,7.025429208683093e-05
1709,2.3577253818511963,3419.000116631677,15219.326899528503,7.02190229932161e-05
1710,2.4514663219451904,3421.000116631677,15228.784647464752,7.01837418686099e-05
1711,2.372972249984741,3423.000116631677,15239.971462011337,7.014844873400592e-05
1712,2.4413769245147705,3425.000116631677,15251.168857336044,7.0113143610405e-05
1713,2.2650232315063477,3427.000116631677,15258.81732058525,7.007782651881506e-05
1714,2.1524693965911865,3429.000116631677,15266.56836605072,7.004249748025114e-05
1716,2.173307418823242,3433.000116631677,15283.859806060791,6.997180364629712e-05
1717,2.482659339904785,3435.000116631677,15292.889184474945,6.993643889297261e-05
1718,2.284115791320801,3437.000116631677,15299.616758108139,6.990106227680533e-05
1719,2.1875195503234863,3439.000116631677,15309.090832471848,6.98656738188457e-05
1720,2.2720251083374023,3441.000116631677,15319.744854688644,6.983027354015128e-05
1721,2.2759647369384766,3443.000116631677,15328.35562968254,6.979486146178659e-05
1722,2.145340919494629,3445.000116631677,15333.820904970169,6.975943760482322e-05
1723,2.5728344917297363,3447.000116631677,15343.62322473526,6.972400199033976e-05
1724,2.323396682739258,3449.000116631677,15354.807229042053,6.968855463942177e-05
1725,2.275876522064209,3451.000116631677,15362.016386508942,6.96530955731618e-05
1726,2.3163981437683105,3453.000116631677,15369.073206663132,6.961762481265942e-05
1727,2.5206716060638428,3455.000116631677,15378.2629840374,6.95821423790211e-05
1728,2.338266372680664,3457.000116631677,15386.18238568306,6.954664829336028e-05
1729,2.3205137252807617,3459.000116631677,15394.334607601166,6.951114257679734e-05
1730,2.1978397369384766,3461.000116631677,15405.498871326447,6.947562525045954e-05
1731,2.4252843856811523,3463.000116631677,15414.93709564209,6.944009633548114e-05
1732,2.1649739742279053,3465.000116631677,15423.217692136765,6.940455585300315e-05
1733,2.352468967437744,3467.000116631677,15432.52114701271,6.936900382417364e-05
1734,2.2110390663146973,3469.000116631677,15442.749387979507,6.933344027014741e-05
1735,2.154980182647705,3471.000116631677,15451.097639799118,6.929786521208616e-05
1736,2.47967529296875,3473.000116631677,15460.529678344727,6.926227867115847e-05
1737,2.4775543212890625,3475.000116631677,15468.555815458298,6.92266806685397e-05
1738,2.316849708557129,3477.000116631677,15479.24587893486,6.919107122541207e-05
1739,2.2366442680358887,3479.000116631677,15487.492321491241,6.91554503629646e-05
1740,2.4306464195251465,3481.000116631677,15496.643622398376,6.911981810239308e-05
1741,2.2596468925476074,3483.000116631677,15505.778839349747,6.908417446490012e-05
1742,2.3846826553344727,3485.000116631677,15513.358145952225,6.904851947169505e-05
1743,2.3769564628601074,3487.000116631677,15520.039479970932,6.901285314399402e-05
1744,2.4879257678985596,3489.000116631677,15529.783217668533,6.897717550301987e-05
1745,2.5540964603424072,3491.000116631677,15538.036153316498,6.894148657000221e-05
1746,2.3744759559631348,3493.000116631677,15544.988538980484,6.890578636617734e-05
1747,2.2935328483581543,3495.000116631677,15551.801134586334,6.887007491278828e-05
1748,2.221163034439087,3497.000116631677,15562.975018501282,6.883435223108472e-05
1749,2.2675063610076904,3499.000116631677,15570.981548786163,6.879861834232312e-05
1750,2.311595916748047,3501.000116631677,15579.506358623505,6.876287326776649e-05
1751,2.3844985961914062,3503.000116631677,15587.318073511124,6.872711702868456e-05
1752,2.2260947227478027,3505.000116631677,15596.386753797531,6.869134964635371e-05
1753,2.2567148208618164,3507.000116631677,15604.817355155945,6.865557114205689e-05
1754,2.1742451190948486,3509.000116631677,15611.827567577362,6.861978153708378e-05
1755,2.2944648265838623,3511.000116631677,15622.982656002045,6.858398085273052e-05
1756,2.0832571983337402,3513.000116631677,15632.528768062592,6.854816911029996e-05
1757,2.2952680587768555,3515.000116631677,15640.14623451233,6.85123463311015e-05
1758,2.2786715030670166,3517.000116631677,15649.113325834274,6.847651253645107e-05
1759,2.3133466243743896,3519.000116631677,15660.268565893173,6.844066774767118e-05
1760,2.4033565521240234,3521.000116631677,15669.184126377106,6.84048119860909e-05
1761,2.2987112998962402,3523.000116631677,15677.74978017807,6.83689452730458e-05
1762,2.101877212524414,3525.000116631677,15686.07921075821,6.8333067629878e-05
1763,2.2025766372680664,3527.000116631677,15693.545724391937,6.829717907793609e-05
1764,2.482945680618286,3529.000116631677,15702.546352624893,6.826127963857514e-05
1765,2.2144694328308105,3531.000116631677,15711.135035276413,6.822536933315677e-05
1766,2.273759365081787,3533.000116631677,15720.553951978683,6.818944818304899e-05
1767,2.5060110092163086,3535.000116631677,15730.030791282654,6.815351620962627e-05
1768,2.2307682037353516,3537.000116631677,15741.229394197464,6.811757343426958e-05
1769,2.1619646549224854,3539.000116631677,15750.989963293076,6.808161987836625e-05
1770,2.3836660385131836,3541.000116631677,15757.522123098373,6.804565556331006e-05
1771,2.4104971885681152,3543.000116631677,15767.716792106628,6.80096805105012e-05
1772,2.2960352897644043,3545.000116631677,15776.641637802124,6.797369474134622e-05
1773,2.322192668914795,3547.000116631677,15787.420181274414,6.793769827725807e-05
1774,2.166076898574829,3549.000116631677,15795.333768606186,6.790169113965608e-05
1775,2.3741085529327393,3551.000116631677,15806.533452272415,6.786567334996585e-05
1776,2.290398597717285,3553.000116631677,15815.200852870941,6.782964492961942e-05
1777,2.069308042526245,3555.000116631677,15824.42264866829,6.779360590005508e-05
1778,2.3101534843444824,3557.000116631677,15833.611359596252,6.77575562827175e-05
1779,2.0472826957702637,3559.000116631677,15839.093822479248,6.77214960990576e-05
1780,2.272082567214966,3561.000116631677,15848.704941987991,6.76854253705326e-05
1781,2.285036563873291,3563.000116631677,15857.870772838593,6.764934411860595e-05
1782,2.106260061264038,3565.000116631677,15868.357882261276,6.761325236474749e-05
1783,2.2682125568389893,3567.000116631677,15874.124563455582,6.757715013043316e-05
1784,2.4873199462890625,3569.000116631677,15882.663877487183,6.754103743714524e-05
1785,2.378530502319336,3571.000116631677,15889.490537166595,6.750491430637219e-05
1786,2.2765488624572754,3573.000116631677,15899.123134613037,6.746878075960868e-05
1787,2.306583881378174,3575.000116631677,15908.022744178772,6.74326368183556e-05
1788,2.498080253601074,3577.000116631677,15915.940896511078,6.739648250411998e-05
1789,2.164625644683838,3579.000116631677,15924.4951608181,6.736031783841508e-05
1790,2.365481376647949,3581.000116631677,15934.060273885727,6.732414284276028e-05
1791,1.9561848640441895,3583.000116631677,15939.634378194809,6.728795753868114e-05
1792,2.2287819385528564,3585.000116631677,15949.776365995407,6.72517619477093e-05
1793,2.06465482711792,3587.000116631677,15959.40892791748,6.721555609138256e-05
1794,2.2932662963867188,3589.000116631677,15968.30466556549,6.717933999124485e-05
1795,2.3171396255493164,3591.000116631677,15977.402818202972,6.714311366884615e-05
1796,2.156916618347168,3593.000116631677,15988.6090259552,6.710687714574253e-05
1797,2.392732620239258,3595.000116631677,15998.918903112411,6.707063044349616e-05
1798,2.3011460304260254,3597.000116631677,16005.300805330276,6.703437358367522e-05
1799,2.0445353984832764,3599.000116631677,16014.332884073257,6.6998106587854e-05
1800,2.380642890930176,3601.000116631677,16022.773113489151,6.696182947761275e-05
1801,2.3057031631469727,3603.000116631677,16031.854547023773,6.692554227453779e-05
1802,2.2267990112304688,3605.000116631677,16039.776050806046,6.688924500022141e-05
1803,2.2504138946533203,3607.000116631677,16048.243396997452,6.685293767626192e-05
1804,2.1572208404541016,3609.000116631677,16059.43557024002,6.681662032426359e-05
1805,2.41170334815979,3611.000116631677,16070.452809810638,6.67802929658367e-05
1806,2.5260658264160156,3613.000116631677,16080.030319452286,6.674395562259739e-05
1807,2.369408130645752,3615.000116631677,16091.205378293991,6.670760831616788e-05
1808,2.0508840084075928,3617.000116631677,16098.85171866417,6.667125106817618e-05
1809,2.3865816593170166,3619.000116631677,16109.38422369957,6.663488390025628e-05
1810,2.2773876190185547,3621.000116631677,16120.490882635117,6.65985068340481e-05
1811,2.3236021995544434,3623.000116631677,16127.182405948639,6.656211989119738e-05
1812,2.2295076847076416,3625.000116631677,16134.985235452652,6.652572309335583e-05
1813,2.222902297973633,3627.000116631677,16143.947998285294,6.648931646218093e-05
1814,2.386618137359619,3629.000116631677,16152.586681842804,6.645290001933603e-05
1815,2.284226894378662,3631.000116631677,16161.24737238884,6.64164737864904e-05
1816,2.272390365600586,3633.000116631677,16172.416897535324,6.638003778531902e-05
1817,2.1377639770507812,3635.000116631677,16179.001846551895,6.634359203750277e-05
1818,2.1035218238830566,3637.000116631677,16190.178592681885,6.63071365647283e-05
1819,2.1472034454345703,3639.000116631677,16196.61170887947,6.627067138868803e-05
1820,2.2915291786193848,3641.000116631677,16204.33286523819,6.623419653108016e-05
1821,2.3043975830078125,3643.000116631677,16212.414643526077,6.619771201360868e-05
1822,2.452784776687622,3645.000116631677,16219.819700956345,6.616121785798329e-05
1823,2.210222005844116,3647.000116631677,16230.987484455109,6.612471408591944e-05
1824,2.0978751182556152,3649.000116631677,16242.138451337814,6.608820071913831e-05
1825,2.20186185836792,3651.000116631677,16252.301335573196,6.605167777936679e-05
1826,2.180234909057617,3653.000116631677,16263.263418197632,6.601514528833744e-05
1827,2.388141393661499,3655.000116631677,16272.317495584488,6.597860326778855e-05
1828,2.2286391258239746,3657.000116631677,16279.510453939438,6.594205173946402e-05
1829,2.3799588680267334,3659.000116631677,16287.176028490067,6.590549072511349e-05
1830,2.133849620819092,3661.000116631677,16294.24451303482,6.586892024649213e-05
1831,2.3955256938934326,3663.000116631677,16302.065376520157,6.583234032536087e-05
1832,2.189620018005371,3665.000116631677,16313.23151063919,6.579575098348613e-05
1833,2.211153268814087,3667.000116631677,16324.333191156387,6.575915224264008e-05
1834,2.1972732543945312,3669.000116631677,16331.621732711792,6.572254412460034e-05
1835,2.341554641723633,3671.000116631677,16340.482462644577,6.568592665115019e-05
1836,2.178560256958008,3673.000116631677,16350.815181732178,6.564929984407846e-05
1837,2.1943488121032715,3675.000116631677,16359.824132442474,6.561266372517956e-05
1838,2.139463424682617,3677.000116631677,16368.635483264923,6.557601831625338e-05
1839,2.3612608909606934,3679.000116631677,16377.735456466675,6.55393636391054e-05
1840,2.2300524711608887,3681.000116631677,16388.68412065506,6.550269971554657e-05
1841,2.250552177429199,3683.000116631677,16395.80962204933,6.546602656739337e-05
1842,2.121349573135376,3685.000116631677,16405.5991897583,6.542934421646776e-05
1843,2.2531769275665283,3687.000116631677,16416.784088134766,6.539265268459716e-05
1844,2.21712064743042,3689.000116631677,16427.94545698166,6.535595199361449e-05
1845,2.183664083480835,3691.000116631677,16434.6749727726,6.53192421653581e-05
1846,2.2993202209472656,3693.000116631677,16444.277317285538,6.528252322167173e-05
1847,2.2805099487304688,3695.000116631677,16452.694619178772,6.524579518440463e-05
1848,2.3498480319976807,3697.000116631677,16462.25971055031,6.520905807541143e-05
1849,2.341731548309326,3699.000116631677,16471.730868577957,6.517231191655212e-05
1850,2.4196205139160156,3701.000116631677,16481.227874040604,6.513555672969212e-05
1851,2.0959925651550293,3703.000116631677,16491.99409174919,6.509879253670219e-05
1852,2.202667474746704,3705.000116631677,16501.592370033264,6.506201935945849e-05
1853,2.1780037879943848,3707.000116631677,16509.02367067337,6.502523721984248e-05
1854,2.110982894897461,3709.000116631677,16517.17669916153,6.498844613974099e-05
1855,2.2900781631469727,3711.000116631677,16527.598069429398,6.495164614104613e-05
1856,2.3176872730255127,3713.000116631677,16534.88531255722,6.491483724565533e-05
1857,2.0141172409057617,3715.000116631677,16543.458940267563,6.487801947547138e-05
1858,2.4480133056640625,3717.000116631677,16554.645857572556,6.484119285240223e-05
1859,2.2880616188049316,3719.000116631677,16563.609016656876,6.480435739836122e-05
1860,2.257624864578247,3721.000116631677,16573.219423532486,6.476751313526685e-05
1861,2.256589412689209,3723.000116631677,16583.380764245987,6.47306600850429e-05
1862,2.160003662109375,3725.000116631677,16591.743726491928,6.469379826961842e-05
1863,2.2878036499023438,3727.000116631677,16601.49650812149,6.465692771092758e-05
1864,1.9708619117736816,3729.000116631677,16610.469227552414,6.462004843090982e-05
1865,2.3344194889068604,3731.000116631677,16617.411584854126,6.458316045150979e-05
1866,2.338263511657715,3733.000116631677,16626.53938126564,6.454626379467725e-05
1867,2.239136219024658,3735.000116631677,16637.744257688522,6.450935848236714e-05
1868,2.341719627380371,3737.000116631677,16647.01553106308,6.447244453653959e-05
1869,2.1170835494995117,3739.000116631677,16657.822269678116,6.443552197915986e-05
1870,2.0538837909698486,3741.000116631677,16664.90248298645,6.439859083219829e-05
1871,2.2259955406188965,3743.000116631677,16673.905576467514,6.436165111763037e-05
1872,2.173952102661133,3745.000116631677,16682.85994410515,6.432470285743666e-05
1873,2.1540656089782715,3747.000116631677,16692.660629749298,6.428774607360286e-05
1874,2.0896568298339844,3749.000116631677,16702.70704817772,6.425078078811965e-05
1875,2.0839879512786865,3751.000116631677,16712.755524158478,6.421380702298288e-05
1876,2.30360746383667,3753.000116631677,16721.420965909958,6.417682480019336e-05
1877,2.1557092666625977,3755.000116631677,16732.136136054993,6.413983414175693e-05
1878,2.284020185470581,3757.000116631677,16738.793064832687,6.410283506968453e-05
1879,2.2469100952148438,3759.000116631677,16747.129597187042,6.406582760599203e-05
1880,2.224722146987915,3761.000116631677,16752.804211854935,6.402881177270032e-05
1881,2.176741123199463,3763.000116631677,16762.352454423904,6.399178759183529e-05
1882,2.1379127502441406,3765.000116631677,16769.27476787567,6.395475508542774e-05
1883,2.2908239364624023,3767.000116631677,16777.62246274948,6.391771427551351e-05
1884,2.1074390411376953,3769.000116631677,16784.941613197327,6.388066518413333e-05
1885,2.3774003982543945,3771.000116631677,16796.109724998474,6.38436078333328e-05
1886,2.517825126647949,3773.000116631677,16805.46559381485,6.380654224516255e-05
1887,2.3030266761779785,3775.000116631677,16814.91897726059,6.376946844167803e-05
1888,2.2040488719940186,3777.000116631677,16821.86067390442,6.373238644493963e-05
1889,2.2214550971984863,3779.000116631677,16832.325998306274,6.369529627701257e-05
1890,2.1067068576812744,3781.000116631677,16841.5160241127,6.365819795996693e-05
1891,2.1317381858825684,3783.000116631677,16849.19219970703,6.362109151587771e-05
1892,2.1963987350463867,3785.000116631677,16856.521837472916,6.358397696682468e-05
1893,2.0331828594207764,3787.000116631677,16864.169986248016,6.354685433489244e-05
1894,2.1835479736328125,3789.000116631677,16872.40224313736,6.350972364217041e-05
1895,2.092048168182373,3791.000116631677,16880.495079755783,6.347258491075283e-05
1896,2.095588445663452,3793.000116631677,16889.11230802536,6.343543816273865e-05
1897,2.3098833560943604,3795.000116631677,16897.08601784706,6.339828342023169e-05
1898,2.098735809326172,3797.000116631677,16906.511328220367,6.336112070534045e-05
1899,2.1908931732177734,3799.000116631677,16916.736705303192,6.332395004017822e-05
1900,2.170118808746338,3801.000116631677,16923.364371061325,6.328677144686299e-05
1901,1.8879470825195312,3803.000116631677,16934.53352189064,6.324958494751746e-05
1902,2.2441110610961914,3805.000116631677,16943.682118415833,6.321239056426907e-05
1903,2.1680054664611816,3807.000116631677,16954.881259679794,6.317518831924994e-05
1904,2.127800464630127,3809.000116631677,16965.254854679108,6.313797823459687e-05
1905,2.1159322261810303,3811.000116631677,16976.472692012787,6.31007603324513e-05
1906,2.1330690383911133,3813.000116631677,16985.935478448868,6.306353463495933e-05
1907,2.04736328125,3815.000116631677,16993.196907758713,6.302630116427173e-05
1908,2.231205463409424,3817.000116631677,17001.26416683197,6.298905994254388e-05
1909,2.147383213043213,3819.000116631677,17009.478095531464,6.295181099193573e-05
1910,1.9376068115234375,3821.000116631677,17017.454632997513,6.29145543346119e-05
1911,2.3753790855407715,3823.000116631677,17027.460277318954,6.287728999274155e-05
1912,2.1631247997283936,3825.000116631677,17038.56769132614,6.28400179884984e-05
1913,2.2622852325439453,3827.000116631677,17048.375281333923,6.280273834406076e-05
1914,2.2403249740600586,3829.000116631677,17058.101113557816,6.27654510816115e-05
1915,2.2090060710906982,3831.000116631677,17069.183419942856,6.272815622333799e-05
1916,2.1389200687408447,3833.000116631677,17077.271116018295,6.269085379143214e-05
1917,2.31789493560791,3835.000116631677,17084.17808842659,6.265354380809033e-05
1918,1.884666919708252,3837.000116631677,17093.46440768242,6.26162262955135e-05
1919,2.0005602836608887,3839.000116631677,17103.465329170227,6.257890127590698e-05
1920,2.1272923946380615,3841.000116631677,17114.63600373268,6.254156877148066e-05
1921,2.090873956680298,3843.000116631677,17123.494121074677,6.250422880444884e-05
1922,2.0902419090270996,3845.000116631677,17133.12168240547,6.246688139703024e-05
1923,2.306446075439453,3847.000116631677,17142.4030957222,6.242952657144805e-05
1924,2.1364502906799316,3849.000116631677,17148.549946784973,6.239216434992985e-05
1925,2.2122080326080322,3851.000116631677,17158.782641887665,6.23547947547076e-05
1926,2.088451623916626,3853.000116631677,17168.317885398865,6.231741780801771e-05
1927,2.2259769439697266,3855.000116631677,17177.62488913536,6.22800335321009e-05
1928,2.001528263092041,3857.000116631677,17185.16411423683,6.22426419492023e-05
1929,2.192431688308716,3859.000116631677,17191.876323461533,6.220524308157136e-05
1930,2.3091847896575928,3861.000116631677,17201.62707591057,6.216783695146185e-05
1931,2.345869302749634,3863.000116631677,17212.81105041504,6.21304235811319e-05
1932,2.012678623199463,3865.000116631677,17222.268743276596,6.209300299284393e-05
1933,2.03959321975708,3867.000116631677,17231.521827697754,6.205557520886466e-05
1934,2.200944423675537,3869.000116631677,17241.081646203995,6.201814025146507e-05
1935,2.3771402835845947,3871.000116631677,17248.201760292053,6.198069814292043e-05
1936,2.206439971923828,3873.000116631677,17254.689155101776,6.194324890551028e-05
1937,2.2609434127807617,3875.000116631677,17264.09047150612,6.190579256151837e-05
1938,2.018552303314209,3877.000116631677,17273.629604816437,6.186832913323267e-05
1939,2.162473440170288,3879.000116631677,17282.107526540756,6.183085864294544e-05
1940,2.329958915710449,3881.000116631677,17291.08362841606,6.179338111295303e-05
1941,2.2170908451080322,3883.000116631677,17299.95579457283,6.175589656555607e-05
1942,2.445028781890869,3885.000116631677,17308.30174088478,6.171840502305933e-05
1943,2.2538888454437256,3887.000116631677,17316.94148850441,6.168090650777174e-05
1944,2.175841808319092,3889.000116631677,17326.528802871704,6.16434010420064e-05
1945,2.226271629333496,3891.000116631677,17336.685978412628,6.16058886480805e-05
1946,2.1091878414154053,3893.000116631677,17343.961359739304,6.15683693483154e-05
1947,2.2798423767089844,3895.000116631677,17351.202311754227,6.153084316503659e-05
1948,2.1759910583496094,3897.000116631677,17359.60328269005,6.149331012057354e-05
1949,2.120589256286621,3899.000116631677,17368.19087910652,6.145577023725995e-05
1950,2.0736918449401855,3901.000116631677,17375.790085554123,6.14182235374335e-05
1951,2.0551648139953613,3903.000116631677,17382.631835222244,6.138067004343592e-05
1952,2.124974012374878,3905.000116631677,17391.028069496155,6.134310977761305e-05
1953,2.0318658351898193,3907.000116631677,17400.811755895615,6.130554276231469e-05
1954,2.0207772254943848,3909.000116631677,17407.593972206116,6.12679690198947e-05
1955,1.9608993530273438,3911.000116631677,17417.560879468918,6.123038857271091e-05
1956,2.4561209678649902,3913.000116631677,17426.675713539124,6.11928014431252e-05
1957,2.0032424926757812,3915.000116631677,17434.24855351448,6.115520765350331e-05
1958,2.077063798904419,3917.000116631677,17444.28397011757,6.11176072262151e-05
1959,2.1891608238220215,3919.000116631677,17453.752926826477,6.108000018363424e-05
1960,2.174323081970215,3921.000116631677,17463.36211323738,6.104238654813843e-05
1961,2.0034942626953125,3923.000116631677,17471.81511092186,6.100476634210922e-05
1962,2.048957347869873,3925.000116631677,17479.751030921936,6.0967139587932136e-05
1963,1.9101512432098389,3927.000116631677,17487.129872083664,6.0929506307996545e-05
1964,2.119467258453369,3929.000116631677,17495.513372659683,6.089186652469574e-05
1965,2.00555419921875,3931.000116631677,17504.502410650253,6.0854220260426865e-05
1966,2.2905476093292236,3933.000116631677,17513.728924036026,6.08165675375909e-05
1967,2.0156025886535645,3935.000116631677,17522.72315955162,6.077890837859271e-05
1968,2.2067673206329346,3937.000116631677,17532.24064707756,6.074124280584098e-05
1969,2.111969232559204,3939.000116631677,17541.053597688675,6.070357084174818e-05
1970,2.2990126609802246,3941.000116631677,17548.82097697258,6.0665892508730607e-05
1971,1.9997930526733398,3943.000116631677,17557.160027503967,6.062820782920835e-05
1972,2.019047737121582,3945.000116631677,17564.27566766739,6.059051682560526e-05
1973,2.113826274871826,3947.000116631677,17572.71455168724,6.0552819520348975e-05
1974,2.082643747329712,3949.000116631677,17583.902723789215,6.0515115935870854e-05
1975,2.0655531883239746,3951.000116631677,17592.928748846054,6.0477406094606005e-05
1976,2.21243953704834,3953.000116631677,17602.30947947502,6.043969001899329e-05
1977,2.077956199645996,3955.000116631677,17613.098600149155,6.04019677314752e-05
1978,2.1059370040893555,3957.000116631677,17623.75030183792,6.0364239254498e-05
1979,2.3553009033203125,3959.000116631677,17630.656032800674,6.032650461051164e-05
1980,2.1103055477142334,3961.000116631677,17639.570969104767,6.028876382196966e-05
1981,2.1457998752593994,3963.000116631677,17647.246052742004,6.0251016911329335e-05
1982,1.8340718746185303,3965.000116631677,17654.483072519302,6.021326390105154e-05
1983,2.113962173461914,3967.000116631677,17665.661202669144,6.017550481360081e-05
1984,2.3472883701324463,3969.000116631677,17672.99963402748,6.013773967144529e-05
1985,2.366753101348877,3971.000116631677,17682.48699069023,6.009996849705669e-05
1986,1.9674320220947266,3973.000116631677,17690.846930503845,6.006219131291035e-05
1987,2.086695671081543,3975.000116631677,17700.39631175995,6.002440814148518e-05
1988,2.0385284423828125,3977.000116631677,17711.569857120514,5.998661900526363e-05
1989,2.2221577167510986,3979.000116631677,17721.347383975983,5.994882392673173e-05
1990,2.2134275436401367,3981.000116631677,17730.679902791977,5.991102292837902e-05
1991,2.239081382751465,3983.000116631677,17738.418034553528,5.987321603269861e-05
1992,1.9571094512939453,3985.000116631677,17748.634483098984,5.9835403262187036e-05
1993,2.129521369934082,3987.000116631677,17755.382354736328,5.979758463934439e-05
1994,2.1641921997070312,3989.000116631677,17764.799572467804,5.975976018667426e-05
1995,2.094130754470825,3991.000116631677,17775.953794002533,5.972192992668365e-05
1996,1.8410284519195557,3993.000116631677,17782.607617139816,5.9684093881883055e-05
1997,2.061589241027832,3995.000116631677,17790.060389995575,5.9646252074786396e-05
1998,2.0815749168395996,3997.000116631677,17798.09823179245,5.9608404527911036e-05
1999,1.9144618511199951,3999.000116631677,17806.03728246689,5.957055126377776e-05
2000,2.1920113563537598,4001.000116631677,17815.747687339783,5.9532692304910704e-05
2001,2.144835948944092,4003.000116631677,17825.519416332245,5.949482767383746e-05
2002,2.1654722690582275,4005.000116631677,17833.38428401947,5.9456957393088976e-05
2003,2.0947961807250977,4007.000116631677,17841.275049448013,5.941908148519953e-05
2004,1.9812695980072021,4009.000116631677,17849.457357883453,5.938119997270679e-05
2005,2.1189370155334473,4011.000116631677,17860.346576213837,5.9343312878151716e-05
2006,2.0648534297943115,4013.000116631677,17871.513247013092,5.930542022407863e-05
2007,2.0338916778564453,4015.000116631677,17882.695494890213,5.926752203303515e-05
2008,2.189383029937744,4017.000116631677,17890.790217638016,5.922961832757216e-05
2009,1.7644389867782593,4019.000116631677,17899.00435447693,5.919170913024385e-05
2010,2.1587367057800293,4021.000116631677,17906.916973352432,5.91537944636077e-05
2011,2.268697738647461,4023.000116631677,17914.648993253708,5.911587435022442e-05
2012,2.1390106678009033,4025.000116631677,17925.876257181168,5.907794881265794e-05
2013,2.1093790531158447,4027.000116631677,17933.66690826416,5.904001787347546e-05
2014,2.1090304851531982,4029.000116631677,17940.535491228104,5.9002081555247366e-05
2015,2.2025034427642822,4031.000116631677,17947.504833698273,5.896413988054726e-05
2016,2.175840377807617,4033.000116631677,17955.409156560898,5.8926192871951914e-05
2017,2.184967517852783,4035.000116631677,17965.412817001343,5.888824055204129e-05
2018,2.178133964538574,4037.000116631677,17972.965176582336,5.885028294339849e-05
2019,1.9885854721069336,4039.000116631677,17981.27534341812,5.88123200686098e-05
2020,2.274001359939575,4041.000116631677,17991.06240963936,5.87743519502646e-05
2021,2.1889023780822754,4043.000116631677,18002.272903203964,5.8736378610955414e-05
2022,2.086688756942749,4045.000116631677,18011.881205558777,5.8698400073277864e-05
2023,2.380786418914795,4047.000116631677,18021.719696998596,5.8660416359830684e-05
2024,1.9107792377471924,4049.000116631677,18032.43825316429,5.862242749321564e-05
2025,2.084251642227173,4051.000116631677,18041.842614650726,5.858443349603762e-05
2026,2.1536154747009277,4053.000116631677,18051.224086284637,5.854643439090453e-05
2027,2.260253429412842,4055.000116631677,18062.12044429779,5.850843020042732e-05
2028,2.1062798500061035,4057.000116631677,18071.688536643982,5.847042094721999e-05
2029,2.0915777683258057,4059.000116631677,18081.84823012352,5.8432406653899525e-05
2030,2.0060482025146484,4061.000116631677,18091.27037501335,5.83943873430859e-05
2031,1.873003602027893,4063.000116631677,18102.416402101517,5.835636303740212e-05
2032,2.1508569717407227,4065.000116631677,18113.609652757645,5.8318333759474105e-05
2033,2.2197072505950928,4067.000116631677,18124.7640748024,5.82802995319308e-05
2034,2.1018543243408203,4069.000116631677,18133.933365345,5.824226037740404e-05
2035,2.063838481903076,4071.000116631677,18140.277776002884,5.820421631852861e-05
2036,1.95847487449646,4073.000116631677,18148.876306056976,5.8166167377942234e-05
2037,2.209474563598633,4075.000116631677,18160.0659635067,5.8128113578285506e-05
2038,1.8894810676574707,4077.000116631677,18166.968772172928,5.809005494220192e-05
2039,2.149566650390625,4079.000116631677,18176.023996829987,5.805199149233787e-05
2040,2.0779926776885986,4081.000116631677,18186.500356674194,5.801392325134259e-05
2041,2.1058621406555176,4083.000116631677,18195.67565226555,5.7975850241868176e-05
2042,2.082674026489258,4085.000116631677,18206.58792614937,5.793777248656956e-05
2043,2.1699588298797607,4087.000116631677,18213.447615623474,5.7899690008104496e-05
2044,2.2039284706115723,4089.000116631677,18223.247830867767,5.786160282913354e-05
2045,2.0885438919067383,4091.000116631677,18232.370578289032,5.782351097232008e-05
2046,1.8398388624191284,4093.000116631677,18243.533239364624,5.778541446033025e-05
2047,2.177260637283325,4095.000116631677,18253.36313867569,5.774731331583297e-05
2048,2.101015567779541,4097.000116631677,18264.538390874863,5.770920756149989e-05
2049,2.2140746116638184,4099.000116631677,18273.708881378174,5.767109722000546e-05
2050,2.2550148963928223,4101.000116631677,18282.510747671127,5.763298231402681e-05
2051,2.3389105796813965,4103.000116631677,18291.649648666382,5.759486286624379e-05
2052,2.153238296508789,4105.000116631677,18300.800693511963,5.755673889933899e-05
2053,2.2431740760803223,4107.000116631677,18310.55495071411,5.751861043599762e-05
2054,2.135922431945801,4109.000116631677,18317.95712518692,5.748047749890767e-05
2055,2.1098666191101074,4111.000116631677,18325.339817762375,5.7442340110759675e-05
2056,1.9936716556549072,4113.000116631677,18336.504259109497,5.7404198294246896e-05
2057,2.1629996299743652,4115.000116631677,18347.671170711517,5.736605207206522e-05
2058,2.1842377185821533,4117.000116631677,18354.14721083641,5.732790146691313e-05
2059,2.089542865753174,4119.000116631677,18361.689475536346,5.728974650149173e-05
2060,2.09210205078125,4121.000116631677,18372.633052110672,5.725158719850472e-05
2061,1.9665825366973877,4123.000116631677,18381.875187158585,5.721342358065837e-05
2062,2.336956739425659,4125.000116631677,18390.81243944168,5.717525567066155e-05
2063,2.147580623626709,4127.000116631677,18398.492646694183,5.713708349122566e-05
2064,2.067168951034546,4129.000116631677,18406.51148366928,5.7098907065064594e-05
2065,2.1063055992126465,4131.000116631677,18417.57256937027,5.706072641489487e-05
2066,2.3386638164520264,4133.000116631677,18427.933797121048,5.7022541563435465e-05
2067,2.0595130920410156,4135.000116631677,18437.767964839935,5.698435253340783e-05
2068,2.115726947784424,4137.000116631677,18444.471487045288,5.694615934753597e-05
2069,1.898651361465454,4139.000116631677,18455.242616176605,5.6907962028546305e-05
2070,2.3072292804718018,4141.000116631677,18464.84558057785,5.6869760599167755e-05
2071,2.2120800018310547,4143.000116631677,18472.684752464294,5.683155508213164e-05
2072,2.004598617553711,4145.000116631677,18483.85890507698,5.679334550017175e-05
2073,2.02786922454834,4147.000116631677,18492.805487155914,5.6755131876024296e-05
2074,2.295684814453125,4149.000116631677,18501.775844573975,5.671691423242785e-05
2075,2.1073226928710938,4151.000116631677,18512.940759181976,5.667869259212344e-05
2076,2.230825662612915,4153.000116631677,18522.495165109634,5.66404669778544e-05
2077,2.2594473361968994,4155.000116631677,18530.440895318985,5.6602237412366504e-05
2078,2.1190102100372314,4157.000116631677,18541.62362742424,5.656400391840783e-05
2079,2.2354915142059326,4159.000116631677,18549.801275014877,5.652576651872882e-05
2080,1.9183175563812256,4161.000116631677,18557.41994214058,5.648752523608217e-05
2081,2.2088356018066406,4163.000116631677,18564.840942382812,5.6449280093223e-05
2082,2.0350468158721924,4165.000116631677,18574.245487689972,5.641103111290863e-05
2083,2.033369541168213,4167.000116631677,18582.158545017242,5.637277831789872e-05
2084,2.2117302417755127,4169.000116631677,18591.861530542374,5.633452173095518e-05
2085,1.9288421869277954,4171.000116631677,18600.880808115005,5.6296261374842164e-05
2086,2.077036142349243,4173.000116631677,18611.07484984398,5.62579972723261e-05
2087,2.022552490234375,4175.000116631677,18620.405296564102,5.62197294461756e-05
2088,2.0823142528533936,4177.000116631677,18628.059939861298,5.618145791916154e-05
2089,1.8473926782608032,4179.000116631677,18637.532980680466,5.614318271405699e-05
2090,2.1328182220458984,4181.000116631677,18648.70097899437,5.6104903853637175e-05
2091,1.9400337934494019,4183.000116631677,18655.62618613243,5.6066621360679524e-05
2092,2.002448558807373,4185.000116631677,18666.05596423149,5.6028335257963616e-05
2093,2.066650867462158,4187.000116631677,18674.947433948517,5.599004556827117e-05
2094,2.175710678100586,4189.000116631677,18683.98637676239,5.595175231438607e-05
2095,2.1348228454589844,4191.000116631677,18693.005610704422,5.59134555190943e-05
2096,2.2108497619628906,4193.000116631677,18701.469595193863,5.587515520518394e-05
2097,2.043893337249756,4195.000116631677,18710.532839775085,5.583685139544518e-05
2098,1.9730825424194336,4197.000116631677,18719.21261525154,5.5798544112670295e-05
2099,2.2914252281188965,4199.000116631677,18729.375495910645,5.57602333796536e-05
2100,1.9557803869247437,4201.000116631677,18736.524831295013,5.572191921919151e-05
2101,1.8921494483947754,4203.000116631677,18746.502207517624,5.568360165408243e-05
2102,1.9255528450012207,4205.000116631677,18754.730142593384,5.564528070712682e-05
2103,2.0637269020080566,4207.000116631677,18764.26027059555,5.5606956401127134e-05
2104,2.236809015274048,4209.000116631677,18773.820080041885,5.556862875888785e-05
2105,2.011777877807617,4211.000116631677,18781.812225818634,5.5530297803215416e-05
2106,1.8692479133605957,4213.000116631677,18788.31454730034,5.5491963556918215e-05
2107,2.291609048843384,4215.000116631677,18797.27395749092,5.545362604280668e-05
2108,2.2041287422180176,4217.000116631677,18808.47249674797,5.541528528369309e-05
2109,2.2129862308502197,4219.000116631677,18817.27028274536,5.537694130239171e-05
2110,2.100396156311035,4221.000116631677,18825.850410461426,5.533859412171873e-05
2111,1.967574119567871,4223.000116631677,18833.311190366745,5.5300243764492196e-05
2112,2.123776435852051,4225.000116631677,18843.764930963516,5.526189025353209e-05
2113,2.103177547454834,4227.000116631677,18854.942273378372,5.5223533611660266e-05
2114,2.12583589553833,4229.000116631677,18862.097913503647,5.518517386170038e-05
2115,2.1767776012420654,4231.000116631677,18873.292983293533,5.5146811026478035e-05
2116,2.3125789165496826,4233.000116631677,18884.49059319496,5.5108445128820585e-05
2117,2.109933376312256,4235.000116631677,18892.58523750305,5.507007619155726e-05
2118,2.0321907997131348,4237.000116631677,18903.764630317688,5.5031704237519085e-05
2119,2.261929750442505,4239.000116631677,18912.531556129456,5.499332928953885e-05
2120,1.9097920656204224,4241.000116631677,18919.484241247177,5.495495137045118e-05
2121,2.0548250675201416,4243.000116631677,18926.80079483986,5.491657050309242e-05
2122,1.8837844133377075,4245.000116631677,18933.81472802162,5.487818671030071e-05
2123,2.0780725479125977,4247.000116631677,18942.77143740654,5.483980001491589e-05
2124,2.136059284210205,4249.000116631677,18952.304906368256,5.480141043977955e-05
2125,2.146178722381592,4251.000116631677,18963.476437091827,5.476301800773499e-05
2126,2.113032341003418,4253.000116631677,18973.10072040558,5.472462274162723e-05
2127,2.1506683826446533,4255.000116631677,18980.263422489166,5.4686224664302927e-05
2128,2.0862250328063965,4257.000116631677,18989.153642892838,5.4647823798610464e-05
2129,2.1445484161376953,4259.000116631677,18996.69347190857,5.4609420167399854e-05
2130,2.058093547821045,4261.000116631677,19005.183928728104,5.4571013793522744e-05
2131,2.0266709327697754,4263.000116631677,19011.43277001381,5.453260469983245e-05
2132,1.7667677402496338,4265.000116631677,19022.584644556046,5.449419290918387e-05
2133,2.127624750137329,4267.000116631677,19033.768318414688,5.4455778444433554e-05
2134,2.101864814758301,4269.000116631677,19040.976346731186,5.441736132843959e-05
2135,1.8699287176132202,4271.000116631677,19047.060119390488,5.4378941584061656e-05
2136,1.9840909242630005,4273.000116631677,19054.855697870255,5.434051923416104e-05
2137,2.021101474761963,4275.000116631677,19061.692328214645,5.4302094301600514e-05
2138,2.30696964263916,4277.000116631677,19070.85083413124,5.426366680924441e-05
2139,2.0899033546447754,4279.000116631677,19079.79959511757,5.422523677995863e-05
2140,2.192095994949341,4281.000116631677,19087.923197984695,5.418680423661051e-05
2141,2.065486431121826,4283.000116631677,19097.68364715576,5.4148369202068946e-05
2142,1.9670227766036987,4285.000116631677,19105.99026942253,5.410993169920425e-05
2143,2.0044493675231934,4287.000116631677,19110.0825176239,5.407149175088827e-05
2145,2.0234928131103516,4291.000116631677,19126.377669095993,5.3994604609397004e-05
2146,2.058122396469116,4293.000116631677,19134.947917938232,5.395615746197257e-05
2147,2.2469019889831543,4295.000116631677,19146.103942871094,5.391770796059854e-05
2148,2.3891682624816895,4297.000116631677,19155.60696220398,5.387925612815386e-05
2149,2.025815486907959,4299.000116631677,19162.944952726364,5.38408019875189e-05
2150,2.1517248153686523,4301.000116631677,19174.131579637527,5.3802345561575364e-05
2151,2.331235408782959,4303.000116631677,19184.29786658287,5.3763886873206344e-05
2152,2.1807985305786133,4305.000116631677,19194.36543393135,5.372542594529623e-05
2153,2.1049740314483643,4307.000116631677,19205.542412281036,5.368696280073084e-05
2154,1.946889042854309,4309.000116631677,19214.36656498909,5.36484974623972e-05
2155,2.0805399417877197,4311.000116631677,19225.544239997864,5.361002995318372e-05
2156,2.0197086334228516,4313.000116631677,19235.92403292656,5.3571560295980055e-05
2157,1.9982719421386719,4315.000116631677,19242.651295900345,5.3533088513677186e-05
2158,1.9373201131820679,4317.000116631677,19251.440946102142,5.3494614629167304e-05
2159,1.9945646524429321,4319.000116631677,19258.940938472748,5.345613866534387e-05
2160,2.0758156776428223,4321.000116631677,19266.961517572403,5.341766064510163e-05
2161,2.0633387565612793,4323.000116631677,19274.52086019516,5.337918059133646e-05
2162,2.0978384017944336,4325.000116631677,19283.694678544998,5.3340698526945536e-05
2163,1.977780818939209,4327.000116631677,19291.539933681488,5.330221447482717e-05
2164,1.9589163064956665,4329.000116631677,19299.023275375366,5.32637284578809e-05
2165,1.8242685794830322,4331.000116631677,19307.001630306244,5.322524049900742e-05
2166,2.027106761932373,4333.000116631677,19316.52995157242,5.318675062110855e-05
2167,1.9323358535766602,4335.000116631677,19326.37426495552,5.314825884708727e-05
2168,2.2328040599823,4337.000116631677,19332.998963594437,5.3109765199847715e-05
2169,2.2156381607055664,4339.000116631677,19344.019535779953,5.3071269702295105e-05
2170,2.1931965351104736,4341.000116631677,19354.076820611954,5.303277237733576e-05
2171,2.137423276901245,4343.000116631677,19363.120356082916,5.299427324787712e-05
2172,2.206432342529297,4345.000116631677,19371.59871339798,5.295577233682763e-05
2173,2.0813140869140625,4347.000116631677,19378.241286039352,5.291726966709688e-05
2174,2.138200521469116,4349.000116631677,19386.37451028824,5.287876526159545e-05
2175,1.9275199174880981,4351.000116631677,19393.29245686531,5.284025914323497e-05
2176,2.1315603256225586,4353.000116631677,19401.919424533844,5.280175133492809e-05
2177,2.217801094055176,4355.000116631677,19410.948616981506,5.276324185958846e-05
2178,2.1033120155334473,4357.000116631677,19420.381301879883,5.272473074013074e-05
2179,2.0988259315490723,4359.000116631677,19431.508913993835,5.268621799947054e-05
2180,2.1069304943084717,4361.000116631677,19440.917605161667,5.264770366052444e-05
2181,2.1548357009887695,4363.000116631677,19448.630707502365,5.2609187746210015e-05
2182,2.0962705612182617,4365.000116631677,19459.801590919495,5.2570670279445696e-05
2183,2.056063652038574,4367.000116631677,19469.074736356735,5.2532151283150915e-05
2184,1.8464784622192383,4369.000116631677,19474.76292324066,5.249363078024597e-05
2185,2.133786916732788,4371.000116631677,19484.553713560104,5.245510879365209e-05
2186,2.33211612701416,4373.000116631677,19494.184856414795,5.241658534629133e-05
2187,2.1125476360321045,4375.000116631677,19500.70203089714,5.2378060461086684e-05
2188,1.925089716911316,4377.000116631677,19507.946829319,5.2339534160961944e-05
2189,2.0330405235290527,4379.000116631677,19514.336144685745,5.230100646884178e-05
2190,1.9982383251190186,4381.000116631677,19522.99244618416,5.226247740765167e-05
2191,2.1774260997772217,4383.000116631677,19528.636839151382,5.222394700031792e-05
2192,2.1920509338378906,4385.000116631677,19537.441955804825,5.2185415269767625e-05
2193,2.222762107849121,4387.000116631677,19544.91404080391,5.2146882238928666e-05
2194,2.216555595397949,4389.000116631677,19555.300941944122,5.2108347930729735e-05
2195,2.090456008911133,4391.000116631677,19563.477449417114,5.206981236810022e-05
2196,2.105274200439453,4393.000116631677,19574.205468177795,5.2031275573970304e-05
2197,2.1937451362609863,4395.000116631677,19584.475480794907,5.19927375712709e-05
2198,2.058098554611206,4397.000116631677,19595.39015674591,5.1954198382933606e-05
2199,1.9752373695373535,4399.000116631677,19603.606256246567,5.191565803189078e-05
2200,2.0910727977752686,4401.000116631677,19612.736745119095,5.1877116541075406e-05
2201,2.2158048152923584,4403.000116631677,19621.59028363228,5.18385739334212e-05
2202,2.4164211750030518,4405.000116631677,19632.54084134102,5.180003023186252e-05
2203,2.098539113998413,4407.000116631677,19642.091639518738,5.176148545933436e-05
2204,2.0495595932006836,4409.000116631677,19652.274345636368,5.172293963877239e-05
2205,2.0980634689331055,4411.000116631677,19660.149189949036,5.1684392793112884e-05
2206,2.0664875507354736,4413.000116631677,19671.333813905716,5.1645844945292706e-05
2207,2.077279806137085,4415.000116631677,19679.46768450737,5.160729611824935e-05
2208,2.2825653553009033,4417.000116631677,19689.779094219208,5.156874633492088e-05
2209,2.029541015625,4419.000116631677,19698.593940734863,5.153019561824591e-05
2210,2.2311694622039795,4421.000116631677,19709.367416858673,5.149164399116365e-05
2211,1.9661357402801514,4423.000116631677,19716.584159851074,5.14530914766138e-05
2212,1.8008685111999512,4425.000116631677,19723.87926006317,5.1414538097536634e-05
2213,2.257122039794922,4427.000116631677,19732.980578660965,5.1375983876872926e-05
2214,2.186558246612549,4429.000116631677,19741.849183797836,5.133742883756392e-05
2215,2.2397329807281494,4431.000116631677,19751.925844192505,5.12988730025514e-05
2216,2.07529354095459,4433.000116631677,19760.918119192123,5.12603163947776e-05
2217,1.9912781715393066,4435.000116631677,19771.700625896454,5.12217590371852e-05
2218,2.245286464691162,4437.000116631677,19780.659847021103,5.118320095271733e-05
2219,2.0529110431671143,4439.000116631677,19791.823872327805,5.114464216431757e-05
2220,2.115861415863037,4441.000116631677,19800.622854471207,5.110608269492992e-05
2221,2.072329044342041,4443.000116631677,19810.06892490387,5.106752256749876e-05
2222,1.8170032501220703,4445.000116631677,19819.539640188217,5.102896180496887e-05
2223,2.1806857585906982,4447.000116631677,19830.651126384735,5.0990400430285424e-05
2224,2.073464870452881,4449.000116631677,19839.45914363861,5.095183846639395e-05
2225,1.9707648754119873,4451.000116631677,19847.822264671326,5.0913275936240334e-05
2226,2.0288262367248535,4453.000116631677,19856.99800181389,5.087471286277078e-05
2227,2.184992790222168,4455.000116631677,19867.048792362213,5.0836149268931816e-05
2228,2.0085911750793457,4457.000116631677,19878.167234182358,5.0797585177670306e-05
2229,1.8849776983261108,4459.000116631677,19887.308084964752,5.075902061193339e-05
2230,2.240016460418701,4461.000116631677,19896.93290257454,5.072045559466849e-05
2231,2.149001121520996,4463.000116631677,19905.402803182602,5.068189014882333e-05
2232,2.0899147987365723,4465.000116631677,19915.052623987198,5.0643324297345816e-05
2233,2.025495767593384,4467.000116631677,19926.222785949707,5.0604758063184184e-05
2234,1.9414225816726685,4469.000116631677,19931.21373438835,5.056619146928682e-05
2235,1.9653041362762451,4471.000116631677,19940.078386306763,5.052762453860237e-05
2236,2.0181756019592285,4473.000116631677,19950.442653417587,5.048905729407967e-05
2237,2.0251541137695312,4475.000116631677,19960.92656159401,5.045048975866774e-05
2238,2.10880708694458,4477.000116631677,19968.889044046402,5.041192195531575e-05
2239,2.0150177478790283,4479.000116631677,19978.267671585083,5.0373353906973084e-05
2240,2.1265180110931396,4481.000116631677,19987.548173189163,5.0334785636589235e-05
2241,1.808532476425171,4483.000116631677,19995.14651274681,5.029621716711383e-05
2242,1.878100872039795,4485.000116631677,20002.604650974274,5.0257648521496626e-05
2243,1.9795589447021484,4487.000116631677,20012.437963724136,5.021907972268746e-05
2244,2.094604730606079,4489.000116631677,20020.180277585983,5.01805107936363e-05
2245,1.8704391717910767,4491.000116631677,20029.611898183823,5.014194175729315e-05
2246,1.9795076847076416,4493.000116631677,20039.359900712967,5.0103372636608105e-05
2247,1.851778268814087,4495.000116631677,20049.001842737198,5.006480345453131e-05
2248,2.318878412246704,4497.000116631677,20057.232941150665,5.002623423401291e-05
2249,2.101776123046875,4499.000116631677,20068.436462402344,4.9987664998003144e-05
2250,2.0805201530456543,4501.000116631677,20077.864657640457,4.994909576945217e-05
2251,2.216360092163086,4503.000116631677,20087.11483311653,4.991052657131024e-05
2252,1.9058552980422974,4505.000116631677,20094.964790821075,4.9871957426527495e-05
2253,2.217237710952759,4507.000116631677,20103.230580329895,4.98333883580541e-05
2254,2.164851188659668,4509.000116631677,20112.943656921387,4.979481938884018e-05
2255,2.1021242141723633,4511.000116631677,20121.29124903679,4.9756250541835755e-05
2256,2.1444497108459473,4513.000116631677,20130.5597717762,4.9717681839990805e-05
2257,2.027923583984375,4515.000116631677,20140.02924466133,4.9679113306255224e-05
2258,2.296725273132324,4517.000116631677,20149.8186545372,4.964054496357882e-05
2259,2.0743308067321777,4519.000116631677,20158.328588962555,4.9601976834911226e-05
2260,2.118781089782715,4521.000116631677,20168.8007478714,4.956340894320201e-05
2261,2.1763033866882324,4523.000116631677,20179.978653907776,4.952484131140059e-05
2262,2.2107315063476562,4525.000116631677,20189.81426692009,4.948627396245618e-05
2263,2.1341476440429688,4527.000116631677,20199.279673099518,4.94477069193179e-05
2264,2.117770195007324,4529.000116631677,20208.83657169342,4.9409140204934645e-05
2265,1.9476457834243774,4531.000116631677,20220.02461719513,4.93705738422551e-05
2266,2.035797357559204,4533.000116631677,20230.03252840042,4.9332007854227774e-05
2267,1.9475152492523193,4535.000116631677,20237.119358062744,4.9293442263800964e-05
2268,1.9734247922897339,4537.000116631677,20246.82408428192,4.925487709392265e-05
2269,2.1952285766601562,4539.000116631677,20256.556145191193,4.921631236754066e-05
2270,1.9257283210754395,4541.000116631677,20263.86897468567,4.9177748107602505e-05
2271,1.9206006526947021,4543.000116631677,20272.894324541092,4.913918433705545e-05
2272,2.14534592628479,4545.000116631677,20278.747227430344,4.910062107884641e-05
2273,2.2274317741394043,4547.000116631677,20287.87100982666,4.9062058355922056e-05
2274,2.20560884475708,4549.000116631677,20297.61617898941,4.9023496191228725e-05
2275,2.1158287525177,4551.000116631677,20306.817890644073,4.898493460771239e-05
2276,2.1048758029937744,4553.000116631677,20315.989087104797,4.894637362831872e-05
2277,2.159562826156616,4555.000116631677,20323.397411346436,4.8907813275993036e-05
2278,1.9723966121673584,4557.000116631677,20332.79053592682,4.88692535736802e-05
2279,2.0258092880249023,4559.000116631677,20340.565403223038,4.883069454432477e-05
2280,2.0571694374084473,4561.000116631677,20351.71550297737,4.879213621087091e-05
2281,2.026449680328369,4563.000116631677,20361.256381750107,4.8753578596262284e-05
2282,2.0774223804473877,4565.000116631677,20372.465080738068,4.871502172344221e-05
2283,2.172604560852051,4567.000116631677,20381.573679447174,4.8676465615353544e-05
2284,2.074394702911377,4569.000116631677,20389.82174038887,4.863791029493866e-05
2285,2.3343706130981445,4571.000116631677,20398.667720794678,4.8599355785139495e-05
2286,2.4005191326141357,4573.000116631677,20405.8982462883,4.856080210889749e-05
2287,2.140857696533203,4575.000116631677,20414.517876386642,4.8522249289153624e-05
2288,2.1155858039855957,4577.000116631677,20424.088807821274,4.848369734884827e-05
2289,2.073625087738037,4579.000116631677,20433.895676374435,4.844514631092138e-05
2290,1.9224588871002197,4581.000116631677,20443.878901720047,4.8406596198312355e-05
2291,2.120748996734619,4583.000116631677,20449.604860305786,4.8368047033959974e-05
2292,1.9746952056884766,4585.000116631677,20457.796028137207,4.832949884080251e-05
2293,1.9815818071365356,4587.000116631677,20468.97265481949,4.829095164177767e-05
2294,2.0858874320983887,4589.000116631677,20479.736787080765,4.825240545982253e-05
2295,1.909455418586731,4591.000116631677,20489.759069919586,4.821386031787357e-05
2296,2.019205093383789,4593.000116631677,20500.961389541626,4.8175316238866696e-05
2297,2.0723865032196045,4595.000116631677,20507.422943115234,4.8136773245737095e-05
2298,2.0482683181762695,4597.000116631677,20517.218136310577,4.809823136141938e-05
2299,1.9733812808990479,4599.000116631677,20528.400003671646,4.805969060884749e-05
2300,1.9512012004852295,4601.000116631677,20536.180961847305,4.802115101095469e-05
2301,2.091594696044922,4603.000116631677,20543.546208143234,4.79826125906735e-05
2302,2.15559720993042,4605.000116631677,20551.21072292328,4.794407537093584e-05
2303,2.1703085899353027,4607.000116631677,20559.79655599594,4.790553937467286e-05
2304,2.2460432052612305,4609.000116631677,20567.62248110771,4.7867004624814957e-05
2305,1.8699817657470703,4611.000116631677,20578.686808347702,4.782847114429183e-05
2306,2.0294413566589355,4613.000116631677,20587.710114955902,4.7789938956032425e-05
2307,2.0346221923828125,4615.000116631677,20597.04231095314,4.775140808296488e-05
2308,2.158842086791992,4617.000116631677,20604.809720039368,4.771287854801658e-05
2309,1.9964470863342285,4619.000116631677,20616.008845806122,4.767435037411413e-05
2310,2.2188634872436523,4621.000116631677,20624.453187465668,4.763582358418327e-05
2311,2.0219974517822266,4623.000116631677,20634.943561315536,4.759729820114895e-05
2312,2.110910654067993,4625.000116631677,20644.066650390625,4.755877424793532e-05
2313,1.8365752696990967,4627.000116631677,20653.525671958923,4.752025174746559e-05
2314,2.0558865070343018,4629.000116631677,20663.810131549835,4.748173072266218e-05
2315,2.0384693145751953,4631.000116631677,20672.056342840195,4.744321119644661e-05
2316,2.013317584991455,4633.000116631677,20678.66652393341,4.740469319173951e-05
2317,1.9144954681396484,4635.000116631677,20689.821600914,4.736617673146059e-05
2318,2.1265883445739746,4637.000116631677,20699.218173265457,4.7327661838528646e-05
2319,2.075416088104248,4639.000116631677,20708.348675966263,4.728914853586159e-05
2320,2.207744598388672,4641.000116631677,20719.5168299675,4.725063684637628e-05
2321,2.159768581390381,4643.000116631677,20726.76090836525,4.7212126792988734e-05
2322,1.9980140924453735,4645.000116631677,20734.2370531559,4.717361839861392e-05
2323,2.15939998626709,4647.000116631677,20741.480915308,4.713511168616584e-05
2324,2.1424989700317383,4649.000116631677,20749.62963104248,4.709660667855748e-05
2325,1.996106505393982,4651.000116631677,20758.580728054047,4.7058103398700866e-05
2326,2.3325517177581787,4653.000116631677,20765.879326105118,4.701960186950692e-05
2327,1.951503038406372,4655.000116631677,20775.496057748795,4.698110211388559e-05
2328,2.0573902130126953,4657.000116631677,20784.66682291031,4.69426041547457e-05
2329,1.804766297340393,4659.000116631677,20792.587360858917,4.690410801499509e-05
2330,2.0175347328186035,4661.000116631677,20803.564679145813,4.686561371754044e-05
2331,1.8708953857421875,4663.000116631677,20809.5988407135,4.682712128528736e-05
2332,2.0916671752929688,4665.000116631677,20819.1142513752,4.678863074114039e-05
2333,1.965445637702942,4667.000116631677,20828.123049020767,4.675014210800287e-05
2334,2.1120879650115967,4669.000116631677,20837.39039325714,4.671165540877705e-05
2335,2.0818116664886475,4671.000116631677,20846.48549103737,4.667317066636406e-05
2336,1.9675625562667847,4673.000116631677,20854.134115457535,4.663468790366379e-05
2337,2.190319538116455,4675.000116631677,20862.26872110367,4.659620714357499e-05
2338,2.2029621601104736,4677.000116631677,20868.9586250782,4.655772840899525e-05
2339,2.116278886795044,4679.000116631677,20880.134741544724,4.651925172282089e-05
2340,2.1191787719726562,4681.000116631677,20887.631585359573,4.6480777107947066e-05
2341,2.0805487632751465,4683.000116631677,20897.01733970642,4.644230458726767e-05
2342,2.1690778732299805,4685.000116631677,20903.446062088013,4.640383418367539e-05
2343,1.9930086135864258,4687.000116631677,20911.586190462112,4.636536592006158e-05
2344,2.141714096069336,4689.000116631677,20922.47491121292,4.632689981931637e-05
2345,1.8587658405303955,4691.000116631677,20931.793749809265,4.628843590432863e-05
2346,2.1641311645507812,4693.000116631677,20940.04570388794,4.624997419798585e-05
2347,1.910323143005371,4695.000116631677,20948.403270721436,4.6211514723174275e-05
2348,2.040626049041748,4697.000116631677,20958.117347240448,4.61730575027788e-05
2349,2.0410938262939453,4699.000116631677,20966.257670402527,4.6134602559682965e-05
2350,1.9302791357040405,4701.000116631677,20975.650225877762,4.6096149916768975e-05
2351,2.072089433670044,4703.000116631677,20985.114332914352,4.605769959691768e-05
2352,2.0440917015075684,4705.000116631677,20994.406545639038,4.601925162300848e-05
2353,1.9392976760864258,4707.000116631677,21004.398308753967,4.598080601791946e-05
2354,2.068037271499634,4709.000116631677,21012.579158067703,4.5942362804527254e-05
2355,1.9910211563110352,4711.000116631677,21021.578085660934,4.5903922005707064e-05
2356,2.13352632522583,4713.000116631677,21030.740273475647,4.586548364433268e-05
2357,2.0916032791137695,4715.000116631677,21038.361839056015,4.582704774327643e-05
2358,2.144425392150879,4717.000116631677,21046.344668626785,4.578861432540921e-05
2359,2.0095114707946777,4719.000116631677,21053.62562274933,4.575018341360036e-05
2360,2.150452136993408,4721.000116631677,21064.813613414764,4.5711755030717794e-05
2361,2.0399155616760254,4723.000116631677,21071.7276365757,4.5673329199627933e-05
2362,2.1514201164245605,4725.000116631677,21082.24401497841,4.5634905943195615e-05
2363,1.969113826751709,4727.000116631677,21091.287003993988,4.559648528428419e-05
2364,1.939814567565918,4729.000116631677,21099.225123643875,4.555806724575548e-05
2365,2.053602457046509,4731.000116631677,21107.053056001663,4.551965185046968e-05
2366,2.021355628967285,4733.000116631677,21115.85017991066,4.548123912128548e-05
2367,2.101367950439453,4735.000116631677,21122.616063833237,4.544282908105998e-05
2368,2.111964702606201,4737.000116631677,21133.79285645485,4.5404421752648614e-05
2369,2.153604507446289,4739.000116631677,21143.574900388718,4.536601715890526e-05
2370,1.9533460140228271,4741.000116631677,21154.78817343712,4.532761532268216e-05
2371,2.042971611022949,4743.000116631677,21161.35201072693,4.5289216266829924e-05
2372,2.0076301097869873,4745.000116631677,21169.50934100151,4.525082001419746e-05
2373,1.9959752559661865,4747.000116631677,21177.555890083313,4.5212426587632074e-05
2374,2.0882277488708496,4749.000116631677,21184.57920193672,4.5174036009979366e-05
2375,1.9379808902740479,4751.000116631677,21195.363927602768,4.513564830408319e-05
2376,2.033881664276123,4753.000116631677,21204.19838118553,4.5097263492785756e-05
2377,2.0440917015075684,4755.000116631677,21215.415534734726,4.5058881598927556e-05
2378,2.0956058502197266,4757.000116631677,21226.586652994156,4.502050264534727e-05
2379,2.0686588287353516,4759.000116631677,21234.128892183304,4.4982126654881906e-05
2380,1.9841842651367188,4761.000116631677,21242.847477197647,4.494375365036669e-05
2381,2.0286917686462402,4763.000116631677,21254.035106420517,4.490538365463504e-05
2382,1.9960983991622925,4765.000116631677,21262.215761899948,4.486701669051863e-05
2383,2.1110172271728516,4767.000116631677,21269.963346719742,4.482865278084729e-05
2384,1.8731426000595093,4769.000116631677,21278.587341308594,4.4790291948449035e-05
2385,1.8992286920547485,4771.000116631677,21288.10241794586,4.475193421615009e-05
2386,2.1363182067871094,4773.000116631677,21296.451305627823,4.471357960677479e-05
2387,2.0850706100463867,4775.000116631677,21304.369350910187,4.467522814314565e-05
2388,2.163670063018799,4777.000116631677,21313.410605192184,4.463687984808327e-05
2389,2.085780620574951,4779.000116631677,21320.58528161049,4.459853474440639e-05
2390,2.0948758125305176,4781.000116631677,21331.748364925385,4.4560192854931874e-05
2391,1.9196182489395142,4783.000116631677,21340.359102725983,4.452185420247461e-05
2392,1.9576226472854614,4785.000116631677,21351.575518131256,4.4483518809847616e-05
2393,2.0702359676361084,4787.000116631677,21360.176737308502,4.4445186699861956e-05
2394,1.887862205505371,4789.000116631677,21366.53264784813,4.4406857895326726e-05
2395,2.0681581497192383,4791.000116631677,21376.33157134056,4.436853241904907e-05
2396,2.2745609283447266,4793.000116631677,21384.044357776642,4.433021029383416e-05
2397,1.8195087909698486,4795.000116631677,21395.206418275833,4.4291891542485135e-05
2398,2.064413070678711,4797.000116631677,21404.031535625458,4.425357618780316e-05
2399,1.880782961845398,4799.000116631677,21413.736568450928,4.421526425258739e-05
2400,1.7541850805282593,4801.000116631677,21422.131412267685,4.417695575963493e-05
2401,2.1540536880493164,4803.000116631677,21431.719512939453,4.4138650731740794e-05
2402,1.9320154190063477,4805.000116631677,21440.807216882706,4.4100349191698e-05
2403,2.2134416103363037,4807.000116631677,21448.20101094246,4.4062051162297475e-05
2404,2.2235097885131836,4809.000116631677,21458.446697950363,4.402375666632802e-05
2405,1.8297855854034424,4811.000116631677,21466.890405654907,4.398546572657636e-05
2406,1.9668411016464233,4813.000116631677,21478.068271636963,4.394717836582715e-05
2407,1.9834343194961548,4815.000116631677,21485.05996632576,4.390889460686281e-05
2408,2.3005423545837402,4817.000116631677,21494.201968193054,4.387061447246371e-05
2409,2.093606948852539,4819.000116631677,21503.566705942154,4.383233798540803e-05
2410,1.9050524234771729,4821.000116631677,21513.370131969452,4.379406516847175e-05
2411,2.117117404937744,4823.000116631677,21523.131226062775,4.375579604442871e-05
2412,2.045781135559082,4825.000116631677,21532.115448474884,4.3717530636050537e-05
2413,2.1771984100341797,4827.000116631677,21539.16071152687,4.367926896610666e-05
2414,2.1005406379699707,4829.000116631677,21545.73604297638,4.364101105736428e-05
2415,2.271310329437256,4831.000116631677,21553.88938355446,4.36027569325883e-05
2416,2.1388206481933594,4833.000116631677,21560.808297634125,4.356450661454148e-05
2417,2.26206374168396,4835.000116631677,21569.990205526352,4.352626012598421e-05
2418,1.986299753189087,4837.000116631677,21580.506672382355,4.3488017489674674e-05
2419,1.9039102792739868,4839.000116631677,21590.606212854385,4.344977872836876e-05
2420,1.869300365447998,4841.000116631677,21595.126402139664,4.341154386481997e-05
2421,2.057710886001587,4843.000116631677,21602.365152835846,4.3373312921779586e-05
2422,2.077443838119507,4845.000116631677,21610.7109811306,4.3335085921996525e-05
2423,1.7648543119430542,4847.000116631677,21617.20659995079,4.329686288821731e-05
2424,1.8979077339172363,4849.000116631677,21625.31708097458,4.325864384318616e-05
2425,1.9839634895324707,4851.000116631677,21633.52170729637,4.322042880964492e-05
2426,2.170393466949463,4853.000116631677,21640.51172041893,4.3182217810333e-05
2427,2.0681161880493164,4855.000116631677,21648.446346998215,4.314401086798748e-05
2428,2.148606300354004,4857.000116631677,21659.19693517685,4.310580800534295e-05
2429,2.1599717140197754,4859.000116631677,21667.79856801033,4.306760924513165e-05
2430,2.0077500343322754,4861.000116631677,21678.85969567299,4.30294146100833e-05
2431,2.0405702590942383,4863.000116631677,21690.039478063583,4.2991224122925204e-05
2432,2.0598230361938477,4865.000116631677,21698.145267009735,4.295303780638224e-05
2433,2.0517494678497314,4867.000116631677,21704.962867975235,4.291485568317671e-05
2434,2.1827030181884766,4869.000116631677,21714.620126724243,4.2876677776028485e-05
2435,1.8529201745986938,4871.000116631677,21722.6662774086,4.2838504107654944e-05
2436,1.8934450149536133,4873.000116631677,21729.98902606964,4.280033470077088e-05
2437,2.0309746265411377,4875.000116631677,21739.99178314209,4.27621695780886e-05
2438,2.048092842102051,4877.000116631677,21747.207471847534,4.272400876231787e-05
2439,1.9411585330963135,4879.000116631677,21755.26105070114,4.268585227616583e-05
2440,1.7253103256225586,4881.000116631677,21765.01130270958,4.2647700142337085e-05
2441,1.9411232471466064,4883.000116631677,21774.15696644783,4.260955238353367e-05
2442,1.8086214065551758,4885.000116631677,21783.782220363617,4.2571409022455e-05
2443,2.034883975982666,4887.000116631677,21793.298902273178,4.253327008179785e-05
2444,2.040421485900879,4889.000116631677,21801.693689107895,4.249513558425638e-05
2445,1.9640047550201416,4891.000116631677,21811.858871936798,4.245700555252214e-05
2446,2.028151273727417,4893.000116631677,21821.052921295166,4.241888000928395e-05
2447,2.033231258392334,4895.000116631677,21829.997837543488,4.238075897722802e-05
2448,2.097334623336792,4897.000116631677,21839.557676792145,4.234264247903787e-05
2449,2.102752208709717,4899.000116631677,21850.377751111984,4.2304530537394283e-05
2450,1.9157662391662598,4901.000116631677,21856.912140130997,4.226642317497538e-05
2451,1.999062180519104,4903.000116631677,21866.495910406113,4.222832041445654e-05
2452,2.286952018737793,4905.000116631677,21875.97794675827,4.219022227851036e-05
2453,2.0843210220336914,4907.000116631677,21885.699645996094,4.2152128789806747e-05
2454,2.153134822845459,4909.000116631677,21895.81011557579,4.211403997101284e-05
2455,1.9618961811065674,4911.000116631677,21904.593086481094,4.207595584479292e-05
2456,1.9309566020965576,4913.000116631677,21915.63635158539,4.203787643380858e-05
2457,2.1407790184020996,4915.000116631677,21922.725250720978,4.199980176071855e-05
2458,2.031553268432617,4917.000116631677,21931.23552775383,4.196173184817875e-05
2459,2.2093911170959473,4919.000116631677,21940.71213722229,4.192366671884227e-05
2460,1.8571816682815552,4921.000116631677,21950.869047641754,4.1885606395359344e-05
2461,1.8898698091506958,4923.000116631677,21960.828089237213,4.184755090037738e-05
2462,1.8658287525177002,4925.000116631677,21970.118076086044,4.1809500256540855e-05
2463,2.3657479286193848,4927.000116631677,21978.621807575226,4.177145448649141e-05
2464,1.884085774421692,4929.000116631677,21987.65249466896,4.173341361286777e-05
2465,1.9150962829589844,4931.000116631677,21998.621728658676,4.169537765830573e-05
2466,2.1985037326812744,4933.000116631677,22007.780666589737,4.1657346645438175e-05
2467,1.9653304815292358,4935.000116631677,22017.208240509033,4.161932059689506e-05
2468,2.083712577819824,4937.000116631677,22027.941411733627,4.158129953530337e-05
2469,1.8292311429977417,4939.000116631677,22035.796905994415,4.1543283483287116e-05
2470,2.177208423614502,4941.000116631677,22045.791228055954,4.150527246346734e-05
2471,1.8856256008148193,4943.000116631677,22052.75548195839,4.14672664984621e-05
2472,1.9677011966705322,4945.000116631677,22060.73451280594,4.142926561088641e-05
2473,1.9622471332550049,4947.000116631677,22069.108409643173,4.13912698233523e-05
2474,1.9984482526779175,4949.000116631677,22078.260116815567,4.135327915846878e-05
2475,2.135286331176758,4951.000116631677,22087.808928489685,4.1315293638841724e-05
2476,2.0446133613586426,4953.000116631677,22097.592161655426,4.1277313287074036e-05
2477,1.933656930923462,4955.000116631677,22106.489486932755,4.1239338125765535e-05
2478,1.9425331354141235,4957.000116631677,22115.18911266327,4.120136817751288e-05
2479,1.883141279220581,4959.000116631677,22125.82599759102,4.11634034649097e-05
2480,1.76873779296875,4961.000116631677,22135.81047129631,4.11254440105465e-05
2481,1.8978573083877563,4963.000116631677,22143.21107530594,4.1087489837010615e-05
2482,2.028407096862793,4965.000116631677,22151.599109888077,4.1049540966886276e-05
2483,1.967555284500122,4967.000116631677,22161.355894088745,4.1011597422754555e-05
2484,2.007347583770752,4969.000116631677,22169.691962718964,4.0973659227193364e-05
2485,1.9875426292419434,4971.000116631677,22180.879163742065,4.0935726402777366e-05
2486,2.1153645515441895,4973.000116631677,22188.397344350815,4.0897798972078105e-05
2487,1.9893345832824707,4975.000116631677,22196.728036642075,4.08598769576639e-05
2488,1.7459228038787842,4977.000116631677,22204.86950278282,4.08219603820998e-05
2489,2.1337950229644775,4979.000116631677,22213.5211186409,4.0784049267947674e-05
2490,1.8787548542022705,4981.000116631677,22223.539689540863,4.074614363776612e-05
2491,1.871329665184021,4983.000116631677,22233.17245411873,4.070824351411047e-05
2492,2.038196086883545,4985.000116631677,22242.587406635284,4.0670348919532775e-05
2493,1.9162448644638062,4987.000116631677,22252.30028796196,4.063245987658183e-05
2494,2.209096670150757,4989.000116631677,22263.457673549652,4.059457640780306e-05
2495,1.7326405048370361,4991.000116631677,22274.600754499435,4.055669853573863e-05
2496,1.944692850112915,4993.000116631677,22284.221291065216,4.051882628292737e-05
2497,2.158977508544922,4995.000116631677,22293.518543958664,4.048095967190472e-05
2498,1.9417067766189575,4997.000116631677,22301.496239423752,4.044309872520282e-05
2499,1.904241919517517,4999.000116631677,22309.91359782219,4.0405243465350416e-05
2500,1.916430115699768,5001.000116631677,22318.70099544525,4.036739391487288e-05
2501,1.9679551124572754,5003.000116631677,22326.043647289276,4.032955009629215e-05
2502,2.231105327606201,5005.000116631677,22335.36717224121,4.0291712032126786e-05
2503,1.687995433807373,5007.000116631677,22344.436022520065,4.025387974489194e-05
2504,1.9213330745697021,5009.000116631677,22355.61313033104,4.021605325709929e-05
2505,1.8600208759307861,5011.000116631677,22364.58027601242,4.017823259125705e-05
2506,1.914820909500122,5013.000116631677,22373.844610214233,4.014041776987007e-05
2507,1.7367810010910034,5015.000116631677,22379.541340827942,4.0102608815439574e-05
2508,2.0085625648498535,5017.000116631677,22387.2666118145,4.0064805750463395e-05
2509,2.0010242462158203,5019.000116631677,22392.86915564537,4.002700859743586e-05
2510,1.883680820465088,5021.000116631677,22399.220927476883,3.998921737884772e-05
2511,2.0298430919647217,5023.000116631677,22409.712344884872,3.9951432117186255e-05
2512,1.9415225982666016,5025.000116631677,22415.92977499962,3.9913652834935154e-05
2513,1.9232478141784668,5027.000116631677,22424.41351222992,3.987587955457461e-05
2514,1.883192777633667,5029.000116631677,22431.508177518845,3.983811229858114e-05
2515,2.175346612930298,5031.000116631677,22439.42574763298,3.980035108942779e-05
2516,1.9495840072631836,5033.000116631677,22448.283622026443,3.976259594958397e-05
2517,1.8214757442474365,5035.000116631677,22457.766300201416,3.9724846901515416e-05
2518,1.9452061653137207,5037.000116631677,22467.931564807892,3.968710396768432e-05
2519,2.102012872695923,5039.000116631677,22476.951036691666,3.9649367170549206e-05
2520,1.845069408416748,5041.000116631677,22485.91058087349,3.9611636532564936e-05
2521,1.9383970499038696,5043.000116631677,22495.42936015129,3.957391207618271e-05
2522,1.8825370073318481,5045.000116631677,22506.57475376129,3.953619382385008e-05
2523,1.9389561414718628,5047.000116631677,22517.35281562805,3.949848179801087e-05
2524,1.9220092296600342,5049.000116631677,22525.875898122787,3.94607760211052e-05
2525,1.9441564083099365,5051.000116631677,22533.34517097473,3.942307651556953e-05
2526,1.775153398513794,5053.000116631677,22540.632036685944,3.938538330383648e-05
2527,2.176630735397339,5055.000116631677,22549.804415225983,3.934769640833502e-05
2528,1.9610828161239624,5057.000116631677,22558.96996998787,3.931001585149032e-05
2529,2.097484588623047,5059.000116631677,22567.577701091766,3.927234165572382e-05
2530,1.955743670463562,5061.000116631677,22575.14200401306,3.9234673843453086e-05
2531,2.0166358947753906,5063.000116631677,22583.2028529644,3.9197012437091976e-05
2532,2.0326128005981445,5065.000116631677,22591.715388774872,3.915935745905051e-05
2533,1.852817177772522,5067.000116631677,22601.869663715363,3.9121708931734836e-05
2534,2.120034694671631,5069.000116631677,22610.17774963379,3.9084066877547324e-05
2535,2.0927319526672363,5071.000116631677,22617.6867313385,3.904643131888648e-05
2536,2.0117058753967285,5073.000116631677,22625.189600467682,3.9008802278146914e-05
2537,2.0064401626586914,5075.000116631677,22635.940913438797,3.89711797777194e-05
2538,2.159142255783081,5077.000116631677,22646.587347507477,3.8933563839990805e-05
2539,2.015775203704834,5079.000116631677,22656.079441308975,3.889595448734404e-05
2540,2.0208218097686768,5081.000116631677,22665.54315853119,3.885835174215818e-05
2541,1.9223722219467163,5083.000116631677,22672.926892757416,3.882075562680832e-05
2542,1.9296693801879883,5085.000116631677,22683.54963183403,3.878316616366565e-05
2543,1.9247225522994995,5087.000116631677,22692.64359307289,3.8745583375097316e-05
2544,1.9071979522705078,5089.000116631677,22701.012213230133,3.8708007283466584e-05
2545,1.891880989074707,5091.000116631677,22708.08902978897,3.867043791113271e-05
2546,1.9912328720092773,5093.000116631677,22715.64120388031,3.863287528045091e-05
2547,2.092212438583374,5095.000116631677,22723.77156186104,3.8595319413772435e-05
2548,2.132859230041504,5097.000116631677,22731.739006996155,3.855777033344452e-05
2549,2.0438387393951416,5099.000116631677,22739.306610822678,3.852022806181029e-05
2550,1.949162483215332,5101.000116631677,22745.16303253174,3.84826926212089e-05
2551,1.9217449426651,5103.000116631677,22752.03917336464,3.8445164033975424e-05
2552,2.13702392578125,5105.000116631677,22760.998698234558,3.840764232244079e-05
2553,1.9712650775909424,5107.000116631677,22766.977123975754,3.837012750893191e-05
2554,2.0441880226135254,5109.000116631677,22777.417986631393,3.833261961577158e-05
2555,2.0062036514282227,5111.000116631677,22788.33877801895,3.829511866527844e-05
2556,2.116671562194824,5113.000116631677,22797.79257130623,3.825762467976706e-05
2557,2.0269267559051514,5115.000116631677,22807.51703286171,3.8220137681547786e-05
2558,2.0808374881744385,5117.000116631677,22814.911100625992,3.818265769292688e-05
2559,1.885238766670227,5119.000116631677,22824.726345539093,3.8145184736206396e-05
2560,1.919726848602295,5121.000116631677,22835.17783498764,3.81077188336842e-05
2561,2.061945915222168,5123.000116631677,22846.393250465393,3.807026000765401e-05
2562,1.811119556427002,5125.000116631677,22855.185215711594,3.803280828040524e-05
2563,1.9656860828399658,5127.000116631677,22863.542268037796,3.799536367422315e-05
2564,2.0394864082336426,5129.000116631677,22870.536988019943,3.7957926211388784e-05
2565,2.1616976261138916,5131.000116631677,22881.702048778534,3.792049591417885e-05
2566,2.0310192108154297,5133.000116631677,22891.127749681473,3.788307280486586e-05
2567,2.100271224975586,5135.000116631677,22899.900474071503,3.7845656905718035e-05
2568,2.0093741416931152,5137.000116631677,22907.618522167206,3.780824823899929e-05
2569,2.1066055297851562,5139.000116631677,22917.695875167847,3.777084682696925e-05
2570,2.045093536376953,5141.000116631677,22925.312915325165,3.7733452691883226e-05
2571,1.912812352180481,5143.000116631677,22933.647355556488,3.769606585599221e-05
2572,2.0304059982299805,5145.000116631677,22943.192813158035,3.765868634154278e-05
2574,2.059105396270752,5149.000116631677,22964.007917404175,3.758394936593353e-05
2575,1.9337215423583984,5151.000116631677,22972.349895477295,3.754659194924511e-05
2576,1.9250980615615845,5153.000116631677,22983.004776716232,3.750924194294114e-05
2577,2.1673245429992676,5155.000116631677,22989.78907942772,3.747189936924634e-05
2578,1.84328031539917,5157.000116631677,22997.147068977356,3.7434564250380985e-05
2579,1.9076035022735596,5159.000116631677,23007.896733999252,3.739723660856094e-05
2580,1.8443167209625244,5161.000116631677,23019.09042072296,3.735991646599764e-05
2581,2.08998966217041,5163.000116631677,23027.991309165955,3.732260384489798e-05
2582,2.0337672233581543,5165.000116631677,23035.323055028915,3.728529876746446e-05
2583,2.215658187866211,5167.000116631677,23043.76485490799,3.7248001255895066e-05
2584,2.072793960571289,5169.000116631677,23053.066910505295,3.721071133238329e-05
2585,1.8404003381729126,5171.000116631677,23061.89000940323,3.7173429019118054e-05
2586,2.168914318084717,5173.000116631677,23073.07415509224,3.713615433828382e-05
2587,2.030411720275879,5175.000116631677,23082.44315981865,3.70988873120605e-05
2588,2.0106985569000244,5177.000116631677,23089.44535303116,3.70616279626234e-05
2589,2.0154671669006348,5179.000116631677,23099.594608545303,3.70243763121433e-05
2590,2.1169676780700684,5181.000116631677,23110.77989768982,3.6987132382786404e-05
2591,1.911301612854004,5183.000116631677,23118.941493988037,3.69498961967143e-05
2592,1.8187007904052734,5185.000116631677,23125.3953332901,3.691266777608398e-05
2593,1.820882797241211,5187.000116631677,23133.746200323105,3.687544714304783e-05
2594,2.027120590209961,5189.000116631677,23142.519865989685,3.6838234319753544e-05
2595,1.7955939769744873,5191.000116631677,23147.910182714462,3.6801029328344226e-05
2596,2.0178651809692383,5193.000116631677,23159.13062930107,3.6763832190958336e-05
2597,2.0712270736694336,5195.000116631677,23167.186323165894,3.672664292972957e-05
2598,1.9934806823730469,5197.000116631677,23174.289326429367,3.668946156678702e-05
2599,1.8870137929916382,5199.000116631677,23183.832373857498,3.665228812425506e-05
2600,1.8782658576965332,5201.000116631677,23191.463175296783,3.6615122624253356e-05
2601,1.8796658515930176,5203.000116631677,23199.021369457245,3.65779650888968e-05
2602,1.9482994079589844,5205.000116631677,23209.44166493416,3.654081554029561e-05
2603,2.0228404998779297,5207.000116631677,23218.339706897736,3.650367400055522e-05
2604,1.957090973854065,5209.000116631677,23227.630091428757,3.646654049177628e-05
2605,1.905104637145996,5211.000116631677,23236.663179636,3.642941503605469e-05
2606,1.947340488433838,5213.000116631677,23247.852830171585,3.639229765548158e-05
2607,1.9673714637756348,5215.000116631677,23255.43446612358,3.63551883721432e-05
2608,2.2631850242614746,5217.000116631677,23264.73646259308,3.6318087208121035e-05
2609,2.117783546447754,5219.000116631677,23275.945168972015,3.628099418549176e-05
2610,1.8152210712432861,5221.000116631677,23284.12911939621,3.6243909326327146e-05
2611,2.025585174560547,5223.000116631677,23291.34732747078,3.6206832652694154e-05
2612,2.01137113571167,5225.000116631677,23301.001824855804,3.6169764186654845e-05
2613,2.040100574493408,5227.000116631677,23308.248334884644,3.6132703950266425e-05
2614,1.8206557035446167,5229.000116631677,23316.87701511383,3.609565196558116e-05
2615,2.0884199142456055,5231.000116631677,23324.766924381256,3.605860825464644e-05
2616,1.9380768537521362,5233.000116631677,23331.81726527214,3.602157283950475e-05
2617,1.912413477897644,5235.000116631677,23339.6021797657,3.598454574219358e-05
2618,2.1678247451782227,5237.000116631677,23348.114001512527,3.5947526984745514e-05
2619,1.9940625429153442,5239.000116631677,23358.26423931122,3.5910516589188175e-05
2620,1.7026755809783936,5241.000116631677,23369.1432826519,3.587351457754417e-05
2621,2.259438991546631,5243.000116631677,23378.342291355133,3.583652097183116e-05
2622,1.9835319519042969,5245.000116631677,23388.081646442413,3.579953579406179e-05
2623,1.7386729717254639,5247.000116631677,23395.99134850502,3.576255906624369e-05
2624,2.2006654739379883,5249.000116631677,23405.421078681946,3.5725590810379455e-05
2625,1.983697772026062,5251.000116631677,23416.581775665283,3.5688631048466663e-05
2626,2.1976852416992188,5253.000116631677,23427.771082878113,3.565167980249779e-05
2627,1.7516119480133057,5255.000116631677,23435.54252243042,3.561473709446029e-05
2628,1.9264557361602783,5257.000116631677,23443.373279094696,3.557780294633652e-05
2629,1.8442628383636475,5259.000116631677,23450.54740214348,3.554087738010376e-05
2630,1.923780083656311,5261.000116631677,23461.391365528107,3.550396041773414e-05
2631,2.091397523880005,5263.000116631677,23468.414536714554,3.546705208119471e-05
2632,1.7233128547668457,5265.000116631677,23477.35132908821,3.543015239244739e-05
2633,1.8466721773147583,5267.000116631677,23484.948443174362,3.5393261373448904e-05
2634,1.954260230064392,5269.000116631677,23492.629221200943,3.5356379046150876e-05
2635,1.764894962310791,5271.000116631677,23499.093418836594,3.531950543249976e-05
2636,1.7293256521224976,5273.000116631677,23507.35148048401,3.5282640554436755e-05
2637,1.8357844352722168,5275.000116631677,23516.75477862358,3.524578443389792e-05
2638,2.126737117767334,5277.000116631677,23525.757739782333,3.5208937092814125e-05
2639,1.7524869441986084,5279.000116631677,23534.674845933914,3.5172098553110925e-05
2640,1.7702782154083252,5281.000116631677,23542.425275564194,3.513526883670872e-05
2641,2.0723190307617188,5283.000116631677,23549.997567653656,3.509844796552263e-05
2642,1.7651612758636475,5285.000116631677,23558.868947982788,3.506163596146254e-05
2643,1.9670403003692627,5287.000116631677,23565.642876386642,3.5024832846433e-05
2644,1.9162789583206177,5289.000116631677,23574.324177980423,3.4988038642333316e-05
2645,2.085330009460449,5291.000116631677,23585.519996881485,3.495125337105749e-05
2646,1.9589606523513794,5293.000116631677,23593.36195087433,3.491447705449418e-05
2647,2.1374149322509766,5295.000116631677,23603.37026309967,3.487770971452675e-05
2648,1.8848551511764526,5297.000116631677,23610.673591136932,3.4840951373033215e-05
2649,2.0503087043762207,5299.000116631677,23621.085578918457,3.4804202051886196e-05
2650,1.8470125198364258,5301.000116631677,23629.725606918335,3.4767461772952986e-05
2651,1.752867341041565,5303.000116631677,23638.90151000023,3.473073055809553e-05
2652,1.9795368909835815,5305.000116631677,23646.81726360321,3.4694008429170295e-05
2653,2.312438726425171,5307.000116631677,23656.367743492126,3.465729540802839e-05
2654,2.068300485610962,5309.000116631677,23663.6126434803,3.462059151651552e-05
2655,1.855834722518921,5311.000116631677,23671.20845913887,3.4583896776471926e-05
2656,1.9955974817276,5313.000116631677,23680.939905166626,3.4547211209732415e-05
2657,2.0454206466674805,5315.000116631677,23687.777091026306,3.4510534838126336e-05
2658,1.893827199935913,5317.000116631677,23696.59812927246,3.4473867683477585e-05
2659,1.9655731916427612,5319.000116631677,23707.790311336517,3.443720976760452e-05
2660,2.11012864112854,5321.000116631677,23715.73029756546,3.4400561112320056e-05
2661,1.8240842819213867,5323.000116631677,23722.612061977386,3.436392173943159e-05
2662,2.005026340484619,5325.000116631677,23732.870347976685,3.432729167074095e-05
2663,1.9640337228775024,5327.000116631677,23740.50873351097,3.429067092804449e-05
2664,1.9726976156234741,5329.000116631677,23746.39768409729,3.425405953313298e-05
2665,1.8627043962478638,5331.000116631677,23755.49918270111,3.421745750779162e-05
2666,1.8054099082946777,5333.000116631677,23764.75199842453,3.418086487380007e-05
2667,2.1135830879211426,5335.000116631677,23774.940390110016,3.414428165293238e-05
2668,2.0015077590942383,5337.000116631677,23783.36483192444,3.410770786695696e-05
2669,1.8846558332443237,5339.000116631677,23792.592859506607,3.4071143537636685e-05
2670,1.873489260673523,5341.000116631677,23800.236079454422,3.4034588686728745e-05
2671,2.056049346923828,5343.000116631677,23808.767622947693,3.399804333598473e-05
2672,1.9394341707229614,5345.000116631677,23818.13943862915,3.396150750715052e-05
2673,2.1179521083831787,5347.000116631677,23828.921399831772,3.3924981221966386e-05
2674,2.0741446018218994,5349.000116631677,23839.36722922325,3.388846450216691e-05
2675,1.8103892803192139,5351.000116631677,23843.116686344147,3.385195736948094e-05
2676,1.9753694534301758,5353.000116631677,23854.292719841003,3.381545984563165e-05
2677,2.0522050857543945,5355.000116631677,23865.482345581055,3.377897195233653e-05
2678,2.070558786392212,5357.000116631677,23875.56367278099,3.3742493711307266e-05
2679,2.0104339122772217,5359.000116631677,23884.572200536728,3.370602514424986e-05
2680,1.7192587852478027,5361.000116631677,23891.98971915245,3.366956627286456e-05
2681,1.7957292795181274,5363.000116631677,23899.97797703743,3.363311711884578e-05
2682,2.114523410797119,5365.000116631677,23907.355645418167,3.3596677703882204e-05
2683,1.9135384559631348,5367.000116631677,23916.584041118622,3.356024804965672e-05
2684,1.8833868503570557,5369.000116631677,23925.59419798851,3.352382817784642e-05
2685,2.0394887924194336,5371.000116631677,23933.37014746666,3.3487418110122506e-05
2686,2.0403730869293213,5373.000116631677,23941.197640419006,3.345101786815043e-05
2687,2.2253177165985107,5375.000116631677,23950.9813580513,3.3414627473589745e-05
2688,2.0818684101104736,5377.000116631677,23961.03261089325,3.337824694809417e-05
2689,2.0687685012817383,5379.000116631677,23969.84735107422,3.334187631331153e-05
2690,1.9276026487350464,5381.000116631677,23979.135707616806,3.33055155908838e-05
2691,1.9428359270095825,5383.000116631677,23988.239250183105,3.3269164802447015e-05
2692,1.944549560546875,5385.000116631677,23997.36966276169,3.323282396963131e-05
2693,1.7650344371795654,5387.000116631677,24007.405187129974,3.319649311406094e-05
2694,1.9852254390716553,5389.000116631677,24016.430227041245,3.316017225735414e-05
2695,1.7815017700195312,5391.000116631677,24024.158732891083,3.312386142112326e-05
2696,1.6763510704040527,5393.000116631677,24033.184505701065,3.3087560626974684e-05
2697,2.1087162494659424,5395.000116631677,24043.36733865738,3.3051269896508794e-05
2698,1.8567698001861572,5397.000116631677,24051.215080976486,3.301498925132e-05
2699,2.035508155822754,5399.000116631677,24060.926997423172,3.297871871299669e-05
2700,1.944483995437622,5401.000116631677,24068.129430294037,3.294245830312128e-05
2701,1.999140739440918,5403.000116631677,24076.765122413635,3.290620804327011e-05
2702,1.8406083583831787,5405.000116631677,24085.793596744537,3.286996795501352e-05
2703,2.026092052459717,5407.000116631677,24092.95964360237,3.28337380599158e-05
2704,1.9509539604187012,5409.000116631677,24102.267995357513,3.2797518379535096e-05
2705,1.9250802993774414,5411.000116631677,24109.08910059929,3.276130893542359e-05
2706,2.08864426612854,5413.000116631677,24119.223832130432,3.2725109749127323e-05
2707,2.050776958465576,5415.000116631677,24130.40264940262,3.2688920842186183e-05
2708,1.986886739730835,5417.000116631677,24141.55514883995,3.265274223613401e-05
2709,2.010831356048584,5419.000116631677,24151.021127700806,3.261657395249851e-05
2710,1.9124716520309448,5421.000116631677,24158.882457971573,3.2580416012801196e-05
2711,2.1976537704467773,5423.000116631677,24167.26995229721,3.254426843855747e-05
2712,2.045886516571045,5425.000116631677,24175.914032936096,3.2508131251276565e-05
2713,1.907118320465088,5427.000116631677,24184.28270459175,3.247200447246153e-05
2714,2.005767345428467,5429.000116631677,24192.15850543976,3.243588812360917e-05
2715,1.9438166618347168,5431.000116631677,24201.261796951294,3.239978222621017e-05
2716,1.93911612033844,5433.000116631677,24211.628150224686,3.236368680174895e-05
2717,2.1680006980895996,5435.000116631677,24221.406418561935,3.2327601871703664e-05
2718,2.1017942428588867,5437.000116631677,24229.61292529106,3.229152745754629e-05
2719,2.0439183712005615,5439.000116631677,24239.91574525833,3.2255463580742514e-05
2720,1.6962707042694092,5441.000116631677,24251.121742486954,3.221941026275175e-05
2721,2.079740524291992,5443.000116631677,24258.77989912033,3.218336752502712e-05
2722,1.9399808645248413,5445.000116631677,24265.81459760666,3.214733538901551e-05
2723,2.055973768234253,5447.000116631677,24274.76430439949,3.21113138761574e-05
2724,2.134422540664673,5449.000116631677,24284.49379181862,3.207530300788701e-05
2725,1.9142122268676758,5451.000116631677,24295.665410995483,3.203930280563226e-05
2726,1.8655552864074707,5453.000116631677,24306.45565891266,3.200331329081462e-05
2727,2.0848546028137207,5455.000116631677,24314.63174533844,3.19673344848493e-05
2728,1.9442845582962036,5457.000116631677,24325.314130544662,3.193136640914508e-05
2729,2.031248092651367,5459.000116631677,24333.12362909317,3.18954090851044e-05
2730,1.8144798278808594,5461.000116631677,24341.353984832764,3.1859462534123233e-05
2731,1.9964818954467773,5463.000116631677,24351.148406267166,3.182352677759121e-05
2732,1.8471314907073975,5465.000116631677,24362.3267891407,3.178760183689152e-05
2733,1.9832227230072021,5467.000116631677,24371.133249998093,3.175168773340089e-05
2734,1.8334012031555176,5469.000116631677,24379.924813747406,3.1715784488489635e-05
2735,1.9440631866455078,5471.000116631677,24391.089912176132,3.16798921235216e-05
2736,1.6901696920394897,5473.000116631677,24397.876924991608,3.1644010659854114e-05
2737,1.9115054607391357,5475.000116631677,24407.528494358063,3.160814011883807e-05
2738,2.007798671722412,5477.000116631677,24417.079602718353,3.1572280521817874e-05
2739,1.9669067859649658,5479.000116631677,24424.32109594345,3.153643189013133e-05
2740,2.0031630992889404,5481.000116631677,24432.783636569977,3.150059424510982e-05
2741,1.885276198387146,5483.000116631677,24439.09522461891,3.146476760807813e-05
2742,1.9362866878509521,5485.000116631677,24445.890419483185,3.142895200035453e-05
2743,2.001723289489746,5487.000116631677,24456.628878593445,3.1393147443250686e-05
2744,2.0022144317626953,5489.000116631677,24466.07557106018,3.135735395807172e-05
2745,1.9969371557235718,5491.000116631677,24473.73970103264,3.132157156611619e-05
2746,1.9314475059509277,5493.000116631677,24480.711162805557,3.128580028867596e-05
2747,1.866220474243164,5495.000116631677,24489.069838762283,3.125004014703637e-05
2748,1.9027314186096191,5497.000116631677,24496.406584978104,3.121429116247613e-05
2749,1.8996617794036865,5499.000116631677,24506.74059176445,3.117855335626724e-05
2750,1.8477158546447754,5501.000116631677,24516.435701608658,3.1142826749675116e-05
2751,2.102993965148926,5503.000116631677,24525.853783369064,3.1107111363958506e-05
2752,2.0342025756835938,5505.000116631677,24533.747203826904,3.1071407220369426e-05
2753,2.0147323608398438,5507.000116631677,24542.689741134644,3.1035714340153256e-05
2754,1.899810552597046,5509.000116631677,24551.068741083145,3.100003274454867e-05
2755,1.9645671844482422,5511.000116631677,24560.461837768555,3.096436245478761e-05
2756,1.957223892211914,5513.000116631677,24570.80278110504,3.092870349209527e-05
2757,1.992335557937622,5515.000116631677,24578.522999048233,3.0893055877690154e-05
2758,1.9769361019134521,5517.000116631677,24585.27346944809,3.0857419632784006e-05
2759,2.012383222579956,5519.000116631677,24595.254825353622,3.0821794778581735e-05
2760,1.9947845935821533,5521.000116631677,24605.96354866028,3.0786181336281555e-05
2761,1.8573706150054932,5523.000116631677,24617.160116434097,3.075057932707488e-05
2762,2.203141212463379,5525.000116631677,24628.348465681076,3.071498877214625e-05
2763,2.0124902725219727,5527.000116631677,24638.164469003677,3.067940969267347e-05
2764,2.0699105262756348,5529.000116631677,24648.440405607224,3.06438421098275e-05
2765,1.9055352210998535,5531.000116631677,24658.93819451332,3.06082860447724e-05
2766,1.8438680171966553,5533.000116631677,24665.741879940033,3.057274151866545e-05
2767,1.9650611877441406,5535.000116631677,24672.526972293854,3.053720855265705e-05
2768,2.022197723388672,5537.000116631677,24681.11470913887,3.0501687167890676e-05
2769,1.9718984365463257,5539.000116631677,24687.751796722412,3.0466177385502943e-05
2770,1.9018110036849976,5541.000116631677,24697.323048830032,3.043067922662358e-05
2771,1.6967072486877441,5543.000116631677,24704.12409710884,3.0395192712375395e-05
2772,1.9207180738449097,5545.000116631677,24711.034128904343,3.0359717863874205e-05
2773,2.0607264041900635,5547.000116631677,24719.260328531265,3.0324254702228966e-05
2774,2.06075382232666,5549.000116631677,24730.440271139145,3.0288803248541658e-05
2775,2.2416605949401855,5551.000116631677,24740.82336449623,3.025336352390726e-05
2776,2.078873872756958,5553.000116631677,24747.98815870285,3.0217935549413796e-05
2777,1.805180311203003,5555.000116631677,24757.228314876556,3.018251934614234e-05
2778,1.7889306545257568,5557.000116631677,24765.159433841705,3.0147114935166864e-05
2779,1.7492775917053223,5559.000116631677,24776.349312067032,3.0111722337554395e-05
2780,1.907462239265442,5561.000116631677,24785.248669862747,3.007634157436495e-05
2781,1.8348020315170288,5563.000116631677,24796.428776025772,3.0040972666651422e-05
2782,1.9966330528259277,5565.000116631677,24807.236673355103,3.000561563545971e-05
2783,1.9124282598495483,5567.000116631677,24818.410694360733,2.9970270501828642e-05
2784,2.090334415435791,5569.000116631677,24828.620743751526,2.9934937286789955e-05
2785,2.0074775218963623,5571.000116631677,24838.47656726837,2.9899616011368298e-05
2786,1.8167418241500854,5573.000116631677,24848.56553864479,2.9864306696581194e-05
2787,1.9556279182434082,5575.000116631677,24859.51749610901,2.982900936343909e-05
2788,2.072645425796509,5577.000116631677,24867.408373355865,2.979372403294526e-05
2789,2.1062417030334473,5579.000116631677,24875.21494078636,2.9758450726095876e-05
2790,2.0799498558044434,5581.000116631677,24886.425409078598,2.9723189463879945e-05
2791,2.0746328830718994,5583.000116631677,24895.240565538406,2.9687940267279265e-05
2792,1.894683599472046,5585.000116631677,24903.299386501312,2.9652703157268505e-05
2793,2.029320240020752,5587.000116631677,24913.700166463852,2.9617478154815158e-05
2794,1.9800231456756592,5589.000116631677,24922.42917752266,2.9582265280879423e-05
2795,2.045309066772461,5591.000116631677,24930.66172528267,2.954706455641436e-05
2796,1.8091564178466797,5593.000116631677,24939.08296394348,2.95118760023658e-05
2797,2.129469871520996,5595.000116631677,24949.15439414978,2.947669963967228e-05
2798,1.9924941062927246,5597.000116631677,24958.012420654297,2.9441535489265128e-05
2799,1.664823055267334,5599.000116631677,24963.923711061478,2.9406383572068394e-05
2800,1.9448343515396118,5601.000116631677,24974.15032672882,2.937124390899886e-05
2801,2.0615344047546387,5603.000116631677,24984.843475818634,2.933611652096596e-05
2802,2.095524311065674,5605.000116631677,24992.486671686172,2.930100142887189e-05
2803,2.072340965270996,5607.000116631677,25003.226724386215,2.9265898653611515e-05
2804,1.8540010452270508,5609.000116631677,25014.417370080948,2.923080821607234e-05
2805,1.94148588180542,5611.000116631677,25025.626737117767,2.919573013713455e-05
2806,1.9522426128387451,5613.000116631677,25030.610201358795,2.916066443767101e-05
2807,1.9245179891586304,5615.000116631677,25039.62829017639,2.9125611138547134e-05
2808,1.8817638158798218,5617.000116631677,25049.188218593597,2.909057026062103e-05
2809,1.6907336711883545,5619.000116631677,25056.83426308632,2.905554182474342e-05
2810,1.773489236831665,5621.000116631677,25064.030510663986,2.9020525851757544e-05
2811,2.0377144813537598,5623.000116631677,25070.717738628387,2.89855223624993e-05
2812,1.818676471710205,5625.000116631677,25081.886575460434,2.895053137779714e-05
2813,1.8521831035614014,5627.000116631677,25089.202622413635,2.8915552918472065e-05
2814,1.9799195528030396,5629.000116631677,25097.706582307816,2.8880587005337636e-05
2815,1.9835737943649292,5631.000116631677,25106.6719353199,2.884563365919993e-05
2816,2.0379300117492676,5633.000116631677,25113.334373235703,2.8810692900857578e-05
2817,1.926081895828247,5635.000116631677,25120.841100931168,2.8775764751101663e-05
2818,1.8552738428115845,5637.000116631677,25129.74880719185,2.8740849230715825e-05
2819,1.846505880355835,5639.000116631677,25138.900151252747,2.870594636047618e-05
2820,1.8759064674377441,5641.000116631677,25150.09273672104,2.8671056161151264e-05
2821,1.8661879301071167,5643.000116631677,25160.383551359177,2.8636178653502133e-05
2822,1.7004069089889526,5645.000116631677,25171.478115558624,2.8601313858282286e-05
2823,1.9841797351837158,5647.000116631677,25180.442569971085,2.856646179623761e-05
2824,2.0342700481414795,5649.000116631677,25191.645599126816,2.8531622488106456e-05
2825,1.9858229160308838,5651.000116631677,25198.84518098831,2.8496795954619583e-05
2826,1.9550594091415405,5653.000116631677,25207.203821897507,2.846198221650016e-05
2827,1.9331976175308228,5655.000116631677,25215.688836336136,2.842718129446369e-05
2828,2.093878746032715,5657.000116631677,25226.648888111115,2.8392393209218097e-05
2829,2.037182331085205,5659.000116631677,25236.69432258606,2.8357617981463674e-05
2830,1.9720380306243896,5661.000116631677,25247.86045193672,2.832285563189301e-05
2831,2.0854225158691406,5663.000116631677,25257.2479929924,2.8288106181191072e-05
2832,1.8509855270385742,5665.000116631677,25266.215458869934,2.8253369650035176e-05
2833,1.932561993598938,5667.000116631677,25277.410626888275,2.821864605909488e-05
2834,1.9458982944488525,5669.000116631677,25286.114082813263,2.818393542903209e-05
2835,2.0694422721862793,5671.000116631677,25295.289538145065,2.8149237780500992e-05
2836,1.9233369827270508,5673.000116631677,25306.472552537918,2.8114553134148052e-05
2837,2.144989490509033,5675.000116631677,25317.664048671722,2.807988151061199e-05
2838,2.0939407348632812,5677.000116631677,25327.24826860428,2.804522293052379e-05
2839,1.910665512084961,5679.000116631677,25336.602221012115,2.801057741450664e-05
2840,1.9153897762298584,5681.000116631677,25347.790870189667,2.797594498317599e-05
2841,1.8707916736602783,5683.000116631677,25358.982496976852,2.794132565713949e-05
2842,1.876967430114746,5685.000116631677,25365.934597730637,2.790671945699702e-05
2843,1.788311243057251,5687.000116631677,25377.100793361664,2.787212640334059e-05
2844,2.1049389839172363,5689.000116631677,25384.153099536896,2.783754651675443e-05
2845,1.965612530708313,5691.000116631677,25395.3350815773,2.780297981781495e-05
2846,2.0244245529174805,5693.000116631677,25402.618052721024,2.776842632709065e-05
2847,1.9451664686203003,5695.000116631677,25409.545167684555,2.7733886065142235e-05
2848,2.0805087089538574,5697.000116631677,25417.46034884453,2.7699359052522523e-05
2849,1.8858795166015625,5699.000116631677,25428.595487117767,2.7664845309776405e-05
2850,2.0155282020568848,5701.000116631677,25437.91375017166,2.7630344857440935e-05
2851,2.231645107269287,5703.000116631677,25445.608924627304,2.7595857716045238e-05
2852,2.101329803466797,5705.000116631677,25456.132742881775,2.7561383906110487e-05
2853,2.0871472358703613,5707.000116631677,25464.265838861465,2.7526923448149966e-05
2854,1.974949836730957,5709.000116631677,25470.842503786087,2.749247636266899e-05
2855,1.8925789594650269,5711.000116631677,25482.05121588707,2.7458042670164935e-05
2856,1.9107170104980469,5713.000116631677,25489.34987592697,2.7423622391127207e-05
2857,1.9682849645614624,5715.000116631677,25499.117552757263,2.7389215546037184e-05
2858,2.0903046131134033,5717.000116631677,25507.237281560898,2.7354822155368304e-05
2859,1.960843563079834,5719.000116631677,25518.42569756508,2.732044223958598e-05
2860,1.9683196544647217,5721.000116631677,25525.333257198334,2.7286075819147614e-05
2861,2.11207914352417,5723.000116631677,25535.36214351654,2.7251722914502593e-05
2862,1.809669852256775,5725.000116631677,25545.43065929413,2.7217383546092185e-05
2863,1.794299602508545,5727.000116631677,25554.86202287674,2.7183057734349698e-05
2864,1.888877272605896,5729.000116631677,25561.30279302597,2.7148745499700344e-05
2865,2.0180916786193848,5731.000116631677,25572.472609758377,2.711444686256121e-05
2866,1.8037073612213135,5733.000116631677,25579.71846461296,2.7080161843341346e-05
2867,2.0818567276000977,5735.000116631677,25587.633464574814,2.7045890462441694e-05
2868,1.8772577047348022,5737.000116631677,25596.024696826935,2.701163274025504e-05
2869,1.977522373199463,5739.000116631677,25606.243176698685,2.6977388697166087e-05
2870,2.206263780593872,5741.000116631677,25617.422933340073,2.6943158353551378e-05
2871,1.9585798978805542,5743.000116631677,25627.062913656235,2.6908941729779323e-05
2872,2.0546979904174805,5745.000116631677,25634.551045656204,2.6874738846210125e-05
2873,1.9790517091751099,5747.000116631677,25640.795563220978,2.6840549723195855e-05
2874,1.9235641956329346,5749.000116631677,25650.238870859146,2.6806374381080398e-05
2875,1.790608286857605,5751.000116631677,25656.6059820652,2.6772212840199374e-05
2876,2.0317769050598145,5753.000116631677,25663.956284046173,2.673806512088027e-05
2877,1.9935307502746582,5755.000116631677,25673.980278730392,2.6703931243442316e-05
2878,1.7926065921783447,5757.000116631677,25681.68573307991,2.666981122819649e-05
2879,1.894903540611267,5759.000116631677,25691.479730844498,2.6635705095445553e-05
2880,2.1053760051727295,5761.000116631677,25699.57426381111,2.6601612865484007e-05
2881,1.86344313621521,5763.000116631677,25708.78224515915,2.6567534558598014e-05
2882,2.0268733501434326,5765.000116631677,25716.518179416656,2.653347019506554e-05
2883,1.8280861377716064,5767.000116631677,25722.42687034607,2.6499419795156185e-05
2884,2.0794529914855957,5769.000116631677,25733.517924308777,2.646538337913132e-05
2885,2.1029248237609863,5771.000116631677,25741.663143634796,2.6431360967243893e-05
2886,1.8313764333724976,5773.000116631677,25752.821884155273,2.639735257973859e-05
2887,2.1418213844299316,5775.000116631677,25760.712376594543,2.6363358236851758e-05
2888,2.1571197509765625,5777.000116631677,25769.54429244995,2.6329377958811318e-05
2889,1.789496660232544,5779.000116631677,25776.860754966736,2.629541176583688e-05
2890,1.8812540769577026,5781.000116631677,25787.084250450134,2.6261459678139697e-05
2891,1.959544062614441,5783.000116631677,25797.116891622543,2.622752171592254e-05
2892,1.8202983140945435,5785.000116631677,25807.274597406387,2.6193597899379835e-05
2893,1.8824059963226318,5787.000116631677,25816.79989886284,2.6159688248697618e-05
2894,2.041177272796631,5789.000116631677,25825.245589971542,2.6125792784053413e-05
2895,2.196761131286621,5791.000116631677,25834.403702497482,2.6091911525616368e-05
2896,1.9493718147277832,5793.000116631677,25842.66889500618,2.6058044493547176e-05
2897,1.8622077703475952,5795.000116631677,25853.843834400177,2.6024191707998014e-05
2898,2.183116912841797,5797.000116631677,25862.17374110222,2.5990353189112634e-05
2899,1.942657709121704,5799.000116631677,25870.30667233467,2.595652895702627e-05
2900,1.9009664058685303,5801.000116631677,25880.81880426407,2.5922719031865675e-05
2901,2.0240471363067627,5803.000116631677,25888.710472106934,2.5888923433749074e-05
2902,1.8065978288650513,5805.000116631677,25897.820608854294,2.5855142182786167e-05
2903,2.039186716079712,5807.000116631677,25905.916728019714,2.5821375299078157e-05
2904,2.0853304862976074,5809.000116631677,25915.10603952408,2.57876228027176e-05
2905,1.8365745544433594,5811.000116631677,25926.268894195557,2.5753884713788587e-05
2906,1.9504643678665161,5813.000116631677,25935.62450003624,2.5720161052366624e-05
2907,1.9116122722625732,5815.000116631677,25943.743101358414,2.5686451838518557e-05
2908,2.068504810333252,5817.000116631677,25954.90734386444,2.5652757092302727e-05
2909,1.8058165311813354,5819.000116631677,25964.370410203934,2.561907683376883e-05
2910,2.0636045932769775,5821.000116631677,25973.21661567688,2.5585411082957906e-05
2911,1.8516236543655396,5823.000116631677,25980.595597028732,2.555175985990242e-05
2912,1.8257108926773071,5825.000116631677,25989.759085178375,2.5518123184626157e-05
2913,1.8447438478469849,5827.000116631677,26000.92603468895,2.548450107714428e-05
2914,1.7755377292633057,5829.000116631677,26008.194672107697,2.5450893557463226e-05
2915,2.1693053245544434,5831.000116631677,26015.350836992264,2.5417300645580796e-05
2916,2.106962203979492,5833.000116631677,26022.467628002167,2.5383722361486112e-05
2917,2.01129150390625,5835.000116631677,26031.78626060486,2.5350158725159524e-05
2918,1.9310815334320068,5837.000116631677,26039.87165904045,2.5316609756572738e-05
2919,1.7423205375671387,5839.000116631677,26047.524681568146,2.528307547568872e-05
2920,2.0036795139312744,5841.000116631677,26056.282401800156,2.5249555902461635e-05
2921,1.8281441926956177,5843.000116631677,26064.175925970078,2.5216051056836964e-05
2922,1.9307670593261719,5845.000116631677,26072.06688976288,2.5182560958751415e-05
2923,1.9708501100540161,5847.000116631677,26083.242305278778,2.5149085628132893e-05
2924,1.8806689977645874,5849.000116631677,26094.400980710983,2.5115625084900534e-05
2925,1.794262170791626,5851.000116631677,26102.99398779869,2.5082179348964673e-05
2926,2.0509462356567383,5853.000116631677,26111.2690076828,2.5048748440226846e-05
2927,2.191251754760742,5855.000116631677,26119.967405080795,2.501533237857972e-05
2928,1.997516393661499,5857.000116631677,26130.320947885513,2.4981931183907184e-05
2929,2.0361557006835938,5859.000116631677,26140.490367650986,2.4948544876084267e-05
2930,1.9830682277679443,5861.000116631677,26148.483293056488,2.4915173474977097e-05
2931,1.8858118057250977,5863.000116631677,26157.596435546875,2.488181700044298e-05
2932,1.847731351852417,5865.000116631677,26168.73496556282,2.4848475472330345e-05
2933,1.9879486560821533,5867.000116631677,26177.390598773956,2.4815148910478666e-05
2934,1.8885780572891235,5869.000116631677,26186.720068216324,2.4781837334718576e-05
2935,2.0612690448760986,5871.000116631677,26196.10887646675,2.4748540764871786e-05
2936,1.9148629903793335,5873.000116631677,26205.57945251465,2.4715259220751018e-05
2937,2.011587142944336,5875.000116631677,26215.108996629715,2.4681992722160114e-05
2938,2.060532808303833,5877.000116631677,26224.852596759796,2.4648741288893962e-05
2939,1.7753028869628906,5879.000116631677,26235.498424053192,2.4615504940738423e-05
2940,2.0721821784973145,5881.000116631677,26243.970937728882,2.458228369747046e-05
2941,1.9306674003601074,5883.000116631677,26254.270897865295,2.4549077578857995e-05
2942,1.833870530128479,5885.000116631677,26262.95703935623,2.451588660465998e-05
2943,2.0107951164245605,5887.000116631677,26273.42773628235,2.4482710794626368e-05
2944,1.7414875030517578,5889.000116631677,26280.80945277214,2.444955016849801e-05
2945,1.7966690063476562,5891.000116631677,26291.969601631165,2.4416404746006816e-05
2946,1.7844423055648804,5893.000116631677,26300.878138542175,2.4383274546875597e-05
2947,1.9215409755706787,5895.000116631677,26308.888832330704,2.4350159590818122e-05
2948,2.201417922973633,5897.000116631677,26318.051446914673,2.431705989753911e-05
2949,1.9223101139068604,5899.000116631677,26326.46113705635,2.4283975486734122e-05
2950,2.1407203674316406,5901.000116631677,26333.711270093918,2.425090637808972e-05
2951,1.8939446210861206,5903.000116631677,26340.931071281433,2.421785259128332e-05
2952,2.013998031616211,5905.000116631677,26350.711350917816,2.418481414598318e-05
2953,2.0354275703430176,5907.000116631677,26360.740431785583,2.4151791061848503e-05
2954,1.9435557126998901,5909.000116631677,26370.7409992218,2.4118783358529308e-05
2955,1.8274672031402588,5911.000116631677,26380.332456588745,2.4085791055666485e-05
2956,1.7911396026611328,5913.000116631677,26390.322759628296,2.405281417289172e-05
2957,2.0832643508911133,5915.000116631677,26399.360288619995,2.401985272982756e-05
2958,1.7789740562438965,5917.000116631677,26409.849040031433,2.398690674608737e-05
2959,2.090139865875244,5919.000116631677,26421.018540143967,2.395397624127527e-05
2960,1.8305076360702515,5921.000116631677,26429.46728849411,2.3921061234986222e-05
2961,2.0239882469177246,5923.000116631677,26436.856137275696,2.3888161746805954e-05
2962,1.972705602645874,5925.000116631677,26448.023247003555,2.3855277796310916e-05
2963,1.9249128103256226,5927.000116631677,26457.32842564583,2.382240940306836e-05
2964,1.9302217960357666,5929.000116631677,26467.544389009476,2.3789556586636276e-05
2965,2.115995407104492,5931.000116631677,26477.618605852127,2.375671936656337e-05
2966,1.976819396018982,5933.000116631677,26486.094950914383,2.372389776238907e-05
2967,2.075795888900757,5935.000116631677,26493.771670103073,2.3691091793643545e-05
2968,1.8644757270812988,5937.000116631677,26502.170149087906,2.365830147984759e-05
2969,1.90101158618927,5939.000116631677,26506.994094610214,2.3625526840512735e-05
2970,1.9678763151168823,5941.000116631677,26516.298177480698,2.3592767895141192e-05
2971,1.9126670360565186,5943.000116631677,26523.07537508011,2.3560024663225816e-05
2972,2.0160422325134277,5945.000116631677,26532.09409737587,2.352729716425009e-05
2973,1.780972957611084,5947.000116631677,26540.5854473114,2.349458541768816e-05
2974,1.9981696605682373,5949.000116631677,26548.01232123375,2.3461889443004835e-05
2975,1.9049546718597412,5951.000116631677,26557.98460841179,2.342920925965544e-05
2976,1.7410422563552856,5953.000116631677,26567.55101442337,2.3396544887086e-05
2977,2.0298070907592773,5955.000116631677,26578.71898126602,2.336389634473311e-05
2978,2.0250229835510254,5957.000116631677,26588.90791463852,2.3331263652023896e-05
2979,1.7710362672805786,5959.000116631677,26595.739512443542,2.3298646828376095e-05
2980,1.9784307479858398,5961.000116631677,26606.90611743927,2.3266045893198025e-05
2981,1.9748897552490234,5963.000116631677,26616.39940428734,2.3233460865888478e-05
2982,1.8995771408081055,5965.000116631677,26626.021343946457,2.320089176583684e-05
2983,1.9399741888046265,5967.000116631677,26637.188759803772,2.3168338612423e-05
2984,2.006786823272705,5969.000116631677,26644.07180929184,2.3135801425017378e-05
2985,2.0949697494506836,5971.000116631677,26653.196942567825,2.310328022298084e-05
2986,1.984924077987671,5973.000116631677,26664.38791179657,2.3070775025664788e-05
2987,1.733185052871704,5975.000116631677,26672.132220506668,2.303828585241109e-05
2988,2.090993881225586,5977.000116631677,26681.272701263428,2.3005812722552076e-05
2989,2.000398635864258,5979.000116631677,26689.930743455887,2.2973355655410533e-05
2990,1.91238272190094,5981.000116631677,26698.931929826736,2.29409146702997e-05
2991,1.773430347442627,5983.000116631677,26708.052864789963,2.29084897865232e-05
2992,2.1944446563720703,5985.000116631677,26716.0495967865,2.2876081023375122e-05
2993,1.9908006191253662,5987.000116631677,26724.84728908539,2.284368840013998e-05
2994,1.9230937957763672,5989.000116631677,26731.138286590576,2.2811311936092603e-05
2995,1.8748719692230225,5991.000116631677,26740.756736040115,2.2778951650498277e-05
2996,1.9919089078903198,5993.000116631677,26750.375497817993,2.2746607562612642e-05
2997,1.983528733253479,5995.000116631677,26757.64861035347,2.271427969168171e-05
2998,2.0708696842193604,5997.000116631677,26765.418417930603,2.2681968056941803e-05
2999,1.930727243423462,5999.000116631677,26774.257647514343,2.2649672677619617e-05
3000,1.9738781452178955,6001.000116631677,26783.9014108181,2.2617393572932197e-05
3001,2.1996660232543945,6003.000116631677,26792.967871665955,2.2585130762086822e-05
3003,1.8899375200271606,6007.000116631677,26811.077924013138,2.2520654098703147e-05
3004,2.019737958908081,6009.000116631677,26819.778706789017,2.2488440284530967e-05
3005,1.786125898361206,6011.000116631677,26829.500661611557,2.2456242840933112e-05
3006,2.0439891815185547,6013.000116631677,26839.077417612076,2.2424061787068345e-05
3007,2.016228675842285,6015.000116631677,26846.459518432617,2.2391897142085616e-05
3008,1.908453345298767,6017.000116631677,26855.02481031418,2.235974892512416e-05
3009,1.8622629642486572,6019.000116631677,26866.207895755768,2.2327617155313438e-05
3010,1.6865479946136475,6021.000116631677,26874.99174642563,2.22955018517731e-05
3011,2.0091824531555176,6023.000116631677,26882.796106100082,2.2263403033613008e-05
3012,1.906149983406067,6025.000116631677,26893.307906866074,2.223132071993322e-05
3013,1.8144575357437134,6027.000116631677,26900.993015289307,2.219925492982399e-05
3014,2.102503538131714,6029.000116631677,26909.858400821686,2.216720568236568e-05
3015,1.8563166856765747,6031.000116631677,26919.888339281082,2.213517299662887e-05
3016,2.144106864929199,6033.000116631677,26930.391839027405,2.210315689167427e-05
3017,1.8036201000213623,6035.000116631677,26939.968727111816,2.2071157386552686e-05
3018,2.032841205596924,6037.000116631677,26950.75684261322,2.2039174500305092e-05
3019,1.9161341190338135,6039.000116631677,26959.11197423935,2.2007208251962578e-05
3020,1.8687843084335327,6041.000116631677,26967.715551376343,2.1975258660546282e-05
3021,1.8261791467666626,6043.000116631677,26977.219303131104,2.194332574506747e-05
3022,1.8901245594024658,6045.000116631677,26984.791167020798,2.1911409524527504e-05
3023,1.9792689085006714,6047.000116631677,26994.810819387436,2.1879510017917742e-05
3024,2.109867811203003,6049.000116631677,27004.982513189316,2.184762724421966e-05
3025,1.9848475456237793,6051.000116631677,27012.569267988205,2.1815761222404762e-05
3026,1.9034082889556885,6053.000116631677,27019.54953312874,2.1783911971434586e-05
3027,1.9918805360794067,6055.000116631677,27028.384212493896,2.1752079510260664e-05
3028,1.9036719799041748,6057.000116631677,27035.558772087097,2.172026385782456e-05
3029,2.024758815765381,6059.000116631677,27045.78554558754,2.1688465033057855e-05
3030,1.9797852039337158,6061.000116631677,27056.481903076172,2.1656683054882055e-05
3031,2.111307144165039,6063.000116631677,27063.736363887787,2.162491794220871e-05
3032,2.189464569091797,6065.000116631677,27072.14979815483,2.1593169713939298e-05
3033,1.7776798009872437,6067.000116631677,27081.083877801895,2.1561438388965265e-05
3034,1.9815270900726318,6069.000116631677,27088.594516038895,2.152972398616798e-05
3035,1.9410700798034668,6071.000116631677,27098.41460466385,2.1498026524418783e-05
3036,1.8206353187561035,6073.000116631677,27109.3157787323,2.1466346022578867e-05
3037,1.917877197265625,6075.000116631677,27118.89159631729,2.1434682499499382e-05
3038,1.7966176271438599,6077.000116631677,27127.84032535553,2.140303597402139e-05
3039,2.1674857139587402,6079.000116631677,27136.287898778915,2.137140646497578e-05
3040,1.9118964672088623,6081.000116631677,27147.457055091858,2.1339793991183355e-05
3041,1.7486751079559326,6083.000116631677,27157.20721912384,2.130819857145478e-05
3042,1.9571071863174438,6085.000116631677,27164.967216730118,2.127662022459059e-05
3043,1.9299668073654175,6087.000116631677,27174.66381931305,2.1245058969381096e-05
3044,1.9385631084442139,6089.000116631677,27183.07737493515,2.12135148246065e-05
3045,1.7801321744918823,6091.000116631677,27191.704611301422,2.1181987809036824e-05
3046,1.9169557094573975,6093.000116631677,27200.799275636673,2.1150477941431836e-05
3047,1.9270193576812744,6095.000116631677,27212.010339975357,2.1118985240541163e-05
3048,1.985164761543274,6097.000116631677,27223.186034440994,2.108750972510421e-05
3049,2.003331422805786,6099.000116631677,27231.021725416183,2.105605141385011e-05
3050,1.9046220779418945,6101.000116631677,27239.42852306366,2.10246103254978e-05
3051,1.954179048538208,6103.000116631677,27247.379715681076,2.0993186478755967e-05
3052,2.1069836616516113,6105.000116631677,27255.423949480057,2.0961779892323025e-05
3053,2.0192222595214844,6107.000116631677,27264.601986408234,2.093039058488713e-05
3054,2.0884511470794678,6109.000116631677,27274.2431974411,2.0899018575126156e-05
3055,1.8138052225112915,6111.000116631677,27282.33506345749,2.0867663881707653e-05
3056,1.9489471912384033,6113.000116631677,27290.247310638428,2.0836326523288898e-05
3057,1.776222825050354,6115.000116631677,27301.40654182434,2.080500651851685e-05
3058,1.9599049091339111,6117.000116631677,27310.72570347786,2.0773703886028164e-05
3059,1.8845762014389038,6119.000116631677,27319.71816754341,2.0742418644449086e-05
3060,1.983076810836792,6121.000116631677,27329.45670890808,2.0711150812395584e-05
3061,2.120450735092163,6123.000116631677,27337.49569129944,2.067990040847326e-05
3062,1.9005998373031616,6125.000116631677,27343.620305538177,2.0648667451277288e-05
3063,2.0778448581695557,6127.000116631677,27353.32559275627,2.0617451959392518e-05
3064,2.118363857269287,6129.000116631677,27361.89995074272,2.0586253951393418e-05
3065,2.0099830627441406,6131.000116631677,27370.02983236313,2.055507344584398e-05
3066,1.8213316202163696,6133.000116631677,27379.644195318222,2.0523910461297842e-05
3067,2.0228066444396973,6135.000116631677,27385.95217704773,2.0492765016298217e-05
3068,1.5860105752944946,6137.000116631677,27395.109736919403,2.046163712937784e-05
3069,1.899198055267334,6139.000116631677,27404.37305378914,2.0430526819059032e-05
3070,1.838112473487854,6141.000116631677,27415.561965227127,2.0399434103853645e-05
3071,1.8762753009796143,6143.000116631677,27425.178815364838,2.036835900226308e-05
3072,1.9900810718536377,6145.000116631677,27434.73198080063,2.033730153277821e-05
3073,2.1134731769561768,6147.000116631677,27442.881204605103,2.030626171387946e-05
3074,1.790488362312317,6149.000116631677,27451.430509090424,2.0275239564036728e-05
3075,1.8426741361618042,6151.000116631677,27459.27184844017,2.0244235101709423e-05
3076,1.945312261581421,6153.000116631677,27469.100250959396,2.0213248345346408e-05
3077,1.890329360961914,6155.000116631677,27476.899444580078,2.018227931338603e-05
3078,1.9405560493469238,6157.000116631677,27488.088336229324,2.015132802425605e-05
3079,1.9844536781311035,6159.000116631677,27497.163307905197,2.0120394496373702e-05
3080,1.9554259777069092,6161.000116631677,27508.35032582283,2.0089478748145674e-05
3081,1.8911290168762207,6163.000116631677,27519.393848896027,2.0058580797968008e-05
3082,1.744667887687683,6165.000116631677,27526.315656661987,2.002770066422621e-05
3083,1.8527202606201172,6167.000116631677,27533.317901849747,1.9996838365295178e-05
3084,1.8756078481674194,6169.000116631677,27539.710062980652,1.996599391953919e-05
3085,1.8817342519760132,6171.000116631677,27548.145893096924,1.9935167345311875e-05
3086,2.0861363410949707,6173.000116631677,27558.66848540306,1.990435866095627e-05
3087,2.0439453125,6175.000116631677,27569.170253276825,1.9873567884804764e-05
3088,1.811530590057373,6177.000116631677,27579.588124990463,1.9842795035179036e-05
3089,1.7377490997314453,6179.000116631677,27587.255014181137,1.9812040130390153e-05
3090,2.0506465435028076,6181.000116631677,27595.9162273407,1.9781303188738512e-05
3091,1.7730653285980225,6183.000116631677,27605.06622481346,1.975058422851376e-05
3092,1.8986530303955078,6185.000116631677,27615.967665672302,1.9719883267994896e-05
3093,2.008070230484009,6187.000116631677,27625.023582458496,1.9689200325450215e-05
3094,2.0361862182617188,6189.000116631677,27636.214244127274,1.9658535419137226e-05
3095,1.9398391246795654,6191.000116631677,27642.23548412323,1.9627888567302776e-05
3096,1.8541202545166016,6193.000116631677,27653.407397031784,1.959725978818294e-05
3097,2.049623966217041,6195.000116631677,27664.6237680912,1.9566649100003038e-05
3098,1.9180426597595215,6197.000116631677,27672.339025735855,1.9536056520977627e-05
3099,1.9612222909927368,6199.000116631677,27680.30021429062,1.9505482069310493e-05
3100,1.876505970954895,6201.000116631677,27686.606525421143,1.9474925763194653e-05
3101,2.045581579208374,6203.000116631677,27691.95762372017,1.9444387620812257e-05
3102,1.8228954076766968,6205.000116631677,27700.72927236557,1.941386766033473e-05
3103,2.0070667266845703,6207.000116631677,27711.945474624634,1.938336589992265e-05
3104,1.8834433555603027,6209.000116631677,27718.576808929443,1.9352882357725724e-05
3105,1.9585700035095215,6211.000116631677,27727.208029031754,1.932241705188288e-05
3106,2.1365396976470947,6213.000116631677,27736.537887573242,1.9291970000522174e-05
3107,1.8439934253692627,6215.000116631677,27746.585242509842,1.9261541221760765e-05
3108,1.952352523803711,6217.000116631677,27755.876591205597,1.9231130733704986e-05
3109,2.0298612117767334,6219.000116631677,27767.067085027695,1.9200738554450276e-05
3110,1.7398431301116943,6221.000116631677,27777.372420310974,1.917036470208115e-05
3111,1.9155936241149902,6223.000116631677,27786.179436922073,1.9140009194671252e-05
3112,2.040100336074829,6225.000116631677,27795.96529841423,1.91096720502833e-05
3113,1.9945642948150635,6227.000116631677,27805.7641518116,1.9079353286969095e-05
3114,2.031071662902832,6229.000116631677,27812.39054608345,1.9049052922769455e-05
3115,1.9477818012237549,6231.000116631677,27819.67135500908,1.9018770975714304e-05
3116,1.925709843635559,6233.000116631677,27828.394983291626,1.89885074638226e-05
3117,1.8552159070968628,6235.000116631677,27836.61071753502,1.895826240510228e-05
3118,2.017495632171631,6237.000116631677,27842.812942028046,1.8928035817550368e-05
3119,1.9978374242782593,6239.000116631677,27852.955312490463,1.889782771915285e-05
3120,1.7678017616271973,6241.000116631677,27860.943499088287,1.8867638127884742e-05
3121,1.8615339994430542,6243.000116631677,27871.892196178436,1.8837467061710027e-05
3122,1.9183605909347534,6245.000116631677,27880.951022148132,1.8807314538581692e-05
3123,2.0465610027313232,6247.000116631677,27889.06510734558,1.8777180576441624e-05
3124,2.0435547828674316,6249.000116631677,27899.76767873764,1.874706519322074e-05
3125,1.967456579208374,6251.000116631677,27908.18264222145,1.8716968406838862e-05
3126,2.0940542221069336,6253.000116631677,27917.72242665291,1.868689023520478e-05
3127,1.7990347146987915,6255.000116631677,27925.445320367813,1.8656830696216152e-05
3128,1.776803970336914,6257.000116631677,27933.625066280365,1.862678980775959e-05
3129,1.837653398513794,6259.000116631677,27944.794401407242,1.859676758771062e-05
3130,1.9137779474258423,6261.000116631677,27952.328161001205,1.85667640539336e-05
3131,1.8834713697433472,6263.000116631677,27960.813399791718,1.853677922428184e-05
3132,2.1279516220092773,6265.000116631677,27971.78573155403,1.8506813116597483e-05
3133,1.9040731191635132,6267.000116631677,27982.95305800438,1.847686574871152e-05
3134,2.123272180557251,6269.000116631677,27991.5202562809,1.8446937138443814e-05
3135,1.7752927541732788,6271.000116631677,27998.599020957947,1.8417027303603084e-05
3136,2.1583364009857178,6273.000116631677,28008.38970541954,1.8387136261986817e-05
3137,2.0430352687835693,6275.000116631677,28019.27533173561,1.8357264031381367e-05
3138,1.7504339218139648,6277.000116631677,28027.04164671898,1.832741062956188e-05
3139,2.1344451904296875,6279.000116631677,28036.34396505356,1.8297576074292304e-05
3140,1.9094152450561523,6281.000116631677,28045.986715316772,1.826776038332538e-05
3141,1.9369689226150513,6283.000116631677,28054.895292043686,1.8237963574402582e-05
3142,1.8677793741226196,6285.000116631677,28063.332552671432,1.8208185665254193e-05
3143,2.037834405899048,6287.000116631677,28073.495922088623,1.817842667359924e-05
3144,2.062501907348633,6289.000116631677,28084.412173748016,1.814868661714548e-05
3145,2.0596923828125,6291.000116631677,28093.684799194336,1.8118965513589427e-05
3146,1.8628579378128052,6293.000116631677,28101.5355489254,1.808926338061628e-05
3147,1.7815080881118774,6295.000116631677,28107.464699983597,1.8059580235899974e-05
3148,1.7738761901855469,6297.000116631677,28116.079983472824,1.802991609710317e-05
3149,1.536931037902832,6299.000116631677,28124.737378835678,1.8000270981877156e-05
3150,1.9745972156524658,6301.000116631677,28135.489967107773,1.7970644907861948e-05
3151,2.048798084259033,6303.000116631677,28143.856825351715,1.7941037892686242e-05
3152,1.9985268115997314,6305.000116631677,28151.164484262466,1.791144995396733e-05
3153,2.0336081981658936,6307.000116631677,28159.60830307007,1.7881881109311222e-05
3154,2.0572049617767334,6309.000116631677,28169.01375222206,1.785233137631253e-05
3155,1.993544340133667,6311.000116631677,28177.44195151329,1.782280077255453e-05
3156,1.9065666198730469,6313.000116631677,28187.89169192314,1.7793289315609038e-05
3157,2.021358013153076,6315.000116631677,28197.572761774063,1.7763797023036555e-05
3158,1.9027734994888306,6317.000116631677,28208.032771110535,1.7734323912386168e-05
3159,1.886164903640747,6319.000116631677,28216.75011396408,1.770487000119549e-05
3160,1.8932626247406006,6321.000116631677,28227.388562202454,1.767543530699077e-05
3161,1.6546590328216553,6323.000116631677,28234.264857292175,1.764601984728681e-05
3162,1.987196922302246,6325.000116631677,28241.83110690117,1.761662363958695e-05
3163,2.03366756439209,6327.000116631677,28250.863451242447,1.7587246701383097e-05
3164,1.92906653881073,6329.000116631677,28260.272562026978,1.7557889050155684e-05
3165,1.7456872463226318,6331.000116631677,28269.690637350082,1.7528550703373642e-05
3166,2.077859878540039,6333.000116631677,28278.194653749466,1.7499231678494443e-05
3167,1.9286413192749023,6335.000116631677,28287.893176317215,1.7469931992964058e-05
3168,2.0450100898742676,6337.000116631677,28299.06253838539,1.7440651664216962e-05
3169,2.160357713699341,6339.000116631677,28308.444050073624,1.7411390709676075e-05
3170,1.836714267730713,6341.000116631677,28316.948771476746,1.738214914675281e-05
3171,1.8243408203125,6343.000116631677,28326.50068616867,1.7352926992847073e-05
3172,1.8571429252624512,6345.000116631677,28335.235577583313,1.7323724265347146e-05
3173,2.070734977722168,6347.000116631677,28342.39022922516,1.729454098162982e-05
3174,1.9089646339416504,6349.000116631677,28349.73624777794,1.7265377159060302e-05
3175,1.8259000778198242,6351.000116631677,28357.98571205139,1.723623281499218e-05
3176,2.0380501747131348,6353.000116631677,28367.095631599426,1.7207107966767494e-05
3177,1.7723349332809448,6355.000116631677,28373.877033233643,1.7178002631716683e-05
3178,1.7313685417175293,6357.000116631677,28385.03604388237,1.7148916827158537e-05
3179,1.8593223094940186,6359.000116631677,28390.50665807724,1.711985057040026e-05
3180,1.6413508653640747,6361.000116631677,28396.685846090317,1.7090803878737425e-05
3181,1.911484718322754,6363.000116631677,28407.858791589737,1.706177676945392e-05
3182,1.9234697818756104,6365.000116631677,28416.54073047638,1.7032769259822036e-05
3183,2.0346086025238037,6367.000116631677,28423.19894886017,1.7003781367102364e-05
3184,1.8903475999832153,6369.000116631677,28430.38270330429,1.6974813108543848e-05
3185,1.8227767944335938,6371.000116631677,28439.81737589836,1.6945864501383726e-05
3186,1.964454174041748,6373.000116631677,28448.98526239395,1.6916935562847566e-05
3187,1.9365898370742798,6375.000116631677,28457.814788103104,1.688802631014922e-05
3188,2.1494250297546387,6377.000116631677,28468.9800696373,1.6859136760490796e-05
3189,2.004504680633545,6379.000116631677,28475.616411447525,1.6830266931062736e-05
3190,2.106339454650879,6381.000116631677,28484.91279888153,1.680141683904372e-05
3191,2.0798377990722656,6383.000116631677,28492.391867160797,1.677258650160066e-05
3192,1.9234055280685425,6385.000116631677,28501.491617441177,1.6743775935888745e-05
3193,1.8684563636779785,6387.000116631677,28508.93469619751,1.671498515905142e-05
3194,1.7239305973052979,6389.000116631677,28519.15816307068,1.668621418822027e-05
3195,1.8298217058181763,6391.000116631677,28528.472627162933,1.665746304051518e-05
3196,1.800529956817627,6393.000116631677,28538.471279621124,1.6628731733044204e-05
3197,1.8156040906906128,6395.000116631677,28546.91636776924,1.660002028290362e-05
3198,2.1081316471099854,6397.000116631677,28556.32043337822,1.6571328707177814e-05
3199,2.315156936645508,6399.000116631677,28564.57817173004,1.6542657022939433e-05
3200,1.7915167808532715,6401.000116631677,28570.49908399582,1.651400524724926e-05
3201,1.7508320808410645,6403.000116631677,28577.881182432175,1.648537339715619e-05
3202,1.8061938285827637,6405.000116631677,28586.530203342438,1.6456761489697307e-05
3203,1.6975078582763672,6407.000116631677,28592.23114132881,1.6428169541897847e-05
3204,1.888800024986267,6409.000116631677,28602.340877056122,1.6399597570771095e-05
3205,1.9339885711669922,6411.000116631677,28610.401529073715,1.6371045593318505e-05
3206,2.083908796310425,6413.000116631677,28618.44243478775,1.634251362652963e-05
3207,1.8361302614212036,6415.000116631677,28626.987275123596,1.6314001687382103e-05
3208,1.865858554840088,6417.000116631677,28636.707084417343,1.6285509792841646e-05
3209,2.0154457092285156,6419.000116631677,28646.006796121597,1.6257037959862074e-05
3210,1.9581518173217773,6421.000116631677,28651.2801091671,1.62285862053852e-05
3211,2.0088210105895996,6423.000116631677,28659.870269060135,1.6200154546340952e-05
3212,1.847186803817749,6425.000116631677,28670.986847639084,1.6171742999647283e-05
3213,1.8810632228851318,6427.000116631677,28678.14802289009,1.6143351582210188e-05
3214,1.9813930988311768,6429.000116631677,28689.312919855118,1.611498031092364e-05
3215,1.93085777759552,6431.000116631677,28697.272794485092,1.6086629202669677e-05
3216,2.05361270904541,6433.000116631677,28708.460699558258,1.605829827431833e-05
3217,2.017348527908325,6435.000116631677,28718.030552625656,1.6029987542727584e-05
3218,1.905297040939331,6437.000116631677,28729.22892689705,1.6001697024743443e-05
3219,1.8280200958251953,6439.000116631677,28738.851420879364,1.5973426737199892e-05
3220,2.0536768436431885,6441.000116631677,28747.29915857315,1.5945176696918826e-05
3221,2.074136257171631,6443.000116631677,28756.37276482582,1.591694692071014e-05
3222,1.9306983947753906,6445.000116631677,28766.561752557755,1.5888737425371676e-05
3223,1.852506160736084,6447.000116631677,28774.13694667816,1.5860548227689154e-05
3224,2.013669729232788,6449.000116631677,28783.517602443695,1.5832379344436265e-05
3225,1.9859942197799683,6451.000116631677,28792.92180132866,1.58042307923746e-05
3226,1.9197750091552734,6453.000116631677,28802.251917123795,1.5776102588253653e-05
3227,1.776727318763733,6455.000116631677,28811.66124033928,1.5747994748810816e-05
3228,1.6281828880310059,6457.000116631677,28820.69114422798,1.5719907290771324e-05
3229,1.703273057937622,6459.000116631677,28831.850048303604,1.5691840230848334e-05
3230,1.833723783493042,6461.000116631677,28838.144179582596,1.566379358574284e-05
3231,1.826709508895874,6463.000116631677,28847.84550499916,1.56357673721437e-05
3232,1.9648032188415527,6465.000116631677,28854.813276529312,1.5607761606727616e-05
3233,2.019489288330078,6467.000116631677,28863.089089870453,1.5579776306159094e-05
3234,2.136845111846924,6469.000116631677,28872.18234181404,1.5551811487090493e-05
3235,1.7429996728897095,6471.000116631677,28883.32623577118,1.5523867166161988e-05
3236,1.8915468454360962,6473.000116631677,28891.989926099777,1.5495943360001525e-05
3237,2.057784080505371,6475.000116631677,28903.201998472214,1.5468040085224865e-05
3238,1.8514389991760254,6477.000116631677,28909.632695436478,1.544015735843556e-05
3239,1.7365424633026123,6479.000116631677,28913.825288534164,1.541229519622493e-05
3240,1.9007446765899658,6481.000116631677,28924.44988465309,1.5384453615172023e-05
3241,2.0155513286590576,6483.000116631677,28933.486393928528,1.5356632631843687e-05
3242,1.8508334159851074,6485.000116631677,28943.065098524094,1.532883226279452e-05
3243,1.8750454187393188,6487.000116631677,28950.345728874207,1.5301052524566793e-05
3244,1.9373712539672852,6489.000116631677,28958.4619743824,1.527329343369054e-05
3245,1.9621706008911133,6491.000116631677,28965.90007996559,1.5245555006683544e-05
3246,1.9188289642333984,6493.000116631677,28973.130920410156,1.5217837260051219e-05
3247,1.935697317123413,6495.000116631677,28983.155680656433,1.5190140210286713e-05
3248,1.8079560995101929,6497.000116631677,28993.2452147007,1.5162463873870869e-05
3249,1.9960576295852661,6499.000116631677,29002.946325302124,1.5134808267272185e-05
3250,1.8418174982070923,6501.000116631677,29013.010241031647,1.5107173406946831e-05
3251,1.8689240217208862,6503.000116631677,29022.307232618332,1.5079559309338645e-05
3252,1.8229148387908936,6505.000116631677,29029.163037776947,1.5051965990879066e-05
3253,2.109485149383545,6507.000116631677,29038.892394542694,1.5024393467987215e-05
3254,1.833310604095459,6509.000116631677,29045.631366729736,1.4996841757069823e-05
3255,1.9471471309661865,6511.000116631677,29053.937567949295,1.4969310874521252e-05
3256,1.9998284578323364,6513.000116631677,29060.968059778214,1.4941800836723421e-05
3257,1.9048880338668823,6515.000116631677,29069.650552034378,1.4914311660045905e-05
3258,2.0940017700195312,6517.000116631677,29078.283276081085,1.4886843360845841e-05
3259,2.1917083263397217,6519.000116631677,29088.73204922676,1.485939595546793e-05
3260,2.011596918106079,6521.000116631677,29098.16494202614,1.483196946024445e-05
3261,1.6820378303527832,6523.000116631677,29107.314297676086,1.4804563891495264e-05
3262,1.9579246044158936,6525.000116631677,29117.481595516205,1.4777179265527731e-05
3263,2.220942974090576,6527.000116631677,29125.710350990295,1.4749815598636787e-05
3264,1.9466556310653687,6529.000116631677,29136.890474557877,1.4722472907104905e-05
3265,1.8840585947036743,6531.000116631677,29144.345821142197,1.4695151207202013e-05
3266,1.943056583404541,6533.000116631677,29155.323409557343,1.4667850515185626e-05
3267,1.8413318395614624,6535.000116631677,29162.251043081284,1.4640570847300708e-05
3268,1.663539171218872,6537.000116631677,29171.140872955322,1.4613312219779758e-05
3269,2.070282459259033,6539.000116631677,29178.674483537674,1.458607464884269e-05
3270,1.7933377027511597,6541.000116631677,29189.88410639763,1.4558858150696943e-05
3271,1.8925673961639404,6543.000116631677,29197.332224607468,1.4531662741537395e-05
3272,1.8523809909820557,6545.000116631677,29205.623143434525,1.4504488437546382e-05
3273,2.0239593982696533,6547.000116631677,29213.723926067352,1.4477335254893685e-05
3274,1.6228854656219482,6549.000116631677,29221.96612548828,1.445020320973651e-05
3275,1.8317359685897827,6551.000116631677,29231.093356370926,1.4423092318219472e-05
3276,1.771932601928711,6553.000116631677,29239.131999254227,1.4396002596474628e-05
3277,1.877892255783081,6555.000116631677,29250.329669713974,1.4368934060621422e-05
3278,1.9883538484573364,6557.000116631677,29257.009073257446,1.4341886726766682e-05
3279,2.1946825981140137,6559.000116631677,29266.104597091675,1.4314860611004628e-05
3280,1.9119762182235718,6561.000116631677,29273.49414873123,1.4287855729416887e-05
3281,1.925345778465271,6563.000116631677,29282.62088060379,1.4260872098072388e-05
3282,1.9676809310913086,6565.000116631677,29293.067932128906,1.4233909733027453e-05
3283,1.8100768327713013,6567.000116631677,29300.234969377518,1.420696865032576e-05
3284,1.8556052446365356,6569.000116631677,29309.523239135742,1.418004886599831e-05
3285,1.8243550062179565,6571.000116631677,29315.926033258438,1.4153150396063406e-05
3286,1.9838682413101196,6573.000116631677,29323.43636059761,1.4126273256526701e-05
3287,1.8749136924743652,6575.000116631677,29334.639580488205,1.409941746338117e-05
3288,1.9564077854156494,6577.000116631677,29343.5981528759,1.407258303260702e-05
3289,1.866204023361206,6579.000116631677,29352.62775492668,1.4045769980171814e-05
3290,1.9369794130325317,6581.000116631677,29359.883187770844,1.4018978322030372e-05
3291,1.7007180452346802,6583.000116631677,29370.318962812424,1.399220807412476e-05
3292,1.8771454095840454,6585.000116631677,29376.02782702446,1.3965459252384332e-05
3293,1.7099671363830566,6587.000116631677,29384.430380821228,1.3938731872725683e-05
3294,1.8559622764587402,6589.000116631677,29394.7084941864,1.391202595105266e-05
3295,2.005361557006836,6591.000116631677,29405.876447439194,1.3885341503256322e-05
3296,1.8435428142547607,6593.000116631677,29416.777899742126,1.3858678545214965e-05
3297,2.025984287261963,6595.000116631677,29423.148525714874,1.3832037092794106e-05
3298,1.643550157546997,6597.000116631677,29430.924073934555,1.3805417161846424e-05
3299,2.0164542198181152,6599.000116631677,29441.76111459732,1.3778818768211839e-05
3300,1.89463210105896,6601.000116631677,29450.883744239807,1.3752241927717444e-05
3301,2.0910396575927734,6603.000116631677,29458.472502708435,1.3725686656177472e-05
3302,2.027491331100464,6605.000116631677,29466.19100356102,1.3699152969393373e-05
3303,1.991386890411377,6607.000116631677,29475.109904289246,1.3672640883153728e-05
3304,1.9100008010864258,6609.000116631677,29485.34823179245,1.3646150413234256e-05
3305,1.8906108140945435,6611.000116631677,29494.45926308632,1.3619681575397825e-05
3306,2.001579761505127,6613.000116631677,29503.5893907547,1.3593234385394445e-05
3307,2.007828712463379,6615.000116631677,29510.697152853012,1.3566808858961211e-05
3308,1.979666829109192,6617.000116631677,29519.995441675186,1.354040501182235e-05
3309,1.8815197944641113,6619.000116631677,29531.196897745132,1.3514022859689203e-05
3310,1.8078956604003906,6621.000116631677,29540.929127693176,1.3487662418260155e-05
3311,2.072585344314575,6623.000116631677,29551.412017583847,1.3461323703220714e-05
3312,1.874088168144226,6625.000116631677,29562.582505464554,1.3435006730243447e-05
3313,1.928865909576416,6627.000116631677,29571.572147607803,1.3408711514987988e-05
3314,1.9825254678726196,6629.000116631677,29580.815692663193,1.3382438073101027e-05
3315,1.9371076822280884,6631.000116631677,29588.82147550583,1.3356186420216265e-05
3316,1.8390378952026367,6633.000116631677,29598.81726527214,1.3329956571954484e-05
3317,1.826276183128357,6635.000116631677,29606.185809135437,1.3303748543923461e-05
3318,2.0011866092681885,6637.000116631677,29617.348982334137,1.3277562351718001e-05
3319,1.6104432344436646,6639.000116631677,29624.408047914505,1.3251398010919933e-05
3320,1.9880801439285278,6641.000116631677,29635.33826637268,1.3225255537098032e-05
3321,1.8704369068145752,6643.000116631677,29644.261394500732,1.3199134945808109e-05
3322,1.9120692014694214,6645.000116631677,29653.234139680862,1.3173036252592952e-05
3323,2.0440661907196045,6647.000116631677,29664.41411113739,1.3146959472982274e-05
3324,2.032468795776367,6649.000116631677,29674.064486026764,1.3120904622492801e-05
3325,2.152897357940674,6651.000116631677,29685.25058054924,1.309487171662819e-05
3326,1.8816263675689697,6653.000116631677,29693.914167642593,1.3068860770879044e-05
3327,1.9314841032028198,6655.000116631677,29702.925085544586,1.304287180072287e-05
3328,1.6982066631317139,6657.000116631677,29711.707292318344,1.3016904821624142e-05
3329,2.07852840423584,6659.000116631677,29718.84693789482,1.2990959849034243e-05
3330,1.7916150093078613,6661.000116631677,29725.492626667023,1.2965036898391413e-05
3331,1.8196032047271729,6663.000116631677,29734.427670001984,1.293913598512084e-05
3332,1.7701258659362793,6665.000116631677,29742.148945331573,1.2913257124634594e-05
3333,1.863419532775879,6667.000116631677,29752.52861046791,1.2887400332331586e-05
3334,2.0787429809570312,6669.000116631677,29761.60630083084,1.2861565623597633e-05
3335,1.8821827173233032,6671.000116631677,29770.696073055267,1.2835753013805392e-05
3336,1.853184461593628,6673.000116631677,29777.41227030754,1.2809962518314389e-05
3337,2.028660297393799,6675.000116631677,29786.732268333435,1.2784194152470968e-05
3338,1.9101293087005615,6677.000116631677,29793.79820585251,1.2758447931608331e-05
3339,2.000072479248047,6679.000116631677,29804.220851182938,1.2732723871046467e-05
3340,1.8920575380325317,6681.000116631677,29813.70878791809,1.2707021986092208e-05
3341,1.965289831161499,6683.000116631677,29824.281992435455,1.268134229203918e-05
3342,2.0354747772216797,6685.000116631677,29833.989832401276,1.2655684804167826e-05
3343,1.9226936101913452,6687.000116631677,29843.317018032074,1.2630049537745324e-05
3344,1.8194679021835327,6689.000116631677,29852.682762384415,1.2604436508025672e-05
3345,2.0118067264556885,6691.000116631677,29863.854573726654,1.2578845730249645e-05
3346,2.028881549835205,6693.000116631677,29874.74019050598,1.2553277219644735e-05
3347,1.9924832582473755,6695.000116631677,29881.81158709526,1.2527730991425204e-05
3348,1.858074426651001,6697.000116631677,29888.296644687653,1.250220706079209e-05
3349,2.215641498565674,6699.000116631677,29897.78300189972,1.2476705442933095e-05
3350,1.8409078121185303,6701.000116631677,29906.016292095184,1.2451226153022694e-05
3351,1.9483776092529297,6703.000116631677,29915.508187294006,1.242576920622208e-05
3352,1.8284896612167358,6705.000116631677,29924.10476899147,1.2400334617679102e-05
3353,1.945298194885254,6707.000116631677,29934.01475739479,1.2374922402528347e-05
3354,1.7541530132293701,6709.000116631677,29942.968957901,1.2349532575891082e-05
3355,1.8417752981185913,6711.000116631677,29951.91416311264,1.2324165152875265e-05
3356,2.07612681388855,6713.000116631677,29959.431211948395,1.2298820148575474e-05
3357,1.743131399154663,6715.000116631677,29970.646842718124,1.227349757807299e-05
3358,1.86631441116333,6717.000116631677,29978.615469932556,1.2248197456435744e-05
3359,2.052049160003662,6719.000116631677,29987.737444639206,1.222291979871829e-05
3360,1.984736680984497,6721.000116631677,29996.836070775986,1.2197664619961829e-05
3361,1.7607917785644531,6723.000116631677,30004.812719345093,1.217243193519419e-05
3362,1.8038040399551392,6725.000116631677,30011.74883198738,1.2147221759429783e-05
3363,1.9074950218200684,6727.000116631677,30020.75484085083,1.2122034107669668e-05
3364,1.8837416172027588,6729.000116631677,30029.73383498192,1.2096868994901493e-05
3365,1.710051417350769,6731.000116631677,30039.738592863083,1.2071726436099463e-05
3366,2.0634913444519043,6733.000116631677,30048.86634683609,1.2046606446224389e-05
3367,1.707282543182373,6735.000116631677,30056.252458810806,1.2021509040223661e-05
3368,1.7282695770263672,6737.000116631677,30063.0311563015,1.1996434233031224e-05
3369,1.938307762145996,6739.000116631677,30072.821169614792,1.1971382039567543e-05
3370,1.6972272396087646,6741.000116631677,30082.19207906723,1.1946352474739666e-05
3371,1.9234576225280762,6743.000116631677,30091.217101335526,1.192134555344119e-05
3372,2.0462918281555176,6745.000116631677,30099.481412410736,1.1896361290552172e-05
3373,1.902435541152954,6747.000116631677,30108.563566446304,1.1871399700939246e-05
3374,1.9876644611358643,6749.000116631677,30117.35969877243,1.1846460799455547e-05
3375,1.7607829570770264,6751.000116631677,30125.804458379745,1.1821544600940666e-05
3376,1.8821899890899658,6753.000116631677,30135.195976495743,1.1796651120220744e-05
3377,1.8639026880264282,6755.000116631677,30143.182787656784,1.1771780372108375e-05
3378,1.8749204874038696,6757.000116631677,30150.728118658066,1.1746932371402612e-05
3379,1.9236042499542236,6759.000116631677,30160.951094150543,1.1722107132888998e-05
3380,1.8696837425231934,6761.000116631677,30168.5784740448,1.1697304671339518e-05
3381,2.035961389541626,6763.000116631677,30179.75288081169,1.1672525001512618e-05
3382,1.9603091478347778,6765.000116631677,30189.214742660522,1.164776813815316e-05
3383,1.889502763748169,6767.000116631677,30197.842829704285,1.1623034095992458e-05
3384,1.985935926437378,6769.000116631677,30205.403307914734,1.1598322889748238e-05
3385,1.9068833589553833,6771.000116631677,30212.766638994217,1.157363453412462e-05
3386,1.807460904121399,6773.000116631677,30223.95401096344,1.1548969043812148e-05
3387,2.0263547897338867,6775.000116631677,30232.883703947067,1.1524326433487768e-05
3388,1.876255750656128,6777.000116631677,30244.064134836197,1.1499706717814775e-05
3389,1.9825270175933838,6779.000116631677,30251.41418170929,1.1475109911442877e-05
3390,1.6200956106185913,6781.000116631677,30259.212774515152,1.1450536029008148e-05
3391,2.0962975025177,6783.000116631677,30266.443514347076,1.1425985085132982e-05
3392,1.903036117553711,6785.000116631677,30276.19212293625,1.1401457094426172e-05
3393,1.8670973777770996,6787.000116631677,30285.04169845581,1.1376952071482837e-05
3394,1.953857660293579,6789.000116631677,30294.36289858818,1.1352470030884408e-05
3395,2.0535669326782227,6791.000116631677,30304.365184783936,1.1328010987198665e-05
3396,2.0611157417297363,6793.000116631677,30313.647744178772,1.1303574954979695e-05
3397,1.9363815784454346,6795.000116631677,30323.556593179703,1.1279161948767915e-05
3398,1.7831621170043945,6797.000116631677,30332.68243265152,1.125477198308999e-05
3399,1.8363573551177979,6799.000116631677,30338.540904521942,1.1230405072458916e-05
3400,1.9537007808685303,6801.000116631677,30347.38699746132,1.120606123137396e-05
3401,1.9024910926818848,6803.000116631677,30353.993416309357,1.118174047432067e-05
3402,1.99319326877594,6805.000116631677,30362.175760269165,1.1157442815770829e-05
3403,2.0040035247802734,6807.000116631677,30370.62688612938,1.1133168270182505e-05
3404,2.143998384475708,6809.000116631677,30380.382622003555,1.1108916852000004e-05
3405,1.9666180610656738,6811.000116631677,30389.101672410965,1.108468857565387e-05
3406,1.7353492975234985,6813.000116631677,30399.620636463165,1.1060483455560891e-05
3407,1.7253974676132202,6815.000116631677,30408.456735610962,1.1036301506124025e-05
3408,1.827633261680603,6817.000116631677,30416.59446501732,1.1012142741732507e-05
3409,1.8467991352081299,6819.000116631677,30425.44343662262,1.0988007176761739e-05
3410,1.9670279026031494,6821.000116631677,30433.595388174057,1.0963894825573337e-05
3411,1.7438875436782837,6823.000116631677,30440.1682677269,1.0939805702515074e-05
3412,1.8977255821228027,6825.000116631677,30446.452086687088,1.0915739821920937e-05
3413,2.2072362899780273,6827.000116631677,30456.594517230988,1.0891697198111074e-05
3414,1.8880529403686523,6829.000116631677,30466.18042588234,1.0867677845391761e-05
3415,1.7290582656860352,6831.000116631677,30475.020996570587,1.0843681778055475e-05
3416,1.928924560546875,6833.000116631677,30480.616164684296,1.0819709010380823e-05
3417,1.819962739944458,6835.000116631677,30489.10976266861,1.0795759556632511e-05
3418,2.038553476333618,6837.000116631677,30498.817723989487,1.0771833431061419e-05
3419,1.906121850013733,6839.000116631677,30506.075651168823,1.0747930647904539e-05
3420,1.8361783027648926,6841.000116631677,30515.779036045074,1.0724051221384943e-05
3421,1.9073939323425293,6843.000116631677,30524.704164266586,1.0700195165711836e-05
3422,1.812817096710205,6845.000116631677,30534.1252784729,1.06763624950805e-05
3423,1.9676979780197144,6847.000116631677,30543.283050775528,1.0652553223672306e-05
3424,1.8639721870422363,6849.000116631677,30552.97567987442,1.0628767365654715e-05
3425,1.7371315956115723,6851.000116631677,30561.854902267456,1.0605004935181242e-05
3426,1.940708875656128,6853.000116631677,30567.962943553925,1.058126594639145e-05
3427,1.8206777572631836,6855.000116631677,30576.351289749146,1.0557550413410971e-05
3428,1.9126262664794922,6857.000116631677,30581.770802497864,1.0533858350351481e-05
3429,1.9227508306503296,6859.000116631677,30589.940529108047,1.05101897713107e-05
3430,2.0028862953186035,6861.000116631677,30598.51246356964,1.0486544690372326e-05
3432,1.6744170188903809,6865.000116631677,30618.164504289627,1.043932507906787e-05
3433,1.70294189453125,6867.000116631677,30627.89585185051,1.0415750576799294e-05
3434,1.859388828277588,6869.000116631677,30637.468304634094,1.0392199628828157e-05
3435,2.028862237930298,6871.000116631677,30646.938184261322,1.0368672249168216e-05
3436,1.9963226318359375,6873.000116631677,30655.099871873856,1.0345168451819147e-05
3437,2.036198139190674,6875.000116631677,30664.923110723495,1.0321688250766656e-05
3438,1.9299616813659668,6877.000116631677,30674.353172302246,1.029823165998237e-05
3439,2.0280141830444336,6879.000116631677,30682.72281885147,1.02747986934239e-05
3440,2.107534885406494,6881.000116631677,30691.61485862732,1.0251389365034745e-05
3441,1.9009544849395752,6883.000116631677,30700.435889959335,1.0228003688744396e-05
3442,1.9547507762908936,6885.000116631677,30705.40692424774,1.020464167846825e-05
3443,2.2087221145629883,6887.000116631677,30716.552164554596,1.0181303348107597e-05
3444,1.8773897886276245,6889.000116631677,30726.812034368515,1.0157988711549664e-05
3445,1.8786948919296265,6891.000116631677,30734.66436457634,1.0134697782667578e-05
3446,1.812964916229248,6893.000116631677,30742.758500099182,1.0111430575320355e-05
3447,2.0855040550231934,6895.000116631677,30752.082302570343,1.0088187103352887e-05
3448,1.810816764831543,6897.000116631677,30761.22720694542,1.0064967380595973e-05
3449,1.8132988214492798,6899.000116631677,30772.384664297104,1.0041771420866226e-05
3450,1.780845046043396,6901.000116631677,30781.52918434143,1.0018599237966166e-05
3451,1.9723424911499023,6903.000116631677,30792.687970399857,9.995450845684155e-06
3452,1.6774626970291138,6905.000116631677,30802.847831249237,9.972326257794373e-06
3453,1.7918871641159058,6907.000116631677,30810.82921409607,9.949225488056865e-06
3454,2.1024105548858643,6909.000116631677,30819.63921904564,9.926148550217501e-06
3455,1.9404417276382446,6911.000116631677,30827.073063850403,9.903095458007967e-06
3456,1.8471004962921143,6913.000116631677,30833.723359823227,9.880066225145732e-06
3457,1.8873053789138794,6915.000116631677,30842.19103217125,9.857060865334104e-06
3458,1.8220893144607544,6917.000116631677,30851.21338868141,9.834079392262193e-06
3459,2.00138521194458,6919.000116631677,30859.987199306488,9.811121819604835e-06
3460,1.90737783908844,6921.000116631677,30869.02965426445,9.788188161022714e-06
3461,1.95389986038208,6923.000116631677,30878.13214325905,9.765278430162254e-06
3462,1.8932665586471558,6925.000116631677,30886.881465673447,9.74239264065563e-06
3463,1.8782119750976562,6927.000116631677,30894.724470615387,9.71953080612078e-06
3464,1.8612726926803589,6929.000116631677,30901.8723654747,9.696692940161414e-06
3465,1.949049949645996,6931.000116631677,30910.800714969635,9.67387905636693e-06
3466,1.9532114267349243,6933.000116631677,30917.443907022476,9.651089168312492e-06
3467,1.7870395183563232,6935.000116631677,30926.55338382721,9.628323289558976e-06
3468,1.8572721481323242,6937.000116631677,30937.776967525482,9.605581433652974e-06
3469,1.931928277015686,6939.000116631677,30944.729611635208,9.582863614126776e-06
3470,1.8284273147583008,6941.000116631677,30952.124445676804,9.560169844498385e-06
3471,1.8346694707870483,6943.000116631677,30962.12054848671,9.537500138271477e-06
3472,1.8988752365112305,6945.000116631677,30968.97940158844,9.514854508935411e-06
3473,1.9684029817581177,6947.000116631677,30978.540380477905,9.49223296996522e-06
3474,1.9249436855316162,6949.000116631677,30985.154231071472,9.469635534821621e-06
3475,1.9568591117858887,6951.000116631677,30991.048337221146,9.447062216950953e-06
3476,1.8253957033157349,6953.000116631677,30998.116056919098,9.424513029785236e-06
3477,1.7870540618896484,6955.000116631677,31005.37344431877,9.401987986742126e-06
3478,2.2340049743652344,6957.000116631677,31016.118311405182,9.379487101224884e-06
3479,1.9753031730651855,6959.000116631677,31025.942366600037,9.357010386622428e-06
3480,2.019031047821045,6961.000116631677,31034.570431232452,9.334557856309299e-06
3481,1.7520034313201904,6963.000116631677,31041.097252368927,9.31212952364561e-06
3482,1.7228137254714966,6965.000116631677,31048.032906770706,9.2897254019771e-06
3483,1.8775205612182617,6967.000116631677,31057.115697145462,9.267345504635111e-06
3484,1.9797407388687134,6969.000116631677,31066.09335589409,9.244989844936558e-06
3485,2.058645725250244,6971.000116631677,31072.67662024498,9.222658436183918e-06
3486,1.9146751165390015,6973.000116631677,31081.369125127792,9.200351291665267e-06
3487,1.8283677101135254,6975.000116631677,31088.26978111267,9.17806842465423e-06
3488,1.961794137954712,6977.000116631677,31096.41425704956,9.155809848409973e-06
3489,1.7110536098480225,6979.000116631677,31105.44303703308,9.133575576177232e-06
3490,1.8516924381256104,6981.000116631677,31116.609302282333,9.111365621186257e-06
3491,1.9971562623977661,6983.000116631677,31126.610592603683,9.089179996652857e-06
3492,2.0189785957336426,6985.000116631677,31133.862048387527,9.06701871577834e-06
3493,1.8649723529815674,6987.000116631677,31141.54395699501,9.044881791749545e-06
3494,2.0195116996765137,6989.000116631677,31148.551416158676,9.02276923773879e-06
3495,1.7696192264556885,6991.000116631677,31156.452929496765,9.000681066903919e-06
3496,1.8851300477981567,6993.000116631677,31165.30974125862,8.97861729238826e-06
3497,1.870763897895813,6995.000116631677,31174.43576860428,8.956577927320636e-06
3498,2.016263961791992,6997.000116631677,31184.034679174423,8.934562984815311e-06
3499,1.7985687255859375,6999.000116631677,31191.32040786743,8.912572477972042e-06
3500,1.8720669746398926,7001.000116631677,31198.35584449768,8.890606419876054e-06
3501,1.962532639503479,7003.000116631677,31204.533358335495,8.868664823597994e-06
3502,1.8326046466827393,7005.000116631677,31213.4062564373,8.846747702193982e-06
3503,1.8453660011291504,7007.000116631677,31220.924276590347,8.824855068705576e-06
3504,1.923628807067871,7009.000116631677,31229.707237958908,8.802986936159716e-06
3505,1.9184699058532715,7011.000116631677,31240.031695127487,8.781143317568822e-06
3506,1.942046880722046,7013.000116631677,31248.7133975029,8.759324225930709e-06
3507,2.1325955390930176,7015.000116631677,31257.53963470459,8.73752967422857e-06
3508,1.883533239364624,7017.000116631677,31268.74120402336,8.715759675431021e-06
3509,1.7106950283050537,7019.000116631677,31279.89972782135,8.69401424249207e-06
3510,1.8511648178100586,7021.000116631677,31289.337247371674,8.672293388351102e-06
3511,1.8256118297576904,7023.000116631677,31298.119738578796,8.650597125932872e-06
3512,1.9308838844299316,7025.000116631677,31309.309417963028,8.628925468147522e-06
3513,1.957863688468933,7027.000116631677,31320.49838924408,8.607278427890504e-06
3514,2.040661334991455,7029.000116631677,31330.54948067665,8.58565601804268e-06
3515,2.0274713039398193,7031.000116631677,31341.574728012085,8.56405825147022e-06
3516,1.901728868484497,7033.000116631677,31352.35425925255,8.542485141024656e-06
3517,2.065612554550171,7035.000116631677,31360.84984779358,8.520936699542809e-06
3518,1.9962897300720215,7037.000116631677,31369.288927078247,8.49941293984686e-06
3519,1.7522947788238525,7039.000116631677,31378.693951129913,8.4779138747443e-06
3520,1.9613310098648071,7041.000116631677,31384.794050455093,8.456439517027885e-06
3521,2.086479663848877,7043.000116631677,31393.597315311432,8.434989879475722e-06
3522,1.7828658819198608,7045.000116631677,31404.78399705887,8.41356497485119e-06
3523,1.8539330959320068,7047.000116631677,31414.4923684597,8.392164815902917e-06
3524,2.0367372035980225,7049.000116631677,31424.54682326317,8.370789415364857e-06
3525,1.8652739524841309,7051.000116631677,31433.941351652145,8.349438785956207e-06
3526,1.863335371017456,7053.000116631677,31441.747313261032,8.328112940381442e-06
3527,1.874044418334961,7055.000116631677,31451.881297826767,8.306811891330243e-06
3528,2.2149314880371094,7057.000116631677,31459.57776737213,8.28553565147759e-06
3529,1.9965981245040894,7059.000116631677,31468.15450811386,8.264284233483683e-06
3530,1.6981329917907715,7061.000116631677,31476.845829963684,8.243057649993932e-06
3531,2.0720067024230957,7063.000116631677,31484.1070663929,8.22185591363899e-06
3532,1.7273750305175781,7065.000116631677,31490.37517428398,8.200679037034722e-06
3533,1.80115807056427,7067.000116631677,31495.16218805313,8.179527032782202e-06
3534,1.8506697416305542,7069.000116631677,31502.768231391907,8.158399913467698e-06
3535,1.7873458862304688,7071.000116631677,31511.155774831772,8.137297691662686e-06
3536,1.9509483575820923,7073.000116631677,31518.97503066063,8.116220379923791e-06
3537,1.9867353439331055,7075.000116631677,31527.375804185867,8.095167990792851e-06
3538,2.0129125118255615,7077.000116631677,31537.15623855591,8.07414053679686e-06
3539,2.0194265842437744,7079.000116631677,31547.682949066162,8.05313803044799e-06
3540,1.875887393951416,7081.000116631677,31557.369115114212,8.032160484243528e-06
3541,1.7917091846466064,7083.000116631677,31568.335324525833,8.01120791066595e-06
3542,1.8175477981567383,7085.000116631677,31577.955600738525,7.990280322182874e-06
3543,1.865649938583374,7087.000116631677,31585.019977092743,7.969377731246997e-06
3544,1.8363685607910156,7089.000116631677,31596.182451963425,7.94850015029621e-06
3545,1.9367187023162842,7091.000116631677,31603.496731996536,7.927647591753489e-06
3546,1.7592086791992188,7093.000116631677,31610.211994171143,7.906820068026902e-06
3547,1.9748213291168213,7095.000116631677,31618.260704755783,7.886017591509657e-06
3548,1.8787550926208496,7097.000116631677,31628.97199201584,7.865240174580053e-06
3549,2.0103092193603516,7099.000116631677,31637.044942855835,7.844487829601435e-06
3550,1.759598731994629,7101.000116631677,31646.13259911537,7.823760568922286e-06
3551,1.8354041576385498,7103.000116631677,31656.109194993973,7.803058404876138e-06
3552,1.7167927026748657,7105.000116631677,31663.706073760986,7.782381349781573e-06
3553,1.876199722290039,7107.000116631677,31673.16700577736,7.761729415942252e-06
3554,1.8538174629211426,7109.000116631677,31682.892035484314,7.741102615646895e-06
3555,1.9794154167175293,7111.000116631677,31694.04171514511,7.720500961169253e-06
3556,1.9827125072479248,7113.000116631677,31702.184845924377,7.699924464768108e-06
3557,2.0372002124786377,7115.000116631677,31708.427169561386,7.67937313868729e-06
3558,1.9928250312805176,7117.000116631677,31714.677356004715,7.658846995155656e-06
3559,2.023777961730957,7119.000116631677,31725.45571923256,7.638346046387034e-06
3560,1.9630013704299927,7121.000116631677,31733.201504945755,7.61787030458031e-06
3561,1.7620831727981567,7123.000116631677,31743.666865110397,7.597419781919359e-06
3562,1.8038160800933838,7125.000116631677,31750.557174682617,7.576994490573024e-06
3563,2.06282377243042,7127.000116631677,31759.417741775513,7.5565944426951605e-06
3564,2.0462303161621094,7129.000116631677,31768.96658182144,7.53621965042461e-06
3565,1.6881513595581055,7131.000116631677,31778.70629453659,7.515870125885147e-06
3566,2.019582509994507,7133.000116631677,31789.519751787186,7.495545881185545e-06
3567,1.9885081052780151,7135.000116631677,31799.690592050552,7.4752469284195295e-06
3568,1.88706374168396,7137.000116631677,31809.5114736557,7.454973279665786e-06
3569,1.8102245330810547,7139.000116631677,31817.31098842621,7.4347249469878986e-06
3570,1.664367914199829,7141.000116631677,31826.85768699646,7.414501942434437e-06
3571,1.8850860595703125,7143.000116631677,31834.68187713623,7.394304278038883e-06
3572,1.9801751375198364,7145.000116631677,31844.45048713684,7.3741319658196256e-06
3573,1.7849013805389404,7147.000116631677,31853.593112945557,7.3539850177799865e-06
3574,1.9676374197006226,7149.000116631677,31864.75525522232,7.333863445908205e-06
3575,1.874821424484253,7151.000116631677,31874.59960770607,7.313767262177369e-06
3576,1.9449825286865234,7153.000116631677,31885.043714523315,7.293696478545519e-06
3577,2.023345947265625,7155.000116631677,31894.16480255127,7.273651106955554e-06
3578,1.725296139717102,7157.000116631677,31900.89505147934,7.253631159335253e-06
3579,1.8884234428405762,7159.000116631677,31911.265634298325,7.23363664759727e-06
3580,1.72151517868042,7161.000116631677,31918.412630319595,7.21366758363912e-06
3581,1.9124150276184082,7163.000116631677,31926.878626585007,7.19372397934319e-06
3582,1.9888948202133179,7165.000116631677,31938.073912620544,7.173805846576688e-06
3583,1.998734712600708,7167.000116631677,31947.86240005493,7.153913197191687e-06
3584,1.892206072807312,7169.000116631677,31955.223408699036,7.1340460430251095e-06
3585,2.016505241394043,7171.000116631677,31965.43031525612,7.1142043958986625e-06
3586,1.9019229412078857,7173.000116631677,31976.632199525833,7.094388267618917e-06
3587,1.7741491794586182,7175.000116631677,31986.273328781128,7.074597669977258e-06
3588,1.8759701251983643,7177.000116631677,31995.392265081406,7.054832614749843e-06
3589,2.110863208770752,7179.000116631677,32004.563135147095,7.035093113697661e-06
3590,2.0629520416259766,7181.000116631677,32015.27236390114,7.015379178566501e-06
3591,1.7480554580688477,7183.000116631677,32020.724841356277,6.995690821086907e-06
3592,1.8365612030029297,7185.000116631677,32031.918263196945,6.976028052974237e-06
3593,1.945159673690796,7187.000116631677,32043.087525367737,6.956390885928608e-06
3594,1.8695693016052246,7189.000116631677,32052.726382255554,6.936779331634887e-06
3595,1.7722845077514648,7191.000116631677,32062.93471956253,6.917193401762732e-06
3596,2.078918933868408,7193.000116631677,32072.776425600052,6.897633107966529e-06
3597,1.9591517448425293,7195.000116631677,32079.49468064308,6.878098461885432e-06
3598,1.9087978601455688,7197.000116631677,32088.530996084213,6.858589475143319e-06
3599,2.2044663429260254,7199.000116631677,32096.867500305176,6.839106159348784e-06
3600,1.9598488807678223,7201.000116631677,32105.690014600754,6.81964852609517e-06
3601,1.9302207231521606,7203.000116631677,32113.40396952629,6.800216586960535e-06
3602,1.7407429218292236,7205.000116631677,32123.326698064804,6.780810353507644e-06
3603,1.8386123180389404,7207.000116631677,32130.4675283432,6.761429837283975e-06
3604,1.9299505949020386,7209.000116631677,32138.765618801117,6.742075049821675e-06
3605,2.080219268798828,7211.000116631677,32148.064491033554,6.722746002637606e-06
3606,2.054243564605713,7213.000116631677,32157.620989084244,6.703442707233323e-06
3607,1.8977012634277344,7215.000116631677,32167.6494038105,6.684165175095024e-06
3608,1.9365582466125488,7217.000116631677,32176.6932220459,6.664913417693594e-06
3609,1.9583191871643066,7219.000116631677,32187.43851995468,6.645687446484595e-06
3610,2.074282646179199,7221.000116631677,32194.023669481277,6.6264872729082425e-06
3611,1.855208158493042,7223.000116631677,32205.23303294182,6.607312908389361e-06
3612,1.9774742126464844,7225.000116631677,32216.42725300789,6.588164364337463e-06
3613,2.065194606781006,7227.000116631677,32227.632004261017,6.5690416521466985e-06
3614,1.9632842540740967,7229.000116631677,32232.87391424179,6.5499447831958045e-06
3615,2.126493215560913,7231.000116631677,32240.27421092987,6.5308737688481774e-06
3616,1.8237929344177246,7233.000116631677,32249.440236330032,6.511828620451824e-06
3617,2.034083843231201,7235.000116631677,32258.886345386505,6.492809349339338e-06
3618,1.868669867515564,7237.000116631677,32266.451335668564,6.473815966827933e-06
3619,1.828887939453125,7239.000116631677,32275.917852401733,6.454848484219428e-06
3620,1.8229790925979614,7241.000116631677,32286.10565853119,6.435906912800206e-06
3621,1.8889212608337402,7243.000116631677,32295.97734093666,6.41699126384125e-06
3622,1.99496591091156,7245.000116631677,32303.31702876091,6.398101548598118e-06
3623,1.7794253826141357,7247.000116631677,32311.75420999527,6.379237778310917e-06
3624,2.036090135574341,7249.000116631677,32320.16497206688,6.36039996420433e-06
3625,1.792076587677002,7251.000116631677,32329.59887957573,6.3415881174876e-06
3626,1.9892003536224365,7253.000116631677,32339.21760702133,6.322802249354523e-06
3627,2.1811771392822266,7255.000116631677,32346.980314016342,6.304042370983401e-06
3628,1.7381911277770996,7257.000116631677,32355.987873077393,6.285308493537111e-06
3629,1.759334683418274,7259.000116631677,32363.142421007156,6.266600628163053e-06
3630,1.9871299266815186,7261.000116631677,32369.29824066162,6.247918785993114e-06
3631,1.8937525749206543,7263.000116631677,32376.36677479744,6.229262978143737e-06
3632,2.0420188903808594,7265.000116631677,32387.531232357025,6.21063321571587e-06
3633,2.0201802253723145,7267.000116631677,32398.717895507812,6.192029509794929e-06
3634,2.018630027770996,7269.000116631677,32405.935777664185,6.173451871450853e-06
3635,1.9413666725158691,7271.000116631677,32414.414131879807,6.154900311738083e-06
3636,1.9937617778778076,7273.000116631677,32423.25817155838,6.136374841695494e-06
3637,2.1726644039154053,7275.000116631677,32434.442410230637,6.11787547234648e-06
3638,2.0915002822875977,7277.000116631677,32443.837021827698,6.099402214698893e-06
3639,1.9003453254699707,7279.000116631677,32451.81519985199,6.08095507974505e-06
3640,1.604490041732788,7281.000116631677,32460.020397663116,6.062534078461705e-06
3641,1.8744444847106934,7283.000116631677,32471.193467140198,6.044139221810079e-06
3642,1.9552092552185059,7285.000116631677,32479.050256490707,6.025770520735834e-06
3643,1.7881836891174316,7287.000116631677,32488.67581129074,6.007427986169066e-06
3644,1.8273417949676514,7289.000116631677,32496.199669599533,5.989111629024307e-06
3645,2.0202507972717285,7291.000116631677,32504.016042232513,5.9708214602005046e-06
3646,1.6258918046951294,7293.000116631677,32512.34010529518,5.952557490581017e-06
3647,1.7520824670791626,7295.000116631677,32522.069639205933,5.934319731033629e-06
3648,1.7902624607086182,7297.000116631677,32531.121876955032,5.916108192410526e-06
3649,1.8344355821609497,7299.000116631677,32539.423372030258,5.89792288554827e-06
3650,1.9734692573547363,7301.000116631677,32547.150657892227,5.8797638212678386e-06
3651,1.7969646453857422,7303.000116631677,32556.57780599594,5.8616310103746016e-06
3652,1.9230144023895264,7305.000116631677,32566.435413837433,5.843524463658268e-06
3653,2.1734414100646973,7307.000116631677,32573.93045115471,5.825444191892948e-06
3654,1.8150776624679565,7309.000116631677,32582.263797283173,5.807390205837121e-06
3655,2.0432770252227783,7311.000116631677,32592.246666908264,5.789362516233617e-06
3656,1.832037329673767,7313.000116631677,32597.649256944656,5.7713611338096016e-06
3657,1.761535406112671,7315.000116631677,32604.509028673172,5.753386069276612e-06
3658,1.6503536701202393,7317.000116631677,32611.094851970673,5.735437333330524e-06
3659,1.8229076862335205,7319.000116631677,32620.051378250122,5.717514936651517e-06
3660,1.8381356000900269,7321.000116631677,32629.623530626297,5.699618889904135e-06
3661,1.7686076164245605,7323.000116631677,32637.81665945053,5.681749203737226e-06
3662,1.8751047849655151,7325.000116631677,32646.643445253372,5.663905888783945e-06
3663,1.7996958494186401,7327.000116631677,32657.02148771286,5.6460889556617656e-06
3664,1.7816007137298584,7329.000116631677,32667.797284841537,5.628298414972459e-06
3665,1.7697925567626953,7331.000116631677,32677.107478380203,5.6105342773021e-06
3666,1.7856992483139038,7333.000116631677,32685.504638433456,5.592796553221045e-06
3667,1.9814181327819824,7335.000116631677,32693.100859880447,5.5750852532839305e-06
3668,1.9022409915924072,7337.000116631677,32699.91007900238,5.557400388029686e-06
3669,1.9802665710449219,7339.000116631677,32711.010619163513,5.539741967981477e-06
3670,1.6208592653274536,7341.000116631677,32722.082477808,5.52211000364677e-06
3671,2.017646312713623,7343.000116631677,32732.29833340645,5.504504505517279e-06
3672,1.972983479499817,7345.000116631677,32741.671039819717,5.486925484068944e-06
3673,1.8639109134674072,7347.000116631677,32748.581927776337,5.469372949761983e-06
3674,1.9968807697296143,7349.000116631677,32756.515023231506,5.451846913040855e-06
3675,1.7830157279968262,7351.000116631677,32764.316660881042,5.43434738433421e-06
3676,1.9403154850006104,7353.000116631677,32773.03860116005,5.416874374054972e-06
3677,1.8566257953643799,7355.000116631677,32782.83978557587,5.39942789260027e-06
3678,2.2118873596191406,7357.000116631677,32789.9158449173,5.38200795035143e-06
3679,2.0359981060028076,7359.000116631677,32796.561759233475,5.364614557673998e-06
3680,1.7154250144958496,7361.000116631677,32802.98884296417,5.347247724917732e-06
3681,1.816842794418335,7363.000116631677,32813.78932714462,5.32990746241659e-06
3682,1.9592971801757812,7365.000116631677,32822.94715976715,5.312593780488682e-06
3683,2.0952858924865723,7367.000116631677,32830.29078054428,5.295306689436338e-06
3684,1.9498181343078613,7369.000116631677,32837.40143108368,5.278046199546054e-06
3685,1.839207410812378,7371.000116631677,32847.60057544708,5.260812321088514e-06
3686,2.139444351196289,7373.000116631677,32856.44225740433,5.243605064318516e-06
3687,1.9241681098937988,7375.000116631677,32867.611104249954,5.226424439475074e-06
3688,1.8152010440826416,7377.000116631677,32878.80294895172,5.209270456781327e-06
3689,1.7465481758117676,7379.000116631677,32888.6902782917,5.192143126444572e-06
3690,1.8070204257965088,7381.000116631677,32898.99480843544,5.175042458656244e-06
3691,2.021205425262451,7383.000116631677,32909.52080535889,5.1579684635918914e-06
3692,1.8368293046951294,7385.000116631677,32914.698285102844,5.140921151411225e-06
3693,1.931696891784668,7387.000116631677,32921.77875828743,5.1239005322580655e-06
3694,1.9444680213928223,7389.000116631677,32929.24789905548,5.1069066162603335e-06
3695,1.8966885805130005,7391.000116631677,32935.04960465431,5.089939413530083e-06
3696,1.7786040306091309,7393.000116631677,32944.06265449524,5.072998934163464e-06
3697,1.8291521072387695,7395.000116631677,32953.4668006897,5.056085188240739e-06
3698,1.779435157775879,7397.000116631677,32961.4119849205,5.0391981858262184e-06
3699,2.060886859893799,7399.000116631677,32971.17542338371,5.02233793696835e-06
3700,2.042206048965454,7401.000116631677,32979.41953587532,5.0055044516996474e-06
3701,1.8749005794525146,7403.000116631677,32989.27599930763,4.988697740036675e-06
3702,2.0665175914764404,7405.000116631677,33000.43168711662,4.971917811980098e-06
3703,1.9629384279251099,7407.000116631677,33009.384226322174,4.955164677514634e-06
3704,2.109999179840088,7409.000116631677,33019.39320349693,4.938438346609035e-06
3705,1.947195291519165,7411.000116631677,33027.54324841499,4.921738829216134e-06
3706,1.8449203968048096,7413.000116631677,33034.88360929489,4.905066135272803e-06
3707,1.843930721282959,7415.000116631677,33041.155057668686,4.88842027469994e-06
3708,2.2171168327331543,7417.000116631677,33049.90751695633,4.871801257402487e-06
3709,1.8235617876052856,7419.000116631677,33059.33173251152,4.8552090932694085e-06
3710,1.9086430072784424,7421.000116631677,33067.98901128769,4.83864379217371e-06
3711,1.8699381351470947,7423.000116631677,33075.214230537415,4.822105363972359e-06
3712,1.932524561882019,7425.000116631677,33083.50196194649,4.805593818506395e-06
3713,2.082301616668701,7427.000116631677,33094.66266512871,4.789109165600831e-06
3714,1.9704298973083496,7429.000116631677,33101.02743887901,4.772651415064664e-06
3715,2.1027214527130127,7431.000116631677,33108.32508587837,4.756220576690917e-06
3716,1.7974300384521484,7433.000116631677,33115.926978349686,4.739816660256583e-06
3717,2.1055612564086914,7435.000116631677,33124.772119522095,4.723439675522617e-06
3718,2.0863852500915527,7437.000116631677,33133.38063120842,4.707089632233979e-06
3719,1.7886974811553955,7439.000116631677,33142.414098739624,4.690766540119598e-06
3720,2.0403101444244385,7441.000116631677,33150.156572818756,4.674470408892326e-06
3721,1.9693334102630615,7443.000116631677,33156.68391799927,4.658201248249012e-06
3722,2.0202646255493164,7445.000116631677,33166.73991107941,4.641959067870451e-06
3723,1.6828234195709229,7447.000116631677,33173.34500837326,4.625743877421364e-06
3724,1.7710049152374268,7449.000116631677,33181.191682338715,4.609555686550424e-06
3725,2.071849822998047,7451.000116631677,33188.12345290184,4.593394504890247e-06
3726,1.9969968795776367,7453.000116631677,33197.078595876694,4.577260342057377e-06
3727,1.9061726331710815,7455.000116631677,33208.04452872276,4.5611532076522465e-06
3728,1.9164326190948486,7457.000116631677,33215.023599624634,4.545073111259251e-06
3729,1.9961962699890137,7459.000116631677,33224.57526350021,4.52902006244667e-06
3730,1.8268625736236572,7461.000116631677,33232.44859147072,4.512994070766697e-06
3731,2.0561838150024414,7463.000116631677,33242.82096576691,4.496995145755426e-06
3732,1.6731971502304077,7465.000116631677,33249.99394202232,4.481023296932855e-06
3733,1.7446231842041016,7467.000116631677,33258.69555521011,4.465078533802843e-06
3734,2.0247349739074707,7469.000116631677,33268.68857598305,4.449160865853151e-06
3735,1.9663076400756836,7471.000116631677,33278.4424135685,4.433270302555426e-06
3736,1.8743011951446533,7473.000116631677,33289.66696977615,4.417406853365156e-06
3737,1.8962851762771606,7475.000116631677,33300.60453796387,4.40157052772173e-06
3738,2.1182169914245605,7477.000116631677,33307.86204314232,4.385761335048372e-06
3739,2.0222930908203125,7479.000116631677,33316.85045146942,4.369979284752192e-06
3740,1.8706847429275513,7481.000116631677,33326.54167127609,4.354224386224095e-06
3741,1.7666404247283936,7483.000116631677,33335.30810523033,4.338496648838885e-06
3742,1.7705669403076172,7485.000116631677,33344.11482620239,4.322796081955183e-06
3743,1.6174414157867432,7487.000116631677,33352.853779792786,4.307122694915426e-06
3744,1.9624545574188232,7489.000116631677,33362.01434588432,4.291476497045902e-06
3745,1.9611910581588745,7491.000116631677,33371.02544212341,4.27585749765672e-06
3746,1.7796680927276611,7493.000116631677,33380.118369579315,4.260265706041775e-06
3747,1.8110992908477783,7495.000116631677,33388.94963431358,4.244701131478809e-06
3748,1.8160877227783203,7497.000116631677,33397.58080601692,4.229163783229354e-06
3749,1.9256901741027832,7499.000116631677,33404.61275935173,4.213653670538732e-06
3750,2.065577745437622,7501.000116631677,33413.650238990784,4.19817080263607e-06
3751,2.09621000289917,7503.000116631677,33424.36968970299,4.182715188734282e-06
3752,1.954459309577942,7505.000116631677,33430.734400987625,4.167286838030065e-06
3753,1.9579787254333496,7507.000116631677,33438.25795817375,4.1518857597038925e-06
3754,1.999393343925476,7509.000116631677,33449.47456097603,4.136511962920004e-06
3755,1.7501804828643799,7511.000116631677,33457.99299573898,4.121165456826423e-06
3756,1.9502429962158203,7513.000116631677,33465.304049253464,4.105846250554907e-06
3757,1.9433069229125977,7515.000116631677,33472.79556417465,4.09055435322099e-06
3758,1.8134095668792725,7517.000116631677,33481.02826213837,4.075289773923952e-06
3759,1.7207101583480835,7519.000116631677,33487.76337194443,4.060052521746806e-06
3760,1.6835410594940186,7521.000116631677,33497.11777997017,4.044842605756319e-06
3761,1.8120402097702026,7523.000116631677,33502.36619925499,4.029660035003e-06
3762,2.103914737701416,7525.000116631677,33510.27981495857,4.014504818521051e-06
3763,2.0174245834350586,7527.000116631677,33516.66676688194,3.999376965328429e-06
3764,1.864639401435852,7529.000116631677,33524.93119883537,3.984276484426802e-06
3765,2.017192840576172,7531.000116631677,33534.95557689667,3.969203384801542e-06
3766,1.8448517322540283,7533.000116631677,33542.08768033981,3.954157675421732e-06
3767,1.9624009132385254,7535.000116631677,33551.70074391365,3.939139365240164e-06
3768,2.0092527866363525,7537.000116631677,33561.24747467041,3.924148463193332e-06
3769,2.1592555046081543,7539.000116631677,33569.07961463928,3.909184978201381e-06
3770,1.9414467811584473,7541.000116631677,33576.9197075367,3.894248919168186e-06
3771,1.8604031801223755,7543.000116631677,33586.99323344231,3.879340294981292e-06
3772,1.843980312347412,7545.000116631677,33595.66005086899,3.864459114511917e-06
3773,1.8245460987091064,7547.000116631677,33603.81525993347,3.849605386614925e-06
3774,1.9324493408203125,7549.000116631677,33613.50292468071,3.834779120128883e-06
3775,1.913663625717163,7551.000116631677,33622.618165016174,3.819980323875994e-06
3776,1.7864910364151,7553.000116631677,33630.510246276855,3.8052090066621268e-06
3777,2.0263171195983887,7555.000116631677,33638.571491241455,3.790465177276795e-06
3778,1.8415884971618652,7557.000116631677,33644.84701037407,3.775748844493145e-06
3779,2.039172649383545,7559.000116631677,33654.852506160736,3.7610600170679706e-06
3780,1.9318276643753052,7561.000116631677,33661.85893726349,3.7463987037417056e-06
3781,2.0641274452209473,7563.000116631677,33673.0471572876,3.7317649132384153e-06
3782,1.8714332580566406,7565.000116631677,33679.38609838486,3.71715865426576e-06
3783,1.8017137050628662,7567.000116631677,33688.45989537239,3.7025799355150414e-06
3784,1.9151196479797363,7569.000116631677,33697.180894851685,3.6880287656611746e-06
3785,1.9235039949417114,7571.000116631677,33706.25048470497,3.6735051533626656e-06
3786,2.0565314292907715,7573.000116631677,33713.8963227272,3.6590091072616334e-06
3787,1.7944025993347168,7575.000116631677,33722.776693344116,3.6445406359838048e-06
3788,1.7506097555160522,7577.000116631677,33731.83594703674,3.630099748138475e-06
3789,1.8414270877838135,7579.000116631677,33743.010989665985,3.6156864523185364e-06
3790,1.8546717166900635,7581.000116631677,33750.601999759674,3.601300757100483e-06
3791,1.9121571779251099,7583.000116631677,33757.895926475525,3.5869426710443437e-06
3792,1.9637725353240967,7585.000116631677,33765.31156873703,3.572612202693751e-06
3793,2.157297134399414,7587.000116631677,33774.75091409683,3.5583093605758934e-06
3794,1.9657490253448486,7589.000116631677,33784.40319776535,3.544034153201524e-06
3795,1.984476923942566,7591.000116631677,33791.11736154556,3.529786589064947e-06
3796,1.9652607440948486,7593.000116631677,33801.24966454506,3.515566676644036e-06
3797,2.0681281089782715,7595.000116631677,33811.34574484825,3.5013744244001774e-06
3798,1.8352149724960327,7597.000116631677,33817.28665781021,3.487209840778321e-06
3799,1.6827507019042969,7599.000116631677,33825.06243181229,3.4730729342069523e-06
3800,1.9933018684387207,7601.000116631677,33834.669932127,3.4589637130980862e-06
3801,1.9497747421264648,7603.000116631677,33842.83180999756,3.4448821858472573e-06
3802,1.8737998008728027,7605.000116631677,33851.93307375908,3.430828360833523e-06
3803,2.0309596061706543,7607.000116631677,33863.11143755913,3.4168022464194723e-06
3804,1.9970296621322632,7609.000116631677,33872.06664633751,3.402803850951173e-06
3805,1.9145537614822388,7611.000116631677,33882.55801939964,3.388833182758235e-06
3806,1.7687405347824097,7613.000116631677,33892.269315719604,3.3748902501537522e-06
3807,1.7351597547531128,7615.000116631677,33900.11904644966,3.3609750614342994e-06
3808,1.798082947731018,7617.000116631677,33909.68793416023,3.3470876248799704e-06
3809,1.866297721862793,7619.000116631677,33919.55318951607,3.333227948754338e-06
3810,1.9686349630355835,7621.000116631677,33926.749140024185,3.319396041304451e-06
3811,1.7328712940216064,7623.000116631677,33934.41689133644,3.305591910760825e-06
3812,1.9301296472549438,7625.000116631677,33942.87242293358,3.2918155653374685e-06
3813,1.8521945476531982,7627.000116631677,33951.99164247513,3.2780670132318466e-06
3814,1.8588860034942627,7629.000116631677,33961.4779419899,3.264346262624877e-06
3815,1.827486515045166,7631.000116631677,33971.35289788246,3.250653321680952e-06
3816,1.9019551277160645,7633.000116631677,33980.86387991905,3.236988198547904e-06
3817,1.8459866046905518,7635.000116631677,33990.637875795364,3.223350901357013e-06
3818,1.7710115909576416,7637.000116631677,33999.80625510216,3.2097414382230116e-06
3819,2.024831771850586,7639.000116631677,34007.38187980652,3.196159817244072e-06
3820,1.8673763275146484,7641.000116631677,34013.18321561813,3.1826060465017704e-06
3821,1.8096542358398438,7643.000116631677,34021.18444657326,3.169080134061139e-06
3822,1.8685252666473389,7645.000116631677,34029.57104873657,3.1555820879706356e-06
3823,1.9381848573684692,7647.000116631677,34036.56229972839,3.142111916262114e-06
3824,2.0267724990844727,7649.000116631677,34047.743669986725,3.1286696269508478e-06
3825,1.7975349426269531,7651.000116631677,34055.77965927124,3.1152552280355397e-06
3826,2.1229450702667236,7653.000116631677,34063.997688531876,3.1018687274982896e-06
3827,2.031900405883789,7655.000116631677,34073.289427280426,3.088510133304566e-06
3828,1.9191309213638306,7657.000116631677,34079.49199914932,3.0751794534032615e-06
3829,1.9965038299560547,7659.000116631677,34088.61480426788,3.0618766957266722e-06
3830,1.9267046451568604,7661.000116631677,34098.943152189255,3.0486018681904337e-06
3831,2.00323486328125,7663.000116631677,34108.44296813011,3.035354978693608e-06
3832,1.8484443426132202,7665.000116631677,34115.38818073273,3.022136035118607e-06
3833,1.8482778072357178,7667.000116631677,34126.583580732346,3.008945045331208e-06
3834,1.8809361457824707,7669.000116631677,34136.105062007904,2.9957820171805786e-06
3835,2.014124870300293,7671.000116631677,34143.91148805618,2.9826469584992445e-06
3836,1.7835009098052979,7673.000116631677,34155.06145334244,2.969539877103055e-06
3837,2.106052875518799,7675.000116631677,34166.26759696007,2.9564607807912575e-06
3838,2.0321428775787354,7677.000116631677,34176.043011426926,2.9434096773464173e-06
3839,1.921716332435608,7679.000116631677,34184.903759002686,2.930386574534458e-06
3840,1.8668527603149414,7681.000116631677,34192.87613391876,2.9173914801046274e-06
3841,1.868965983390808,7683.000116631677,34199.73302435875,2.9044244017895207e-06
3842,1.8746103048324585,7685.000116631677,34210.89408373833,2.891485347305068e-06
3843,1.8709324598312378,7687.000116631677,34217.34838223457,2.8785743243504903e-06
3844,1.6299896240234375,7689.000116631677,34225.93103432655,2.8656913406083677e-06
3845,2.0005335807800293,7691.000116631677,34235.096618413925,2.852836403744587e-06
3846,1.997894525527954,7693.000116631677,34246.289553403854,2.840009521408316e-06
3847,1.6990299224853516,7695.000116631677,34255.99029159546,2.827210701232063e-06
3848,1.916066288948059,7697.000116631677,34264.638135910034,2.8144399508316385e-06
3849,1.9724817276000977,7699.000116631677,34270.19320034981,2.801697277806123e-06
3850,2.020768880844116,7701.000116631677,34280.83797168732,2.788982689737909e-06
3851,1.96646249294281,7703.000116631677,34292.006179094315,2.7762961941926813e-06
3852,1.9062721729278564,7705.000116631677,34301.45123076439,2.763637798719399e-06
3853,1.903566598892212,7707.000116631677,34312.64779663086,2.7510075108502956e-06
3854,1.8120086193084717,7709.000116631677,34321.380499362946,2.738405338100896e-06
3855,1.8658984899520874,7711.000116631677,34331.69646477699,2.725831287969988e-06
3856,1.883149266242981,7713.000116631677,34340.69327735901,2.713285367939613e-06
3857,1.871056318283081,7715.000116631677,34350.37518930435,2.700767585475091e-06
3858,1.747283935546875,7717.000116631677,34357.29476690292,2.6882779480249953e-06
3859,2.0370426177978516,7719.000116631677,34363.894248723984,2.6758164630211512e-06
3861,1.8252549171447754,7723.000116631677,34382.39177918434,2.6509779799957147e-06
3862,2.0206754207611084,7725.000116631677,34391.87071800232,2.638600996754002e-06
3863,1.781559944152832,7727.000116631677,34401.155915260315,2.626252195518271e-06
3864,2.0193886756896973,7729.000116631677,34410.86091542244,2.6139315836365435e-06
3865,1.7877848148345947,7731.000116631677,34418.747592926025,2.601639168440053e-06
3866,1.8219205141067505,7733.000116631677,34427.97076797485,2.589374957243275e-06
3867,1.7429507970809937,7735.000116631677,34433.78135538101,2.577138957343898e-06
3868,1.8509870767593384,7737.000116631677,34443.24451112747,2.56493117602283e-06
3869,2.0156140327453613,7739.000116631677,34453.001633644104,2.5527516205441532e-06
3870,1.871014952659607,7741.000116631677,34461.99348306656,2.540600298155203e-06
3871,1.7626022100448608,7743.000116631677,34470.02520394325,2.5284772160864884e-06
3872,1.8139677047729492,7745.000116631677,34478.11558556557,2.516382381551705e-06
3873,1.8297362327575684,7747.000116631677,34489.28448963165,2.5043158017477606e-06
3874,1.922751784324646,7749.000116631677,34500.44256353378,2.4922774838547507e-06
3875,1.796762228012085,7751.000116631677,34505.986181497574,2.480267435035933e-06
3876,1.967726230621338,7753.000116631677,34515.389063835144,2.4682856624377623e-06
3877,1.876044511795044,7755.000116631677,34524.10448765755,2.4563321731898733e-06
3878,2.069260597229004,7757.000116631677,34531.18256568909,2.444406974405037e-06
3879,1.868851900100708,7759.000116631677,34541.84948897362,2.432510073179232e-06
3880,1.9708715677261353,7761.000116631677,34553.0123398304,2.420641476591568e-06
3881,1.975146770477295,7763.000116631677,34560.73436379433,2.4088011917043387e-06
3882,1.9823225736618042,7765.000116631677,34570.062648296356,2.396989225562964e-06
3883,1.648553490638733,7767.000116631677,34577.12885212898,2.385205585196043e-06
3884,2.041668176651001,7769.000116631677,34582.26834511757,2.373450277615284e-06
3885,1.908998966217041,7771.000116631677,34589.90455889702,2.361723309815563e-06
3886,1.8467320203781128,7773.000116631677,34598.30373644829,2.3500246887748875e-06
3887,1.7334098815917969,7775.000116631677,34609.48400449753,2.3383544214543994e-06
3888,1.6407084465026855,7777.000116631677,34618.76947402954,2.3267125147983505e-06
3889,2.0447440147399902,7779.000116631677,34629.99060368538,2.315098975734143e-06
3890,1.8714253902435303,7781.000116631677,34637.317900419235,2.3035138111722885e-06
3891,1.92557954788208,7783.000116631677,34647.04207611084,2.2919570280064004e-06
3892,1.7530213594436646,7785.000116631677,34654.67052078247,2.280428633113228e-06
3893,1.92063570022583,7787.000116631677,34660.51679420471,2.2689286333526185e-06
3894,1.7822185754776,7789.000116631677,34670.79129052162,2.2574570355675143e-06
3895,1.8337616920471191,7791.000116631677,34678.91993355751,2.2460138465839727e-06
3896,1.7199914455413818,7793.000116631677,34686.352145433426,2.234599073211136e-06
3897,1.688826322555542,7795.000116631677,34693.04452204704,2.223212722241244e-06
3898,1.7754254341125488,7797.000116631677,34703.48565530777,2.2118548004496164e-06
3899,1.914294719696045,7799.000116631677,34710.44466996193,2.200525314594659e-06
3900,1.913476824760437,7801.000116631677,34719.867335796356,2.189224271417874e-06
3901,1.9811623096466064,7803.000116631677,34730.16908669472,2.177951677643812e-06
3902,2.0295934677124023,7805.000116631677,34739.6506690979,2.166707539980107e-06
3903,2.1052956581115723,7807.000116631677,34750.47516345978,2.155491865117465e-06
3904,1.9317342042922974,7809.000116631677,34761.64783883095,2.1443046597296583e-06
3905,2.1214542388916016,7811.000116631677,34772.82088327408,2.1331459304734973e-06
3906,1.9093973636627197,7813.000116631677,34783.998702287674,2.1220156839888826e-06
3907,1.7608340978622437,7815.000116631677,34792.47391819954,2.110913926898729e-06
3908,1.8231779336929321,7817.000116631677,34799.63420891762,2.09984066580902e-06
3909,1.9042962789535522,7819.000116631677,34806.00219702721,2.0887959073087866e-06
3910,1.9908965826034546,7821.000116631677,34812.72011637688,2.07777965797009e-06
3911,1.7479535341262817,7823.000116631677,34819.78839302063,2.0667919243480266e-06
3912,1.6816017627716064,7825.000116631677,34828.75757312775,2.055832712980729e-06
3913,1.9449737071990967,7827.000116631677,34836.26991844177,2.0449020303893667e-06
3914,1.826010823249817,7829.000116631677,34844.07664656639,2.0339998830781045e-06
3915,1.8720142841339111,7831.000116631677,34854.582691669464,2.023126277534161e-06
3916,1.9303004741668701,7833.000116631677,34863.85085964203,2.012281220227757e-06
3917,1.931275725364685,7835.000116631677,34873.01214623451,2.0014647176121203e-06
3918,1.890436053276062,7837.000116631677,34882.60326719284,1.9906767761235e-06
3919,1.9403204917907715,7839.000116631677,34892.36797428131,1.9799174021811402e-06
3920,1.9947657585144043,7841.000116631677,34900.73705148697,1.969186602187284e-06
3921,1.8563191890716553,7843.000116631677,34910.20516324043,1.958484382527186e-06
3922,1.7698700428009033,7845.000116631677,34921.28764629364,1.947810749569083e-06
3923,1.7201725244522095,7847.000116631677,34932.45841693878,1.9371657096642126e-06
3924,1.8969539403915405,7849.000116631677,34942.82963728905,1.9265492691467726e-06
3925,1.8189513683319092,7851.000116631677,34950.51418709755,1.9159614343339724e-06
3926,2.0447545051574707,7853.000116631677,34961.724490880966,1.9054022115259923e-06
3927,1.9104087352752686,7855.000116631677,34969.70269155502,1.8948716070059698e-06
3928,1.959501028060913,7857.000116631677,34980.88246822357,1.8843696270400396e-06
3929,1.9803905487060547,7859.000116631677,34988.55853390694,1.8738962778772944e-06
3930,1.7770816087722778,7861.000116631677,34996.093842983246,1.863451565749769e-06
3931,2.0826871395111084,7863.000116631677,35005.09780836105,1.853035496872489e-06
3932,1.9846549034118652,7865.000116631677,35014.81957268715,1.8426480774434217e-06
3933,1.814254879951477,7867.000116631677,35023.76041173935,1.832289313643487e-06
3934,2.04762601852417,7869.000116631677,35032.80474948883,1.821959211636552e-06
3935,1.8076224327087402,7871.000116631677,35042.45914578438,1.811657777569442e-06
3936,1.9346343278884888,7873.000116631677,35050.74733901024,1.801385017571901e-06
3937,2.075587272644043,7875.000116631677,35060.49835419655,1.791140937756626e-06
3938,1.8089452981948853,7877.000116631677,35069.73365569115,1.7809255442192556e-06
3939,2.053295373916626,7879.000116631677,35077.5529358387,1.7707388430383422e-06
3940,1.5822819471359253,7881.000116631677,35085.45648932457,1.7605808402753682e-06
3941,1.89341402053833,7883.000116631677,35091.45612859726,1.7504515419747468e-06
3942,1.8803983926773071,7885.000116631677,35100.566868543625,1.7403509541638099e-06
3943,2.06972074508667,7887.000116631677,35107.86796450615,1.7302790828527982e-06
3944,1.8910975456237793,7889.000116631677,35115.397094488144,1.7202359340348715e-06
3945,1.8502799272537231,7891.000116631677,35122.24430394173,1.7102215136860977e-06
3946,1.6885696649551392,7893.000116631677,35127.620748758316,1.7002358277654472e-06
3947,1.9249173402786255,7895.000116631677,35138.01396679878,1.690278882214788e-06
3948,1.784562349319458,7897.000116631677,35147.01228570938,1.6803506829589068e-06
3949,1.7041068077087402,7899.000116631677,35156.57441949844,1.6704512359054598e-06
3950,1.9885376691818237,7901.000116631677,35163.58474421501,1.6605805469450063e-06
3951,1.919060468673706,7903.000116631677,35173.72537899017,1.6507386219510017e-06
3952,1.8214963674545288,7905.000116631677,35179.384313583374,1.6409254667797718e-06
3953,1.8000123500823975,7907.000116631677,35187.66250681877,1.631141087270522e-06
3954,1.7521812915802002,7909.000116631677,35195.26118993759,1.6213854892453444e-06
3955,1.7719589471817017,7911.000116631677,35206.056141376495,1.611658678509211e-06
3956,1.7244796752929688,7913.000116631677,35217.22259068489,1.6019606608499464e-06
3957,1.8590260744094849,7915.000116631677,35225.899992227554,1.5922914420382449e-06
3958,1.968026876449585,7917.000116631677,35233.89269089699,1.5826510278276867e-06
3959,1.9722367525100708,7919.000116631677,35243.669946432114,1.5730394239546826e-06
3960,2.0293893814086914,7921.000116631677,35254.853588819504,1.5634566361385176e-06
3961,1.7671469449996948,7923.000116631677,35264.27706813812,1.5539026700813302e-06
3962,1.6727757453918457,7925.000116631677,35272.72106194496,1.5443775314680944e-06
3963,2.0678858757019043,7927.000116631677,35279.9737701416,1.5348812259666428e-06
3964,1.83159339427948,7929.000116631677,35291.15596938133,1.5254137592276603e-06
3965,2.058934211730957,7931.000116631677,35302.23492002487,1.5159751368846459e-06
3966,1.7018210887908936,7933.000116631677,35311.77612423897,1.5065653645539566e-06
3967,1.9215681552886963,7935.000116631677,35321.401535749435,1.4971844478347745e-06
3968,1.8417613506317139,7937.000116631677,35330.5569729805,1.4878323923091121e-06
3969,2.1238527297973633,7939.000116631677,35340.29063820839,1.478509203541807e-06
3970,1.9350926876068115,7941.000116631677,35350.67578125,1.4692148870805325e-06
3971,1.8735578060150146,7943.000116631677,35361.87356710434,1.4599494484557535e-06
3972,1.8366326093673706,7945.000116631677,35370.24867486954,1.450712893180777e-06
3973,1.8018860816955566,7947.000116631677,35380.733853816986,1.4415052267517174e-06
3974,1.7666587829589844,7949.000116631677,35389.764332294464,1.4323264546474983e-06
3975,1.901320219039917,7951.000116631677,35398.77137517929,1.4231765823298397e-06
3976,1.756949543952942,7953.000116631677,35408.75377869606,1.4140556152432816e-06
3977,2.0105319023132324,7955.000116631677,35418.29320836067,1.4049635588151551e-06
3978,1.9139255285263062,7957.000116631677,35427.45783782005,1.3959004184555831e-06
3979,1.9457992315292358,7959.000116631677,35436.03623199463,1.3868661995574969e-06
3980,1.7307173013687134,7961.000116631677,35444.49640750885,1.3778609074966137e-06
3981,1.8560947179794312,7963.000116631677,35452.84520769119,1.3688845476314257e-06
3982,1.6862125396728516,7965.000116631677,35464.013790369034,1.3599371253032221e-06
3983,2.102530002593994,7967.000116631677,35473.845826625824,1.3510186458360675e-06
3984,2.009948253631592,7969.000116631677,35482.97867965698,1.342129114536812e-06
3985,1.8067350387573242,7971.000116631677,35491.432671546936,1.3332685366950702e-06
3986,1.8562510013580322,7973.000116631677,35501.643301963806,1.3244369175832308e-06
3987,1.735868215560913,7975.000116631677,35512.84726643562,1.3156342624564639e-06
3988,1.8273736238479614,7977.000116631677,35522.42182660103,1.3068605765526808e-06
3989,2.0075156688690186,7979.000116631677,35529.00874018669,1.2981158650925733e-06
3990,2.0416088104248047,7981.000116631677,35538.637676000595,1.2894001332795914e-06
3991,1.908310055732727,7983.000116631677,35547.43448281288,1.2807133862999273e-06
3992,1.9013869762420654,7985.000116631677,35558.616483449936,1.272055629322542e-06
3993,1.969508171081543,7987.000116631677,35567.806416749954,1.263426867499144e-06
3994,1.9361748695373535,7989.000116631677,35574.72407960892,1.2548271059641778e-06
3995,1.6427958011627197,7991.000116631677,35584.30224657059,1.2462563498348407e-06
3996,1.7553486824035645,7993.000116631677,35591.80873513222,1.237714604211066e-06
3997,1.9356459379196167,7995.000116631677,35601.83948612213,1.2292018741755347e-06
3998,1.8528839349746704,7997.000116631677,35609.755289554596,1.2207181647936407e-06
3999,1.907936930656433,7999.000116631677,35618.580181121826,1.2122634811135316e-06
4000,1.8515911102294922,8001.000116631677,35627.85828828812,1.2038378281660797e-06
4001,1.8411957025527954,8003.000116631677,35639.01931476593,1.1954412109648652e-06
4002,1.8334444761276245,8005.000116631677,35647.86969780922,1.1870736345062164e-06
4003,1.7616406679153442,8007.000116631677,35654.081605911255,1.1787351037691692e-06
4004,1.9048303365707397,8009.000116631677,35664.60282254219,1.170425623715468e-06
4005,1.719968318939209,8011.000116631677,35673.98665714264,1.1621451992895769e-06
4006,1.8699555397033691,8013.000116631677,35681.99158740044,1.1538938354186901e-06
4007,1.8309787511825562,8015.000116631677,35691.39093828201,1.1456715370126666e-06
4008,2.112424373626709,8017.000116631677,35699.21821165085,1.1374783089641168e-06
4009,1.918116569519043,8019.000116631677,35707.19464588165,1.129314156148322e-06
4010,1.7431395053863525,8021.000116631677,35714.911809682846,1.121179083423282e-06
4011,1.8951692581176758,8023.000116631677,35722.559666633606,1.1130730956296721e-06
4012,1.832253098487854,8025.000116631677,35731.981159210205,1.1049961975908759e-06
4013,1.8849772214889526,8027.000116631677,35739.75053882599,1.0969483941129682e-06
4014,1.8212659358978271,8029.000116631677,35746.99373149872,1.0889296899846994e-06
4015,1.685740351676941,8031.000116631677,35755.13577127457,1.0809400899775226e-06
4016,2.0794005393981934,8033.000116631677,35764.618205308914,1.0729795988455657e-06
4017,2.1450300216674805,8035.000116631677,35773.94497919083,1.0650482213256154e-06
4018,1.9856679439544678,8037.000116631677,35782.97028684616,1.0571459621371608e-06
4019,1.7772858142852783,8039.000116631677,35791.96262025833,1.0492728259823605e-06
4020,1.8950434923171997,8041.000116631677,35801.823241233826,1.0414288175460319e-06
4021,1.845879316329956,8043.000116631677,35807.62182497978,1.0336139414956723e-06
4022,2.0931849479675293,8045.000116631677,35817.200827121735,1.0258282024814328e-06
4023,2.1902432441711426,8047.000116631677,35825.65218400955,1.0180716051361384e-06
4024,2.005192279815674,8049.000116631677,35832.83441543579,1.010344154075268e-06
4025,1.7533063888549805,8051.000116631677,35842.415822029114,1.0026458538969523e-06
4026,1.914859652519226,8053.000116631677,35850.69335603714,9.94976709181987e-07
4027,1.8468247652053833,8055.000116631677,35856.627522945404,9.873367244938089e-07
4028,2.086818218231201,8057.000116631677,35865.14370417595,9.79725904378513e-07
4029,2.005099296569824,8059.000116631677,35874.73285341263,9.721442533648367e-07
4030,1.9333813190460205,8061.000116631677,35883.52576708794,9.64591775964153e-07
4031,1.8914860486984253,8063.000116631677,35892.950627326965,9.570684766704769e-07
4032,1.5809487104415894,8065.000116631677,35901.58901524544,9.495743599604872e-07
4033,1.891374111175537,8067.000116631677,35909.42357611656,9.421094302934493e-07
4034,1.8648624420166016,8069.000116631677,35918.267875909805,9.346736921113086e-07
4035,1.7521127462387085,8071.000116631677,35926.34836220741,9.272671498386138e-07
4036,1.7537239789962769,8073.000116631677,35934.98165822029,9.19889807882544e-07
4037,1.9982082843780518,8075.000116631677,35944.59701514244,9.125416706329147e-07
4038,2.003319263458252,8077.000116631677,35953.67830181122,9.052227424621497e-07
4039,1.7733492851257324,8079.000116631677,35963.41665840149,8.979330277253034e-07
4040,1.9019532203674316,8081.000116631677,35972.587062597275,8.90672530760033e-07
4041,2.146407127380371,8083.000116631677,35981.35943555832,8.834412558866211e-07
4042,1.773024082183838,8085.000116631677,35991.867673397064,8.762392074079639e-07
4043,2.103909730911255,8087.000116631677,36001.61719894409,8.690663896095607e-07
4044,1.9675943851470947,8089.000116631677,36011.68979907036,8.619228067595137e-07
4045,1.7825899124145508,8091.000116631677,36020.79472589493,8.548084631085445e-07
4046,1.8684056997299194,8093.000116631677,36028.38867878914,8.477233628899554e-07
4047,1.7456988096237183,8095.000116631677,36037.18641281128,8.406675103196682e-07
4048,1.9025417566299438,8097.000116631677,36046.117501974106,8.336409095961854e-07
4049,1.7307953834533691,8099.000116631677,36057.306488990784,8.26643564900607e-07
4050,1.8545595407485962,8101.000116631677,36067.27726626396,8.1967548039663e-07
4051,1.7255473136901855,8103.000116631677,36074.8274333477,8.127366602305379e-07
4052,1.7127313613891602,8105.000116631677,36085.1871213913,8.058271085312058e-07
4053,1.814753532409668,8107.000116631677,36092.77756667137,7.989468294100784e-07
4054,1.748641848564148,8109.000116631677,36100.37152647972,7.920958269611979e-07
4055,1.8314909934997559,8111.000116631677,36111.51955151558,7.852741052611756e-07
4056,2.061366558074951,8113.000116631677,36121.33439230919,7.784816683692041e-07
4057,2.052208423614502,8115.000116631677,36128.13444495201,7.717185203270507e-07
4058,2.087117910385132,8117.000116631677,36136.31800532341,7.649846651590468e-07
4059,2.0319297313690186,8119.000116631677,36145.89075136185,7.5828010687211e-07
4060,1.9606623649597168,8121.000116631677,36155.723303318024,7.516048494557055e-07
4061,1.8057758808135986,8123.000116631677,36161.58896780014,7.449588968818788e-07
4062,1.9750621318817139,8125.000116631677,36171.34285283089,7.38342253105234e-07
4063,1.9627387523651123,8127.000116631677,36180.11052441597,7.317549220629229e-07
4064,1.8245658874511719,8129.000116631677,36189.63699173927,7.251969076746774e-07
4065,1.973366379737854,8131.000116631677,36196.54202723503,7.18668213842766e-07
4066,2.010186195373535,8133.000116631677,36207.66439843178,7.121688444520211e-07
4067,1.8904914855957031,8135.000116631677,36217.822861909866,7.056988033698117e-07
4068,1.983583688735962,8137.000116631677,36225.40649986267,6.992580944460814e-07
4069,2.1276190280914307,8139.000116631677,36236.612686395645,6.928467215132937e-07
4070,2.103442907333374,8141.000116631677,36245.45816278458,6.864646883864705e-07
4071,1.8368655443191528,8143.000116631677,36254.92514395714,6.8011199886317e-07
4072,1.7630958557128906,8145.000116631677,36263.61630153656,6.737886567234922e-07
4073,1.9989306926727295,8147.000116631677,36271.81094002724,6.674946657300677e-07
4074,2.0963220596313477,8149.000116631677,36281.44584798813,6.612300296280748e-07
4075,1.8262706995010376,8151.000116631677,36292.1813287735,6.549947521452165e-07
4076,1.8298876285552979,8153.000116631677,36303.363015413284,6.487888369917212e-07
4077,1.9214274883270264,8155.000116631677,36314.543546915054,6.426122878603592e-07
4078,1.7543575763702393,8157.000116631677,36324.56340742111,6.364651084264147e-07
4079,1.994588851928711,8159.000116631677,36331.944632053375,6.303473023476972e-07
4080,1.8298006057739258,8161.000116631677,36342.10338640213,6.242588732645466e-07
4081,2.0911812782287598,8163.000116631677,36351.582654714584,6.181998247998173e-07
4082,1.9893724918365479,8165.000116631677,36359.512306690216,6.121701605588774e-07
4083,1.752145767211914,8167.000116631677,36368.21513915062,6.061698841296148e-07
4084,1.939359188079834,8169.000116631677,36377.22345614433,6.001989990824259e-07
4085,1.7534624338150024,8171.000116631677,36387.97428274155,5.942575089702211e-07
4086,1.9939336776733398,8173.000116631677,36397.291778326035,5.883454173284192e-07
4087,1.948310375213623,8175.000116631677,36406.43645453453,5.824627276749589e-07
4088,1.9128568172454834,8177.000116631677,36414.135102033615,5.766094435102482e-07
4089,1.8232505321502686,8179.000116631677,36421.88314533234,5.707855683172371e-07
4090,1.8891505002975464,8181.000116631677,36430.74879002571,5.649911055613621e-07
4091,1.8279318809509277,8183.000116631677,36436.638602256775,5.5922605869054e-07
4092,1.6744353771209717,8185.000116631677,36447.795642614365,5.534904311352075e-07
4093,1.8496065139770508,8187.000116631677,36456.89432954788,5.477842263082931e-07
4094,1.8419380187988281,8189.000116631677,36463.63895153999,5.421074476052062e-07
4095,1.8446511030197144,8191.000116631677,36471.954657793045,5.364600984038478e-07
4096,1.7620649337768555,8193.000116631678,36483.13092160225,5.308421820646163e-07
4097,1.8378448486328125,8195.000116631678,36489.002910614014,5.252537019304022e-07
4098,1.8482046127319336,8197.000116631678,36498.14477086067,5.196946613265544e-07
4099,1.6604433059692383,8199.000116631678,36505.48817229271,5.141650635609246e-07
4100,1.814992904663086,8201.000116631678,36513.81551003456,5.086649119238401e-07
4101,1.779418706893921,8203.000116631678,36523.99272465706,5.031942096881085e-07
4102,1.754852533340454,8205.000116631678,36532.37402868271,4.977529601090129e-07
4103,1.827559232711792,8207.000116631678,36539.76453399658,4.923411664243116e-07
4104,1.9138493537902832,8209.000116631678,36550.9434094429,4.869588318542212e-07
4105,1.9446455240249634,8211.000116631678,36560.24670910835,4.81605959601456e-07
4106,1.899857521057129,8213.000116631678,36567.5722258091,4.76282552851183e-07
4107,1.8325002193450928,8215.000116631678,36575.11619877815,4.7098861477102806e-07
4108,1.840848684310913,8217.000116631678,36583.01479578018,4.657241485110976e-07
4109,1.9353150129318237,8219.000116631678,36589.804456949234,4.6048915720395095e-07
4110,1.8621857166290283,8221.000116631678,36598.68419766426,4.5528364396462295e-07
4111,1.8742218017578125,8223.000116631678,36606.4913084507,4.5010761189059e-07
4112,1.9480327367782593,8225.000116631678,36612.93314099312,4.449610640617928e-07
4113,1.8405948877334595,8227.000116631678,36619.85342144966,4.3984400354064156e-07
4114,1.9997278451919556,8229.000116631678,36628.705360889435,4.3475643337196635e-07
4115,1.762993574142456,8231.000116631678,36637.09741806984,4.296983565830834e-07
4116,1.7179336547851562,8233.000116631678,36648.28501987457,4.246697761837509e-07
4117,2.057793617248535,8235.000116631678,36656.59602379799,4.196706951661634e-07
4118,1.786949634552002,8237.000116631678,36667.78019237518,4.1470111650496827e-07
4119,1.8306852579116821,8239.000116631678,36677.001032590866,4.097610431572662e-07
4120,1.8905282020568848,8241.000116631678,36682.85293197632,4.048504780625884e-07
4121,1.9493153095245361,8243.000116631678,36691.72808551788,3.999694241429191e-07
4122,2.037649154663086,8245.000116631678,36700.30938434601,3.951178843026679e-07
4123,1.9576427936553955,8247.000116631678,36708.39814209938,3.9029586142869737e-07
4124,1.8629741668701172,8249.000116631678,36718.098318099976,3.855033583903007e-07
4125,1.9441335201263428,8251.000116631678,36724.9758515358,3.807403780392021e-07
4126,1.8522647619247437,8253.000116631678,36734.09697628021,3.7600692320956754e-07
4127,1.9655004739761353,8255.000116631678,36741.382282972336,3.7130299671797717e-07
4128,1.9140795469284058,8257.000116631678,36752.563027620316,3.6662860136345856e-07
4129,1.9303110837936401,8259.000116631678,36762.674488306046,3.6198373992746447e-07
4130,1.9052023887634277,8261.000116631678,36770.25275397301,3.573684151738564e-07
4131,1.8508474826812744,8263.000116631678,36779.75851249695,3.5278262984894324e-07
4132,1.8823695182800293,8265.000116631678,36790.93999528885,3.482263866814423e-07
4133,1.8630380630493164,8267.000116631678,36801.06984472275,3.4369968838249633e-07
4134,1.9871553182601929,8269.000116631678,36808.48911714554,3.392025376456732e-07
4135,1.8376888036727905,8271.000116631678,36819.6579477787,3.347349371469495e-07
4136,1.945566177368164,8273.000116631678,36827.32699370384,3.3029688954472697e-07
4137,1.8433747291564941,8275.000116631678,36835.13079094887,3.258883974798103e-07
4138,1.8927762508392334,8277.000116631678,36843.09662413597,3.215094635754296e-07
4139,1.8314313888549805,8279.000116631678,36851.1949570179,3.1716009043721784e-07
4140,1.9543781280517578,8281.000116631678,36858.165358543396,3.128402806532334e-07
4141,1.8395860195159912,8283.000116631678,36866.85798454285,3.0855003679391537e-07
4142,1.7566816806793213,8285.000116631678,36873.092757463455,3.0428936141214473e-07
4143,2.002148151397705,8287.000116631678,36882.28850150108,3.0005825704317785e-07
4144,1.8888128995895386,8289.000116631678,36890.94255566597,2.9585672620469074e-07
4145,1.9361240863800049,8291.000116631678,36898.356716394424,2.9168477139675677e-07
4146,1.8508434295654297,8293.000116631678,36903.51619839668,2.875423951018581e-07
4147,1.7618592977523804,8295.000116631678,36911.74212861061,2.8342959978486864e-07
4148,1.842634677886963,8297.000116631678,36919.640041828156,2.793463878930599e-07
4149,1.8377654552459717,8299.000116631678,36928.522658109665,2.752927618561064e-07
4150,1.8640363216400146,8301.000116631678,36938.502182245255,2.71268724086069e-07
4151,1.931006669998169,8303.000116631678,36948.10244846344,2.6727427697741174e-07
4152,2.1103694438934326,8305.000116631678,36956.511996269226,2.633094229069904e-07
4153,1.8177686929702759,8307.000116631678,36961.57586336136,2.5937416423404165e-07
4154,2.0232326984405518,8309.000116631678,36971.72348475456,2.554685033001997e-07
4155,1.792280673980713,8311.000116631678,36982.88729095459,2.515924424294907e-07
4156,1.9238176345825195,8313.000116631678,36993.19450092316,2.477459839283215e-07
4157,1.691409945487976,8315.000116631678,36998.993519067764,2.4392913008548e-07
4158,1.6234225034713745,8317.000116631678,37006.355770111084,2.4014188317214577e-07
4159,2.057150363922119,8319.000116631678,37013.98463368416,2.363842454418795e-07
4160,1.8003286123275757,8321.000116631678,37024.414460897446,2.3265621913062798e-07
4161,2.0153610706329346,8323.000116631678,37033.01990556717,2.2895780645670793e-07
4162,1.8946245908737183,8325.000116631678,37041.102420806885,2.2528900962082232e-07
4163,1.9540467262268066,8327.000116631678,37047.75908493996,2.2164983080603843e-07
4164,1.740349292755127,8329.000116631678,37055.936671733856,2.1804027217782646e-07
4165,2.0195720195770264,8331.000116631678,37067.09152984619,2.1446033588400422e-07
4166,1.9344056844711304,8333.000116631678,37076.23671936989,2.1091002405477583e-07
4167,1.8575611114501953,8335.000116631678,37087.16499829292,2.0738933880272072e-07
4168,1.8207677602767944,8337.000116631678,37097.14981031418,2.0389828222278254e-07
4169,1.9663736820220947,8339.000116631678,37104.40936136246,2.0043685639226902e-07
4170,1.941886305809021,8341.000116631678,37113.51085519791,1.9700506337087438e-07
4171,2.0703177452087402,8343.000116631678,37122.36277222633,1.9360290520064026e-07
4172,1.8037419319152832,8345.000116631678,37131.52969574928,1.902303839059948e-07
4173,1.926562786102295,8347.000116631678,37140.46617650986,1.8688750149371355e-07
4174,1.9821884632110596,8349.000116631678,37149.33095788956,1.8357425995294188e-07
4175,1.9259023666381836,8351.000116631678,37160.497903585434,1.8029066125518927e-07
4176,1.9026931524276733,8353.000116631678,37170.03041124344,1.7703670735432941e-07
4177,1.916097640991211,8355.000116631678,37179.17229938507,1.7381240018658907e-07
4178,1.797879934310913,8357.000116631678,37189.22236824036,1.7061774167055362e-07
4179,1.904205560684204,8359.000116631678,37196.30548906326,1.6745273370717822e-07
4180,1.977545976638794,8361.000116631678,37205.175657987595,1.643173781797599e-07
4181,1.9228308200836182,8363.000116631678,37212.99793672562,1.6121167695395997e-07
4182,1.8248581886291504,8365.000116631678,37221.834223508835,1.581356318777872e-07
4183,2.1382956504821777,8367.000116631678,37231.14139842987,1.5508924478162012e-07
4184,1.849219560623169,8369.000116631678,37238.100365400314,1.520725174781737e-07
4185,1.986315369606018,8371.000116631678,37248.54767990112,1.4908545176251034e-07
4186,1.9019620418548584,8373.000116631678,37259.720572948456,1.4612804941206233e-07
4187,1.9545942544937134,8375.000116631678,37267.84352993965,1.432003121865982e-07
4188,1.9396041631698608,8377.000116631678,37276.55267381668,1.4030224182822859e-07
4189,1.6985695362091064,8379.000116631678,37285.122265577316,1.3743384006142827e-07
4190,1.9107568264007568,8381.000116631678,37295.740585803986,1.3459510859300289e-07
4191,1.9157567024230957,8383.000116631678,37306.90523505211,1.3178604911210558e-07
4192,1.979315996170044,8385.000116631678,37317.57469248772,1.2900666329024815e-07
4193,1.8810625076293945,8387.000116631678,37327.190350055695,1.262569527812622e-07
4194,1.9317892789840698,8389.000116631678,37336.215112924576,1.235369192213434e-07
4195,1.7631112337112427,8391.000116631678,37347.3138461113,1.208465642290073e-07
4196,1.863013744354248,8393.000116631678,37357.11908984184,1.1818588940512804e-07
4197,1.8147997856140137,8395.000116631678,37367.602551460266,1.1555489633291061e-07
4198,1.8448362350463867,8397.000116631678,37377.2428290844,1.1295358657789646e-07
4199,1.8099069595336914,8399.000116631678,37385.5029771328,1.1038196168796898e-07
4200,1.7494935989379883,8401.000116631678,37394.230469465256,1.07840023193348e-07
4201,2.1131319999694824,8403.000116631678,37403.21925520897,1.0532777260657865e-07
4202,1.7466745376586914,8405.000116631678,37412.62157225609,1.028452114225536e-07
4203,1.8300601243972778,8407.000116631678,37420.61173915863,1.0039234111849641e-07
4204,1.7939558029174805,8409.000116631678,37428.68427300453,9.796916315395039e-08
4205,1.6608227491378784,8411.000116631678,37433.58797597885,9.557567897081746e-08
4206,1.9311491250991821,8413.000116631678,37444.75561475754,9.321188999330268e-08
4207,2.037747383117676,8415.000116631678,37455.936218738556,9.087779762795308e-08
4208,2.011744976043701,8417.000116631678,37465.653210401535,8.857340326365211e-08
4209,1.82465660572052,8419.000116631678,37471.30873298645,8.629870827159742e-08
4210,1.9736323356628418,8421.000116631678,37479.16127371788,8.405371400532311e-08
4211,1.9270581007003784,8423.000116631678,37485.62733435631,8.183842180069414e-08
4212,1.8080933094024658,8425.000116631678,37496.70968866348,7.965283297589525e-08
4213,2.0058388710021973,8427.000116631678,37507.8876311779,7.749694883143091e-08
4214,1.8646751642227173,8429.000116631678,37519.07659482956,7.537077065013652e-08
4215,1.8680670261383057,8431.000116631678,37525.7949347496,7.32742996971783e-08
4216,1.925400972366333,8433.000116631678,37533.816766023636,7.12075372200367e-08
4217,1.804039478302002,8435.000116631678,37539.691799879074,6.917048444851752e-08
4218,1.7727073431015015,8437.000116631678,37546.286128520966,6.716314259473521e-08
4219,1.946070909500122,8439.000116631678,37556.36329579353,6.518551285315726e-08
4220,1.9872170686721802,8441.000116631678,37565.55613350868,6.323759640053213e-08
4221,1.8919483423233032,8443.000116631678,37572.365738391876,6.131939439595022e-08
4222,1.8978270292282104,8445.000116631678,37579.80781173706,5.9430907980827246e-08
4223,1.9255139827728271,8447.000116631678,37587.768758773804,5.7572138278876504e-08
4224,1.9762808084487915,8449.000116631678,37595.0371735096,5.574308639614216e-08
4225,1.7945994138717651,8451.000116631678,37604.04698967934,5.3943753420982595e-08
4226,1.7165637016296387,8453.000116631678,37613.064524650574,5.21741404240704e-08
4227,1.8719308376312256,8455.000116631678,37622.75613093376,5.0434248458392387e-08
4228,1.9147740602493286,8457.000116631678,37633.40779852867,4.8724078559255156e-08
4229,1.8977646827697754,8459.000116631678,37642.63140821457,4.7043631744273947e-08
4230,1.8120958805084229,8461.000116631678,37650.2728741169,4.539290901338933e-08
4231,1.8803826570510864,8463.000116631678,37658.86773991585,4.37719113488339e-08
4232,1.9609544277191162,8465.000116631678,37668.64074087143,4.218063971517111e-08
4233,1.9373301267623901,8467.000116631678,37678.13509654999,4.061909505926753e-08
4234,1.902491807937622,8469.000116631678,37685.67460870743,3.908727831030395e-08
4235,2.0777804851531982,8471.000116631678,37694.20351099968,3.758519037977538e-08
4236,2.0243256092071533,8473.000116631678,37702.205827474594,3.611283216147439e-08
4237,2.0107507705688477,8475.000116631678,37712.56568527222,3.467020453151888e-08
4238,2.091526508331299,8477.000116631678,37723.737354278564,3.3257308348329856e-08
4239,1.6236599683761597,8479.000116631678,37734.81167411804,3.187414445263144e-08
4240,1.8167028427124023,8481.000116631678,37744.14380931854,3.052071366746198e-08
4241,1.7585828304290771,8483.000116631678,37750.36640381813,2.9197016798162927e-08
4242,1.969099760055542,8485.000116631678,37759.64388585091,2.790305463238996e-08
4243,1.8457258939743042,8487.000116631678,37769.36725258827,2.6638827940101873e-08
4244,1.8990731239318848,8489.000116631678,37777.62453341484,2.5404337473555023e-08
4245,2.0674400329589844,8491.000116631678,37786.21431207657,2.4199583967331085e-08
4246,1.8130834102630615,8493.000116631678,37795.19946503639,2.3024568138298203e-08
4247,1.9151798486709595,8495.000116631678,37801.96049404144,2.1879290685638727e-08
4248,1.9044901132583618,8497.000116631678,37811.73784446716,2.0763752290838136e-08
4249,2.0397133827209473,8499.000116631678,37822.92426800728,1.9677953617679468e-08
4250,1.9225431680679321,8501.000116631678,37833.55824947357,1.8621895312265528e-08
4251,1.9906277656555176,8503.000116631678,37843.155311346054,1.7595578002985585e-08
4252,2.0889651775360107,8505.000116631678,37853.21289396286,1.6599002300537576e-08
4253,2.0496647357940674,8507.000116631678,37862.03748655319,1.5632168797933658e-08
4254,1.7795512676239014,8509.000116631678,37871.50013923645,1.4695078070461341e-08
4255,2.2056212425231934,8511.000116631678,37880.43405723572,1.3787730675739014e-08
4256,1.920001745223999,8513.000116631678,37889.725439071655,1.2910127153671523e-08
4257,1.9663647413253784,8515.000116631678,37898.357273340225,1.2062268026466837e-08
4258,1.9053940773010254,8517.000116631678,37907.80856323242,1.1244153798630477e-08
4259,1.8579697608947754,8519.000116631678,37916.922174692154,1.0455784956971096e-08
4260,1.679227590560913,8521.000116631678,37928.1051838398,9.697161970605999e-09
4261,1.8757930994033813,8523.000116631678,37939.00169992447,8.968285290944514e-09
4262,1.9450485706329346,8525.000116631678,37947.23844099045,8.26915535169353e-09
4263,2.050562858581543,8527.000116631678,37958.42931389809,7.599772568863053e-09
4264,1.928645372390747,8529.000116631678,37967.27074241638,6.960137340766205e-09
4265,2.084841728210449,8531.000116631678,37976.96205687523,6.350250048008119e-09
4266,1.9618703126907349,8533.000116631678,37985.193670511246,5.770111053491497e-09
4267,1.6416823863983154,8535.000116631678,37993.595048666,5.219720702427702e-09
4268,1.8730762004852295,8537.000116631678,38002.074083805084,4.699079322314566e-09
4269,1.7617145776748657,8539.000116631678,38010.659569740295,4.208187222964134e-09
4270,1.6236786842346191,8541.000116631678,38018.3233962059,3.747044696463814e-09
4271,1.889817714691162,8543.000116631678,38026.415633678436,3.3156520172207825e-09
4272,1.793891429901123,8545.000116631678,38036.83808970451,2.914009441928678e-09
4273,1.7854797840118408,8547.000116631678,38046.59782791138,2.5421172095787034e-09
4274,2.136301040649414,8549.000116631678,38055.301386356354,2.199975541465179e-09
4275,1.7569737434387207,8551.000116631678,38062.77865958214,1.8875846411688854e-09
4276,1.8098186254501343,8553.000116631678,38072.11121177673,1.604944694579272e-09
4277,1.9560630321502686,8555.000116631678,38082.8735601902,1.352055869883351e-09
4278,1.8952929973602295,8557.000116631678,38088.78373503685,1.1289183175434972e-09
4279,1.8544557094573975,8559.000116631678,38098.320633888245,9.355321703529546e-10
4280,2.1551151275634766,8561.000116631678,38108.149623155594,7.718975433747775e-10
4281,1.9520931243896484,8563.000116631678,38118.293625593185,6.380145339806867e-10
4282,2.0430917739868164,8565.000116631678,38128.03296995163,5.338832218344167e-10
4283,2.090146064758301,8567.000116631678,38139.193452596664,4.5950366890281784e-10
4284,1.91099214553833,8569.000116631678,38145.44588685036,4.148759194392027e-10
4285,2.0108752250671387,8571.000116631678,38155.06105065346,3.9999999999999996e-10
4286,1.6765179634094238,8573.000116631678,38159.960500478745,4.148759194392027e-10
